source,source_family,source_record_id,compound_name_raw,cas_number_raw,smiles_raw,smiles_std,target_logkp_raw,target_logkp_native,target_logkp,target_unit_native,target_unit,target_type,notes,is_valid_structure,standardization_status,within_source_duplicate,cross_source_duplicate,conflict_flag,n_sources,source_list,sheet_name,raw_row_index,target_conversion_applied,n_source_families,source_family_list,source_record_ids_json,source_targets_json,all_targets_json,source_row_counts_json,ineligible_reasons_json,conflict_range,conflict_std,conflict_threshold_used,is_benchmark_eligible,exclusion_reason,doi_raw,reference_raw,author_raw,publication_year_raw,publication_id_raw,author_year_key,target_logkp_round3,duplicate_sources,publication_duplicate_group_id,publication_duplicate_keep,publication_duplicate_reason,n_rows_total,n_rows_eligible,n_rows_after_duplicate_removal,n_rows_removed_as_exact_duplicates
merged,merged,merged_1,Bromoform,,BrC(Br)Br,BrC(Br)Br,,,-5.08,,cm/s,logKp,"skin donor type=Mammaplasty; skin source site=breast; used layer=epidermis, dermis; skin preparation=dermatomed 250-280um; storage temperature (°C)=-20; neat=0; donor/skin surface temperature (°C)=25; donor pH=7; donor type=Water; acceptor temperature (°C)=37; acceptor pH=7.4; acceptor type=PBS; cell type=Glass diffusion cell; reference=Xu, 2002; DOI=10.1006/taap.2002.9494",True,merged,False,True,False,2,huskin|zeng,,,pooled_median_all_rows,2,huskin|zeng,"{""huskin"": [""huskin_row_176""], ""zeng"": [""14""]}","{""huskin"": [-4.234], ""zeng"": [-5.926302500767287]}","[-4.234, -5.926302500767287]","{""huskin"": 1, ""zeng"": 1}",[],1.692,0.846,3.643,True,,10.1006/taap.2002.9494,"Xu, 2002",,2002,,xu_2002,-5.08,,,True,,2,2,2,0
merged,merged,merged_2,Benzyl bromide,100-39-0,C1=CC=C(C=C1)CBr,BrCc1ccccc1,,,-5.222,,cm/s,logKp,set=t; MWa=171.03; logKowb=2.92; Mptc=270; LogSaqd=-5.586217237906348; LogSoce=-2.6662172379063485; Hdf=0; Hag=0; MVh=118.9; Texpi=305; Skin thicknessj=0.075; Skin Integrity testk=transepidermal electrical resistance; Skin Selection criteria=>4.26 kΩ; logJmaxm=-7.13133703150281; Reference=(Ellison et al. 2020); Resolved through PubChem exact CAS synonym match.,True,merged,True,True,False,2,cheruvu|skinpix,,,pooled_median_all_rows,2,cheruvu|skinpix,"{""cheruvu"": [""422""], ""skinpix"": [""43"", ""44""]}","{""cheruvu"": [-5.101422294363749], ""skinpix"": [-5.222, -5.448]}","[-5.222, -5.448, -5.101422294363749]","{""cheruvu"": 1, ""skinpix"": 2}",[],0.347,0.144,3.643,True,,,(Ellison et al. 2020),,2020,,ellison_2020,-5.222,,,True,,4,4,3,1
merged,merged,merged_3,β-Hexabromocyclododecane,134237-51-7,C1C[C@H]([C@H](CC[C@H]([C@H](CC[C@H]([C@@H]1Br)Br)Br)Br)Br)Br,Br[C@@H]1CC[C@@H](Br)[C@@H](Br)CC[C@@H](Br)[C@@H](Br)CC[C@H]1Br,,,-7.389,,cm/s,logKp,"publication ID=102; Kp relation==; Kp (cm/h)=1.47 E−04; Kp (cm/h) (processed)=0.000147; steady state flux Jss relation==; steady state flux Jss (original)=0.74; steady state flux Jss unit (original)=ng/cm2/h; steady state flux Jss (converted) (ug/cm2/h)=0.00074; tlag (h) (original)=1.17; tlag (h) (processed)=1.17; skin donor type=Surgery; skin source site=breast; skin preparation=full thickness skin without fat; used layer=epidermis, dermis; storage duration (days)=0; storage temperature (°C)=used fresh; donor type=Acetone; category donor type=Acetone; acceptor type=DMEM based culture medium and 5% BSA; category acceptor type=Cell culture media; acceptor temperature (°C)=32; cell type=static Franz cell; author=Abdallah,MA; date=2015; doi=10.1016/j.envint.2015.07.015; notes=recovery: 86%",True,merged,False,False,False,1,skinpix,,,pooled_median_all_rows,1,skinpix,"{""skinpix"": [""201""]}","{""skinpix"": [-7.389]}",[-7.389],"{""skinpix"": 1}",[],0.0,0.0,3.643,True,,10.1016/j.envint.2015.07.015,,"Abdallah,MA",2015,102,abdallah_2015,-7.389,,,True,,1,1,1,0
merged,merged,merged_4,γ-Hexabromocyclododecane,134237-52-8,C1C[C@H]([C@H](CC[C@@H]([C@@H](CC[C@H]([C@@H]1Br)Br)Br)Br)Br)Br,Br[C@@H]1CC[C@@H](Br)[C@@H](Br)CC[C@H](Br)[C@H](Br)CC[C@H]1Br,,,-7.42,,cm/s,logKp,"publication ID=102; Kp relation==; Kp (cm/h)=1.37 E−04; Kp (cm/h) (processed)=0.00013700; steady state flux Jss relation==; steady state flux Jss (original)=0.69; steady state flux Jss unit (original)=ng/cm2/h; steady state flux Jss (converted) (ug/cm2/h)=0.00069; tlag (h) (original)=1.26; tlag (h) (processed)=1.26; skin donor type=Surgery; skin source site=breast; skin preparation=full thickness skin without fat; used layer=epidermis, dermis; storage duration (days)=0; storage temperature (°C)=used fresh; donor type=Acetone; category donor type=Acetone; acceptor type=DMEM based culture medium and 5% BSA; category acceptor type=Cell culture media; acceptor temperature (°C)=32; cell type=static Franz cell; author=Abdallah,MA; date=2015; doi=10.1016/j.envint.2015.07.015; notes=recovery: 86%",True,merged,False,False,False,1,skinpix,,,pooled_median_all_rows,1,skinpix,"{""skinpix"": [""202""]}","{""skinpix"": [-7.42]}",[-7.42],"{""skinpix"": 1}",[],0.0,0.0,3.643,True,,10.1016/j.envint.2015.07.015,,"Abdallah,MA",2015,102,abdallah_2015,-7.42,,,True,,1,1,1,0
merged,merged,merged_5,α-Hexabromocyclododecane,134237-50-6,C1C[C@H]([C@H](CC[C@H]([C@@H](CC[C@@H]([C@@H]1Br)Br)Br)Br)Br)Br,Br[C@@H]1CC[C@H](Br)[C@H](Br)CC[C@@H](Br)[C@@H](Br)CC[C@H]1Br,,,-7.222,,cm/s,logKp,"publication ID=102; Kp relation==; Kp (cm/h)=2.16 E−04; Kp (cm/h) (processed)=0.00021600; steady state flux Jss relation==; steady state flux Jss (original)=1.08; steady state flux Jss unit (original)=ng/cm2/h; steady state flux Jss (converted) (ug/cm2/h)=0.00108; tlag (h) (original)=0.85; tlag (h) (processed)=0.85; skin donor type=Surgery; skin source site=breast; skin preparation=full thickness skin without fat; used layer=epidermis, dermis; storage duration (days)=0; storage temperature (°C)=used fresh; donor type=Acetone; category donor type=Acetone; acceptor type=DMEM based culture medium and 5% BSA; category acceptor type=Cell culture media; acceptor temperature (°C)=32; cell type=static Franz cell; author=Abdallah,MA; date=2015; doi=10.1016/j.envint.2015.07.015; notes=recovery: 88%",True,merged,False,False,False,1,skinpix,,,pooled_median_all_rows,1,skinpix,"{""skinpix"": [""200""]}","{""skinpix"": [-7.222]}",[-7.222],"{""skinpix"": 1}",[],0.0,0.0,3.643,True,,10.1016/j.envint.2015.07.015,,"Abdallah,MA",2015,102,abdallah_2015,-7.222,,,True,,1,1,1,0
merged,merged,merged_6,bromobenzene,,BrC1=CC=CC=C1,Brc1ccccc1,,,-4.396,,cm/s,logKp,cos2[(4.31+AlogP)/8.66]=0.49; Neoplastic-80=0; X3v=2.211; log(Kp)/SVM=-1.44; log(Kp)/MLR=-1.49,True,merged,False,False,False,1,zeng,,,pooled_median_all_rows,1,zeng,"{""zeng"": [""185""]}","{""zeng"": [-4.396302500767288]}",[-4.396302500767288],"{""zeng"": 1}",[],0.0,0.0,3.643,True,,,,,,,,-4.396,,,True,,1,1,1,0
merged,merged,merged_7,"1,6-hexanediol diglycidyl ether",,C(CCOCC1OC1)CCCOCC1OC1,C(CCCOCC1CO1)CCOCC1CO1,,,-7.425,,cm/s,logKp,"skin donor type=Mammaplasty; skin source site=breast; used layer=epidermis, dermis; skin preparation=dermatomed; storage duration (days)=0.125; neat=0; donor/skin surface temperature (°C)=32; acceptor pH=7.4; acceptor type=Hanks balanced salt solution; cell type=Flow through cell; notes=receptor- Hanks balanced salt solution, no phenol red and sodium bicarbonate, contains HEPES, BSA and gentamicin; reference=Boogaard, 2000; DOI=10.1080/004982500237488",True,merged,False,True,False,2,huskin|zeng,,,pooled_median_all_rows,2,huskin|zeng,"{""huskin"": [""huskin_row_6""], ""zeng"": [""72""]}","{""huskin"": [-7.423], ""zeng"": [-7.426302500767287]}","[-7.423, -7.426302500767287]","{""huskin"": 1, ""zeng"": 1}",[],0.003,0.002,3.643,True,,10.1080/004982500237488,"Boogaard, 2000",,2000,,boogaard_2000,-7.425,,,True,,3,3,2,1
merged,merged,merged_8,Isoeugenol,97-54-1,C/C=C/C1=CC(=C(C=C1)O)OC,C/C=C/c1ccc(O)c(OC)c1,,,-5.265,,cm/s,logKp,set=t; MWa=164.2; logKowb=2.354; Mptc=263; LogSaqd=-5.247085510403837; LogSoce=-2.8930855104038367; Hdf=1; Hag=2; MVh=152.8; Texpi=305; Skin thicknessj=0.075; Skin Integrity testk=transepidermal electrical resistance; Skin Selection criteria=>4.26 kΩ; logJmaxm=-6.992769570981494; Reference=(Ellison et al. 2020); Resolved through PubChem exact CAS synonym match.,True,merged,True,True,False,2,cheruvu|skinpix,,,pooled_median_all_rows,2,cheruvu|skinpix,"{""cheruvu"": [""448""], ""skinpix"": [""116"", ""117""]}","{""cheruvu"": [-5.301986561344945], ""skinpix"": [-5.265, -4.969]}","[-5.265, -4.969, -5.301986561344945]","{""cheruvu"": 1, ""skinpix"": 2}",[],0.333,0.149,3.643,True,,,(Ellison et al. 2020),,2020,,ellison_2020,-5.265,,,True,,4,4,3,1
merged,merged,merged_9,cyclopentadiene,,C1=CC=CC1,C1=CCC=C1,,,-5.076,,cm/s,logKp,cos2[(4.31+AlogP)/8.66]=0.626; Neoplastic-80=0; X3v=1.092; log(Kp)/SVM=-2.14; log(Kp)/MLR=-2.19,True,merged,False,False,False,1,zeng,,,pooled_median_all_rows,1,zeng,"{""zeng"": [""191""]}","{""zeng"": [-5.076302500767287]}",[-5.076302500767287],"{""zeng"": 1}",[],0.0,0.0,3.643,True,,,,,,,,-5.076,,,True,,1,1,1,0
merged,merged,merged_10,cyclohexene,,C1=CCCCC1,C1=CCCCC1,,,-4.746,,cm/s,logKp,cos2[(4.31+AlogP)/8.66]=0.523; Neoplastic-80=0; X3v=1.756; log(Kp)/SVM=-1.62; log(Kp)/MLR=-1.64,True,merged,False,False,False,1,zeng,,,pooled_median_all_rows,1,zeng,"{""zeng"": [""262""]}","{""zeng"": [-4.746302500767287]}",[-4.746302500767287],"{""zeng"": 1}",[],0.0,0.0,3.643,True,,,,,,,,-4.746,,,True,,1,1,1,0
merged,merged,merged_11,indene,,C12=C(CC=C2)C=CC=C1,C1=Cc2ccccc2C1,,,-4.916,,cm/s,logKp,cos2[(4.31+AlogP)/8.66]=0.506; Neoplastic-80=0; X3v=2.305; log(Kp)/SVM=-1.5; log(Kp)/MLR=-1.62,True,merged,False,False,False,1,zeng,,,pooled_median_all_rows,1,zeng,"{""zeng"": [""266""]}","{""zeng"": [-4.916302500767287]}",[-4.916302500767287],"{""zeng"": 1}",[],0.0,0.0,3.643,True,,,,,,,,-4.916,,,True,,1,1,1,0
merged,merged,merged_12,tetrahydrofuran,,O1CCCC1,C1CCOC1,,,-6.386,,cm/s,logKp,cos2[(4.31+AlogP)/8.66]=0.721; Neoplastic-80=0; X3v=1.319; log(Kp)/SVM=-2.87; log(Kp)/MLR=-2.85,True,merged,False,False,False,1,zeng,,,pooled_median_all_rows,1,zeng,"{""zeng"": [""70""]}","{""zeng"": [-6.386302500767288]}",[-6.386302500767288],"{""zeng"": 1}",[],0.0,0.0,3.643,True,,,,,,,,-6.386,,,True,,1,1,1,0
merged,merged,merged_13,dioxane,,O1OCCCC1,C1CCOOC1,,,-7.006,,cm/s,logKp,cos2[(4.31+AlogP)/8.66]=0.797; Neoplastic-80=0; X3v=1.351; log(Kp)/SVM=-3.43; log(Kp)/MLR=-3.35,True,merged,False,False,False,1,zeng,,,pooled_median_all_rows,1,zeng,"{""zeng"": [""263""]}","{""zeng"": [-7.006302500767287]}",[-7.006302500767287],"{""zeng"": 1}",[],0.0,0.0,3.643,True,,,,,,,,-7.006,,,True,,1,1,1,0
merged,merged,merged_14,morpholine,,C1CNCCO1,C1COCCN1,,,-7.416,,cm/s,logKp,cos2[(4.31+AlogP)/8.66]=0.821; Neoplastic-80=0; X3v=1.362; log(Kp)/SVM=-3.61; log(Kp)/MLR=-3.51,True,merged,False,False,False,1,zeng,,,pooled_median_all_rows,1,zeng,"{""zeng"": [""220""]}","{""zeng"": [-7.416302500767287]}",[-7.416302500767287],"{""zeng"": 1}",[],0.0,0.0,3.643,True,,,,,,,,-7.416,deeppk|zeng,,True,,2,2,1,1
merged,merged,merged_15,,,C1COCCO1,C1COCCO1,,,-7.006,,cm/s,logKp,group=training,True,merged,False,False,False,1,deeppk,,,pooled_median_all_rows,1,zeng_deeppk,"{""deeppk"": [""deeppk_skin_permeability_train_row_71""]}","{""deeppk"": [-7.006302500767287]}",[-7.006302500767287],"{""deeppk"": 1}",[],0.0,0.0,3.643,True,,,,,,,,-7.006,,,True,,1,1,1,0
merged,merged,merged_16,,,C=C(C)C(=O)O,C=C(C)C(=O)O,,,-6.136,,cm/s,logKp,group=training,True,merged,False,False,False,1,deeppk,,,pooled_median_all_rows,1,zeng_deeppk,"{""deeppk"": [""deeppk_skin_permeability_train_row_43""]}","{""deeppk"": [-6.136302500767288]}",[-6.136302500767288],"{""deeppk"": 1}",[],0.0,0.0,3.643,True,,,,,,,,-6.136,,,True,,1,1,1,0
merged,merged,merged_17,methyl methacrylate,,CC(C(OC)=O)=C,C=C(C)C(=O)OC,,,-5.906,,cm/s,logKp,cos2[(4.31+AlogP)/8.66]=0.65; Neoplastic-80=0; X3v=1.272; log(Kp)/SVM=-2.34; log(Kp)/MLR=-2.38,True,merged,False,False,False,1,zeng,,,pooled_median_all_rows,1,zeng,"{""zeng"": [""130""]}","{""zeng"": [-5.906302500767287]}",[-5.906302500767287],"{""zeng"": 1}",[],0.0,0.0,3.643,True,,,,,,,,-5.906,,,True,,1,1,1,0
merged,merged,merged_18,Ethacrynic acid,,CCC(=C)C(=O)c1ccc(c(c1Cl)Cl)OCC(=O)O,C=C(CC)C(=O)c1ccc(OCC(=O)O)c(Cl)c1Cl,,,-7.38,,cm/s,logKp,"skin source site=abdomen; used layer=epidermis; skin preparation=prepared with NaBr solution; storage temperature (°C)=-80; neat=0; donor type=NaCl, sodium azide; reference=Buist, 2010; DOI=10.1016/j.yrtph.2010.02.008",True,merged,False,False,False,1,huskin,,,pooled_median_all_rows,1,huskin,"{""huskin"": [""huskin_row_267""]}","{""huskin"": [-7.38]}",[-7.38],"{""huskin"": 1}",[],0.0,0.0,3.643,True,,10.1016/j.yrtph.2010.02.008,"Buist, 2010",,2010,,buist_2010,-7.38,cheruvu|huskin,,True,,2,2,1,1
merged,merged,merged_19,"1,1-dichloroethylene",,C=C(Cl)Cl,C=C(Cl)Cl,,,-5.356,,cm/s,logKp,cos2[(4.31+AlogP)/8.66]=0.592; Neoplastic-80=0; X3v=1.445; log(Kp)/SVM=-1.97; log(Kp)/MLR=-2.03,True,merged,False,False,False,1,zeng,,,pooled_median_all_rows,1,zeng,"{""zeng"": [""9""]}","{""zeng"": [-5.3563025007672875]}",[-5.3563025007672875],"{""zeng"": 1}",[],0.0,0.0,3.643,True,,,,,,,,-5.356,,,True,,1,1,1,0
merged,merged,merged_20,acrylonitrile,,C=CC#N,C=CC#N,,,-6.426,,cm/s,logKp,cos2[(4.31+AlogP)/8.66]=0.697; Neoplastic-80=0; X3v=0.333; log(Kp)/SVM=-2.86; log(Kp)/MLR=-2.53,True,merged,False,False,False,1,zeng,,,pooled_median_all_rows,1,zeng,"{""zeng"": [""35""]}","{""zeng"": [-6.426302500767287]}",[-6.426302500767287],"{""zeng"": 1}",[],0.0,0.0,3.643,True,,,,,,,,-6.426,deeppk|zeng,,True,,2,2,1,1
merged,merged,merged_21,chloroprene,,C=C(Cl)C=C,C=CC(=C)Cl,,,-5.026,,cm/s,logKp,cos2[(4.31+AlogP)/8.66]=0.582; Neoplastic-80=0; X3v=1.136; log(Kp)/SVM=-1.84; log(Kp)/MLR=-1.91,True,merged,False,False,False,1,zeng,,,pooled_median_all_rows,1,zeng,"{""zeng"": [""40""]}","{""zeng"": [-5.0263025007672875]}",[-5.0263025007672875],"{""zeng"": 1}",[],0.0,0.0,3.643,True,,,,,,,,-5.026,,,True,,1,1,1,0
merged,merged,merged_22,acrylic acid,,C=CC(O)=O,C=CC(=O)O,,,-6.606,,cm/s,logKp,cos2[(4.31+AlogP)/8.66]=0.725; Neoplastic-80=0; X3v=0.542; log(Kp)/SVM=-2.99; log(Kp)/MLR=-2.75,True,merged,False,False,False,1,zeng,,,pooled_median_all_rows,1,zeng,"{""zeng"": [""79""]}","{""zeng"": [-6.606302500767287]}",[-6.606302500767287],"{""zeng"": 1}",[],0.0,0.0,3.643,True,,,,,,,,-6.606,deeppk|zeng,,True,,2,2,1,1
merged,merged,merged_23,methyl acrylate,,C=CC(OC)=O,C=CC(=O)OC,,,-6.186,,cm/s,logKp,cos2[(4.31+AlogP)/8.66]=0.699; Neoplastic-80=0; X3v=0.727; log(Kp)/SVM=-2.75; log(Kp)/MLR=-2.61,True,merged,True,False,False,1,zeng,,,pooled_median_all_rows,1,zeng,"{""zeng"": [""216"", ""217""]}","{""zeng"": [-6.236302500767287, -6.136302500767288]}","[-6.236302500767287, -6.136302500767288]","{""zeng"": 2}",[],0.1,0.05,3.643,True,,,,,,,,-6.186,deeppk|zeng,,True,,3,3,2,1
merged,merged,merged_24,ethyl acrylate,,C=CC(OCC)=O,C=CC(=O)OCC,,,-5.946,,cm/s,logKp,cos2[(4.31+AlogP)/8.66]=0.661; Neoplastic-80=0; X3v=0.956; log(Kp)/SVM=-2.41; log(Kp)/MLR=-2.4,True,merged,False,False,False,1,zeng,,,pooled_median_all_rows,1,zeng,"{""zeng"": [""197""]}","{""zeng"": [-5.946302500767287]}",[-5.946302500767287],"{""zeng"": 1}",[],0.0,0.0,3.643,True,,,,,,,,-5.946,deeppk|zeng,,True,,2,2,1,1
merged,merged,merged_25,2-Ethylhexyl acrylate,103-11-7,CCCCC(CC)COC(=O)C=C,C=CC(=O)OCC(CC)CCCC,,,-5.381,,cm/s,logKp,set=t; MWa=184.27; logKowb=3.67; Mptc=183; LogSaqd=-6.18531356201768; LogSoce=-2.5153135620176803; Hdf=0; Hag=2; MVh=209.1; Texpi=305; Skin thicknessj=0.075; Skin Integrity testk=transepidermal electrical resistance; Skin Selection criteria=>4.26 kΩ; logJmaxm=-8.29820363528533; Reference=(Ellison et al. 2020); Resolved through PubChem exact CAS synonym match.,True,merged,True,True,False,2,cheruvu|skinpix,,,pooled_median_all_rows,2,cheruvu|skinpix,"{""cheruvu"": [""406""], ""skinpix"": [""7"", ""8""]}","{""cheruvu"": [-5.669192574034937], ""skinpix"": [-5.072, -5.381]}","[-5.072, -5.381, -5.669192574034937]","{""cheruvu"": 1, ""skinpix"": 2}",[],0.597,0.244,3.643,True,,,(Ellison et al. 2020),,2020,,ellison_2020,-5.381,,,True,,4,4,3,1
merged,merged,merged_26,butyl acrylate,,C=CC(OCCCC)=O,C=CC(=O)OCCCC,,,-5.556,,cm/s,logKp,cos2[(4.31+AlogP)/8.66]=0.551; Neoplastic-80=0; X3v=1.725; log(Kp)/SVM=-1.77; log(Kp)/MLR=-1.81,True,merged,False,False,False,1,zeng,,,pooled_median_all_rows,1,zeng,"{""zeng"": [""187""]}","{""zeng"": [-5.556302500767288]}",[-5.556302500767288],"{""zeng"": 1}",[],0.0,0.0,3.643,True,,,,,,,,-5.556,deeppk|zeng,,True,,2,2,1,1
merged,merged,merged_27,acrolein,,O=CC=C,C=CC=O,,,-6.626,,cm/s,logKp,cos2[(4.31+AlogP)/8.66]=0.72; Neoplastic-80=0; X3v=0.372; log(Kp)/SVM=-2.98; log(Kp)/MLR=-2.68,True,merged,False,False,False,1,zeng,,,pooled_median_all_rows,1,zeng,"{""zeng"": [""175""]}","{""zeng"": [-6.626302500767287]}",[-6.626302500767287],"{""zeng"": 1}",[],0.0,0.0,3.643,True,,,,,,,,-6.626,deeppk|zeng,,True,,2,2,1,1
merged,merged,merged_28,allyl alcohol,,C=CCO,C=CCO,,,-6.506,,cm/s,logKp,cos2[(4.31+AlogP)/8.66]=0.746; Neoplastic-80=0; X3v=0.471; log(Kp)/SVM=-3.14; log(Kp)/MLR=-2.87,True,merged,False,False,False,1,zeng,,,pooled_median_all_rows,1,zeng,"{""zeng"": [""134""]}","{""zeng"": [-6.506302500767287]}",[-6.506302500767287],"{""zeng"": 1}",[],0.0,0.0,3.643,True,,,,,,,,-6.506,deeppk|zeng,,True,,2,2,1,1
merged,merged,merged_29,Oxprenolol,,C=CCOc1ccccc1OCC(CNC(C)C)O,C=CCOc1ccccc1OCC(O)CNC(C)C,,,-6.368,,cm/s,logKp,"skin donor type=Abdominoplasty; skin source site=abdomen; used layer=epidermis, dermis; skin preparation=dermatomed 1200um, hydrated; storage temperature (°C)=-20; neat=0; donor/skin surface temperature (°C)=32; donor pH=7.4; donor type=Sorensen buffer; acceptor temperature (°C)=32; acceptor pH=7.6; acceptor type=Sorensen buffer; cell type=Franz cell; reference=Modamio, 2000; DOI=10.1016/S0378-5173(99)00380-4",True,merged,False,True,False,2,huskin|zeng,,,pooled_median_all_rows,2,huskin|zeng,"{""huskin"": [""huskin_row_447""], ""zeng"": [""45""]}","{""huskin"": [-6.369], ""zeng"": [-6.366302500767287]}","[-6.369, -6.366302500767287]","{""huskin"": 1, ""zeng"": 1}",[],0.003,0.001,3.643,True,,10.1016/S0378-5173(99)00380-4,"Modamio, 2000",,2000,,modamio_2000,-6.368,,,True,,2,2,2,0
merged,merged,merged_30,Eugenol,97-53-0,COC1=C(C=CC(=C1)CC=C)O,C=CCc1ccc(O)c(OC)c1,,,-5.149,,cm/s,logKp,set=t; MWa=164.2; logKowb=2.2; Mptc=263.9; LogSaqd=-4.764430774418078; LogSoce=-2.5644307744180774; Hdf=1; Hag=2; MVh=156.3; Texpi=305; Skin thicknessj=0.075; Skin Integrity testk=transepidermal electrical resistance; Skin Selection criteria=>4.26 kΩ; logJmaxm=-6.35741145020308; Reference=(Ellison et al. 2020); Resolved through PubChem exact CAS synonym match.,True,merged,True,True,False,2,cheruvu|skinpix,,,pooled_median_all_rows,2,cheruvu|skinpix,"{""cheruvu"": [""440""], ""skinpix"": [""95"", ""96""]}","{""cheruvu"": [-5.14928317655229], ""skinpix"": [-5.182, -5.112]}","[-5.182, -5.112, -5.14928317655229]","{""cheruvu"": 1, ""skinpix"": 2}",[],0.07,0.029,3.643,True,,,(Ellison et al. 2020),,2020,,ellison_2020,-5.149,,,True,,4,4,3,1
merged,merged,merged_31,Alprenolol,13655-52-2,CC(C)NCC(COC1=CC=CC=C1CC=C)O,C=CCc1ccccc1OCC(O)CNC(C)C,,,-6.343,,cm/s,logKp,set=t; MWa=249; logKowb=0.65; Mptc=381; LogSaqd=-2.457972971184475; LogSoce=-1.8079729711844748; Hdf=2; Hag=3; MVh=247.5; Texpi=310; Skin thicknessj=0.1; Skin Integrity testk=Visual check; logJmaxm=-5.244614617560083; Reference=(Suhonen et al. 2003); Resolved through PubChem exact CAS synonym match.,True,merged,False,False,False,1,cheruvu,,,pooled_median_all_rows,1,cheruvu,"{""cheruvu"": [""334""]}","{""cheruvu"": [-6.342944147142896]}",[-6.342944147142896],"{""cheruvu"": 1}",[],0.0,0.0,3.643,True,,,(Suhonen et al. 2003),,2003,,suhonen_2003,-6.343,,,True,,1,1,1,0
merged,merged,merged_32,vinyl acetate,,CC(OC=C)=O,C=COC(C)=O,,,-6.286,,cm/s,logKp,cos2[(4.31+AlogP)/8.66]=0.761; Neoplastic-80=0; X3v=0.776; log(Kp)/SVM=-3.25; log(Kp)/MLR=-3.02,True,merged,False,False,False,1,zeng,,,pooled_median_all_rows,1,zeng,"{""zeng"": [""249""]}","{""zeng"": [-6.286302500767287]}",[-6.286302500767287],"{""zeng"": 1}",[],0.0,0.0,3.643,True,,,,,,,,-6.286,deeppk|zeng,,True,,2,2,1,1
merged,merged,merged_33,formaldehyde,,C=O,C=O,,,-6.206,,cm/s,logKp,cos2[(4.31+AlogP)/8.66]=0.794; Neoplastic-80=0; X3v=0; log(Kp)/SVM=-3.22; log(Kp)/MLR=-3.1,True,merged,False,False,False,1,zeng,,,pooled_median_all_rows,1,zeng,"{""zeng"": [""203""]}","{""zeng"": [-6.206302500767287]}",[-6.206302500767287],"{""zeng"": 1}",[],0.0,0.0,3.643,True,,,,,,,,-6.206,deeppk|zeng,,True,,2,2,1,1
merged,merged,merged_34,acetonitrile,,CC#N,CC#N,,,-6.766,,cm/s,logKp,cos2[(4.31+AlogP)/8.66]=0.767; Neoplastic-80=0; X3v=0.224; log(Kp)/SVM=-3.22; log(Kp)/MLR=-2.97,True,merged,False,False,False,1,zeng,,,pooled_median_all_rows,1,zeng,"{""zeng"": [""101""]}","{""zeng"": [-6.766302500767287]}",[-6.766302500767287],"{""zeng"": 1}",[],0.0,0.0,3.643,True,,,,,,,,-6.766,deeppk|zeng,,True,,2,2,1,1
merged,merged,merged_35,Benzylideneacetone,122-57-6,CC(=O)/C=C/C1=CC=CC=C1,CC(=O)/C=C/c1ccccc1,,,-4.784,,cm/s,logKp,"publication ID=80; Kp relation==; Kp (cm/h)=0.045956094420124; Kp (cm/h) (processed)=0.045956; steady state flux Jss relation==; steady state flux Jss (original)=0.919047895113889; steady state flux Jss unit (original)=µg/cm2/h; steady state flux Jss (converted) (ug/cm2/h)=0.91905; tlag (h) (original)=1.09306878232222; tlag (h) (processed)=1.09; skin donor type=Cadaver; skin source site=back, thigh; skin preparation=dermatomed; used layer=epidermis, dermis; storage duration (days)=<180; storage temperature (°C)=-20; donor type=Dulbecco phosphate buffered saline with calcium and magnesium with sodium azide at 0.5 mg per mL; category donor type=PBS based formulations; donor/skin surface temperature (°C)=32; acceptor type=Dulbecco's phosphate buffered saline with calcium and magnesium + 2% BSA; category acceptor type=PBS based formulations; acceptor pH=7.4; cell type=other type of diffusion cell; author=Ellison,CA; date=2020; doi=10.1016/j.tiv.2020.104990; notes=occlusion using Bandit® brand packing tape, the authors declare infinite dose conditions, recovery: 85%, data (Jss, Tlag, Kp, recovery) in Supplemental Table3",True,merged,True,False,False,1,skinpix,,,pooled_median_all_rows,1,skinpix,"{""skinpix"": [""45"", ""46""]}","{""skinpix"": [-4.894, -4.675]}","[-4.894, -4.675]","{""skinpix"": 2}",[],0.219,0.11,3.643,True,,10.1016/j.tiv.2020.104990,,"Ellison,CA",2020,80,ellison_2020,-4.784,,,True,,2,2,2,0
merged,merged,merged_36,"1,1,1-Trichloropropanone",,CC(=O)C(Cl)(Cl)Cl,CC(=O)C(Cl)(Cl)Cl,,,-5.176,,cm/s,logKp,"skin donor type=Mammaplasty; skin source site=breast; used layer=epidermis, dermis; skin preparation=dermatomed 250-280um; storage temperature (°C)=-20; neat=0; donor/skin surface temperature (°C)=40; donor pH=7; donor type=Water; acceptor temperature (°C)=37; acceptor pH=7.4; acceptor type=PBS; cell type=Glass diffusion cell; reference=Xu, 2002; DOI=10.1006/taap.2002.9494",True,merged,False,False,False,1,huskin,,,pooled_median_all_rows,1,huskin,"{""huskin"": [""huskin_row_3""]}","{""huskin"": [-5.176]}",[-5.176],"{""huskin"": 1}",[],0.0,0.0,3.643,True,,10.1006/taap.2002.9494,"Xu, 2002",,2002,,xu_2002,-5.176,,,True,,1,1,1,0
merged,merged,merged_37,"1,1-Dichloropropanone",,ClC(C(=O)C)Cl,CC(=O)C(Cl)Cl,,,-4.923,,cm/s,logKp,"skin donor type=Mammaplasty; skin source site=breast; used layer=epidermis, dermis; skin preparation=dermatomed 250-280um; storage temperature (°C)=-20; neat=0; donor/skin surface temperature (°C)=40; donor pH=7; donor type=Water; acceptor temperature (°C)=37; acceptor pH=7.4; acceptor type=PBS; cell type=Glass diffusion cell; reference=Xu, 2002; DOI=10.1006/taap.2002.9494",True,merged,False,False,False,1,huskin,,,pooled_median_all_rows,1,huskin,"{""huskin"": [""huskin_row_4""]}","{""huskin"": [-4.923]}",[-4.923],"{""huskin"": 1}",[],0.0,0.0,3.643,True,,10.1006/taap.2002.9494,"Xu, 2002",,2002,,xu_2002,-4.923,,,True,,1,1,1,0
merged,merged,merged_38,,,CC(=O)C1(O)CCC2C3CC=C4CC(=O)CCC4(C)C3CCC21C,CC(=O)C1(O)CCC2C3CC=C4CC(=O)CCC4(C)C3CCC21C,,,-6.776,,cm/s,logKp,group=training,True,merged,False,False,False,1,deeppk,,,pooled_median_all_rows,1,zeng_deeppk,"{""deeppk"": [""deeppk_skin_permeability_train_row_47""]}","{""deeppk"": [-6.7763025007672875]}",[-6.7763025007672875],"{""deeppk"": 1}",[],0.0,0.0,3.643,True,,,,,,,,-6.776,,,True,,1,1,1,0
merged,merged,merged_39,,,CC(=O)C1CCC2C3CC=C4CC(=O)CCC4(C)C3CCC12C,CC(=O)C1CCC2C3CC=C4CC(=O)CCC4(C)C3CCC12C,,,-5.446,,cm/s,logKp,group=test,True,merged,False,False,False,1,deeppk,,,pooled_median_all_rows,1,zeng_deeppk,"{""deeppk"": [""deeppk_skin_permeability_test_row_11""]}","{""deeppk"": [-5.446302500767287]}",[-5.446302500767287],"{""deeppk"": 1}",[],0.0,0.0,3.643,True,,,,,,,,-5.446,,,True,,1,1,1,0
merged,merged,merged_40,,,CC(=O)C1CCC2C3CC=C4CC(O)(O)CCC4(C)C3CCC12C,CC(=O)C1CCC2C3CC=C4CC(O)(O)CCC4(C)C3CCC12C,,,-6.776,,cm/s,logKp,group=training,True,merged,False,False,False,1,deeppk,,,pooled_median_all_rows,1,zeng_deeppk,"{""deeppk"": [""deeppk_skin_permeability_train_row_131""]}","{""deeppk"": [-6.7763025007672875]}",[-6.7763025007672875],"{""deeppk"": 1}",[],0.0,0.0,3.643,True,,,,,,,,-6.776,,,True,,1,1,1,0
merged,merged,merged_41,,,CC(=O)C1CCC2C3CC=C4CC(O)CCC4(C)C3CCC12C,CC(=O)C1CCC2C3CC=C4CC(O)CCC4(C)C3CCC12C,,,-6.376,,cm/s,logKp,group=test,True,merged,False,False,False,1,deeppk,,,pooled_median_all_rows,1,zeng_deeppk,"{""deeppk"": [""deeppk_skin_permeability_test_row_5""]}","{""deeppk"": [-6.376302500767287]}",[-6.376302500767287],"{""deeppk"": 1}",[],0.0,0.0,3.643,True,,,,,,,,-6.376,,,True,,1,1,1,0
merged,merged,merged_42,Benzylideneacetone,122-57-6,CC(=O)C=CC1=CC=CC=C1,CC(=O)C=Cc1ccccc1,,,-4.82,,cm/s,logKp,set=t; MWa=146.19; logKowb=2.149; Mptc=313; LogSaqd=-4.948238551133147; LogSoce=-2.799238551133147; Hdf=0; Hag=1; MVh=144; Texpi=305; Skin thicknessj=0.128; Skin Integrity testk=transepidermal electrical resistance; Skin Selection criteria=>4.26 kΩ; logJmaxm=-6.066872309773915; Reference=(Ellison et al. 2020); Resolved through PubChem exact CAS synonym match.,True,merged,True,False,False,1,cheruvu,,,pooled_median_all_rows,1,cheruvu,"{""cheruvu"": [""423"", ""424""]}","{""cheruvu"": [-4.674936259408055, -4.964251231541825]}","[-4.674936259408055, -4.964251231541825]","{""cheruvu"": 2}",[],0.289,0.145,3.643,True,,,(Ellison et al. 2020),,2020,,ellison_2020,-4.82,,,True,,2,2,2,0
merged,merged,merged_43,4-hydroxy-4-methyl-2-pentanone,,CC(CC(C)(O)C)=O,CC(=O)CC(C)(C)O,,,-6.626,,cm/s,logKp,cos2[(4.31+AlogP)/8.66]=0.781; Neoplastic-80=0; X3v=2.691; log(Kp)/SVM=-3.1; log(Kp)/MLR=-3.47,True,merged,False,False,False,1,zeng,,,pooled_median_all_rows,1,zeng,"{""zeng"": [""48""]}","{""zeng"": [-6.626302500767287]}",[-6.626302500767287],"{""zeng"": 1}",[],0.0,0.0,3.643,True,,,,,,,,-6.626,,,True,,1,1,1,0
merged,merged,merged_44,5-methyl-2-hexanone,,CC(CCC(C)C)=O,CC(=O)CCC(C)C,,,-5.636,,cm/s,logKp,cos2[(4.31+AlogP)/8.66]=0.603; Neoplastic-80=0; X3v=2.635; log(Kp)/SVM=-1.97; log(Kp)/MLR=-2.31,True,merged,False,False,False,1,zeng,,,pooled_median_all_rows,1,zeng,"{""zeng"": [""68""]}","{""zeng"": [-5.636302500767288]}",[-5.636302500767288],"{""zeng"": 1}",[],0.0,0.0,3.643,True,,,,,,,,-5.636,,,True,,1,1,1,0
merged,merged,merged_45,dimethyl acetamide,,CC(N(C)C)=O,CC(=O)N(C)C,,,-6.356,,cm/s,logKp,cos2[(4.31+AlogP)/8.66]=0.811; Neoplastic-80=0; X3v=1.413; log(Kp)/SVM=-3.53; log(Kp)/MLR=-3.46,True,merged,False,False,False,1,zeng,,,pooled_median_all_rows,1,zeng,"{""zeng"": [""92""]}","{""zeng"": [-6.356302500767287]}",[-6.356302500767287],"{""zeng"": 1}",[],0.0,0.0,3.643,True,,,,,,,,-6.356,deeppk|zeng,,True,,2,2,1,1
merged,merged,merged_46,2-(Acetylamino)fluorene,53-96-3,CC(=O)NC1=CC2=C(C=C1)C3=CC=CC=C3C2,CC(=O)Nc1ccc2c(c1)Cc1ccccc1-2,,,-4.717,,cm/s,logKp,set=t; MWa=223.27; logKowb=3.12; Mptc=467; LogSaqd=-7.4448196116800975; LogSoce=-4.324819611680097; Hdf=1; Hag=1; MVh=181.4; Texpi=305; Skin thicknessj=0.075; Skin Integrity testk=transepidermal electrical resistance; Skin Selection criteria=>4.26 kΩ; logJmaxm=-8.60534158770192; Reference=(Ellison et al. 2020); Resolved through PubChem exact CAS synonym match.,True,merged,True,True,False,2,cheruvu|skinpix,,,pooled_median_all_rows,2,cheruvu|skinpix,"{""cheruvu"": [""402""], ""skinpix"": [""5"", ""6""]}","{""cheruvu"": [-4.7168244767891085], ""skinpix"": [-4.726, -4.664]}","[-4.726, -4.664, -4.7168244767891085]","{""cheruvu"": 1, ""skinpix"": 2}",[],0.062,0.027,3.643,True,,,(Ellison et al. 2020),,2020,,ellison_2020,-4.717,,,True,,4,4,3,1
merged,merged,merged_47,"N4-acetyl-4-amino-1-[(2R,3S,4R,5R)-3,4-dihydroxy-5 (hydroxymethyl)oxolan-2-yl] pyrimidin-2-one",,OC[C@H]1O[C@H]([C@H]([C@H]1O)O)n1ccc(nc1=O)NC(=O)C,CC(=O)Nc1ccn([C@@H]2O[C@H](CO)[C@H](O)[C@@H]2O)c(=O)n1,,,-6.889,,cm/s,logKp,"skin donor type=Abdominoplasty; skin source site=abdomen; used layer=epidermis; skin preparation=heat separation; storage temperature (°C)=-20; neat=0; donor/skin surface temperature (°C)=32; donor pH=7.4; donor type=PBS; acceptor temperature (°C)=32; acceptor pH=7.4; acceptor type=PBS; cell type=Franz cell; flux=Jss= 19.72 nmol/(cm^2*h) SD=10.79; c=42.43(umol/ml); reference=Legoabe, 2010; DOI=10.1211/jpp.62.06.0012",True,merged,False,False,False,1,huskin,,,pooled_median_all_rows,1,huskin,"{""huskin"": [""huskin_row_421""]}","{""huskin"": [-6.889]}",[-6.889],"{""huskin"": 1}",[],0.0,0.0,3.643,True,,10.1211/jpp.62.06.0012,"Legoabe, 2010",,2010,,legoabe_2010,-6.889,,,True,,1,1,1,0
merged,merged,merged_48,acetic acid,64-19-7,CC(=O)O,CC(=O)O,,,-6.41,,cm/s,logKp,set=t; MWa=60.05; logKowb=-0.17; Mptc=289.6; LogSaqd=-1.749736315569061; LogSoce=-1.919736315569061; Hdf=1; Hag=2; MVh=56.2; Texpi=310; Skin thicknessj=0.1; Skin Integrity testk=tritiated water permeation; Skin Selection criteria=<3e-3; logJmaxm=-4.1476763242410986; Reference=(Buist et al. 2010); Resolved through PubChem exact CAS synonym match.,True,merged,True,True,False,3,cheruvu|huskin|zeng,,,pooled_median_all_rows,3,cheruvu|huskin|zeng,"{""cheruvu"": [""154"", ""155"", ""156"", ""157"", ""158""], ""huskin"": [""huskin_row_139""], ""zeng"": [""173""]}","{""cheruvu"": [-5.954242509439325, -6.051152522447381, -6.4101744650890495, -6.6020599913279625, -6.653212513775344], ""huskin"": [-6.079], ""zeng"": [-6.766302500767287]}","[-6.079, -6.766302500767287, -5.954242509439325, -6.051152522447381, -6.4101744650890495, -6.6020599913279625, -6.653212513775344]","{""cheruvu"": 5, ""huskin"": 1, ""zeng"": 1}",[],0.812,0.305,3.643,True,,,(Buist et al. 2010),,2010,,buist_2010,-6.41,,,True,,8,8,7,1
merged,merged,merged_49,tert-butyl acetate,,CC(OC(C)(C)C)=O,CC(=O)OC(C)(C)C,,,-5.736,,cm/s,logKp,cos2[(4.31+AlogP)/8.66]=0.674; Neoplastic-80=0; X3v=2.706; log(Kp)/SVM=-2.38; log(Kp)/MLR=-2.78,True,merged,False,False,False,1,zeng,,,pooled_median_all_rows,1,zeng,"{""zeng"": [""106""]}","{""zeng"": [-5.736302500767287]}",[-5.736302500767287],"{""zeng"": 1}",[],0.0,0.0,3.643,True,,,,,,,,-5.736,,,True,,1,1,1,0
merged,merged,merged_50,,,CC(=O)OCC(=O)C12OC(C)(C)OC1CC1C3CC(F)C4=CC(=O)C=CC4(C)C3(F)C(O)CC12C,CC(=O)OCC(=O)C12OC(C)(C)OC1CC1C3CC(F)C4=CC(=O)C=CC4(C)C3(F)C(O)CC12C,,,-6.326,,cm/s,logKp,group=training,True,merged,False,False,False,1,deeppk,,,pooled_median_all_rows,1,zeng_deeppk,"{""deeppk"": [""deeppk_skin_permeability_train_row_16""]}","{""deeppk"": [-6.326302500767287]}",[-6.326302500767287],"{""deeppk"": 1}",[],0.0,0.0,3.643,True,,,,,,,,-6.326,,,True,,1,1,1,0
merged,merged,merged_51,fluocinonide,,C[C@@]12[C@@]3(C(COC(C)=O)=O)C(OC(C)(O3)C)C[C@@]1([H])[C@]4([H])CC(F)C5=CC(C=C[C@]5(C)C4(F)C(O)C2)=O,CC(=O)OCC(=O)[C@@]12OC(C)(C)OC1C[C@H]1[C@@H]3CC(F)C4=CC(=O)C=C[C@]4(C)C3(F)C(O)C[C@@]12C,,,-6.326,,cm/s,logKp,cos2[(4.31+AlogP)/8.66]=0.635; Neoplastic-80=0; X3v=11.643; log(Kp)/SVM=-2.78; log(Kp)/MLR=-4.02,True,merged,False,False,False,1,zeng,,,pooled_median_all_rows,1,zeng,"{""zeng"": [""11""]}","{""zeng"": [-6.326302500767287]}",[-6.326302500767287],"{""zeng"": 1}",[],0.0,0.0,3.643,True,,,,,,,,-6.326,,,True,,1,1,1,0
merged,merged,merged_52,Fluocinonide,,CC(=O)OCC(=O)[C@@]12OC(O[C@@H]1C[C@@H]1[C@]2(C)C[C@H](O)[C@]2([C@H]1C[C@@H](C1=CC(=O)C=C[C@]21C)F)F)(C)C,CC(=O)OCC(=O)[C@@]12OC(C)(C)O[C@@H]1C[C@H]1[C@@H]3C[C@H](F)C4=CC(=O)C=C[C@]4(C)[C@@]3(F)[C@@H](O)C[C@@]12C,,,-6.326,,cm/s,logKp,"skin donor type=Abdominoplasty or cadaver; used layer=stratum corneum; skin preparation=trypsinisation; storage temperature (°C)=4; storage duration (days)=8.5 (7-10); neat=0; donor/skin surface temperature (°C)=37; donor pH=4; donor type=Succinate solution; acceptor temperature (°C)=37; acceptor pH=4; acceptor type=Succinate solution; cell type=Flow through cell; reference=Anderson, 1988; DOI=10.1023/a:1015989929342",True,merged,True,False,False,1,huskin,,,pooled_median_all_rows,1,huskin,"{""huskin"": [""huskin_row_305"", ""huskin_row_306""]}","{""huskin"": [-6.326, -6.326]}","[-6.326, -6.326]","{""huskin"": 2}",[],0.0,0.0,3.643,True,,10.1023/a:1015989929342,"Anderson, 1988",,1988,,anderson_1988,-6.326,,,True,,2,2,2,0
merged,merged,merged_53,isoamyl acetate,,CC(OCCC(C)C)=O,CC(=O)OCCC(C)C,,,-5.466,,cm/s,logKp,cos2[(4.31+AlogP)/8.66]=0.602; Neoplastic-80=0; X3v=2.523; log(Kp)/SVM=-2; log(Kp)/MLR=-2.28,True,merged,False,False,False,1,zeng,,,pooled_median_all_rows,1,zeng,"{""zeng"": [""207""]}","{""zeng"": [-5.466302500767287]}",[-5.466302500767287],"{""zeng"": 1}",[],0.0,0.0,3.643,True,,,,,,,,-5.466,,,True,,1,1,1,0
merged,merged,merged_54,T-2 toxin,21259-20-1,C[C@@]12[C@@]3([C@@]([C@H](O)[C@H]1OC(C)=O)(O[C@]4([C@]2(COC(C)=O)C[C@H](OC(CC(C)C)=O)C(C)=C4)[H])[H])CO3,CC(=O)OC[C@]12C[C@H](OC(=O)CC(C)C)C(C)=C[C@H]1O[C@@H]1[C@H](O)[C@@H](OC(C)=O)[C@@]2(C)[C@]12CO2,,,-7.772,,cm/s,logKp,"publication ID=280; Kp relation==; Kp (cm/h)=0.607 E-04  ± 0.151 E-04; Kp (cm/h) (processed)=0.0000607; Kp error (cm/h) (processed)=0.0000151; steady state flux Jss relation==; steady state flux Jss (original)=61.941 ± 15.428; steady state flux Jss unit (original)=ng/cm2/h; steady state flux Jss (converted) (ug/cm2/h)=0.0619; steady state flux Jss error (converted) (ug/cm2/h)=0.0154; tlag (h) (original)=8.222 ± 0.165; tlag (h) (processed)=8.22; tlag error (h) (processed)=0.165; skin donor type=Surgery; skin source site=abdomen; skin preparation=dermatomed; used layer=epidermis, dermis; storage duration (days)=<180; storage temperature (°C)=-20; donor type=Ethanol/water 7:3 v/v; category donor type=Ethanol and ethanol based formulations; acceptor type=PBS with BSA; category acceptor type=PBS based formulations; acceptor temperature (°C)=32; cell type=static Franz cell; author=Boonen,J; date=2012; doi=10.1016/j.tox.2012.06.012; notes=occlusion using Parafilm®, the authors declare infinite dose conditions",True,merged,True,False,False,1,skinpix,,,pooled_median_all_rows,1,skinpix,"{""skinpix"": [""162"", ""163""]}","{""skinpix"": [-7.773, -7.771]}","[-7.773, -7.771]","{""skinpix"": 2}",[],0.002,0.001,3.643,True,,10.1016/j.tox.2012.06.012,,"Boonen,J",2012,280,boonen_2012,-7.772,,,True,,2,2,2,0
merged,merged,merged_55,4-hydroxyphenyl acetic acid,,CC(OC1=CC=C(O)C=C1)=O,CC(=O)Oc1ccc(O)cc1,,,-6.026,,cm/s,logKp,cos2[(4.31+AlogP)/8.66]=0.647; Neoplastic-80=0; X3v=2.088; log(Kp)/SVM=-2.48; log(Kp)/MLR=-2.5,True,merged,False,False,False,1,zeng,,,pooled_median_all_rows,1,zeng,"{""zeng"": [""107""]}","{""zeng"": [-6.0263025007672875]}",[-6.0263025007672875],"{""zeng"": 1}",[],0.0,0.0,3.643,True,,,,,,,,-6.026,,,True,,1,1,1,0
merged,merged,merged_56,Acetylsalicylic Acid,,CC(=O)Oc1ccccc1C(=O)O,CC(=O)Oc1ccccc1C(=O)O,,,-5.696,,cm/s,logKp,"skin donor type=Abdominoplasty; skin source site=abdomen; used layer=epidermis, dermis; neat=0; donor type=Water; acceptor temperature (°C)=37; acceptor pH=7.4; acceptor type=PBS; cell type=Franz cell; reference=Degim, 1998; DOI=10.1016/S0378-5173(98)00113-6",True,merged,False,False,False,1,huskin,,,pooled_median_all_rows,1,huskin,"{""huskin"": [""huskin_row_140""]}","{""huskin"": [-5.696]}",[-5.696],"{""huskin"": 1}",[],0.0,0.0,3.643,True,,10.1016/S0378-5173(98)00113-6,"Degim, 1998",,1998,,degim_1998,-5.696,deeppk|huskin,,True,,2,2,1,1
merged,merged,merged_57,17-Hydroxyprogesterone,,O=C1CC[C@]2(C(=C1)CC[C@@H]1[C@@H]2CC[C@]2([C@H]1CC[C@]2(O)C(=O)C)C)C,CC(=O)[C@@]1(O)CC[C@H]2[C@@H]3CCC4=CC(=O)CC[C@]4(C)[C@H]3CC[C@@]21C,,,-6.778,,cm/s,logKp,"used layer=epidermis; neat=0; donor/skin surface temperature (°C)=26; acceptor temperature (°C)=26; reference=Scheuplein, 1969; DOI=10.1038/jid.1969.9",True,merged,False,False,False,1,huskin,,,pooled_median_all_rows,1,huskin,"{""huskin"": [""huskin_row_89""]}","{""huskin"": [-6.778]}",[-6.778],"{""huskin"": 1}",[],0.0,0.0,3.643,True,,10.1038/jid.1969.9,"Scheuplein, 1969",,1969,,scheuplein_1969,-6.778,cheruvu|huskin,,True,,2,2,1,1
merged,merged,merged_58,Hydroxypregnenolone,,CC(=O)[C@H]1CC[C@@H]2[C@]1(C)CC[C@H]1[C@H]2CC=C2[C@]1(C)CCC(C2)(O)O,CC(=O)[C@H]1CC[C@H]2[C@@H]3CC=C4CC(O)(O)CC[C@]4(C)[C@H]3CC[C@]12C,,,-6.778,,cm/s,logKp,"used layer=epidermis; neat=0; donor/skin surface temperature (°C)=26; acceptor temperature (°C)=26; reference=Scheuplein, 1969; DOI=10.1038/jid.1969.9",True,merged,False,False,False,1,huskin,,,pooled_median_all_rows,1,huskin,"{""huskin"": [""huskin_row_340""]}","{""huskin"": [-6.778]}",[-6.778],"{""huskin"": 1}",[],0.0,0.0,3.643,True,,10.1038/jid.1969.9,"Scheuplein, 1969",,1969,,scheuplein_1969,-6.778,,,True,,1,1,1,0
merged,merged,merged_59,hydroxypregnenolone,,OC4CC(O)[C@]3(C)[C@@]2([H])CC[C@]1(C)[C@@H]([C@](C)=O)CC[C@]([H])1[C@@]([H])2CC=C3C4,CC(=O)[C@H]1CC[C@H]2[C@@H]3CC=C4CC(O)CC(O)[C@]4(C)[C@H]3CC[C@]12C,,,-6.776,,cm/s,logKp,cos2[(4.31+AlogP)/8.66]=0.49; Neoplastic-80=1; X3v=9.519; log(Kp)/SVM=-3.37; log(Kp)/MLR=-3.45,True,merged,False,False,False,1,zeng,,,pooled_median_all_rows,1,zeng,"{""zeng"": [""86""]}","{""zeng"": [-6.7763025007672875]}",[-6.7763025007672875],"{""zeng"": 1}",[],0.0,0.0,3.643,True,,,,,,,,-6.776,,,True,,1,1,1,0
merged,merged,merged_60,Hydroxypregnenolone,145-13-1,CC(=O)[C@H]1CC[C@@H]2[C@@]1(CC[C@H]3[C@H]2CC=C4[C@@]3(CC[C@@H](C4)O)C)C,CC(=O)[C@H]1CC[C@H]2[C@@H]3CC=C4C[C@@H](O)CC[C@]4(C)[C@H]3CC[C@]12C,,,-6.579,,cm/s,logKp,set=t; MWa=332.5; logKowb=3.75; Mptc=541.5; LogSaqd=-4.807929458658187; LogSoce=-1.0579294586581862; Hdf=2; Hag=3; MVh=287.4; Texpi=299; Skin thicknessj=0.1; logJmaxm=-8.029778208274543; Reference=(Scheuplein et al. 1969); Resolved through PubChem exact CAS synonym match.,True,merged,True,True,False,2,cheruvu|huskin,,,pooled_median_all_rows,2,cheruvu|huskin,"{""cheruvu"": [""186""], ""huskin"": [""huskin_row_464""]}","{""cheruvu"": [-6.778151250383644], ""huskin"": [-6.38]}","[-6.38, -6.778151250383644]","{""cheruvu"": 1, ""huskin"": 1}",[],0.398,0.199,3.643,True,,,(Scheuplein et al. 1969),,1969,,scheuplein_1969,-6.579,,,True,,3,3,2,1
merged,merged,merged_61,hydroxy progesterone,,O=C4CC(O)[C@]3(C)[C@@]2([H])CC[C@]1(C)[C@@H]([C@](C)=O)CC[C@]([H])1[C@@]([H])2CCC3=C4,CC(=O)[C@H]1CC[C@H]2[C@@H]3CCC4=CC(=O)CC(O)[C@]4(C)[C@H]3CC[C@]12C,,,-6.776,,cm/s,logKp,cos2[(4.31+AlogP)/8.66]=0.459; Neoplastic-80=1; X3v=9.38; log(Kp)/SVM=-3.26; log(Kp)/MLR=-3.22,True,merged,False,False,False,1,zeng,,,pooled_median_all_rows,1,zeng,"{""zeng"": [""41""]}","{""zeng"": [-6.7763025007672875]}",[-6.7763025007672875],"{""zeng"": 1}",[],0.0,0.0,3.643,True,,,,,,,,-6.776,,,True,,1,1,1,0
merged,merged,merged_62,Progesterone,57-83-0,CC(=O)[C@H]1CC[C@@H]2[C@@]1(CC[C@H]3[C@H]2CCC4=CC(=O)CC[C@]34C)C,CC(=O)[C@H]1CC[C@H]2[C@@H]3CCC4=CC(=O)CC[C@]4(C)[C@H]3CC[C@]12C,,,-5.442,,cm/s,logKp,set=t*; MWa=314.5; logKowb=4.04; Mptc=394; LogSaqd=-7.426398535026744; LogSoce=-3.386398535026743; Hdf=0; Hag=2; MVh=278.3; Texpi=308; Skin thicknessj=0.1; Skin Integrity testk=transepidermal electrical resistance; logJmaxm=-9.256578304503893; Reference=(Magnusson et al. 2006); Resolved through PubChem exact CAS synonym match.,True,merged,True,True,False,4,cheruvu|huskin|skinpix|zeng,,,pooled_median_all_rows,4,cheruvu|huskin|skinpix|zeng,"{""cheruvu"": [""471""], ""huskin"": [""huskin_row_465"", ""huskin_row_466"", ""huskin_row_467"", ""huskin_row_468""], ""skinpix"": [""153""], ""zeng"": [""81""]}","{""cheruvu"": [-5.259742827640061], ""huskin"": [-5.079, -5.442, -5.255, -6.38], ""skinpix"": [-7.741], ""zeng"": [-6.376302500767287]}","[-5.079, -5.442, -5.255, -6.38, -7.741, -6.376302500767287, -5.259742827640061]","{""cheruvu"": 1, ""huskin"": 4, ""skinpix"": 1, ""zeng"": 1}",[],2.662,0.89,3.643,True,,,(Magnusson et al. 2006),,2006,,magnusson_2006,-5.442,,,True,,11,11,7,4
merged,merged,merged_63,Acetophenone,98-86-2,CC(=O)C1=CC=CC=C1,CC(=O)c1ccccc1,,,-5.133,,cm/s,logKp,set=t; MWa=120.15; logKowb=1.58; Mptc=293; LogSaqd=-4.225639085086241; LogSoce=-2.6456390850862412; Hdf=0; Hag=1; MVh=121; Texpi=305; Skin thicknessj=0.075; Skin Integrity testk=transepidermal electrical resistance; Skin Selection criteria=>4.26 kΩ; logJmaxm=-5.853047369895187; Reference=(Ellison et al. 2020); Resolved through PubChem exact CAS synonym match.,True,merged,True,True,False,2,cheruvu|skinpix,,,pooled_median_all_rows,2,cheruvu|skinpix,"{""cheruvu"": [""418""], ""skinpix"": [""29"", ""30""]}","{""cheruvu"": [-5.183710785576233], ""skinpix"": [-5.133, -5.116]}","[-5.133, -5.116, -5.183710785576233]","{""cheruvu"": 1, ""skinpix"": 2}",[],0.068,0.029,3.643,True,,,(Ellison et al. 2020),,2020,,ellison_2020,-5.133,,,True,,4,4,3,1
merged,merged,merged_64,Flurbiprofen,,OC(=O)C(c1ccc(c(c1)F)c1ccccc1)C,CC(C(=O)O)c1ccc(-c2ccccc2)c(F)c1,,,-5.331,,cm/s,logKp,"skin donor type=Abdominoplasty; skin source site=abdomen; used layer=epidermis; skin preparation=heat separation; storage temperature (°C)=-20; neat=0; donor/skin surface temperature (°C)=37; donor pH=7; donor type=PBS; acceptor temperature (°C)=37; acceptor pH=7.4; acceptor type=PBS; cell type=Franz cell; flux=Jss= 28.337±7.56 ug/(cm^2*h) kp 1.68*10^-2(cm/h) 1; reference=Swart, 2005; DOI=10.1016/j.ijpharm.2005.05.030",True,merged,False,False,False,1,huskin,,,pooled_median_all_rows,1,huskin,"{""huskin"": [""huskin_row_307""]}","{""huskin"": [-5.331]}",[-5.331],"{""huskin"": 1}",[],0.0,0.0,3.643,True,,10.1016/j.ijpharm.2005.05.030,"Swart, 2005",,2005,,swart_2005,-5.331,,,True,,1,1,1,0
merged,merged,merged_65,Pranoprofen,52549-17-4,CC(C1=CC2=C(C=C1)OC3=C(C2)C=CC=N3)C(=O)O,CC(C(=O)O)c1ccc2c(c1)Cc1cccnc1O2,,,-6.973,,cm/s,logKp,"publication ID=614; Kp relation==; Kp (cm/h)=3.83 × 10−4; Kp (cm/h) (processed)=0.00038300; steady state flux Jss relation==; steady state flux Jss (original)==Jmax; steady state flux Jss unit (original)=µg/cm2/h; steady state flux Jss (converted) (ug/cm2/h)==Jmax; maximum flux Jmax (original)=0.538; maximum flux Jmax unit (original)=μg/cm2/h; maximum flux Jmax (ug/cm2/h) (processed)=0.538; tlag (h) (original)=2.08; tlag (h) (processed)=2.08; skin donor type=Surgery; skin source site=abdomen; skin preparation=dermatomed; used layer=epidermis, dermis; storage temperature (°C)=-20; donor type=PBS; category donor type=PBS based formulations; donor/skin surface temperature (°C)=32; acceptor type=PBS; category acceptor type=PBS based formulations; acceptor pH=7.4; acceptor temperature (°C)=32; cell type=static Franz cell; author=Abrego,G; date=2016; doi=10.1016/j.ijpharm.2016.01.071; notes=occlusion using Parafilm®, the authors declare infinite dose conditions, There are supplementary data for other formulations",True,merged,False,False,False,1,skinpix,,,pooled_median_all_rows,1,skinpix,"{""skinpix"": [""152""]}","{""skinpix"": [-6.973]}",[-6.973],"{""skinpix"": 1}",[],0.0,0.0,3.643,True,,10.1016/j.ijpharm.2016.01.071,,"Abrego,G",2016,614,abrego_2016,-6.973,,,True,,1,1,1,0
merged,merged,merged_66,Ketoprofen,,OC(=O)C(c1cccc(c1)C(=O)c1ccccc1)C,CC(C(=O)O)c1cccc(C(=O)c2ccccc2)c1,,,-6.768,,cm/s,logKp,"skin donor type=Abdominoplasty; skin source site=abdomen; used layer=epidermis, dermis; storage temperature (°C)=-70; storage duration (days)=21; neat=0; donor/skin surface temperature (°C)=32; acceptor temperature (°C)=37; acceptor pH=7.4; acceptor type=PBS; cell type=Franz cell; reference=Degim, 2003; DOI=10.1002/jps.10312",True,merged,True,True,False,2,huskin|skinpix,,,pooled_median_all_rows,2,huskin|skinpix,"{""huskin"": [""huskin_row_348"", ""huskin_row_349""], ""skinpix"": [""120""]}","{""huskin"": [-6.768, -6.151], ""skinpix"": [-7.176]}","[-6.768, -6.151, -7.176]","{""huskin"": 2, ""skinpix"": 1}",[],1.025,0.421,3.643,True,,10.1002/jps.10312,"Degim, 2003",,2003,,degim_2003,-6.768,,,True,,3,3,3,0
merged,merged,merged_67,Flurbiprofen mannoside,,OC1O[C@H](COC(=O)C(c2ccc(c(c2)F)c2ccccc2)C)[C@H]([C@@H]([C@@H]1O)O)O,CC(C(=O)OC[C@H]1OC(O)[C@@H](O)[C@@H](O)[C@@H]1O)c1ccc(-c2ccccc2)c(F)c1,,,-6.935,,cm/s,logKp,"skin donor type=Abdominoplasty; skin source site=abdomen; used layer=epidermis; skin preparation=heat separation; storage temperature (°C)=-20; neat=0; donor/skin surface temperature (°C)=37; donor pH=7; donor type=PBS; acceptor temperature (°C)=37; acceptor pH=7.4; acceptor type=PBS; cell type=Franz cell; flux=Jss= 0.479±0.52 ug/(cm^2*h) kp4.18*10^-4(cm/h) 6; reference=Swart, 2005; DOI=10.1016/j.ijpharm.2005.05.030",True,merged,False,False,False,1,huskin,,,pooled_median_all_rows,1,huskin,"{""huskin"": [""huskin_row_309""]}","{""huskin"": [-6.935]}",[-6.935],"{""huskin"": 1}",[],0.0,0.0,3.643,True,,10.1016/j.ijpharm.2005.05.030,"Swart, 2005",,2005,,swart_2005,-6.935,,,True,,1,1,1,0
merged,merged,merged_68,Ketoprofen mannoside,,OC1O[C@H](COC(=O)C(c2cccc(c2)C(=O)c2ccccc2)C)[C@H]([C@@H]([C@@H]1O)O)O,CC(C(=O)OC[C@H]1OC(O)[C@@H](O)[C@@H](O)[C@@H]1O)c1cccc(C(=O)c2ccccc2)c1,,,-7.594,,cm/s,logKp,"skin donor type=Abdominoplasty; skin source site=abdomen; used layer=epidermis; skin preparation=heat separation; storage temperature (°C)=-20; neat=0; donor/skin surface temperature (°C)=37; donor pH=7; donor type=PBS; acceptor temperature (°C)=37; acceptor pH=7.4; acceptor type=PBS; cell type=Franz cell; flux=Jss= 0.329±0.38 ug/(cm^2*h) kp 9.17*10^-5(cm/h) 10; reference=Swart, 2005; DOI=10.1016/j.ijpharm.2005.05.030",True,merged,False,False,False,1,huskin,,,pooled_median_all_rows,1,huskin,"{""huskin"": [""huskin_row_351""]}","{""huskin"": [-7.594]}",[-7.594],"{""huskin"": 1}",[],0.0,0.0,3.643,True,,10.1016/j.ijpharm.2005.05.030,"Swart, 2005",,2005,,swart_2005,-7.594,,,True,,1,1,1,0
merged,merged,merged_69,Flurbiprofen glucoside,,OC1O[C@H](COC(=O)C(c2ccc(c(c2)F)c2ccccc2)C)[C@H]([C@@H]([C@H]1O)O)O,CC(C(=O)OC[C@H]1OC(O)[C@H](O)[C@@H](O)[C@@H]1O)c1ccc(-c2ccccc2)c(F)c1,,,-6.477,,cm/s,logKp,"skin donor type=Abdominoplasty; skin source site=abdomen; used layer=epidermis; skin preparation=heat separation; storage temperature (°C)=-20; neat=0; donor/skin surface temperature (°C)=37; donor pH=7; donor type=PBS; acceptor temperature (°C)=37; acceptor pH=7.4; acceptor type=PBS; cell type=Franz cell; flux=Jss= 1.225±1.04 ug/(cm^2*h) kp 1.20*10^-3(cm/h) 5; reference=Swart, 2005; DOI=10.1016/j.ijpharm.2005.05.030",True,merged,False,False,False,1,huskin,,,pooled_median_all_rows,1,huskin,"{""huskin"": [""huskin_row_308""]}","{""huskin"": [-6.477]}",[-6.477],"{""huskin"": 1}",[],0.0,0.0,3.643,True,,10.1016/j.ijpharm.2005.05.030,"Swart, 2005",,2005,,swart_2005,-6.477,,,True,,1,1,1,0
merged,merged,merged_70,Ketoprofen glucoside,,OC1O[C@H](COC(=O)C(c2cccc(c2)C(=O)c2ccccc2)C)[C@H]([C@@H]([C@H]1O)O)O,CC(C(=O)OC[C@H]1OC(O)[C@H](O)[C@@H](O)[C@@H]1O)c1cccc(C(=O)c2ccccc2)c1,,,-7.731,,cm/s,logKp,"skin donor type=Abdominoplasty; skin source site=abdomen; used layer=epidermis; skin preparation=heat separation; storage temperature (°C)=-20; neat=0; donor/skin surface temperature (°C)=37; donor pH=7; donor type=PBS; acceptor temperature (°C)=37; acceptor pH=7.4; acceptor type=PBS; cell type=Franz cell; flux=Jss= 0.342±0.15 ug/(cm^2*h) kp 6.69*10^-5(cm/h) 9; reference=Swart, 2005; DOI=10.1016/j.ijpharm.2005.05.030",True,merged,False,False,False,1,huskin,,,pooled_median_all_rows,1,huskin,"{""huskin"": [""huskin_row_350""]}","{""huskin"": [-7.731]}",[-7.731],"{""huskin"": 1}",[],0.0,0.0,3.643,True,,10.1016/j.ijpharm.2005.05.030,"Swart, 2005",,2005,,swart_2005,-7.731,,,True,,1,1,1,0
merged,merged,merged_71,Nadolol,42200-33-9,CC(C)(C)NCC(COC1=CC=CC2=C1C[C@@H]([C@@H](C2)O)O)O,CC(C)(C)NCC(O)COc1cccc2c1C[C@H](O)[C@H](O)C2,,,-7.658,,cm/s,logKp,set=t; MWa=309.4; logKowb=-1.06; Mptc=403; LogSaqd=-4.358073898560588; LogSoce=-5.418073898560588; Hdf=4; Hag=5; MVh=260; Texpi=310; Skin thicknessj=0.1; Skin Integrity testk=Visual check; logJmaxm=-8.459348716971094; Reference=(Suhonen et al. 2003); Resolved through PubChem exact CAS synonym match.,True,merged,False,False,False,1,cheruvu,,,pooled_median_all_rows,1,cheruvu,"{""cheruvu"": [""330""]}","{""cheruvu"": [-7.657577319177793]}",[-7.657577319177793],"{""cheruvu"": 1}",[],0.0,0.0,3.643,True,,,(Suhonen et al. 2003),,2003,,suhonen_2003,-7.658,,,True,,1,1,1,0
merged,merged,merged_72,Timolol,26839-75-8,CC(C)(C)NC[C@@H](COC1=NSN=C1N2CCOCC2)O,CC(C)(C)NC[C@H](O)COc1nsnc1N1CCOCC1,,,-7.109,,cm/s,logKp,set=t; MWa=316.42; logKowb=1.83; Mptc=345; LogSaqd=-5.889192821777605; LogSoce=-4.0591928217776045; Hdf=2; Hag=8; MVh=258.5; Texpi=310; Skin thicknessj=0.1; Skin Integrity testk=Visual check; logJmaxm=-9.424405302131667; Reference=(Suhonen et al. 2003); Resolved through PubChem exact CAS synonym match.,True,merged,True,False,False,1,cheruvu,,,pooled_median_all_rows,1,cheruvu,"{""cheruvu"": [""333"", ""382""]}","{""cheruvu"": [-7.0915149811213505, -7.126465119780001]}","[-7.0915149811213505, -7.126465119780001]","{""cheruvu"": 2}",[],0.035,0.017,3.643,True,,,(Suhonen et al. 2003),,2003,,suhonen_2003,-7.109,,,True,,2,2,2,0
merged,merged,merged_73,tert-butyl alcohol,,CC(C)(O)C,CC(C)(C)O,,,-6.476,,cm/s,logKp,cos2[(4.31+AlogP)/8.66]=0.715; Neoplastic-80=0; X3v=2.171; log(Kp)/SVM=-3.01; log(Kp)/MLR=-2.95,True,merged,False,False,False,1,zeng,,,pooled_median_all_rows,1,zeng,"{""zeng"": [""80""]}","{""zeng"": [-6.476302500767288]}",[-6.476302500767288],"{""zeng"": 1}",[],0.0,0.0,3.643,True,,,,,,,,-6.476,,,True,,1,1,1,0
merged,merged,merged_74,4-tert-butyl catechol,,OC1=CC=C(C(C)(C)C)C=C1O,CC(C)(C)c1ccc(O)c(O)c1,,,-4.836,,cm/s,logKp,cos2[(4.31+AlogP)/8.66]=0.476; Neoplastic-80=0; X3v=3.953; log(Kp)/SVM=-1.7; log(Kp)/MLR=-1.7,True,merged,False,False,False,1,zeng,,,pooled_median_all_rows,1,zeng,"{""zeng"": [""131""]}","{""zeng"": [-4.836302500767287]}",[-4.836302500767287],"{""zeng"": 1}",[],0.0,0.0,3.643,True,,,,,,,,-4.836,,,True,,1,1,1,0
merged,merged,merged_75,o-t-Butylphenol,,Oc1ccccc1C(C)(C)C,CC(C)(C)c1ccccc1O,,,-4.685,,cm/s,logKp,"skin donor type=Abdominoplasty; skin source site=abdomen; used layer=epidermis; skin preparation=heat separation; storage temperature (°C)=-20; storage duration (days)=90; neat=0; donor/skin surface temperature (°C)=32; donor pH=7.4; donor type=PBS; acceptor temperature (°C)=32; acceptor type=PBS with ethanol; cell type=Franz cell; reference=Zhang, 2009; DOI=10.1007/s11095-009-9912-4",True,merged,False,False,False,1,huskin,,,pooled_median_all_rows,1,huskin,"{""huskin"": [""huskin_row_441""]}","{""huskin"": [-4.685]}",[-4.685],"{""huskin"": 1}",[],0.0,0.0,3.643,True,,10.1007/s11095-009-9912-4,"Zhang, 2009",,2009,,zhang_2009,-4.685,cheruvu|huskin,,True,,2,2,1,1
merged,merged,merged_76,Tetrabromobisphenol A,79-94-7,CC(C)(C1=CC(=C(C(=C1)Br)O)Br)C2=CC(=C(C(=C2)Br)O)Br,CC(C)(c1cc(Br)c(O)c(Br)c1)c1cc(Br)c(O)c(Br)c1,,,-6.145,,cm/s,logKp,"publication ID=102; Kp relation==; Kp (cm/h)=2.58 E−03; Kp (cm/h) (processed)=0.0025800; steady state flux Jss relation==; steady state flux Jss (original)=1.29; steady state flux Jss unit (original)=ng/cm2/h; steady state flux Jss (converted) (ug/cm2/h)=0.00129; tlag (h) (original)=0.79; tlag (h) (processed)=0.79; skin donor type=Surgery; skin source site=breast; skin preparation=full thickness skin without fat; used layer=epidermis, dermis; storage duration (days)=0; storage temperature (°C)=used fresh; donor type=Acetone; category donor type=Acetone; acceptor type=DMEM based culture medium and 5% BSA; category acceptor type=Cell culture media; acceptor temperature (°C)=32; cell type=static Franz cell; author=Abdallah,MA; date=2015; doi=10.1016/j.envint.2015.07.015; notes=recovery: 86%",True,merged,False,False,False,1,skinpix,,,pooled_median_all_rows,1,skinpix,"{""skinpix"": [""167""]}","{""skinpix"": [-6.145]}",[-6.145],"{""skinpix"": 1}",[],0.0,0.0,3.643,True,,10.1016/j.envint.2015.07.015,,"Abdallah,MA",2015,102,abdallah_2015,-6.145,,,True,,1,1,1,0
merged,merged,merged_77,Bisphenol A,80-05-7,CC(C)(C1=CC=C(C=C1)O)C2=CC=C(C=C2)O,CC(C)(c1ccc(O)cc1)c1ccc(O)cc1,,,-7.738,,cm/s,logKp,"publication ID=5; Kp relation==; Kp (cm/h)=9.30E-05; Kp (cm/h) (processed)=0.000093; steady state flux Jss relation==; steady state flux Jss (original)=0.0372 ± 0.0057; steady state flux Jss unit (original)=µg/cm2/h; steady state flux Jss (converted) (ug/cm2/h)=0.0372; steady state flux Jss error (converted) (ug/cm2/h)=0.0057; tlag (h) (original)=10.0 ± 4.7; tlag (h) (processed)=10; tlag error (h) (processed)=4.7; skin donor type=Surgery; skin source site=abdomen; skin preparation=dermatomed; used layer=epidermis, dermis; storage duration (days)=0; storage temperature (°C)=used fresh; donor type=Acetone; category donor type=Acetone; donor/skin surface temperature (°C)=32; acceptor type=RPMI 1640 with gentamycine, penicillin, streptomycin and 2% BSA; category acceptor type=Cell culture media; acceptor pH=7.2; acceptor temperature (°C)=32.5; cell type=static Franz cell; author=Champmartin,C; date=2020; doi=10.1016/j.chemosphere.2020.126525; notes=the authors declare infinite dose conditions, recovery: 99%",True,merged,True,False,False,1,skinpix,,,pooled_median_all_rows,1,skinpix,"{""skinpix"": [""47"", ""48""]}","{""skinpix"": [-7.588, -7.889]}","[-7.588, -7.889]","{""skinpix"": 2}",[],0.301,0.151,3.643,True,,10.1016/j.chemosphere.2020.126525,,"Champmartin,C",2020,5,champmartin_2020,-7.739,,,True,,2,2,2,0
merged,merged,merged_78,Bisphenol A diglycidyl ether,,CC(c1ccc(cc1)OCC1OC1)(c1ccc(cc1)OCC1OC1)C,CC(C)(c1ccc(OCC2CO2)cc1)c1ccc(OCC2CO2)cc1,,,-9.875,,cm/s,logKp,"skin donor type=Mammaplasty; skin source site=breast; used layer=epidermis, dermis; skin preparation=dermatomed; storage duration (days)=0.125; neat=0; donor/skin surface temperature (°C)=32; acceptor pH=7.4; acceptor type=Hanks balanced salt solution; cell type=Flow through cell; notes=receptor- Hanks balanced salt solution, no phenol red and sodium bicarbonate, contains HEPES, BSA and gentamicin; reference=Boogaard, 2000; DOI=10.1080/004982500237488",True,merged,False,False,False,1,huskin,,,pooled_median_all_rows,1,huskin,"{""huskin"": [""huskin_row_169""]}","{""huskin"": [-9.875]}",[-9.875],"{""huskin"": 1}",[],0.0,0.0,3.643,True,,10.1080/004982500237488,"Boogaard, 2000",,2000,,boogaard_2000,-9.875,,,True,,1,1,1,0
merged,merged,merged_79,Geraniol,106-24-1,CC(=CCC/C(=C/CO)/C)C,CC(C)=CCC/C(C)=C/CO,,,-4.57,,cm/s,logKp,set=t; MWa=154.25; logKowb=3.56; Mptc=258; LogSaqd=-6.129559481210065; LogSoce=-2.5695594812100646; Hdf=1; Hag=1; MVh=177.9; Texpi=305; Skin thicknessj=0.075; Skin Integrity testk=transepidermal electrical resistance; Skin Selection criteria=>4.26 kΩ; logJmaxm=-7.116178861415045; Reference=(Ellison et al. 2020); Resolved through PubChem exact CAS synonym match.,True,merged,True,True,False,2,cheruvu|skinpix,,,pooled_median_all_rows,2,cheruvu|skinpix,"{""cheruvu"": [""442""], ""skinpix"": [""102"", ""103""]}","{""cheruvu"": [-4.5429218809722665], ""skinpix"": [-4.963, -4.57]}","[-4.963, -4.57, -4.5429218809722665]","{""cheruvu"": 1, ""skinpix"": 2}",[],0.42,0.192,3.643,True,,,(Ellison et al. 2020),,2020,,ellison_2020,-4.57,,,True,,4,4,3,1
merged,merged,merged_80,acetone,,CC(C)=O,CC(C)=O,,,-6.846,,cm/s,logKp,cos2[(4.31+AlogP)/8.66]=0.795; Neoplastic-80=0; X3v=0.908; log(Kp)/SVM=-3.52; log(Kp)/MLR=-3.26,True,merged,False,False,False,1,zeng,,,pooled_median_all_rows,1,zeng,"{""zeng"": [""174""]}","{""zeng"": [-6.846302500767287]}",[-6.846302500767287],"{""zeng"": 1}",[],0.0,0.0,3.643,True,,,,,,,,-6.846,deeppk|zeng,,True,,2,2,1,1
merged,merged,merged_81,4-methyl-2-pentanol,,CC(O)CC(C)C,CC(C)CC(C)O,,,-5.886,,cm/s,logKp,cos2[(4.31+AlogP)/8.66]=0.602; Neoplastic-80=0; X3v=2.479; log(Kp)/SVM=-2.02; log(Kp)/MLR=-2.27,True,merged,False,False,False,1,zeng,,,pooled_median_all_rows,1,zeng,"{""zeng"": [""93""]}","{""zeng"": [-5.886302500767288]}",[-5.886302500767288],"{""zeng"": 1}",[],0.0,0.0,3.643,True,,,,,,,,-5.886,deeppk|zeng,,True,,2,2,1,1
merged,merged,merged_82,4-Methylvaleric acid,646-07-1,CC(C)CCC(=O)O,CC(C)CCC(=O)O,,,-6.247,,cm/s,logKp,"publication ID=80; Kp relation==; Kp (cm/h)=0.00263217977832593; Kp (cm/h) (processed)=0.0026322; steady state flux Jss relation==; steady state flux Jss (original)=0.08488118588; steady state flux Jss unit (original)=µg/cm2/h; steady state flux Jss (converted) (ug/cm2/h)=0.084881; tlag (h) (original)=2.37957177992857; tlag (h) (processed)=2.38; skin donor type=Cadaver; skin source site=back, thigh; skin preparation=dermatomed; used layer=epidermis, dermis; storage duration (days)=<180; storage temperature (°C)=-20; donor type=Dulbecco phosphate buffered saline with calcium and magnesium with sodium azide at 0.5 mg per mL; category donor type=PBS based formulations; donor/skin surface temperature (°C)=32; acceptor type=Dulbecco's phosphate buffered saline with calcium and magnesium + 2% BSA; category acceptor type=PBS based formulations; acceptor pH=7.4; cell type=other type of diffusion cell; author=Ellison,CA; date=2020; doi=10.1016/j.tiv.2020.104990; notes=occlusion using Bandit® brand packing tape, the authors declare infinite dose conditions, recovery: 90%, data (Jss, Tlag, Kp, recovery) in Supplemental Table3",True,merged,True,False,False,1,skinpix,,,pooled_median_all_rows,1,skinpix,"{""skinpix"": [""19"", ""20""]}","{""skinpix"": [-6.136, -6.358]}","[-6.136, -6.358]","{""skinpix"": 2}",[],0.222,0.111,3.643,True,,10.1016/j.tiv.2020.104990,,"Ellison,CA",2020,80,ellison_2020,-6.247,,,True,,2,2,2,0
merged,merged,merged_83,isoamyl alcohol,,CC(C)CCO,CC(C)CCO,,,-5.556,,cm/s,logKp,cos2[(4.31+AlogP)/8.66]=0.622; Neoplastic-80=0; X3v=1.906; log(Kp)/SVM=-2.27; log(Kp)/MLR=-2.31,True,merged,False,False,False,1,zeng,,,pooled_median_all_rows,1,zeng,"{""zeng"": [""208""]}","{""zeng"": [-5.556302500767288]}",[-5.556302500767288],"{""zeng"": 1}",[],0.0,0.0,3.643,True,,,,,,,,-5.556,deeppk|zeng,,True,,2,2,1,1
merged,merged,merged_84,isobutanol,,CC(C)CO,CC(C)CO,,,-6.206,,cm/s,logKp,cos2[(4.31+AlogP)/8.66]=0.687; Neoplastic-80=0; X3v=1.576; log(Kp)/SVM=-2.64; log(Kp)/MLR=-2.67,True,merged,False,False,False,1,zeng,,,pooled_median_all_rows,1,zeng,"{""zeng"": [""77""]}","{""zeng"": [-6.206302500767287]}",[-6.206302500767287],"{""zeng"": 1}",[],0.0,0.0,3.643,True,,,,,,,,-6.206,deeppk|zeng,,True,,2,2,1,1
merged,merged,merged_85,Ibuprofen,,CC(Cc1ccc(cc1)C(C(=O)O)C)C,CC(C)Cc1ccc(C(C)C(=O)O)cc1,,,-5.762,,cm/s,logKp,"skin donor type=Abdominoplasty; skin source site=abdomen; used layer=epidermis, dermis; neat=0; donor type=Water; acceptor temperature (°C)=37; acceptor pH=7.4; acceptor type=PBS; cell type=Franz cell; reference=Degim, 1998; DOI=10.1016/S0378-5173(98)00113-6",True,merged,True,True,False,2,huskin|skinpix,,,pooled_median_all_rows,2,huskin|skinpix,"{""huskin"": [""huskin_row_341"", ""huskin_row_342""], ""skinpix"": [""112"", ""113"", ""114"", ""115""]}","{""huskin"": [-4.996, -5.503], ""skinpix"": [-6.244, -6.217, -5.716, -5.808]}","[-4.996, -5.503, -6.244, -6.217, -5.716, -5.808]","{""huskin"": 2, ""skinpix"": 4}",[],1.248,0.427,3.643,True,,10.1016/S0378-5173(98)00113-6,"Degim, 1998",,1998,,degim_1998,-5.762,deeppk|huskin|zeng,,True,,8,8,6,2
merged,merged,merged_86,Ibuprofen mannoside,,CC(Cc1ccc(cc1)C(C(=O)OC[C@H]1OC(O)[C@H]([C@H]([C@@H]1O)O)O)C)C,CC(C)Cc1ccc(C(C)C(=O)OC[C@H]2OC(O)[C@@H](O)[C@@H](O)[C@@H]2O)cc1,,,-6.548,,cm/s,logKp,"skin donor type=Abdominoplasty; skin source site=abdomen; used layer=epidermis; skin preparation=heat separation; storage temperature (°C)=-20; neat=0; donor/skin surface temperature (°C)=37; donor pH=7; donor type=PBS; acceptor temperature (°C)=37; acceptor pH=7.4; acceptor type=PBS; cell type=Franz cell; flux=Jss= 2.900±1.23 ug/(cm^2*h) kp 1.02*10^-3(cm/h) 8; reference=Swart, 2005; DOI=10.1016/j.ijpharm.2005.05.030",True,merged,False,False,False,1,huskin,,,pooled_median_all_rows,1,huskin,"{""huskin"": [""huskin_row_344""]}","{""huskin"": [-6.548]}",[-6.548],"{""huskin"": 1}",[],0.0,0.0,3.643,True,,10.1016/j.ijpharm.2005.05.030,"Swart, 2005",,2005,,swart_2005,-6.548,,,True,,1,1,1,0
merged,merged,merged_87,Ibuprofen glucoside,,CC(Cc1ccc(cc1)C(C(=O)OC[C@H]1OC(O)[C@@H]([C@H]([C@@H]1O)O)O)C)C,CC(C)Cc1ccc(C(C)C(=O)OC[C@H]2OC(O)[C@H](O)[C@@H](O)[C@@H]2O)cc1,,,-6.945,,cm/s,logKp,"skin donor type=Abdominoplasty; skin source site=abdomen; used layer=epidermis; skin preparation=heat separation; storage temperature (°C)=-20; neat=0; donor/skin surface temperature (°C)=37; donor pH=7; donor type=PBS; acceptor temperature (°C)=37; acceptor pH=7.4; acceptor type=PBS; cell type=Franz cell; flux=Jss= 1.840±0.49 ug/(cm^2*h) kp 4.09*10^-4(cm/h) 7; reference=Swart, 2005; DOI=10.1016/j.ijpharm.2005.05.030",True,merged,False,False,False,1,huskin,,,pooled_median_all_rows,1,huskin,"{""huskin"": [""huskin_row_343""]}","{""huskin"": [-6.945]}",[-6.945],"{""huskin"": 1}",[],0.0,0.0,3.643,True,,10.1016/j.ijpharm.2005.05.030,"Swart, 2005",,2005,,swart_2005,-6.945,,,True,,1,1,1,0
merged,merged,merged_88,isopropylamine,,NC(C)C,CC(C)N,,,-6.456,,cm/s,logKp,cos2[(4.31+AlogP)/8.66]=0.764; Neoplastic-80=0; X3v=1.244; log(Kp)/SVM=-3.21; log(Kp)/MLR=-3.12,True,merged,False,False,False,1,zeng,,,pooled_median_all_rows,1,zeng,"{""zeng"": [""117""]}","{""zeng"": [-6.456302500767287]}",[-6.456302500767287],"{""zeng"": 1}",[],0.0,0.0,3.643,True,,,,,,,,-6.456,deeppk|zeng,,True,,2,2,1,1
merged,merged,merged_89,Atenolol,29122-68-7,CC(C)NCC(COC1=CC=C(C=C1)CC(=O)N)O,CC(C)NCC(O)COc1ccc(CC(N)=O)cc1,,,-7.69,,cm/s,logKp,set=t; MWa=266; logKowb=-1.77; Mptc=428; LogSaqd=-4.923801196637062; LogSoce=-6.693801196637063; Hdf=4; Hag=5; MVh=201.5; Texpi=310; Skin thicknessj=0.1; Skin Integrity testk=Visual check; logJmaxm=-8.890377441150113; Reference=(Suhonen et al. 2003); Resolved through PubChem exact CAS synonym match.,True,merged,True,True,False,3,cheruvu|huskin|zeng,,,pooled_median_all_rows,3,cheruvu|huskin|zeng,"{""cheruvu"": [""329""], ""huskin"": [""huskin_row_152"", ""huskin_row_153""], ""zeng"": [""7""]}","{""cheruvu"": [-7.522878745280337], ""huskin"": [-7.857, -4.764], ""zeng"": [-7.856302500767287]}","[-7.857, -4.764, -7.856302500767287, -7.522878745280337]","{""cheruvu"": 1, ""huskin"": 2, ""zeng"": 1}",[],3.093,1.298,3.643,True,,,(Suhonen et al. 2003),,2003,,suhonen_2003,-7.69,,,True,,4,4,4,0
merged,merged,merged_90,bisoprolol,,OC(COC1=CC=C(C=C1)COCCOC(C)C)CNC(C)C,CC(C)NCC(O)COc1ccc(COCCOC(C)C)cc1,,,-7.126,,cm/s,logKp,cos2[(4.31+AlogP)/8.66]=0.553; Neoplastic-80=1; X3v=6.144; log(Kp)/SVM=-3.59; log(Kp)/MLR=-3.29,True,merged,False,False,False,1,zeng,,,pooled_median_all_rows,1,zeng,"{""zeng"": [""183""]}","{""zeng"": [-7.126302500767287]}",[-7.126302500767287],"{""zeng"": 1}",[],0.0,0.0,3.643,True,,,,,,,,-7.126,,,True,,1,1,1,0
merged,merged,merged_91,Pindolol,13523-86-9,CC(C)NCC(COC1=CC=CC2=C1C=CN2)O,CC(C)NCC(O)COc1cccc2[nH]ccc12,,,-7.26,,cm/s,logKp,set=t; MWa=248.32; logKowb=-0.33; Mptc=442; LogSaqd=-6.644199439717527; LogSoce=-6.974199439717527; Hdf=3; Hag=4; MVh=215.5; Texpi=310; Skin thicknessj=0.1; Skin Integrity testk=Visual check; logJmaxm=-10.347534249455995; Reference=(Suhonen et al. 2003); Resolved through PubChem exact CAS synonym match.,True,merged,False,False,False,1,cheruvu,,,pooled_median_all_rows,1,cheruvu,"{""cheruvu"": [""331""]}","{""cheruvu"": [-7.259637310505756]}",[-7.259637310505756],"{""cheruvu"": 1}",[],0.0,0.0,3.643,True,,,(Suhonen et al. 2003),,2003,,suhonen_2003,-7.26,,,True,,1,1,1,0
merged,merged,merged_92,,,CC(C)NCC(O)COc1cccc2ccccc12,CC(C)NCC(O)COc1cccc2ccccc12,,,-6.391,,cm/s,logKp,group=val,True,merged,False,True,False,2,deeppk|huskin,,,pooled_median_all_rows,2,huskin|zeng_deeppk,"{""deeppk"": [""deeppk_skin_permeability_val_row_19""], ""huskin"": [""huskin_row_473""]}","{""deeppk"": [-6.476302500767288], ""huskin"": [-6.306]}","[-6.306, -6.476302500767288]","{""deeppk"": 1, ""huskin"": 1}",[],0.17,0.085,3.643,True,,,,,,,,-6.391,,,True,,3,3,2,1
merged,merged,merged_93,sotalol,3930-20-9,CC(C)NCC(C1=CC=C(C=C1)NS(=O)(=O)C)O,CC(C)NCC(O)c1ccc(NS(C)(=O)=O)cc1,,,-7.578,,cm/s,logKp,set=t; MWa=272.36; logKowb=0.24; Mptc=479.75; LogSaqd=-5.432847946497508; LogSoce=-5.192847946497508; Hdf=3; Hag=5; MVh=219.7; Texpi=305; Skin thicknessj=0.1; Skin Integrity testk=tritiated water permeation; logJmaxm=-9.426296337410859; Reference=(Hirvonen et al. 1998); Resolved through PubChem exact CAS synonym match.,True,merged,True,False,False,1,cheruvu,,,pooled_median_all_rows,1,cheruvu,"{""cheruvu"": [""359"", ""361"", ""363"", ""365"", ""367"", ""369"", ""377"", ""380""]}","{""cheruvu"": [-7.549750891680639, -7.559090917934782, -7.581698708680255, -7.575118363368933, -7.730487055782083, -6.657577319177793, -7.876148359032914, -7.73616537481]}","[-7.549750891680639, -7.559090917934782, -7.581698708680255, -7.575118363368933, -7.730487055782083, -6.657577319177793, -7.876148359032914, -7.73616537481]","{""cheruvu"": 8}",[],1.219,0.348,3.643,True,,,(Hirvonen et al. 1998),,1998,,hirvonen_1998,-7.578,,,True,,8,8,8,0
merged,merged,merged_94,N-isopropylaniline,,CC(NC1=CC=CC=C1)C,CC(C)Nc1ccccc1,,,-5.306,,cm/s,logKp,cos2[(4.31+AlogP)/8.66]=0.514; Neoplastic-80=0; X3v=2.665; log(Kp)/SVM=-1.5; log(Kp)/MLR=-1.73,True,merged,False,False,False,1,zeng,,,pooled_median_all_rows,1,zeng,"{""zeng"": [""225""]}","{""zeng"": [-5.306302500767288]}",[-5.306302500767288],"{""zeng"": 1}",[],0.0,0.0,3.643,True,,,,,,,,-5.306,,,True,,1,1,1,0
merged,merged,merged_95,isopropyl alcohol,,CC(O)C,CC(C)O,,,-6.606,,cm/s,logKp,cos2[(4.31+AlogP)/8.66]=0.735; Neoplastic-80=0; X3v=1.094; log(Kp)/SVM=-3; log(Kp)/MLR=-2.91,True,merged,False,False,False,1,zeng,,,pooled_median_all_rows,1,zeng,"{""zeng"": [""209""]}","{""zeng"": [-6.606302500767287]}",[-6.606302500767287],"{""zeng"": 1}",[],0.0,0.0,3.643,True,,,,,,,,-6.606,deeppk|zeng,,True,,2,2,1,1
merged,merged,merged_96,,,CC(C)OCCO,CC(C)OCCO,,,-7.021,,cm/s,logKp,group=training,True,merged,True,True,False,3,deeppk|huskin|zeng,,,pooled_median_all_rows,3,huskin|zeng|zeng_deeppk,"{""deeppk"": [""deeppk_skin_permeability_train_row_13""], ""huskin"": [""huskin_row_282"", ""huskin_row_283""], ""zeng"": [""115""]}","{""deeppk"": [-7.126302500767287], ""huskin"": [-6.913, -7.125], ""zeng"": [-6.916302500767287]}","[-6.913, -7.125, -6.916302500767287, -7.126302500767287]","{""deeppk"": 1, ""huskin"": 2, ""zeng"": 1}",[],0.213,0.106,3.643,True,,,,,,,,-7.021,,,True,,4,4,4,0
merged,merged,merged_97,AAPV,,N[C@@]([H])(C)C(=O)N[C@@]([H])(C)C(=O)N1[C@@]([H])(CCC1)C(=O)N[C@@]([H])(C(C)C)C(=O)O,CC(C)[C@H](NC(=O)[C@@H]1CCCN1C(=O)[C@H](C)NC(=O)[C@H](C)N)C(=O)O,,,-7.38,,cm/s,logKp,"publication ID=502; Kp relation==; Kp (cm/h)=1.50×10−4; Kp (cm/h) (processed)=0.00015000; steady state flux Jss relation==; steady state flux Jss (original)=0.46; steady state flux Jss unit (original)=µg/cm2/h; steady state flux Jss (converted) (ug/cm2/h)=0.46; tlag (h) (original)=0.5; tlag (h) (processed)=0.5; skin donor type=Surgery; skin source site=abdomen; skin preparation=heat separation; used layer=epidermis; donor type=Propylene glycol; category donor type=Glycols and associated mixtures; donor/skin surface temperature (°C)=32; acceptor type=PBS; category acceptor type=PBS based formulations; acceptor pH=7.4; acceptor temperature (°C)=35; cell type=static Franz cell; author=Namjoshi,S; date=2014; doi=10.1007/s11095-014-1420-5; notes=occlusion using Parafilm®",True,merged,False,False,False,1,skinpix,,,pooled_median_all_rows,1,skinpix,"{""skinpix"": [""28""]}","{""skinpix"": [-7.38]}",[-7.38],"{""skinpix"": 1}",[],0.0,0.0,3.643,True,,10.1007/s11095-014-1420-5,,"Namjoshi,S",2014,502,namjoshi_2014,-7.38,,,True,,1,1,1,0
merged,merged,merged_98,2-nitropropane,,CC([N+]([O-])=O)C,CC(C)[N+](=O)[O-],,,-6.246,,cm/s,logKp,cos2[(4.31+AlogP)/8.66]=0.667; Neoplastic-80=0; X3v=1.379; log(Kp)/SVM=-2.47; log(Kp)/MLR=-2.51,True,merged,False,False,False,1,zeng,,,pooled_median_all_rows,1,zeng,"{""zeng"": [""254""]}","{""zeng"": [-6.246302500767287]}",[-6.246302500767287],"{""zeng"": 1}",[],0.0,0.0,3.643,True,,,,,,,,-6.246,,,True,,1,1,1,0
merged,merged,merged_99,cumene,,CC(C1=CC=CC=C1)C,CC(C)c1ccccc1,,,-4.406,,cm/s,logKp,cos2[(4.31+AlogP)/8.66]=0.439; Neoplastic-80=0; X3v=2.565; log(Kp)/SVM=-1.17; log(Kp)/MLR=-1.22,True,merged,False,False,False,1,zeng,,,pooled_median_all_rows,1,zeng,"{""zeng"": [""129""]}","{""zeng"": [-4.406302500767287]}",[-4.406302500767287],"{""zeng"": 1}",[],0.0,0.0,3.643,True,,,,,,,,-4.406,deeppk|zeng,,True,,2,2,1,1
merged,merged,merged_100,"1,2-propylene glycol dinitrate",,CC(O[N+]([O-])=O)CO[N+]([O-])=O,CC(CO[N+](=O)[O-])O[N+](=O)[O-],,,-6.166,,cm/s,logKp,cos2[(4.31+AlogP)/8.66]=0.725; Neoplastic-80=0; X3v=1.659; log(Kp)/SVM=-2.93; log(Kp)/MLR=-2.93,True,merged,False,False,False,1,zeng,,,pooled_median_all_rows,1,zeng,"{""zeng"": [""143""]}","{""zeng"": [-6.166302500767287]}",[-6.166302500767287],"{""zeng"": 1}",[],0.0,0.0,3.643,True,,,,,,,,-6.166,,,True,,1,1,1,0
merged,merged,merged_101,"1,1,1-trichloroethane",,CC(Cl)(Cl)Cl,CC(Cl)(Cl)Cl,,,-5.906,,cm/s,logKp,cos2[(4.31+AlogP)/8.66]=0.553; Neoplastic-80=0; X3v=3.629; log(Kp)/SVM=-1.93; log(Kp)/MLR=-2.15,True,merged,False,False,False,1,zeng,,,pooled_median_all_rows,1,zeng,"{""zeng"": [""44""]}","{""zeng"": [-5.906302500767287]}",[-5.906302500767287],"{""zeng"": 1}",[],0.0,0.0,3.643,True,,,,,,,,-5.906,deeppk|zeng,,True,,2,2,1,1
merged,merged,merged_102,propylene dichloride,,CC(Cl)CCl,CC(Cl)CCl,,,-5.556,,cm/s,logKp,cos2[(4.31+AlogP)/8.66]=0.569; Neoplastic-80=0; X3v=1.989; log(Kp)/SVM=-1.93; log(Kp)/MLR=-1.97,True,merged,False,False,False,1,zeng,,,pooled_median_all_rows,1,zeng,"{""zeng"": [""237""]}","{""zeng"": [-5.556302500767288]}",[-5.556302500767288],"{""zeng"": 1}",[],0.0,0.0,3.643,True,,,,,,,,-5.556,deeppk|zeng,,True,,2,2,1,1
merged,merged,merged_103,"1,1-dichloroethane",,CC(Cl)Cl,CC(Cl)Cl,,,-5.606,,cm/s,logKp,cos2[(4.31+AlogP)/8.66]=0.641; Neoplastic-80=0; X3v=2.052; log(Kp)/SVM=-2.44; log(Kp)/MLR=-2.46,True,merged,False,False,False,1,zeng,,,pooled_median_all_rows,1,zeng,"{""zeng"": [""140""]}","{""zeng"": [-5.606302500767287]}",[-5.606302500767287],"{""zeng"": 1}",[],0.0,0.0,3.643,True,,,,,,,,-5.606,,,True,,1,1,1,0
merged,merged,merged_104,Amphetamine,,CC(Cc1ccccc1)N,CC(N)Cc1ccccc1,,,-6.493,,cm/s,logKp,"skin donor type=Cadaver; skin source site=thigh; used layer=epidermis, dermis; skin preparation=dermatomed 750um, hydrated; storage temperature (°C)=4; neat=0; acceptor pH=7; acceptor type=Ringer solution; cell type=Glass diffusion cell; reference=Galey, 1976; DOI=10.1111/1523-1747.ep12598596",True,merged,True,False,False,1,huskin,,,pooled_median_all_rows,1,huskin,"{""huskin"": [""huskin_row_148"", ""huskin_row_149""]}","{""huskin"": [-8.409, -4.577]}","[-8.409, -4.577]","{""huskin"": 2}",[],3.832,1.916,3.643,True,,10.1111/1523-1747.ep12598596,"Galey, 1976",,1976,,galey_1976,-6.493,,,True,,2,2,2,0
merged,merged,merged_105,,,CC(O)C(C)O,CC(O)C(C)O,,,-7.857,,cm/s,logKp,group=test,True,merged,True,True,False,3,deeppk|huskin|zeng,,,pooled_median_all_rows,3,huskin|zeng|zeng_deeppk,"{""deeppk"": [""deeppk_skin_permeability_test_row_2""], ""huskin"": [""huskin_row_90""], ""zeng"": [""150""]}","{""deeppk"": [-7.956302500767288], ""huskin"": [-7.857], ""zeng"": [-7.466302500767288]}","[-7.857, -7.466302500767288, -7.956302500767288]","{""deeppk"": 1, ""huskin"": 1, ""zeng"": 1}",[],0.49,0.212,3.643,True,,,,,,,,-7.857,,,True,,5,5,3,2
merged,merged,merged_106,2-Hydroxypropyl Nicotinate,,CC(COC(=O)c1cccnc1)O,CC(O)COC(=O)c1cccnc1,,,-7.786,,cm/s,logKp,"skin donor type=Abdominoplasty or mammaplasty; skin source site=abdomen, breast; used layer=epidermis; skin preparation=heat separation; storage temperature (°C)=4; neat=0; donor/skin surface temperature (°C)=37; donor pH=7.4; acceptor temperature (°C)=37; acceptor type=PBS; cell type=Franz cell; flux=Jss= 3.4 ug/(cm^2*h); c=100mg/ml; reference=Dalpozzo, 1991; DOI=10.1002/jps.2600800114",True,merged,False,True,False,2,huskin|zeng,,,pooled_median_all_rows,2,huskin|zeng,"{""huskin"": [""huskin_row_113""], ""zeng"": [""89""]}","{""huskin"": [-8.025], ""zeng"": [-7.546302500767288]}","[-8.025, -7.546302500767288]","{""huskin"": 1, ""zeng"": 1}",[],0.479,0.239,3.643,True,,10.1002/jps.2600800114,"Dalpozzo, 1991",,1991,,dalpozzo_1991,-7.786,,,True,,2,2,2,0
merged,merged,merged_107,Linolenic acid,,CC/C=C/C/C=C/C/C=C/CCCCCCCC(=O)O,CC/C=C/C/C=C/C/C=C/CCCCCCCC(=O)O,,,-5.988,,cm/s,logKp,"skin source site=abdomen; used layer=epidermis; skin preparation=prepared with NaBr solution; storage temperature (°C)=-80; neat=0; donor type=NaCl, sodium azide; reference=Buist, 2010; DOI=10.1016/j.yrtph.2010.02.008",True,merged,False,False,False,1,huskin,,,pooled_median_all_rows,1,huskin,"{""huskin"": [""huskin_row_367""]}","{""huskin"": [-5.988]}",[-5.988],"{""huskin"": 1}",[],0.0,0.0,3.643,True,,10.1016/j.yrtph.2010.02.008,"Buist, 2010",,2010,,buist_2010,-5.988,,,True,,1,1,1,0
merged,merged,merged_108,linolenic acid,463-40-1,CC/C=C\C/C=C\C/C=C\CCCCCCCC(=O)O,CC/C=C\C/C=C\C/C=C\CCCCCCCC(=O)O,,,-5.988,,cm/s,logKp,set=t; MWa=278.42999; logKowb=6.52; Mptc=261.7; LogSaqd=-9.35129432663134; LogSoce=-2.8312943266313395; Hdf=1; Hag=2; MVh=327.625; Texpi=310; Skin thicknessj=0.1; Skin Integrity testk=tritiated water permeation; Skin Selection criteria=<3e-3; logJmaxm=-11.783092602564345; Reference=(Buist et al. 2010); Resolved through PubChem exact CAS synonym match.,True,merged,False,False,False,1,cheruvu,,,pooled_median_all_rows,1,cheruvu,"{""cheruvu"": [""148""]}","{""cheruvu"": [-5.988100776700293]}",[-5.988100776700293],"{""cheruvu"": 1}",[],0.0,0.0,3.643,True,,,(Buist et al. 2010),,2010,,buist_2010,-5.988,,,True,,1,1,1,0
merged,merged,merged_109,Triamcinolone acetonide,76-25-5,C[C@]12C[C@@H]([C@]3([C@H]([C@@H]1C[C@@H]4[C@]2(OC(O4)(C)C)C(=O)CO)CCC5=CC(=O)C=C[C@@]53C)F)O,CC1(C)O[C@@H]2C[C@H]3[C@@H]4CCC5=CC(=O)C=C[C@]5(C)[C@@]4(F)[C@@H](O)C[C@]3(C)[C@]2(C(=O)CO)O1,,,-8.257,,cm/s,logKp,set=t; MWa=434.5; logKowb=2.6; Mptc=566; LogSaqd=-7.318758762624412; LogSoce=-4.718758762624413; Hdf=2; Hag=6; MVh=434.5; Texpi=310; Skin thicknessj=0.1; Skin Integrity testk=tritiated water permeation; Skin Selection criteria=< 1.6 µL/cm2; logJmaxm=-10.721063576698901; Reference=(Intarakumhaeng et al. 2017); Resolved through PubChem exact CAS synonym match.,True,merged,True,True,False,3,cheruvu|huskin|zeng,,,pooled_median_all_rows,3,cheruvu|huskin|zeng,"{""cheruvu"": [""78"", ""275""], ""huskin"": [""huskin_row_530""], ""zeng"": [""56""]}","{""cheruvu"": [-8.262939946055841, -6.958607314841775], ""huskin"": [-8.251], ""zeng"": [-8.956302500767288]}","[-8.251, -8.956302500767288, -8.262939946055841, -6.958607314841775]","{""cheruvu"": 2, ""huskin"": 1, ""zeng"": 1}",[],1.998,0.722,3.643,True,,,(Intarakumhaeng et al. 2017),,2017,,intarakumhaeng_2017,-8.257,,,True,,4,4,4,0
merged,merged,merged_110,,,CC12CCC(=O)C=C1CCC1C2C(=O)CC2(C)C1CCC2(O)C(=O)CO,CC12CCC(=O)C=C1CCC1C2C(=O)CC2(C)C1CCC2(O)C(=O)CO,,,-8.556,,cm/s,logKp,group=training,True,merged,False,False,False,1,deeppk,,,pooled_median_all_rows,1,zeng_deeppk,"{""deeppk"": [""deeppk_skin_permeability_train_row_93""]}","{""deeppk"": [-8.556302500767288]}",[-8.556302500767288],"{""deeppk"": 1}",[],0.0,0.0,3.643,True,,,,,,,,-8.556,,,True,,1,1,1,0
merged,merged,merged_111,,,CC12CCC(=O)C=C1CCC1C2C(O)CC2(C)C(C(=O)CO)CCC12,CC12CCC(=O)C=C1CCC1C2C(O)CC2(C)C(C(=O)CO)CCC12,,,-7.556,,cm/s,logKp,group=training,True,merged,False,False,False,1,deeppk,,,pooled_median_all_rows,1,zeng_deeppk,"{""deeppk"": [""deeppk_skin_permeability_train_row_125""]}","{""deeppk"": [-7.556302500767288]}",[-7.556302500767288],"{""deeppk"": 1}",[],0.0,0.0,3.643,True,,,,,,,,-7.556,,,True,,1,1,1,0
merged,merged,merged_112,,,CC12CCC(=O)C=C1CCC1C2C(O)CC2(C)C1CCC2(O)C(=O)CO,CC12CCC(=O)C=C1CCC1C2C(O)CC2(C)C1CCC2(O)C(=O)CO,,,-7.486,,cm/s,logKp,group=training,True,merged,False,False,False,1,deeppk,,,pooled_median_all_rows,1,zeng_deeppk,"{""deeppk"": [""deeppk_skin_permeability_train_row_7""]}","{""deeppk"": [-7.486302500767287]}",[-7.486302500767287],"{""deeppk"": 1}",[],0.0,0.0,3.643,True,,,,,,,,-7.486,,,True,,1,1,1,0
merged,merged,merged_113,,,CC12CCC(=O)C=C1CCC1C2C(O)CC2(C)C1CCC2(O)C(=O)COC(=O)CCC(N)=O,CC12CCC(=O)C=C1CCC1C2C(O)CC2(C)C1CCC2(O)C(=O)COC(=O)CCC(N)=O,,,-8.146,,cm/s,logKp,group=training,True,merged,False,False,False,1,deeppk,,,pooled_median_all_rows,1,zeng_deeppk,"{""deeppk"": [""deeppk_skin_permeability_train_row_51""]}","{""deeppk"": [-8.146302500767288]}",[-8.146302500767288],"{""deeppk"": 1}",[],0.0,0.0,3.643,True,,,,,,,,-8.146,,,True,,1,1,1,0
merged,merged,merged_114,,,CC12CCC(=O)C=C1CCC1C2C(O)CC2(C)C1CCC2(O)C(=O)COC(=O)CCCCCC(=O)O,CC12CCC(=O)C=C1CCC1C2C(O)CC2(C)C1CCC2(O)C(=O)COC(=O)CCCCCC(=O)O,,,-6.296,,cm/s,logKp,group=training,True,merged,False,False,False,1,deeppk,,,pooled_median_all_rows,1,zeng_deeppk,"{""deeppk"": [""deeppk_skin_permeability_train_row_46""]}","{""deeppk"": [-6.296302500767288]}",[-6.296302500767288],"{""deeppk"": 1}",[],0.0,0.0,3.643,True,,,,,,,,-6.296,,,True,,1,1,1,0
merged,merged,merged_115,,,CC12CCC(=O)C=C1CCC1C2C(O)CC2(C=O)C(C(=O)CO)CCC12,CC12CCC(=O)C=C1CCC1C2C(O)CC2(C=O)C(C(=O)CO)CCC12,,,-9.076,,cm/s,logKp,group=training,True,merged,False,False,False,1,deeppk,,,pooled_median_all_rows,1,zeng_deeppk,"{""deeppk"": [""deeppk_skin_permeability_train_row_19""]}","{""deeppk"": [-9.076302500767287]}",[-9.076302500767287],"{""deeppk"": 1}",[],0.0,0.0,3.643,True,,,,,,,,-9.076,,,True,,1,1,1,0
merged,merged,merged_116,deoxycorticosterone,,CC34C(CCC4C(CO)=O)C2CCC1=CC(CCC(C)1C2CC3)=O,CC12CCC(=O)C=C1CCC1C2CCC2(C)C(C(=O)CO)CCC12,,,-6.906,,cm/s,logKp,cos2[(4.31+AlogP)/8.66]=0.428; Neoplastic-80=1; X3v=9.268; log(Kp)/SVM=-3.13; log(Kp)/MLR=-3,True,merged,False,False,False,1,zeng,,,pooled_median_all_rows,1,zeng,"{""zeng"": [""192""]}","{""zeng"": [-6.906302500767287]}",[-6.906302500767287],"{""zeng"": 1}",[],0.0,0.0,3.643,True,,,,,,,,-6.906,deeppk|zeng,,True,,2,2,1,1
merged,merged,merged_117,,,CC12CCC(=O)C=C1CCC1C2CCC2(C)C(O)CCC12,CC12CCC(=O)C=C1CCC1C2CCC2(C)C(O)CCC12,,,-6.956,,cm/s,logKp,group=training,True,merged,False,False,False,1,deeppk,,,pooled_median_all_rows,1,zeng_deeppk,"{""deeppk"": [""deeppk_skin_permeability_train_row_112""]}","{""deeppk"": [-6.956302500767287]}",[-6.956302500767287],"{""deeppk"": 1}",[],0.0,0.0,3.643,True,,,,,,,,-6.956,,,True,,1,1,1,0
merged,merged,merged_118,,,CC12CCC(=O)C=C1CCC1C2CCC2(C)C1CCC2(O)C(=O)CO,CC12CCC(=O)C=C1CCC1C2CCC2(C)C1CCC2(O)C(=O)CO,,,-7.684,,cm/s,logKp,group=training,True,merged,False,True,False,2,deeppk|huskin,,,pooled_median_all_rows,2,huskin|zeng_deeppk,"{""deeppk"": [""deeppk_skin_permeability_train_row_22""], ""huskin"": [""huskin_row_212""]}","{""deeppk"": [-7.686302500767287], ""huskin"": [-7.681]}","[-7.681, -7.686302500767287]","{""deeppk"": 1, ""huskin"": 1}",[],0.005,0.003,3.643,True,,,,,,,,-7.684,,,True,,2,2,2,0
merged,merged,merged_119,camphor,,CC12C(CC(C(C)2C)CC1)=O,CC12CCC(CC1=O)C2(C)C,,,-5.546,,cm/s,logKp,cos2[(4.31+AlogP)/8.66]=0.564; Neoplastic-80=0; X3v=4.917; log(Kp)/SVM=-2; log(Kp)/MLR=-2.43,True,merged,False,False,False,1,zeng,,,pooled_median_all_rows,1,zeng,"{""zeng"": [""19""]}","{""zeng"": [-5.546302500767287]}",[-5.546302500767287],"{""zeng"": 1}",[],0.0,0.0,3.643,True,,,,,,,,-5.546,,,True,,1,1,1,0
merged,merged,merged_120,,,CC12CCC3c4ccc(O)cc4CCC3C1CC(O)C2O,CC12CCC3c4ccc(O)cc4CCC3C1CC(O)C2O,,,-7.956,,cm/s,logKp,group=training,True,merged,False,False,False,1,deeppk,,,pooled_median_all_rows,1,zeng_deeppk,"{""deeppk"": [""deeppk_skin_permeability_train_row_20""]}","{""deeppk"": [-7.956302500767288]}",[-7.956302500767288],"{""deeppk"": 1}",[],0.0,0.0,3.643,True,,,,,,,,-7.956,,,True,,1,1,1,0
merged,merged,merged_121,,,CC12CCC3c4ccc(O)cc4CCC3C1CCC2=O,CC12CCC3c4ccc(O)cc4CCC3C1CCC2=O,,,-5.996,,cm/s,logKp,group=test,True,merged,False,False,False,1,deeppk,,,pooled_median_all_rows,1,zeng_deeppk,"{""deeppk"": [""deeppk_skin_permeability_test_row_20""]}","{""deeppk"": [-5.996302500767287]}",[-5.996302500767287],"{""deeppk"": 1}",[],0.0,0.0,3.643,True,,,,,,,,-5.996,,,True,,1,1,1,0
merged,merged,merged_122,,,CC12CCC3c4ccc(O)cc4CCC3C1CCC2O,CC12CCC3c4ccc(O)cc4CCC3C1CCC2O,,,-7.076,,cm/s,logKp,group=val,True,merged,False,False,False,1,deeppk,,,pooled_median_all_rows,1,zeng_deeppk,"{""deeppk"": [""deeppk_skin_permeability_val_row_2""]}","{""deeppk"": [-7.076302500767287]}",[-7.076302500767287],"{""deeppk"": 1}",[],0.0,0.0,3.643,True,,,,,,,,-7.076,,,True,,1,1,1,0
merged,merged,merged_123,Citrinin,518-75-2,C[C@@H]1[C@H](OC=C2C1=C(C(=C(C2=O)C(=O)O)O)C)C,CC1=C2C(=CO[C@H](C)[C@H]2C)C(=O)C(C(=O)O)=C1O,,,-6.887,,cm/s,logKp,"publication ID=280; Kp relation==; Kp (cm/h)=4.667 E-04 ± 1.253 E-04; Kp (cm/h) (processed)=0.0004667; Kp error (cm/h) (processed)=0.0001253; steady state flux Jss relation==; steady state flux Jss (original)=469.329 ± 126.038; steady state flux Jss unit (original)=ng/cm2/h; steady state flux Jss (converted) (ug/cm2/h)=0.469; steady state flux Jss error (converted) (ug/cm2/h)=0.126; tlag (h) (original)=3.561 ± 0.806; tlag (h) (processed)=3.56; tlag error (h) (processed)=0.806; skin donor type=Surgery; skin source site=abdomen; skin preparation=dermatomed; used layer=epidermis, dermis; storage duration (days)=<180; storage temperature (°C)=-20; donor type=Ethanol/water 7:3 v/v; category donor type=Ethanol and ethanol based formulations; acceptor type=PBS with BSA; category acceptor type=PBS based formulations; acceptor temperature (°C)=32; cell type=static Franz cell; author=Boonen,J; date=2012; doi=10.1016/j.tox.2012.06.012; notes=occlusion using Parafilm®, the authors declare infinite dose conditions",True,merged,True,False,False,1,skinpix,,,pooled_median_all_rows,1,skinpix,"{""skinpix"": [""71"", ""72""]}","{""skinpix"": [-6.887, -6.887]}","[-6.887, -6.887]","{""skinpix"": 2}",[],0.0,0.0,3.643,True,,10.1016/j.tox.2012.06.012,,"Boonen,J",2012,280,boonen_2012,-6.887,,,True,,2,2,2,0
merged,merged,merged_124,Thymoquinone,490-91-5,CC1=CC(=O)C(=CC1=O)C(C)C,CC1=CC(=O)C(C(C)C)=CC1=O,,,-6.459,,cm/s,logKp,"publication ID=154; Kp relation==; Kp (cm/h)=1.25 E-03 ± 0.13 E-03; Kp (cm/h) (processed)=0.00125; Kp error (cm/h) (processed)=0.00013; steady state flux Jss relation==; steady state flux Jss (original)==Jmax; steady state flux Jss unit (original)=µg/cm2/h; steady state flux Jss (converted) (ug/cm2/h)==Jmax; maximum flux Jmax (original)=11.02±1.2; maximum flux Jmax unit (original)=μg/cm2/h; maximum flux Jmax (ug/cm2/h) (processed)=11.02; maximum flux Jmax error (ug/cm2/h) (processed)=1.2; tlag (h) (original)=3.17 ± 0.07; tlag (h) (processed)=3.17; tlag error (h) (processed)=0.07; skin donor type=Cadaver; skin preparation=dermatomed; used layer=epidermis, dermis; donor type=Propylene glycol; category donor type=Glycols and associated mixtures; acceptor type=PBS; category acceptor type=PBS based formulations; acceptor pH=7.4; acceptor temperature (°C)=37; cell type=static Franz cell; author=Haq,A; date=2018; doi=10.1080/10717544.2018.1523256; notes=donor: saturated solution of Thymoquinone, no sampling between 12 and 24h",True,merged,True,False,False,1,skinpix,,,pooled_median_all_rows,1,skinpix,"{""skinpix"": [""175"", ""176"", ""177""]}","{""skinpix"": [-6.459, -6.602, -5.813]}","[-6.459, -6.602, -5.813]","{""skinpix"": 3}",[],0.789,0.343,3.643,True,,10.1080/10717544.2018.1523256,,"Haq,A",2018,154,haq_2018,-6.459,,,True,,3,3,3,0
merged,merged,merged_125,isophorone,,O=C1C=C(CC(C)(C1)C)C,CC1=CC(=O)CC(C)(C)C1,,,-5.916,,cm/s,logKp,cos2[(4.31+AlogP)/8.66]=0.55; Neoplastic-80=0; X3v=3.975; log(Kp)/SVM=-2.19; log(Kp)/MLR=-2.18,True,merged,False,False,False,1,zeng,,,pooled_median_all_rows,1,zeng,"{""zeng"": [""13""]}","{""zeng"": [-5.916302500767287]}",[-5.916302500767287],"{""zeng"": 1}",[],0.0,0.0,3.643,True,,,,,,,,-5.916,,,True,,1,1,1,0
merged,merged,merged_126,,,CC1CC2C3CC=C4CC(=O)C=CC4(C)C3(F)C(O)CC2(C)C1(O)C(=O)CO,CC1CC2C3CC=C4CC(=O)C=CC4(C)C3(F)C(O)CC2(C)C1(O)C(=O)CO,,,-7.746,,cm/s,logKp,group=val,True,merged,False,False,False,1,deeppk,,,pooled_median_all_rows,1,zeng_deeppk,"{""deeppk"": [""deeppk_skin_permeability_val_row_7""]}","{""deeppk"": [-7.746302500767287]}",[-7.746302500767287],"{""deeppk"": 1}",[],0.0,0.0,3.643,True,,,,,,,,-7.746,,,True,,1,1,1,0
merged,merged,merged_127,dexamethasone,,O=C1C=CC4(C)C(CCC(C34F)C(C(CC3O)2C)CC(C(C(CO)=O)2O)C)=C1,CC1CC2C3CCC4=CC(=O)C=CC4(C)C3(F)C(O)CC2(C)C1(O)C(=O)CO,,,-7.526,,cm/s,logKp,cos2[(4.31+AlogP)/8.66]=0.598; Neoplastic-80=1; X3v=9.749; log(Kp)/SVM=-3.96; log(Kp)/MLR=-4.19,True,merged,False,False,False,1,zeng,,,pooled_median_all_rows,1,zeng,"{""zeng"": [""20""]}","{""zeng"": [-7.5263025007672875]}",[-7.5263025007672875],"{""zeng"": 1}",[],0.0,0.0,3.643,True,,,,,,,,-7.526,,,True,,1,1,1,0
merged,merged,merged_128,methylcyclohexane,,CC1CCCCC1,CC1CCCCC1,,,-4.316,,cm/s,logKp,cos2[(4.31+AlogP)/8.66]=0.443; Neoplastic-80=0; X3v=2.743; log(Kp)/SVM=-1.24; log(Kp)/MLR=-1.28,True,merged,False,False,False,1,zeng,,,pooled_median_all_rows,1,zeng,"{""zeng"": [""218""]}","{""zeng"": [-4.3163025007672875]}",[-4.3163025007672875],"{""zeng"": 1}",[],0.0,0.0,3.643,True,,,,,,,,-4.316,,,True,,1,1,1,0
merged,merged,merged_129,propylene oxide,,CC1CO1,CC1CO1,,,-6.606,,cm/s,logKp,cos2[(4.31+AlogP)/8.66]=0.747; Neoplastic-80=0; X3v=1.144; log(Kp)/SVM=-3.09; log(Kp)/MLR=-2.99,True,merged,False,False,False,1,zeng,,,pooled_median_all_rows,1,zeng,"{""zeng"": [""84""]}","{""zeng"": [-6.606302500767287]}",[-6.606302500767287],"{""zeng"": 1}",[],0.0,0.0,3.643,True,,,,,,,,-6.606,deeppk|zeng,,True,,2,2,1,1
merged,merged,merged_130,acetaldehyde,,CC=O,CC=O,,,-6.706,,cm/s,logKp,cos2[(4.31+AlogP)/8.66]=0.789; Neoplastic-80=0; X3v=0.236; log(Kp)/SVM=-3.33; log(Kp)/MLR=-3.11,True,merged,False,False,False,1,zeng,,,pooled_median_all_rows,1,zeng,"{""zeng"": [""257""]}","{""zeng"": [-6.706302500767287]}",[-6.706302500767287],"{""zeng"": 1}",[],0.0,0.0,3.643,True,,,,,,,,-6.706,deeppk|zeng,,True,,2,2,1,1
merged,merged,merged_131,ethyl bromide,,CCBr,CCBr,,,-5.796,,cm/s,logKp,cos2[(4.31+AlogP)/8.66]=0.631; Neoplastic-80=0; X3v=1.389; log(Kp)/SVM=-2.22; log(Kp)/MLR=-2.28,True,merged,False,False,False,1,zeng,,,pooled_median_all_rows,1,zeng,"{""zeng"": [""199""]}","{""zeng"": [-5.796302500767288]}",[-5.796302500767288],"{""zeng"": 1}",[],0.0,0.0,3.643,True,,,,,,,,-5.796,,,True,,1,1,1,0
merged,merged,merged_132,,,CCC(=O)N(c1ccccc1)C1(COC)CCN(CCc2cccs2)CC1,CCC(=O)N(c1ccccc1)C1(COC)CCN(CCc2cccs2)CC1,,,-5.425,,cm/s,logKp,group=training,True,merged,True,True,False,2,deeppk|huskin,,,pooled_median_all_rows,2,huskin|zeng_deeppk,"{""deeppk"": [""deeppk_skin_permeability_train_row_32""], ""huskin"": [""huskin_row_496"", ""huskin_row_497"", ""huskin_row_498"", ""huskin_row_499"", ""huskin_row_500"", ""huskin_row_501"", ""huskin_row_502"", ""huskin_row_503"", ""huskin_row_504"", ""huskin_row_505"", ""huskin_row_506""]}","{""deeppk"": [-5.476302500767288], ""huskin"": [-5.477, -5.374, -6.894, -6.158, -5.764, -5.552, -5.36, -5.193, -5.082, -5.018, -5.029]}","[-5.477, -5.374, -6.894, -6.158, -5.764, -5.552, -5.36, -5.193, -5.082, -5.018, -5.029, -5.476302500767288]","{""deeppk"": 1, ""huskin"": 11}",[],1.876,0.516,3.643,True,,,,,,,,-5.425,,,True,,13,13,12,1
merged,merged,merged_134,propionic acid,,CCC(O)=O,CCC(=O)O,,,-6.496,,cm/s,logKp,cos2[(4.31+AlogP)/8.66]=0.728; Neoplastic-80=0; X3v=0.747; log(Kp)/SVM=-2.98; log(Kp)/MLR=-2.8,True,merged,False,False,False,1,zeng,,,pooled_median_all_rows,1,zeng,"{""zeng"": [""235""]}","{""zeng"": [-6.496302500767287]}",[-6.496302500767287],"{""zeng"": 1}",[],0.0,0.0,3.643,True,,,,,,,,-6.496,deeppk|zeng,,True,,2,2,1,1
merged,merged,merged_135,Hydrocortisone 21-propionate,,CCC(=O)OCC(=O)[C@@]1(O)CC[C@@H]2[C@]1(C)C[C@H](O)[C@H]1[C@H]2CCC2=CC(=O)CC[C@]12C,CCC(=O)OCC(=O)[C@@]1(O)CC[C@H]2[C@@H]3CCC4=CC(=O)CC[C@]4(C)[C@H]3[C@@H](O)C[C@@]21C,,,-6.032,,cm/s,logKp,"skin donor type=Abdominoplasty or cadaver; used layer=epidermis, dermis; skin preparation=dry heat separation; storage temperature (°C)=4; storage duration (days)=8.5 (7-10); neat=0; donor/skin surface temperature (°C)=37; donor pH=4; donor type=Succinate solution; acceptor temperature (°C)=37; acceptor pH=4; acceptor type=Succinate solution; cell type=Flow through cell; reference=Anderson, 1988; DOI=10.1023/a:1015989929342",True,merged,True,False,False,1,huskin,,,pooled_median_all_rows,1,huskin,"{""huskin"": [""huskin_row_334"", ""huskin_row_335""]}","{""huskin"": [-6.038, -6.025]}","[-6.038, -6.025]","{""huskin"": 2}",[],0.013,0.006,3.643,True,,10.1023/a:1015989929342,"Anderson, 1988",,1988,,anderson_1988,-6.032,,,True,,3,3,2,1
merged,merged,merged_136,betamethasone,,C[C@@]14[C@](OC(CC)=O)([C@H](C[C@@]([C@](CCC2=CC(C=C[C@](C([C@H](C4)O)3F)2C)=O)3[H])1[H])C)[C@](COC(CC)=O)=O,CCC(=O)OCC(=O)[C@@]1(OC(=O)CC)[C@@H](C)C[C@H]2[C@@H]3CCC4=CC(=O)C=C[C@]4(C)C3(F)[C@@H](O)C[C@@]21C,,,-7.166,,cm/s,logKp,cos2[(4.31+AlogP)/8.66]=0.598; Neoplastic-80=1; X3v=9.749; log(Kp)/SVM=-3.96; log(Kp)/MLR=-4.19,True,merged,False,False,False,1,zeng,,,pooled_median_all_rows,1,zeng,"{""zeng"": [""259""]}","{""zeng"": [-7.166302500767287]}",[-7.166302500767287],"{""zeng"": 1}",[],0.0,0.0,3.643,True,,,,,,,,-7.166,,,True,,1,1,1,0
merged,merged,merged_137,,,CCC(C)=O,CCC(C)=O,,,-5.903,,cm/s,logKp,group=training,True,merged,True,True,False,3,deeppk|huskin|zeng,,,pooled_median_all_rows,3,huskin|zeng|zeng_deeppk,"{""deeppk"": [""deeppk_skin_permeability_train_row_8""], ""huskin"": [""huskin_row_177""], ""zeng"": [""127""]}","{""deeppk"": [-5.896302500767288], ""huskin"": [-5.903], ""zeng"": [-6.506302500767287]}","[-5.903, -6.506302500767287, -5.896302500767288]","{""deeppk"": 1, ""huskin"": 1, ""zeng"": 1}",[],0.61,0.286,3.643,True,,,,,,,,-5.903,,,True,,5,5,3,2
merged,merged,merged_138,sec-butyl alcohol,,CCC(O)C,CCC(C)O,,,-6.106,,cm/s,logKp,cos2[(4.31+AlogP)/8.66]=0.681; Neoplastic-80=0; X3v=1.257; log(Kp)/SVM=-2.56; log(Kp)/MLR=-2.58,True,merged,False,False,False,1,zeng,,,pooled_median_all_rows,1,zeng,"{""zeng"": [""243""]}","{""zeng"": [-6.106302500767287]}",[-6.106302500767287],"{""zeng"": 1}",[],0.0,0.0,3.643,True,,,,,,,,-6.106,,,True,,1,1,1,0
merged,merged,merged_139,sec-butyl acetate,,CC(OC(C)CC)=O,CCC(C)OC(C)=O,,,-5.766,,cm/s,logKp,cos2[(4.31+AlogP)/8.66]=0.639; Neoplastic-80=0; X3v=1.828; log(Kp)/SVM=-2.37; log(Kp)/MLR=-2.4,True,merged,False,False,False,1,zeng,,,pooled_median_all_rows,1,zeng,"{""zeng"": [""242""]}","{""zeng"": [-5.766302500767287]}",[-5.766302500767287],"{""zeng"": 1}",[],0.0,0.0,3.643,True,,,,,,,,-5.766,,,True,,1,1,1,0
merged,merged,merged_140,o-sec-butylphenol,,CCC(C1=CC=CC=C1O)C,CCC(C)c1ccccc1O,,,-4.786,,cm/s,logKp,cos2[(4.31+AlogP)/8.66]=0.417; Neoplastic-80=0; X3v=2.868; log(Kp)/SVM=-1.22; log(Kp)/MLR=-1.13,True,merged,False,False,False,1,zeng,,,pooled_median_all_rows,1,zeng,"{""zeng"": [""109""]}","{""zeng"": [-4.786302500767287]}",[-4.786302500767287],"{""zeng"": 1}",[],0.0,0.0,3.643,True,,,,,,,,-4.786,,,True,,1,1,1,0
merged,merged,merged_141,cyclobarbitone,,O=C1NC(NC(C(CC)1C2=CCCCC2)=O)=O,CCC1(C2=CCCCC2)C(=O)NC(=O)NC1=O,,,-6.646,,cm/s,logKp,cos2[(4.31+AlogP)/8.66]=0.586; Neoplastic-80=1; X3v=4.471; log(Kp)/SVM=-3.1; log(Kp)/MLR=-3.23,True,merged,False,False,False,1,zeng,,,pooled_median_all_rows,1,zeng,"{""zeng"": [""114""]}","{""zeng"": [-6.646302500767288]}",[-6.646302500767288],"{""zeng"": 1}",[],0.0,0.0,3.643,True,,,,,,,,-6.646,,,True,,1,1,1,0
merged,merged,merged_142,,,CCC1(CC)C(=O)NC(=O)NC1=O,CCC1(CC)C(=O)NC(=O)NC1=O,,,-7.508,,cm/s,logKp,group=training,True,merged,False,True,False,2,deeppk|huskin,,,pooled_median_all_rows,2,huskin|zeng_deeppk,"{""deeppk"": [""deeppk_skin_permeability_train_row_117""], ""huskin"": [""huskin_row_156""]}","{""deeppk"": [-7.506302500767287], ""huskin"": [-7.509]}","[-7.509, -7.506302500767287]","{""deeppk"": 1, ""huskin"": 1}",[],0.003,0.001,3.643,True,,,,,,,,-7.508,,,True,,2,2,2,0
merged,merged,merged_143,Amobarbital,,CCC1(CCC(C)C)C(=O)NC(=O)NC1=O,CCC1(CCC(C)C)C(=O)NC(=O)NC1=O,,,-6.199,,cm/s,logKp,"skin donor type=Cadaver; skin source site=abdomen; used layer=epidermis, dermis; skin preparation=fat removed; storage temperature (°C)=4; storage duration (days)=0.5; neat=0; donor/skin surface temperature (°C)=30; donor pH=5; donor type=NaOH; acceptor temperature (°C)=37; acceptor pH=7.4; acceptor type=PBS; cell type=Franz cell; reference=Hadgraft, 1987; DOI=10.1016/0378-5173(87)90210-9",True,merged,False,True,False,2,huskin|zeng,,,pooled_median_all_rows,2,huskin|zeng,"{""huskin"": [""huskin_row_147""], ""zeng"": [""176""]}","{""huskin"": [-6.201], ""zeng"": [-6.196302500767287]}","[-6.201, -6.196302500767287]","{""huskin"": 1, ""zeng"": 1}",[],0.005,0.002,3.643,True,,10.1016/0378-5173(87)90210-9,"Hadgraft, 1987",,1987,,hadgraft_1987,-6.199,,,True,,3,3,2,1
merged,merged,merged_144,,,CCC1(c2ccccc2)C(=O)NC(=O)NC1=O,CCC1(c2ccccc2)C(=O)NC(=O)NC1=O,,,-6.9,,cm/s,logKp,group=training,True,merged,False,True,False,3,deeppk|huskin|zeng,,,pooled_median_all_rows,3,huskin|zeng|zeng_deeppk,"{""deeppk"": [""deeppk_skin_permeability_train_row_31""], ""huskin"": [""huskin_row_458""], ""zeng"": [""30""]}","{""deeppk"": [-6.896302500767288], ""huskin"": [-6.9], ""zeng"": [-6.906302500767287]}","[-6.9, -6.906302500767287, -6.896302500767288]","{""deeppk"": 1, ""huskin"": 1, ""zeng"": 1}",[],0.01,0.004,3.643,True,,,,,,,,-6.9,,,True,,3,3,3,0
merged,merged,merged_145,,,CCCC(=O)O,CCCC(=O)O,,,-6.361,,cm/s,logKp,group=training,True,merged,False,True,False,2,deeppk|zeng,,,pooled_median_all_rows,2,zeng|zeng_deeppk,"{""deeppk"": [""deeppk_skin_permeability_train_row_110""], ""zeng"": [""260""]}","{""deeppk"": [-6.456302500767287], ""zeng"": [-6.266302500767287]}","[-6.266302500767287, -6.456302500767287]","{""deeppk"": 1, ""zeng"": 1}",[],0.19,0.095,3.643,True,,,,,,,,-6.361,,,True,,2,2,2,0
merged,merged,merged_146,,,CCCC(C)(O)C1CC23C=CC1(OC)C1Oc4c(O)ccc5c4C12CCN(C)C3C5,CCCC(C)(O)C1CC23C=CC1(OC)C1Oc4c(O)ccc5c4C12CCN(C)C3C5,,,-5.998,,cm/s,logKp,group=training,True,merged,False,True,False,2,deeppk|huskin,,,pooled_median_all_rows,2,huskin|zeng_deeppk,"{""deeppk"": [""deeppk_skin_permeability_train_row_39""], ""huskin"": [""huskin_row_287""]}","{""deeppk"": [-5.996302500767287], ""huskin"": [-6.0]}","[-6.0, -5.996302500767287]","{""deeppk"": 1, ""huskin"": 1}",[],0.004,0.002,3.643,True,,,,,,,,-5.998,,,True,,2,2,2,0
merged,merged,merged_147,2-pentanone,,CC(CCC)=O,CCCC(C)=O,,,-6.156,,cm/s,logKp,cos2[(4.31+AlogP)/8.66]=0.682; Neoplastic-80=0; X3v=1.452; log(Kp)/SVM=-2.58; log(Kp)/MLR=-2.62,True,merged,False,False,False,1,zeng,,,pooled_median_all_rows,1,zeng,"{""zeng"": [""161""]}","{""zeng"": [-6.156302500767287]}",[-6.156302500767287],"{""zeng"": 1}",[],0.0,0.0,3.643,True,,,,,,,,-6.156,deeppk|zeng,,True,,2,2,1,1
merged,merged,merged_148,pentanoic acid,,CCCCC(O)=O,CCCCC(=O)O,,,-6.256,,cm/s,logKp,cos2[(4.31+AlogP)/8.66]=0.63; Neoplastic-80=0; X3v=1.497; log(Kp)/SVM=-2.23; log(Kp)/MLR=-2.29,True,merged,False,False,False,1,zeng,,,pooled_median_all_rows,1,zeng,"{""zeng"": [""231""]}","{""zeng"": [-6.256302500767287]}",[-6.256302500767287],"{""zeng"": 1}",[],0.0,0.0,3.643,True,,,,,,,,-6.256,deeppk|zeng,,True,,2,2,1,1
merged,merged,merged_149,Betamethasone-17-valerate,,CCCCC(=O)OC1(C(C)CC2C1(C)CC(O)C1(C2CCC2=CC(=O)C=CC12C)F)C(=O)CO,CCCCC(=O)OC1(C(=O)CO)C(C)CC2C3CCC4=CC(=O)C=CC4(C)C3(F)C(O)CC21C,,,-6.01,,cm/s,logKp,"skin source site=abdomen; used layer=dermis; skin preparation=heat separation; storage temperature (°C)=-20; neat=0; donor/skin surface temperature (°C)=25; acceptor temperature (°C)=25; cell type=Glass diffusion cell; notes=kp value obtained using steady-state model I reported in publication; reference=Siddiqui, 1989; DOI=10.1007/bf01061455",True,merged,True,False,False,1,huskin,,,pooled_median_all_rows,1,huskin,"{""huskin"": [""huskin_row_163"", ""huskin_row_164""]}","{""huskin"": [-6.496, -5.525]}","[-6.496, -5.525]","{""huskin"": 2}",[],0.971,0.486,3.643,True,,10.1007/bf01061455,"Siddiqui, 1989",,1989,,siddiqui_1989,-6.011,,,True,,2,2,2,0
merged,merged,merged_150,Betamethasone-17-valerate,2152-44-5,CCCCC(=O)O[C@@]1([C@H](C[C@@H]2[C@@]1(C[C@@H]([C@]3([C@H]2CCC4=CC(=O)C=C[C@@]43C)F)O)C)C)C(=O)CO,CCCCC(=O)O[C@]1(C(=O)CO)[C@@H](C)C[C@H]2[C@@H]3CCC4=CC(=O)C=C[C@]4(C)[C@@]3(F)[C@@H](O)C[C@@]21C,,,-6.437,,cm/s,logKp,set=t; MWa=476.6; logKowb=3.98; Mptc=457; LogSaqd=-7.721246399047171; LogSoce=-3.7412463990471707; Hdf=2; Hag=6; MVh=354.2; Texpi=298; Skin thicknessj=0.01; Skin Integrity testk=tritiated water permeation; logJmaxm=-10.601660624085387; Reference=(Siddiqui et al. 1989); Resolved through PubChem exact CAS synonym match.,True,merged,False,False,False,1,cheruvu,,,pooled_median_all_rows,1,cheruvu,"{""cheruvu"": [""5""]}","{""cheruvu"": [-6.436716725805503]}",[-6.436716725805503],"{""cheruvu"": 1}",[],0.0,0.0,3.643,True,,,(Siddiqui et al. 1989),,1989,,siddiqui_1989,-6.437,,,True,,1,1,1,0
merged,merged,merged_151,2-hexanone,,CC(CCCC)=O,CCCCC(C)=O,,,-5.906,,cm/s,logKp,cos2[(4.31+AlogP)/8.66]=0.631; Neoplastic-80=0; X3v=1.806; log(Kp)/SVM=-2.31; log(Kp)/MLR=-2.35,True,merged,False,False,False,1,zeng,,,pooled_median_all_rows,1,zeng,"{""zeng"": [""159""]}","{""zeng"": [-5.906302500767287]}",[-5.906302500767287],"{""zeng"": 1}",[],0.0,0.0,3.643,True,,,,,,,,-5.906,deeppk|zeng,,True,,2,2,1,1
merged,merged,merged_152,2-Ethylhexanol,,CCCCC(CO)CC,CCCCC(CC)CO,,,-7.899,,cm/s,logKp,"skin donor type=Cadaver; used layer=stratum corneum; skin preparation=heat separation; storage temperature (°C)=4; storage duration (days)=2; neat=1; acceptor temperature (°C)=30; acceptor pH=7.1; acceptor type=Dulbecco PBS; cell type=Franz cell; notes=acceptor medium contained polyethoxyoleate; also stored at -70 deg. C; reference=Barber, 1992; DOI=10.1016/0272-0590(92)90086-W",True,merged,False,False,False,1,huskin,,,pooled_median_all_rows,1,huskin,"{""huskin"": [""huskin_row_112""]}","{""huskin"": [-7.899]}",[-7.899],"{""huskin"": 1}",[],0.0,0.0,3.643,True,,10.1016/0272-0590(92)90086-W,"Barber, 1992",,1992,,barber_1992,-7.899,,,True,,1,1,1,0
merged,merged,merged_153,Bis(2-ethylhexyl)phthalate,,CCCCC(COC(=O)c1ccccc1C(=O)OCC(CCCC)CC)CC,CCCCC(CC)COC(=O)c1ccccc1C(=O)OCC(CC)CCCC,,,-8.8,,cm/s,logKp,"skin donor type=Cadaver; used layer=stratum corneum; skin preparation=heat separation; storage temperature (°C)=4; storage duration (days)=2; neat=1; acceptor temperature (°C)=30; acceptor pH=7.1; acceptor type=Dulbecco PBS; cell type=Franz cell; notes=acceptor medium contained polyethoxyoleate; also stored at -70 deg. C; reference=Barber, 1992; DOI=10.1016/0272-0590(92)90086-W",True,merged,True,False,False,1,huskin,,,pooled_median_all_rows,1,huskin,"{""huskin"": [""huskin_row_165"", ""huskin_row_166"", ""huskin_row_167""]}","{""huskin"": [-10.535, -7.653, -8.8]}","[-10.535, -7.653, -8.8]","{""huskin"": 3}",[],2.882,1.185,3.643,True,,10.1016/0272-0590(92)90086-W,"Barber, 1992",,1992,,barber_1992,-8.8,,,True,,4,4,3,1
merged,merged,merged_154,Pellitorine,18836-52-7,CCCCC/C=C/C=C/C(=O)NCC(C)C,CCCCC/C=C/C=C/C(=O)NCC(C)C,,,-7.516,,cm/s,logKp,"publication ID=407; Kp relation==; Kp (cm/h)=1.096 E-04 ± 0.397 E-04; Kp (cm/h) (processed)=0.00010960; Kp error (cm/h) (processed)=0.0000397; steady state flux Jss relation==; steady state flux Jss (original)=0.089 ± 0.032; steady state flux Jss unit (original)=µg/cm2/h; steady state flux Jss (converted) (ug/cm2/h)=0.089; steady state flux Jss error (converted) (ug/cm2/h)=0.032; tlag (h) (original)=2.445 ± 0.674; tlag (h) (processed)=2.45; tlag error (h) (processed)=0.674; skin donor type=Surgery; skin preparation=dermatomed; used layer=epidermis, dermis; storage duration (days)=<180; storage temperature (°C)=-20; donor type=Ethanol/water 7:3 v/v; category donor type=Ethanol and ethanol based formulations; acceptor type=PBS; category acceptor type=PBS based formulations; acceptor temperature (°C)=32; cell type=static Franz cell; author=Veryser,L; date=2014; doi=10.1016/j.phymed.2014.08.015; notes=occlusion using Parafilm®",True,merged,True,False,False,1,skinpix,,,pooled_median_all_rows,1,skinpix,"{""skinpix"": [""147"", ""148""]}","{""skinpix"": [-7.516, -7.516]}","[-7.516, -7.516]","{""skinpix"": 2}",[],0.0,0.0,3.643,True,,10.1016/j.phymed.2014.08.015,,"Veryser,L",2014,407,veryser_2014,-7.516,,,True,,2,2,2,0
merged,merged,merged_155,,,CCCCC1(CC)C(=O)NC(=O)NC1=O,CCCCC1(CC)C(=O)NC(=O)NC1=O,,,-7.268,,cm/s,logKp,group=training,True,merged,False,True,False,3,deeppk|huskin|zeng,,,pooled_median_all_rows,3,huskin|zeng|zeng_deeppk,"{""deeppk"": [""deeppk_skin_permeability_train_row_89""], ""huskin"": [""huskin_row_179""], ""zeng"": [""113""]}","{""deeppk"": [-7.266302500767287], ""huskin"": [-7.268], ""zeng"": [-7.2763025007672875]}","[-7.268, -7.2763025007672875, -7.266302500767287]","{""deeppk"": 1, ""huskin"": 1, ""zeng"": 1}",[],0.01,0.004,3.643,True,,,,,,,,-7.268,,,True,,3,3,3,0
merged,merged,merged_156,"N4-hexanoyl-4-amino-1-[(2R,3S,4R,5R)-3,4-dihydroxy-5 (hydroxymethyl)oxolan-2-yl] pyrimidin-2-one",,CCCCCC(=O)Nc1ccn(c(=O)n1)[C@@H]1O[C@@H]([C@@H]([C@@H]1O)O)CO,CCCCCC(=O)Nc1ccn([C@@H]2O[C@H](CO)[C@H](O)[C@@H]2O)c(=O)n1,,,-5.737,,cm/s,logKp,"skin donor type=Abdominoplasty; skin source site=abdomen; used layer=epidermis; skin preparation=heat separation; storage temperature (°C)=-20; neat=0; donor/skin surface temperature (°C)=32; donor pH=7.4; donor type=PBS; acceptor temperature (°C)=32; acceptor pH=7.4; acceptor type=PBS; cell type=Franz cell; flux=Jss= 95.93 nmol/(cm^2*h) SD=55.87; c=14.53(umol/ml); reference=Legoabe, 2010; DOI=10.1211/jpp.62.06.0012",True,merged,False,False,False,1,huskin,,,pooled_median_all_rows,1,huskin,"{""huskin"": [""huskin_row_422""]}","{""huskin"": [-5.737]}",[-5.737],"{""huskin"": 1}",[],0.0,0.0,3.643,True,,10.1211/jpp.62.06.0012,"Legoabe, 2010",,2010,,legoabe_2010,-5.737,,,True,,1,1,1,0
merged,merged,merged_157,hexanoic acid,,CCCCCC(O)=O,CCCCCC(=O)O,,,-5.406,,cm/s,logKp,cos2[(4.31+AlogP)/8.66]=0.578; Neoplastic-80=0; X3v=1.851; log(Kp)/SVM=-1.97; log(Kp)/MLR=-2.01,True,merged,False,False,False,1,zeng,,,pooled_median_all_rows,1,zeng,"{""zeng"": [""265""]}","{""zeng"": [-5.406302500767287]}",[-5.406302500767287],"{""zeng"": 1}",[],0.0,0.0,3.643,True,,,,,,,,-5.406,deeppk|zeng,,True,,2,2,1,1
merged,merged,merged_158,,,CCCCCC(=O)OCC(=O)C1(O)CCC2C3CC=C4CC(=O)CCC4(C)C3C(O)CC21C,CCCCCC(=O)OCC(=O)C1(O)CCC2C3CC=C4CC(=O)CCC4(C)C3C(O)CC21C,,,-5.296,,cm/s,logKp,group=training,True,merged,False,False,False,1,deeppk,,,pooled_median_all_rows,1,zeng_deeppk,"{""deeppk"": [""deeppk_skin_permeability_train_row_83""]}","{""deeppk"": [-5.296302500767287]}",[-5.296302500767287],"{""deeppk"": 1}",[],0.0,0.0,3.643,True,,,,,,,,-5.296,,,True,,1,1,1,0
merged,merged,merged_159,Hydrocortisone-21-hexanoate; Hydrocortisone caproate,3593-96-2,CCCCCC(=O)OCC(=O)[C@]1(CC[C@@H]2[C@@]1(C[C@@H]([C@H]3[C@H]2CCC4=CC(=O)CC[C@]34C)O)C)O,CCCCCC(=O)OCC(=O)[C@@]1(O)CC[C@H]2[C@@H]3CCC4=CC(=O)CC[C@]4(C)[C@H]3[C@@H](O)C[C@@]21C,,,-5.429,,cm/s,logKp,set=t*; MWa=460.6; logKowb=4.48; Mptc=388; LogSaqd=-8.252004638822987; LogSoce=-3.7720046388229855; Hdf=2; Hag=6; MVh=383.7; Texpi=310; Skin thicknessj=0.01; Skin Integrity testk=14C Sucrose transport; logJmaxm=-10.252004638822987; Reference=(Anderson et al. 1988); Resolved through PubChem exact CAS synonym match.,True,merged,False,True,False,2,cheruvu|huskin,,,pooled_median_all_rows,2,cheruvu|huskin,"{""cheruvu"": [""89""], ""huskin"": [""huskin_row_329""]}","{""cheruvu"": [-5.556302500767288], ""huskin"": [-5.301]}","[-5.301, -5.556302500767288]","{""cheruvu"": 1, ""huskin"": 1}",[],0.255,0.128,3.643,True,,,(Anderson et al. 1988),,1988,,anderson_1988,-5.429,,,True,,2,2,2,0
merged,merged,merged_160,2-heptanone,,CC(CCCCC)=O,CCCCCC(C)=O,,,-5.556,,cm/s,logKp,cos2[(4.31+AlogP)/8.66]=0.581; Neoplastic-80=0; X3v=2.159; log(Kp)/SVM=-2; log(Kp)/MLR=-2.08,True,merged,False,False,False,1,zeng,,,pooled_median_all_rows,1,zeng,"{""zeng"": [""158""]}","{""zeng"": [-5.556302500767288]}",[-5.556302500767288],"{""zeng"": 1}",[],0.0,0.0,3.643,True,,,,,,,,-5.556,deeppk|zeng,,True,,2,2,1,1
merged,merged,merged_161,2-heptanol,,CC(O)CCCCC,CCCCCC(C)O,,,-5.036,,cm/s,logKp,cos2[(4.31+AlogP)/8.66]=0.527; Neoplastic-80=0; X3v=2.345; log(Kp)/SVM=-1.61; log(Kp)/MLR=-1.76,True,merged,False,False,False,1,zeng,,,pooled_median_all_rows,1,zeng,"{""zeng"": [""157""]}","{""zeng"": [-5.036302500767287]}",[-5.036302500767287],"{""zeng"": 1}",[],0.0,0.0,3.643,True,,,,,,,,-5.036,,,True,,1,1,1,0
merged,merged,merged_162,heptanoic acid,,CCCCCCC(O)=O,CCCCCCC(=O)O,,,-5.256,,cm/s,logKp,cos2[(4.31+AlogP)/8.66]=0.527; Neoplastic-80=0; X3v=2.204; log(Kp)/SVM=-1.65; log(Kp)/MLR=-1.73,True,merged,False,False,False,1,zeng,,,pooled_median_all_rows,1,zeng,"{""zeng"": [""205""]}","{""zeng"": [-5.256302500767287]}",[-5.256302500767287],"{""zeng"": 1}",[],0.0,0.0,3.643,True,,,,,,,,-5.256,deeppk|zeng,,True,,2,2,1,1
merged,merged,merged_163,,,CCCCCCCC(=O)O,CCCCCCCC(=O)O,,,-5.131,,cm/s,logKp,group=training,True,merged,False,True,False,2,deeppk|zeng,,,pooled_median_all_rows,2,zeng|zeng_deeppk,"{""deeppk"": [""deeppk_skin_permeability_train_row_38""], ""zeng"": [""227""]}","{""deeppk"": [-5.156302500767287], ""zeng"": [-5.1063025007672875]}","[-5.1063025007672875, -5.156302500767287]","{""deeppk"": 1, ""zeng"": 1}",[],0.05,0.025,3.643,True,,,,,,,,-5.131,,,True,,2,2,2,0
merged,merged,merged_164,,,CCCCCCCC(=O)OCC(=O)C1(O)CCC2C3CC=C4CC(=O)CCC4(C)C3C(O)CC21C,CCCCCCCC(=O)OCC(=O)C1(O)CCC2C3CC=C4CC(=O)CCC4(C)C3C(O)CC21C,,,-4.766,,cm/s,logKp,group=test,True,merged,False,False,False,1,deeppk,,,pooled_median_all_rows,1,zeng_deeppk,"{""deeppk"": [""deeppk_skin_permeability_test_row_13""]}","{""deeppk"": [-4.766302500767287]}",[-4.766302500767287],"{""deeppk"": 1}",[],0.0,0.0,3.643,True,,,,,,,,-4.766,,,True,,1,1,1,0
merged,merged,merged_165,Hydrocortisone 21-octanoate,,CCCCCCCC(=O)OCC(=O)[C@@]1(O)CC[C@@H]2[C@]1(C)C[C@H](O)[C@H]1[C@H]2CCC2=CC(=O)CC[C@]12C,CCCCCCCC(=O)OCC(=O)[C@@]1(O)CC[C@H]2[C@@H]3CCC4=CC(=O)CC[C@]4(C)[C@H]3[C@@H](O)C[C@@]21C,,,-4.764,,cm/s,logKp,"skin donor type=Abdominoplasty or cadaver; used layer=stratum corneum; skin preparation=trypsinisation; storage temperature (°C)=4; storage duration (days)=8.5 (7-10); neat=0; donor/skin surface temperature (°C)=37; donor pH=4; donor type=Succinate solution; acceptor temperature (°C)=37; acceptor pH=4; acceptor type=Succinate solution; cell type=Flow through cell; reference=Anderson, 1988; DOI=10.1023/a:1015989929342",True,merged,False,False,False,1,huskin,,,pooled_median_all_rows,1,huskin,"{""huskin"": [""huskin_row_332""]}","{""huskin"": [-4.764]}",[-4.764],"{""huskin"": 1}",[],0.0,0.0,3.643,True,,10.1023/a:1015989929342,"Anderson, 1988",,1988,,anderson_1988,-4.764,,,True,,1,1,1,0
merged,merged,merged_166,oleic acid,112-80-1,CCCCCCCC/C=C\CCCCCCCC(=O)O,CCCCCCCC/C=C\CCCCCCCC(=O)O,,,-6.442,,cm/s,logKp,set=t; MWa=282.45999; logKowb=7.73; Mptc=286.5; LogSaqd=-10.036207993830947; LogSoce=-2.306207993830945; Hdf=1; Hag=2; MVh=334.375; Texpi=310; Skin thicknessj=0.1; Skin Integrity testk=tritiated water permeation; Skin Selection criteria=<3e-3; logJmaxm=-12.92226464152411; Reference=(Buist et al. 2010); Resolved through PubChem exact CAS synonym match.,True,merged,False,False,False,1,cheruvu,,,pooled_median_all_rows,1,cheruvu,"{""cheruvu"": [""150""]}","{""cheruvu"": [-6.442359148460451]}",[-6.442359148460451],"{""cheruvu"": 1}",[],0.0,0.0,3.643,True,,,(Buist et al. 2010),,2010,,buist_2010,-6.442,,,True,,1,1,1,0
merged,merged,merged_167,"C8(D,L)-Laa-AAPV",,[H][C@@](C)(NC(=O)[C@]([H])(C)N(C)C(=O)C(N)CCCCCCCC)C(=O)N1CCC[C@@]1([H])C(=O)N[C@@]([H])(C(C)C)C(O)=O,CCCCCCCCC(N)C(=O)N(C)[C@@H](C)C(=O)N[C@@H](C)C(=O)N1CCC[C@H]1C(=O)N[C@H](C(=O)O)C(C)C,,,-6.038,,cm/s,logKp,"publication ID=502; Kp relation==; Kp (cm/h)=3.3×10−3; Kp (cm/h) (processed)=0.0033; steady state flux Jss relation==; steady state flux Jss (original)=10.08; steady state flux Jss unit (original)=µg/cm2/h; steady state flux Jss (converted) (ug/cm2/h)=10.08; skin donor type=Surgery; skin source site=abdomen; skin preparation=heat separation; used layer=epidermis; donor type=Propylene glycol; category donor type=Glycols and associated mixtures; donor/skin surface temperature (°C)=32; acceptor type=PBS; category acceptor type=PBS based formulations; acceptor pH=7.4; acceptor temperature (°C)=35; cell type=static Franz cell; author=Namjoshi,S; date=2014; doi=10.1007/s11095-014-1420-5; notes=occlusion using Parafilm®",True,merged,False,False,False,1,skinpix,,,pooled_median_all_rows,1,skinpix,"{""skinpix"": [""55""]}","{""skinpix"": [-6.038]}",[-6.038],"{""skinpix"": 1}",[],0.0,0.0,3.643,True,,10.1007/s11095-014-1420-5,,"Namjoshi,S",2014,502,namjoshi_2014,-6.038,,,True,,1,1,1,0
merged,merged,merged_168,Oleic acid,,CCCCCCCC/C=CCCCCCCCC(=O)O,CCCCCCCCC=CCCCCCCCC(=O)O,,,-6.442,,cm/s,logKp,"skin source site=abdomen; used layer=epidermis; skin preparation=prepared with NaBr solution; storage temperature (°C)=-80; neat=0; donor type=NaCl, sodium azide; reference=Buist, 2010; DOI=10.1016/j.yrtph.2010.02.008",True,merged,False,False,False,1,huskin,,,pooled_median_all_rows,1,huskin,"{""huskin"": [""huskin_row_443""]}","{""huskin"": [-6.442]}",[-6.442],"{""huskin"": 1}",[],0.0,0.0,3.643,True,,10.1016/j.yrtph.2010.02.008,"Buist, 2010",,2010,,buist_2010,-6.442,,,True,,1,1,1,0
merged,merged,merged_169,"C10(D,L)-Laa-AAPV",,[H][C@@](C)(NC(=O)[C@]([H])(C)N(C)C(=O)C(N)CCCCCCCCCC)C(=O)N1CCC[C@@]1([H])C(=O)N[C@@]([H])(C(C)C)C(O)=O,CCCCCCCCCCC(N)C(=O)N(C)[C@@H](C)C(=O)N[C@@H](C)C(=O)N1CCC[C@H]1C(=O)N[C@H](C(=O)O)C(C)C,,,-6.094,,cm/s,logKp,"publication ID=502; Kp relation==; Kp (cm/h)=2.9×10−3; Kp (cm/h) (processed)=0.0029; steady state flux Jss relation==; steady state flux Jss (original)=8.92; steady state flux Jss unit (original)=µg/cm2/h; steady state flux Jss (converted) (ug/cm2/h)=8.92; tlag (h) (original)=8; tlag (h) (processed)=8; skin donor type=Surgery; skin source site=abdomen; skin preparation=heat separation; used layer=epidermis; donor type=Propylene glycol; category donor type=Glycols and associated mixtures; donor/skin surface temperature (°C)=32; acceptor type=PBS; category acceptor type=PBS based formulations; acceptor pH=7.4; acceptor temperature (°C)=35; cell type=static Franz cell; author=Namjoshi,S; date=2014; doi=10.1007/s11095-014-1420-5; notes=occlusion using Parafilm®",True,merged,False,False,False,1,skinpix,,,pooled_median_all_rows,1,skinpix,"{""skinpix"": [""57""]}","{""skinpix"": [-6.094]}",[-6.094],"{""skinpix"": 1}",[],0.0,0.0,3.643,True,,10.1007/s11095-014-1420-5,,"Namjoshi,S",2014,502,namjoshi_2014,-6.094,,,True,,1,1,1,0
merged,merged,merged_170,1-Dodecyl glycidyl ether,,CCCCCCCCCCCCOCC1OC1,CCCCCCCCCCCCOCC1CO1,,,-9.036,,cm/s,logKp,"skin donor type=Mammaplasty; skin source site=breast; used layer=epidermis, dermis; skin preparation=dermatomed; storage duration (days)=0.125; neat=0; donor/skin surface temperature (°C)=32; acceptor pH=7.4; acceptor type=Hanks balanced salt solution; cell type=Flow through cell; notes=receptor- Hanks balanced salt solution, no phenol red and sodium bicarbonate, contains HEPES, BSA and gentamicin; reference=Boogaard, 2000; DOI=10.1080/004982500237488",True,merged,False,False,False,1,huskin,,,pooled_median_all_rows,1,huskin,"{""huskin"": [""huskin_row_28""]}","{""huskin"": [-9.036]}",[-9.036],"{""huskin"": 1}",[],0.0,0.0,3.643,True,,10.1080/004982500237488,"Boogaard, 2000",,2000,,boogaard_2000,-9.036,deeppk|huskin,,True,,2,2,1,1
merged,merged,merged_173,1-Octyl-2-Pyrrolidone,,CCCCCCCCN1CCCC1=O,CCCCCCCCN1CCCC1=O,,,-4.818,,cm/s,logKp,"skin donor type=Abdominoplasty; skin source site=abdomen; used layer=epidermis; skin preparation=heat separation; storage temperature (°C)=-20; neat=0; acceptor temperature (°C)=37; cell type=Glass diffusion cell; reference=Chantasart, 2010; DOI=10.1007/s11095-010-0181-z",True,merged,True,False,False,1,huskin,,,pooled_median_all_rows,1,huskin,"{""huskin"": [""huskin_row_71"", ""huskin_row_72""]}","{""huskin"": [-4.827, -4.81]}","[-4.827, -4.81]","{""huskin"": 2}",[],0.017,0.009,3.643,True,,10.1007/s11095-010-0181-z,"Chantasart, 2010",,2010,,chantasart_2010,-4.819,,,True,,2,2,2,0
merged,merged,merged_174,1-Octyl-2-Azacycloheptanone,,CCCCCCCCN1CCCCCC1=O,CCCCCCCCN1CCCCCC1=O,,,-4.755,,cm/s,logKp,"skin donor type=Abdominoplasty; skin source site=abdomen; used layer=epidermis; skin preparation=heat separation; storage temperature (°C)=-20; neat=0; acceptor temperature (°C)=37; cell type=Glass diffusion cell; reference=Chantasart, 2010; DOI=10.1007/s11095-010-0181-z",True,merged,True,False,False,1,huskin,,,pooled_median_all_rows,1,huskin,"{""huskin"": [""huskin_row_69"", ""huskin_row_70""]}","{""huskin"": [-4.836, -4.674]}","[-4.836, -4.674]","{""huskin"": 2}",[],0.162,0.081,3.643,True,,10.1007/s11095-010-0181-z,"Chantasart, 2010",,2010,,chantasart_2010,-4.755,,,True,,2,2,2,0
merged,merged,merged_176,octylparaben,1219-38-1,CCCCCCCCOC(=O)C1=CC=C(C=C1)O,CCCCCCCCOC(=O)c1ccc(O)cc1,,,-5.466,,cm/s,logKp,set=t; MWa=250.33; logKowb=5.29; Mptc=325.5; LogSaqd=-6.982149956134179; LogSoce=-1.692149956134178; Hdf=1; Hag=3; MVh=266.5; Texpi=310; Skin thicknessj=0.1; Skin Integrity testk=tritiated water permeation; Skin Selection criteria=<3e-3; logJmaxm=-8.89224484469478; Reference=(Buist et al. 2010); Resolved through PubChem exact CAS synonym match.,True,merged,True,True,False,2,cheruvu|huskin,,,pooled_median_all_rows,2,cheruvu|huskin,"{""cheruvu"": [""172"", ""173"", ""174"", ""175""], ""huskin"": [""huskin_row_442""]}","{""cheruvu"": [-5.46639738932789, -5.34411489636333, -5.377325553474118, -5.535113201697349], ""huskin"": [-5.588]}","[-5.588, -5.46639738932789, -5.34411489636333, -5.377325553474118, -5.535113201697349]","{""cheruvu"": 4, ""huskin"": 1}",[],0.244,0.092,3.643,True,,,(Buist et al. 2010),,2010,,buist_2010,-5.466,,,True,,6,6,5,1
merged,merged,merged_177,C8(D)-Laa-AAPV,,[H][C@@](C)(NC(=O)[C@]([H])(C)N(C)C(=O)[C@H](N)CCCCCCCC)C(=O)N1CCC[C@@]1([H])C(=O)N[C@@]([H])(C(C)C)C(O)=O,CCCCCCCC[C@@H](N)C(=O)N(C)[C@@H](C)C(=O)N[C@@H](C)C(=O)N1CCC[C@H]1C(=O)N[C@H](C(=O)O)C(C)C,,,-5.278,,cm/s,logKp,"publication ID=502; Kp relation==; Kp (cm/h)=1.90×10−2; Kp (cm/h) (processed)=0.019; steady state flux Jss relation==; steady state flux Jss (original)=7.42; steady state flux Jss unit (original)=µg/cm2/h; steady state flux Jss (converted) (ug/cm2/h)=7.42; skin donor type=Surgery; skin source site=abdomen; skin preparation=heat separation; used layer=epidermis; donor type=Propylene glycol; category donor type=Glycols and associated mixtures; donor/skin surface temperature (°C)=32; acceptor type=PBS; category acceptor type=PBS based formulations; acceptor pH=7.4; acceptor temperature (°C)=35; cell type=static Franz cell; author=Namjoshi,S; date=2014; doi=10.1007/s11095-014-1420-5; notes=occlusion using Parafilm®",True,merged,False,False,False,1,skinpix,,,pooled_median_all_rows,1,skinpix,"{""skinpix"": [""54""]}","{""skinpix"": [-5.278]}",[-5.278],"{""skinpix"": 1}",[],0.0,0.0,3.643,True,,10.1007/s11095-014-1420-5,,"Namjoshi,S",2014,502,namjoshi_2014,-5.278,,,True,,1,1,1,0
merged,merged,merged_178,C8(L)-Laa-AAPV,,[H][C@@](C)(NC(=O)[C@]([H])(C)N(C)C(=O)[C@@H](N)CCCCCCCC)C(=O)N1CCC[C@@]1([H])C(=O)N[C@@]([H])(C(C)C)C(O)=O,CCCCCCCC[C@H](N)C(=O)N(C)[C@@H](C)C(=O)N[C@@H](C)C(=O)N1CCC[C@H]1C(=O)N[C@H](C(=O)O)C(C)C,,,-6.903,,cm/s,logKp,"publication ID=502; Kp relation==; Kp (cm/h)=4.50×10−4; Kp (cm/h) (processed)=0.00045000; steady state flux Jss relation==; steady state flux Jss (original)=1.37; steady state flux Jss unit (original)=µg/cm2/h; steady state flux Jss (converted) (ug/cm2/h)=1.37; skin donor type=Surgery; skin source site=abdomen; skin preparation=heat separation; used layer=epidermis; donor type=Propylene glycol; category donor type=Glycols and associated mixtures; donor/skin surface temperature (°C)=32; acceptor type=PBS; category acceptor type=PBS based formulations; acceptor pH=7.4; acceptor temperature (°C)=35; cell type=static Franz cell; author=Namjoshi,S; date=2014; doi=10.1007/s11095-014-1420-5; notes=occlusion using Parafilm®",True,merged,False,False,False,1,skinpix,,,pooled_median_all_rows,1,skinpix,"{""skinpix"": [""56""]}","{""skinpix"": [-6.903]}",[-6.903],"{""skinpix"": 1}",[],0.0,0.0,3.643,True,,10.1007/s11095-014-1420-5,,"Namjoshi,S",2014,502,namjoshi_2014,-6.903,,,True,,1,1,1,0
merged,merged,merged_180,1-Hexyl-2-Pyrrolidone,,CCCCCCN1CCCC1=O,CCCCCCN1CCCC1=O,,,-5.208,,cm/s,logKp,"skin donor type=Abdominoplasty; skin source site=abdomen; used layer=epidermis; skin preparation=heat separation; storage temperature (°C)=-20; neat=0; acceptor temperature (°C)=37; cell type=Glass diffusion cell; reference=Chantasart, 2010; DOI=10.1007/s11095-010-0181-z",True,merged,False,False,False,1,huskin,,,pooled_median_all_rows,1,huskin,"{""huskin"": [""huskin_row_49""]}","{""huskin"": [-5.208]}",[-5.208],"{""huskin"": 1}",[],0.0,0.0,3.643,True,,10.1007/s11095-010-0181-z,"Chantasart, 2010",,2010,,chantasart_2010,-5.208,,,True,,1,1,1,0
merged,merged,merged_182,n-Hexyl nicotinate,,CCCCCCOC(=O)c1cccnc1,CCCCCCOC(=O)c1cccnc1,,,-5.305,,cm/s,logKp,"skin donor type=Abdominoplasty or mammaplasty; skin source site=abdomen, breast; used layer=epidermis; skin preparation=heat separation; storage temperature (°C)=4; neat=0; donor/skin surface temperature (°C)=37; donor pH=7.4; acceptor temperature (°C)=37; acceptor type=PBS; cell type=Franz cell; flux=Jss= 3.58 ug/(cm^2*h); c=0.2mg/m; reference=Dalpozzo, 1991; DOI=10.1002/jps.2600800114",True,merged,False,True,False,2,huskin|zeng,,,pooled_median_all_rows,2,huskin|zeng,"{""huskin"": [""huskin_row_419""], ""zeng"": [""12""]}","{""huskin"": [-5.303], ""zeng"": [-5.306302500767288]}","[-5.303, -5.306302500767288]","{""huskin"": 1, ""zeng"": 1}",[],0.003,0.002,3.643,True,,10.1002/jps.2600800114,"Dalpozzo, 1991",,1991,,dalpozzo_1991,-5.305,,,True,,3,3,2,1
merged,merged,merged_183,C6(D)-Laa-AAPV,,[H][C@@](C)(NC(=O)[C@]([H])(C)N(C)C(=O)[C@H](N)CCCCCC)C(=O)N1CCC[C@@]1([H])C(=O)N[C@@]([H])(C(C)C)C(O)=O,CCCCCC[C@@H](N)C(=O)N(C)[C@@H](C)C(=O)N[C@@H](C)C(=O)N1CCC[C@H]1C(=O)N[C@H](C(=O)O)C(C)C,,,-6.675,,cm/s,logKp,"publication ID=502; Kp relation==; Kp (cm/h)=7.6×10−4; Kp (cm/h) (processed)=0.00076; steady state flux Jss relation==; steady state flux Jss (original)=2.29; steady state flux Jss unit (original)=µg/cm2/h; steady state flux Jss (converted) (ug/cm2/h)=2.29; skin donor type=Surgery; skin source site=abdomen; skin preparation=heat separation; used layer=epidermis; donor type=Propylene glycol; category donor type=Glycols and associated mixtures; donor/skin surface temperature (°C)=32; acceptor type=PBS; category acceptor type=PBS based formulations; acceptor pH=7.4; acceptor temperature (°C)=35; cell type=static Franz cell; author=Namjoshi,S; date=2014; doi=10.1007/s11095-014-1420-5; notes=occlusion using Parafilm®",True,merged,False,False,False,1,skinpix,,,pooled_median_all_rows,1,skinpix,"{""skinpix"": [""52""]}","{""skinpix"": [-6.675]}",[-6.675],"{""skinpix"": 1}",[],0.0,0.0,3.643,True,,10.1007/s11095-014-1420-5,,"Namjoshi,S",2014,502,namjoshi_2014,-6.675,,,True,,1,1,1,0
merged,merged,merged_184,C6(L)-Laa-AAPV,,[H][C@@](C)(NC(=O)[C@]([H])(C)N(C)C(=O)[C@@H](N)CCCCCC)C(=O)N1CCC[C@@]1([H])C(=O)N[C@@]([H])(C(C)C)C(O)=O,CCCCCC[C@H](N)C(=O)N(C)[C@@H](C)C(=O)N[C@@H](C)C(=O)N1CCC[C@H]1C(=O)N[C@H](C(=O)O)C(C)C,,,-7.352,,cm/s,logKp,"publication ID=502; Kp relation==; Kp (cm/h)=1.6×10−4; Kp (cm/h) (processed)=0.00016; steady state flux Jss relation==; steady state flux Jss (original)=0.5; steady state flux Jss unit (original)=µg/cm2/h; steady state flux Jss (converted) (ug/cm2/h)=0.5; skin donor type=Surgery; skin source site=abdomen; skin preparation=heat separation; used layer=epidermis; donor type=Propylene glycol; category donor type=Glycols and associated mixtures; donor/skin surface temperature (°C)=32; acceptor type=PBS; category acceptor type=PBS based formulations; acceptor pH=7.4; acceptor temperature (°C)=35; cell type=static Franz cell; author=Namjoshi,S; date=2014; doi=10.1007/s11095-014-1420-5; notes=occlusion using Parafilm®",True,merged,False,False,False,1,skinpix,,,pooled_median_all_rows,1,skinpix,"{""skinpix"": [""53""]}","{""skinpix"": [-7.352]}",[-7.352],"{""skinpix"": 1}",[],0.0,0.0,3.643,True,,10.1007/s11095-014-1420-5,,"Namjoshi,S",2014,502,namjoshi_2014,-7.352,,,True,,1,1,1,0
merged,merged,merged_186,n-amyl acetate,,CC(OCCCCC)=O,CCCCCOC(C)=O,,,-5.406,,cm/s,logKp,cos2[(4.31+AlogP)/8.66]=0.578; Neoplastic-80=0; X3v=2.047; log(Kp)/SVM=-1.99; log(Kp)/MLR=-2.04,True,merged,False,False,False,1,zeng,,,pooled_median_all_rows,1,zeng,"{""zeng"": [""223""]}","{""zeng"": [-5.406302500767287]}",[-5.406302500767287],"{""zeng"": 1}",[],0.0,0.0,3.643,True,,,,,,,,-5.406,,,True,,1,1,1,0
merged,merged,merged_187,,,CCCCO,CCCCO,,,-6.076,,cm/s,logKp,group=training,True,merged,True,True,False,3,deeppk|huskin|zeng,,,pooled_median_all_rows,3,huskin|zeng|zeng_deeppk,"{""deeppk"": [""deeppk_skin_permeability_train_row_24""], ""huskin"": [""huskin_row_8"", ""huskin_row_9"", ""huskin_row_10"", ""huskin_row_12"", ""huskin_row_13"", ""huskin_row_14"", ""huskin_row_16"", ""huskin_row_17"", ""huskin_row_18"", ""huskin_row_19"", ""huskin_row_20""], ""zeng"": [""186""]}","{""deeppk"": [-6.156302500767287], ""huskin"": [-5.481, -5.659, -6.214, -6.158, -6.079, -7.778, -5.816, -5.193, -4.703, -6.556, -5.079], ""zeng"": [-6.076302500767287]}","[-5.481, -5.659, -6.214, -6.158, -6.079, -7.778, -5.816, -5.193, -4.703, -6.556, -5.079, -6.076302500767287, -6.156302500767287]","{""deeppk"": 1, ""huskin"": 11, ""zeng"": 1}",[],3.075,0.739,3.643,True,,,,,,,,-6.076,,,True,,22,22,13,9
merged,merged,merged_188,Butyl p-aminobenzoate,,CCCCOC(=O)c1ccc(cc1)N,CCCCOC(=O)c1ccc(N)cc1,,,-4.607,,cm/s,logKp,"skin donor type=Cadaver; skin source site=thigh; used layer=epidermis, dermis; skin preparation=dermatomed 300um; storage temperature (°C)=4; neat=0; donor/skin surface temperature (°C)=25; acceptor temperature (°C)=25; cell type=Flow through cell; reference=Roy, 1993; DOI=10.1002/jps.2600821217",True,merged,True,True,False,2,huskin|skinpix,,,pooled_median_all_rows,2,huskin|skinpix,"{""huskin"": [""huskin_row_185"", ""huskin_row_186""], ""skinpix"": [""185""]}","{""huskin"": [-4.607, -4.41], ""skinpix"": [-4.697]}","[-4.607, -4.41, -4.697]","{""huskin"": 2, ""skinpix"": 1}",[],0.287,0.12,3.643,True,,10.1002/jps.2600821217,"Roy, 1993",,1993,,roy_1993,-4.607,,,True,,3,3,3,0
merged,merged,merged_189,Butylparaben,94-26-8,CCCCOC(=O)C1=CC=C(C=C1)O,CCCCOC(=O)c1ccc(O)cc1,,,-4.709,,cm/s,logKp,set=t*; MWa=194.2; logKowb=3.57; Mptc=341.5; LogSaqd=-5.890309216899948; LogSoce=-2.3203092168999486; Hdf=1; Hag=3; MVh=175.3; Texpi=305; Skin thicknessj=0.1; logJmaxm=-7.042736557757836; Reference=(Najib et al.2020); Resolved through PubChem exact CAS synonym match.,True,merged,True,True,False,3,cheruvu|huskin|skinpix,,,pooled_median_all_rows,3,cheruvu|huskin|skinpix,"{""cheruvu"": [""465""], ""huskin"": [""huskin_row_183""], ""skinpix"": [""186""]}","{""cheruvu"": [-4.708729841625175], ""huskin"": [-4.538], ""skinpix"": [-5.451]}","[-4.538, -5.451, -4.708729841625175]","{""cheruvu"": 1, ""huskin"": 1, ""skinpix"": 1}",[],0.913,0.396,3.643,True,,,(Najib et al.2020),,2020,,najib_2020,-4.709,,,True,,4,4,3,1
merged,merged,merged_190,Dibutyl Phthalate,,CCCCOC(=O)c1ccccc1C(=O)OCCCC,CCCCOC(=O)c1ccccc1C(=O)OCCCC,,,-9.195,,cm/s,logKp,"skin donor type=Cadaver; skin source site=abdomen; used layer=epidermis, dermis; skin preparation=heat separation; storage temperature (°C)=-4; neat=1; donor/skin surface temperature (°C)=30; acceptor temperature (°C)=30; acceptor type=Ethanol 50%; cell type=Glass diffusion cell; reference=Scott, 1987; DOI=10.1289/ehp.8774223",True,merged,False,False,False,1,huskin,,,pooled_median_all_rows,1,huskin,"{""huskin"": [""huskin_row_227""]}","{""huskin"": [-9.195]}",[-9.195],"{""huskin"": 1}",[],0.0,0.0,3.643,True,,10.1289/ehp.8774223,"Scott, 1987",,1987,,scott_1987,-9.195,,,True,,1,1,1,0
merged,merged,merged_191,Butyl nicotinate,,CCCCOC(=O)c1cccnc1,CCCCOC(=O)c1cccnc1,,,-5.336,,cm/s,logKp,"skin donor type=Abdominoplasty or mammaplasty; skin source site=abdomen, breast; used layer=epidermis; skin preparation=heat separation; storage temperature (°C)=4; neat=0; donor/skin surface temperature (°C)=37; donor pH=7.4; acceptor temperature (°C)=37; acceptor type=PBS; cell type=Franz cell; flux=Jss= 62.1 ug/(cm^2*h); c=3.73mg/ml; reference=Dalpozzo, 1991; DOI=10.1002/jps.2600800114",True,merged,False,True,False,2,huskin|zeng,,,pooled_median_all_rows,2,huskin|zeng,"{""huskin"": [""huskin_row_184""], ""zeng"": [""111""]}","{""huskin"": [-5.335], ""zeng"": [-5.336302500767287]}","[-5.335, -5.336302500767287]","{""huskin"": 1, ""zeng"": 1}",[],0.001,0.001,3.643,True,,10.1002/jps.2600800114,"Dalpozzo, 1991",,1991,,dalpozzo_1991,-5.336,,,True,,3,3,2,1
merged,merged,merged_192,Butoxyethanol,,CCCCOC(O)C,CCCCOC(C)O,,,-6.0,,cm/s,logKp,"skin source site=abdomen; used layer=epidermis; skin preparation=prepared with NaBr solution; storage temperature (°C)=-80; neat=0; donor type=NaCl, sodium azide; reference=Buist, 2010; DOI=10.1016/j.yrtph.2010.02.008",True,merged,True,False,False,1,huskin,,,pooled_median_all_rows,1,huskin,"{""huskin"": [""huskin_row_180"", ""huskin_row_181"", ""huskin_row_182""]}","{""huskin"": [-6.0, -5.982, -6.364]}","[-6.0, -5.982, -6.364]","{""huskin"": 3}",[],0.382,0.176,3.643,True,,10.1016/j.yrtph.2010.02.008,"Buist, 2010",,2010,,buist_2010,-6.0,,,True,,3,3,3,0
merged,merged,merged_193,Propylene glycol n-butyl ether,5131-66-8,CCCCOCC(C)O,CCCCOCC(C)O,,,-8.16,,cm/s,logKp,"publication ID=105; Kp relation==; Kp (cm/h)=2.49 E-05  ± 0.44 E-05; Kp (cm/h) (processed)=0.0000249; Kp error (cm/h) (processed)=0.0000044; maximum flux Jmax (original)=22.0±3.88; maximum flux Jmax unit (original)=μg/cm2/h; maximum flux Jmax (ug/cm2/h) (processed)=22; maximum flux Jmax error (ug/cm2/h) (processed)=3.88; tlag (h) (original)=1.36 ± 0.02; tlag (h) (processed)=1.36; tlag error (h) (processed)=0.02; skin donor type=Surgery; skin source site=abdomen; skin preparation=dermatomed; used layer=epidermis, dermis; storage duration (days)=0; storage temperature (°C)=used fresh; donor type=Neat; category donor type=Neat; donor/skin surface temperature (°C)=32; acceptor type=Physiological solution NaCl 0.9%; category acceptor type=NaCl solution; cell type=Flow through Franz cell; author=Berthet,A; date=2020; doi=10.1016/j.toxlet.2020.09.017; notes=the authors declare infinite dose conditions, data for 24h exposure duration and pure PGBE application, there are supplementary conditions with mixture of PGME/PGBE and frozen skin",True,merged,False,False,False,1,skinpix,,,pooled_median_all_rows,1,skinpix,"{""skinpix"": [""155""]}","{""skinpix"": [-8.16]}",[-8.16],"{""skinpix"": 1}",[],0.0,0.0,3.643,True,,10.1016/j.toxlet.2020.09.017,,"Berthet,A",2020,105,berthet_2020,-8.16,,,True,,1,1,1,0
merged,merged,merged_194,butoxyethanol,111-76-2,CCCCOCCO,CCCCOCCO,,,-5.849,,cm/s,logKp,set=t; MWa=118.17; logKowb=0.83; Mptc=198.2; LogSaqd=-2.1186153432294272; LogSoce=-1.2891864077192086; Hdf=1; Hag=2; MVh=131.4; Texpi=310; Skin thicknessj=0.1; Skin Integrity testk=tritiated water permeation; Skin Selection criteria=<3e-3; logJmaxm=-4.386221583406459; Reference=(Buist et al. 2010); Resolved through PubChem exact CAS synonym match.,True,merged,True,True,False,3,cheruvu|huskin|zeng,,,pooled_median_all_rows,3,cheruvu|huskin|zeng,"{""cheruvu"": [""159"", ""160"", ""161"", ""162"", ""163""], ""huskin"": [""huskin_row_99"", ""huskin_row_100""], ""zeng"": [""154""]}","{""cheruvu"": [-5.823908740944319, -5.632023214705406, -5.9128498242811, -5.857332496431269, -5.840299157132488], ""huskin"": [-5.34, -7.226], ""zeng"": [-6.406302500767287]}","[-5.34, -7.226, -6.406302500767287, -5.823908740944319, -5.632023214705406, -5.9128498242811, -5.857332496431269, -5.840299157132488]","{""cheruvu"": 5, ""huskin"": 2, ""zeng"": 1}",[],1.886,0.539,3.643,True,,,(Buist et al. 2010),,2010,,buist_2010,-5.849,,,True,,9,9,8,1
merged,merged,merged_195,Diethylene glycol monobutyl ether,112-34-5,CCCCOCCOCCO,CCCCOCCOCCO,,,-6.432,,cm/s,logKp,set=t; MWa=162.23; logKowb=0.6; Mptc=162.9; LogSaqd=-2.179780215125727; LogSoce=-1.579780215125727; Hdf=1; Hag=3; MVh=181.125; Texpi=305; Skin thicknessj=0.075; Skin Integrity testk=transepidermal electrical resistance; Skin Selection criteria=>4.26 kΩ; logJmaxm=-4.4157805721415775; Reference=(Ellison et al. 2020); Resolved through PubChem exact CAS synonym match.,True,merged,True,True,False,4,cheruvu|deeppk|huskin|skinpix,,,pooled_median_all_rows,4,cheruvu|huskin|skinpix|zeng_deeppk,"{""cheruvu"": [""434""], ""deeppk"": [""deeppk_skin_permeability_test_row_10""], ""huskin"": [""huskin_row_237"", ""huskin_row_238""], ""skinpix"": [""86"", ""87""]}","{""cheruvu"": [-5.792302857783138], ""deeppk"": [-8.006302500767287], ""huskin"": [-7.071, -8.004], ""skinpix"": [-5.727, -5.723]}","[-7.071, -8.004, -5.727, -5.723, -5.792302857783138, -8.006302500767287]","{""cheruvu"": 1, ""deeppk"": 1, ""huskin"": 2, ""skinpix"": 2}",[],2.283,1.022,3.643,True,,,(Ellison et al. 2020),,2020,,ellison_2020,-6.432,,,True,,7,7,6,1
merged,merged,merged_196,Diethylene glycol mono n-butyl ether acetate,,CCCCOCCOCCOC(=O)C,CCCCOCCOCCOC(C)=O,,,-7.051,,cm/s,logKp,"skin donor type=Surgery; skin source site=abdomen; used layer=epidermis, dermis; skin preparation=fat removed; storage temperature (°C)=-25; storage duration (days)=120; neat=0; acceptor temperature (°C)=32; acceptor type=NaCl solution; cell type=Franz cell; reference=Venier, 2004; DOI=10.1016/j.tiv.2004.03.004",True,merged,True,True,False,2,huskin|zeng,,,pooled_median_all_rows,2,huskin|zeng,"{""huskin"": [""huskin_row_235"", ""huskin_row_236""], ""zeng"": [""116""]}","{""huskin"": [-7.051, -7.778], ""zeng"": [-7.046302500767288]}","[-7.051, -7.778, -7.046302500767288]","{""huskin"": 2, ""zeng"": 1}",[],0.732,0.344,3.643,True,,10.1016/j.tiv.2004.03.004,"Venier, 2004",,2004,,venier_2004,-7.051,,,True,,3,3,3,0
merged,merged,merged_197,di-n-butyl phosphate,,O=P(OCCCC)(O)OCCCC,CCCCOP(=O)(O)OCCCC,,,-5.936,,cm/s,logKp,cos2[(4.31+AlogP)/8.66]=0.568; Neoplastic-80=0; X3v=4.553; log(Kp)/SVM=-2.37; log(Kp)/MLR=-2.4,True,merged,False,False,False,1,zeng,,,pooled_median_all_rows,1,zeng,"{""zeng"": [""34""]}","{""zeng"": [-5.936302500767287]}",[-5.936302500767287],"{""zeng"": 1}",[],0.0,0.0,3.643,True,,,,,,,,-5.936,,,True,,1,1,1,0
merged,merged,merged_198,Fumonisin B1,116355-83-0,[C@@H]([C@@H](OC(C[C@@H](CC(O)=O)C(O)=O)=O)C[C@H](C[C@@H](CCCC[C@H](C[C@@H]([C@H](C)N)O)O)O)C)(OC(C[C@@H](CC(O)=O)C(O)=O)=O)[C@@H](CCCC)C,CCCC[C@@H](C)[C@@H](OC(=O)C[C@@H](CC(=O)O)C(=O)O)[C@H](C[C@@H](C)C[C@H](O)CCCC[C@@H](O)C[C@H](O)[C@H](C)N)OC(=O)C[C@@H](CC(=O)O)C(=O)O,,,-9.048,,cm/s,logKp,"publication ID=280; Kp relation=<; Kp (cm/h)=<3.24 × 10−6; Kp (cm/h) (processed)=0.00000324; steady state flux Jss relation=<; steady state flux Jss (original)=<3.255; steady state flux Jss unit (original)=ng/cm2/h; steady state flux Jss (converted) (ug/cm2/h)=0.00326; tlag (h) (original)=0; tlag (h) (processed)=0; skin donor type=Surgery; skin source site=abdomen; skin preparation=dermatomed; used layer=epidermis, dermis; storage duration (days)=<180; storage temperature (°C)=-20; donor type=Ethanol/water 7:3 v/v; category donor type=Ethanol and ethanol based formulations; acceptor type=PBS with BSA; category acceptor type=PBS based formulations; acceptor temperature (°C)=32; cell type=static Franz cell; author=Boonen,J; date=2012; doi=10.1016/j.tox.2012.06.012; notes=occlusion using Parafilm®, the authors declare infinite dose conditions",True,merged,True,False,False,1,skinpix,,,pooled_median_all_rows,1,skinpix,"{""skinpix"": [""100"", ""101""]}","{""skinpix"": [-9.046, -9.051]}","[-9.046, -9.051]","{""skinpix"": 2}",[],0.005,0.003,3.643,True,,10.1016/j.tox.2012.06.012,,"Boonen,J",2012,280,boonen_2012,-9.049,,,True,,2,2,2,0
merged,merged,merged_199,p-n-Butylphenol,,CCCCc1ccc(cc1)O,CCCCc1ccc(O)cc1,,,-4.671,,cm/s,logKp,"skin donor type=Abdominoplasty; skin source site=abdomen; used layer=epidermis; skin preparation=heat separation; storage temperature (°C)=-20; storage duration (days)=90; neat=0; donor/skin surface temperature (°C)=32; donor pH=7.4; donor type=PBS; acceptor temperature (°C)=32; acceptor type=PBS with ethanol; cell type=Franz cell; reference=Zhang, 2009; DOI=10.1007/s11095-009-9912-4",True,merged,False,False,False,1,huskin,,,pooled_median_all_rows,1,huskin,"{""huskin"": [""huskin_row_453""]}","{""huskin"": [-4.671]}",[-4.671],"{""huskin"": 1}",[],0.0,0.0,3.643,True,,10.1007/s11095-009-9912-4,"Zhang, 2009",,2009,,zhang_2009,-4.671,cheruvu|huskin,,True,,2,2,1,1
merged,merged,merged_201,n-Propyl p-aminobenzoate,94-12-2,CCCOC(=O)C1=CC=C(C=C1)N,CCCOC(=O)c1ccc(N)cc1,,,-4.652,,cm/s,logKp,"publication ID=233; Kp relation==; Kp (cm/h)=0.08028 ± 0.010908; Kp (cm/h) (processed)=0.08028; Kp error (cm/h) (processed)=0.010908; skin donor type=Surgery; skin source site=abdomen; used layer=epidermis, dermis; donor type=PBS; category donor type=PBS based formulations; donor pH=7.4; acceptor type=Diisopropyl fluorophosphate in PBS at a concentration of 2.7 uM/mL; category acceptor type=PBS based formulations; acceptor pH=7.4; acceptor temperature (°C)=32; cell type=static Franz cell; author=Uchida,T; date=2015; doi=10.1016/j.ejps.2014.11.002; notes=1 skin donor, 3 samples,  Kp given in (cm/s) calculated in cm/h by multiplying by 3600.  A saturated solution is applied but Cv is not known.",True,merged,False,False,False,1,skinpix,,,pooled_median_all_rows,1,skinpix,"{""skinpix"": [""187""]}","{""skinpix"": [-4.652]}",[-4.652],"{""skinpix"": 1}",[],0.0,0.0,3.643,True,,10.1016/j.ejps.2014.11.002,,"Uchida,T",2015,233,uchida_2015,-4.652,,,True,,1,1,1,0
merged,merged,merged_202,propylparaben,94-13-3,CCCOC(=O)C1=CC=C(C=C1)O,CCCOC(=O)c1ccc(O)cc1,,,-5.174,,cm/s,logKp,set=t; MWa=180.2; logKowb=2.9; Mptc=371; LogSaqd=-5.414499575552316; LogSoce=-2.5144995755523163; Hdf=1; Hag=3; MVh=158.8; Texpi=310; Skin thicknessj=0.1; Skin Integrity testk=tritiated water permeation; Skin Selection criteria=<3e-3; logJmaxm=-6.97045477963424; Reference=(Buist et al. 2010); Resolved through PubChem exact CAS synonym match.,True,merged,True,True,False,3,cheruvu|huskin|skinpix,,,pooled_median_all_rows,3,cheruvu|huskin|skinpix,"{""cheruvu"": [""176"", ""177"", ""178"", ""179"", ""180"", ""454""], ""huskin"": [""huskin_row_476""], ""skinpix"": [""156"", ""157"", ""158""]}","{""cheruvu"": [-5.1122577048492115, -5.179725543710775, -5.168912674428558, -5.261836274605694, -5.261836274605694, -4.82236984444587], ""huskin"": [-5.41], ""skinpix"": [-5.44, -4.747, -4.759]}","[-5.41, -5.44, -4.747, -4.759, -5.1122577048492115, -5.179725543710775, -5.168912674428558, -5.261836274605694, -5.261836274605694, -4.82236984444587]","{""cheruvu"": 6, ""huskin"": 1, ""skinpix"": 3}",[],0.693,0.243,3.643,True,,,(Buist et al. 2010),,2010,,buist_2010,-5.174,,,True,,12,12,10,2
merged,merged,merged_203,,,CCCOC(C)O,CCCOC(C)O,,,-7.326,,cm/s,logKp,group=training,True,merged,False,False,False,1,deeppk,,,pooled_median_all_rows,1,zeng_deeppk,"{""deeppk"": [""deeppk_skin_permeability_train_row_94""]}","{""deeppk"": [-7.326302500767287]}",[-7.326302500767287],"{""deeppk"": 1}",[],0.0,0.0,3.643,True,,,,,,,,-7.326,,,True,,1,1,1,0
merged,merged,merged_204,2-Propoxyethanol,,CCCOCCO,CCCOCCO,,,-6.748,,cm/s,logKp,"skin donor type=Cadaver; used layer=stratum corneum; skin preparation=heat separation; storage temperature (°C)=4; storage duration (days)=2; neat=1; acceptor temperature (°C)=30; acceptor pH=7.1; acceptor type=Dulbecco PBS; cell type=Franz cell; notes=acceptor medium contained polyethoxyoleate; also stored at -70 deg. C; reference=Barber, 1992; DOI=10.1016/0272-0590(92)90086-W",True,merged,True,False,False,1,huskin,,,pooled_median_all_rows,1,huskin,"{""huskin"": [""huskin_row_122"", ""huskin_row_123"", ""huskin_row_124""]}","{""huskin"": [-6.748, -6.543, -6.923]}","[-6.748, -6.543, -6.923]","{""huskin"": 3}",[],0.38,0.155,3.643,True,,10.1016/0272-0590(92)90086-W,"Barber, 1992",,1992,,barber_1992,-6.748,,,True,,3,3,3,0
merged,merged,merged_205,4-propoxyphenol,18979-50-5,CCCOC1=CC=C(C=C1)O,CCCOc1ccc(O)cc1,,,-5.381,,cm/s,logKp,set=t; MWa=152.19; logKowb=2.37; Mptc=328; LogSaqd=-4.646370882143489; LogSoce=-2.2763708821434885; Hdf=1; Hag=2; MVh=144.8; Texpi=305; Skin thicknessj=0.1; Skin Integrity testk=transepidermal electrical resistance; Skin Selection criteria=>50 kΩ/cm2; logJmaxm=-6.472268751925251; Reference=(Zhang et al. 2009); Resolved through PubChem exact CAS synonym match.,True,merged,True,True,False,2,cheruvu|huskin,,,pooled_median_all_rows,2,cheruvu|huskin,"{""cheruvu"": [""216""], ""huskin"": [""huskin_row_134""]}","{""cheruvu"": [-5.382200370549048], ""huskin"": [-5.38]}","[-5.38, -5.382200370549048]","{""cheruvu"": 1, ""huskin"": 1}",[],0.002,0.001,3.643,True,,,(Zhang et al. 2009),,2009,,zhang_2009,-5.381,,,True,,3,3,2,1
merged,merged,merged_206,1-nitropropane,,CCC[N+]([O-])=O,CCC[N+](=O)[O-],,,-6.206,,cm/s,logKp,cos2[(4.31+AlogP)/8.66]=0.651; Neoplastic-80=0; X3v=1.056; log(Kp)/SVM=-2.33; log(Kp)/MLR=-2.35,True,merged,False,False,False,1,zeng,,,pooled_median_all_rows,1,zeng,"{""zeng"": [""102""]}","{""zeng"": [-6.206302500767287]}",[-6.206302500767287],"{""zeng"": 1}",[],0.0,0.0,3.643,True,,,,,,,,-6.206,,,True,,1,1,1,0
merged,merged,merged_207,propylbenzene,,CCCC1=CC=CC=C1,CCCc1ccccc1,,,-4.536,,cm/s,logKp,cos2[(4.31+AlogP)/8.66]=0.415; Neoplastic-80=0; X3v=2.236; log(Kp)/SVM=-1.1; log(Kp)/MLR=-1.01,True,merged,False,False,False,1,zeng,,,pooled_median_all_rows,1,zeng,"{""zeng"": [""236""]}","{""zeng"": [-4.536302500767287]}",[-4.536302500767287],"{""zeng"": 1}",[],0.0,0.0,3.643,True,,,,,,,,-4.536,,,True,,1,1,1,0
merged,merged,merged_208,ethylamine,,NCC,CCN,,,-6.646,,cm/s,logKp,cos2[(4.31+AlogP)/8.66]=0.8; Neoplastic-80=0; X3v=0.408; log(Kp)/SVM=-3.48; log(Kp)/MLR=-3.22,True,merged,False,False,False,1,zeng,,,pooled_median_all_rows,1,zeng,"{""zeng"": [""95""]}","{""zeng"": [-6.646302500767288]}",[-6.646302500767288],"{""zeng"": 1}",[],0.0,0.0,3.643,True,,,,,,,,-6.646,deeppk|zeng,,True,,2,2,1,1
merged,merged,merged_209,Dimethylethylamine,,CCN(C)C,CCN(C)C,,,-6.168,,cm/s,logKp,"skin donor type=Surgery; used layer=epidermis, dermis; storage temperature (°C)=4; storage duration (days)=1; neat=0; acceptor type=Hanks balanced salt solution; cell type=Teflon cell; reference=Lundh, 1997; DOI=10.1007/s004200050223",True,merged,False,True,False,2,huskin|zeng,,,pooled_median_all_rows,2,huskin|zeng,"{""huskin"": [""huskin_row_241""], ""zeng"": [""194""]}","{""huskin"": [-6.079], ""zeng"": [-6.256302500767287]}","[-6.079, -6.256302500767287]","{""huskin"": 1, ""zeng"": 1}",[],0.177,0.089,3.643,True,,10.1007/s004200050223,"Lundh, 1997",,1997,,lundh_1997,-6.168,,,True,,2,2,2,0
merged,merged,merged_210,,,CCN(CC)C(=O)N1CCN(C)CC1,CCN(CC)C(=O)N1CCN(C)CC1,,,-7.453,,cm/s,logKp,group=training,True,merged,False,True,False,2,deeppk|huskin,,,pooled_median_all_rows,2,huskin|zeng_deeppk,"{""deeppk"": [""deeppk_skin_permeability_train_row_68""], ""huskin"": [""huskin_row_234""]}","{""deeppk"": [-7.446302500767287], ""huskin"": [-7.459]}","[-7.459, -7.446302500767287]","{""deeppk"": 1, ""huskin"": 1}",[],0.013,0.006,3.643,True,,,,,,,,-7.453,,,True,,2,2,2,0
merged,merged,merged_211,,,CCN(CC)C(=O)c1cccc(C)c1,CCN(CC)C(=O)c1cccc(C)c1,,,-7.392,,cm/s,logKp,group=training,True,merged,True,True,False,2,deeppk|huskin,,,pooled_median_all_rows,2,huskin|zeng_deeppk,"{""deeppk"": [""deeppk_skin_permeability_train_row_98""], ""huskin"": [""huskin_row_407"", ""huskin_row_408"", ""huskin_row_409"", ""huskin_row_410"", ""huskin_row_411"", ""huskin_row_412"", ""huskin_row_413"", ""huskin_row_414"", ""huskin_row_415"", ""huskin_row_416"", ""huskin_row_417"", ""huskin_row_418""]}","{""deeppk"": [-6.7763025007672875], ""huskin"": [-6.792, -6.78, -7.392, -7.561, -7.477, -7.535, -7.699, -7.474, -6.446, -6.954, -7.158, -8.352]}","[-6.792, -6.78, -7.392, -7.561, -7.477, -7.535, -7.699, -7.474, -6.446, -6.954, -7.158, -8.352, -6.7763025007672875]","{""deeppk"": 1, ""huskin"": 12}",[],1.906,0.489,3.643,True,,,,,,,,-7.392,,,True,,13,13,13,0
merged,merged,merged_212,triethylamine,,CCN(CC)CC,CCN(CC)CC,,,-5.866,,cm/s,logKp,cos2[(4.31+AlogP)/8.66]=0.628; Neoplastic-80=0; X3v=1.62; log(Kp)/SVM=-2.24; log(Kp)/MLR=-2.3,True,merged,False,False,False,1,zeng,,,pooled_median_all_rows,1,zeng,"{""zeng"": [""247""]}","{""zeng"": [-5.866302500767287]}",[-5.866302500767287],"{""zeng"": 1}",[],0.0,0.0,3.643,True,,,,,,,,-5.866,deeppk|zeng,,True,,2,2,1,1
merged,merged,merged_213,Lidocaine,,CCN(CC(=O)Nc1c(C)cccc1C)CC,CCN(CC)CC(=O)Nc1c(C)cccc1C,,,-6.079,,cm/s,logKp,"skin donor type=Cadaver; skin source site=abdomen, chest, back; used layer=epidermis; skin preparation=heat separation; storage temperature (°C)=5; storage duration (days)=7; neat=0; donor type=PBS; acceptor pH=7.4; acceptor type=PBS; cell type=Glass diffusion cell; reference=Johnson, 1996; DOI=10.1021/js960079z",True,merged,True,True,False,3,huskin|skinpix|zeng,,,pooled_median_all_rows,3,huskin|skinpix|zeng,"{""huskin"": [""huskin_row_357"", ""huskin_row_358"", ""huskin_row_359"", ""huskin_row_360"", ""huskin_row_361"", ""huskin_row_362""], ""skinpix"": [""121"", ""122""], ""zeng"": [""23""]}","{""huskin"": [-5.958, -6.079, -7.021, -6.967, -5.707, -5.53], ""skinpix"": [-7.301, -6.854], ""zeng"": [-5.956302500767287]}","[-5.958, -6.079, -7.021, -6.967, -5.707, -5.53, -7.301, -6.854, -5.956302500767287]","{""huskin"": 6, ""skinpix"": 2, ""zeng"": 1}",[],1.771,0.619,3.643,True,,10.1021/js960079z,"Johnson, 1996",,1996,,johnson_1996,-6.079,cheruvu|huskin,,True,,13,13,9,4
merged,merged,merged_214,diethylcarbamazine,,CC/C(NCC)=N\N=C(CC)\NCC,CCN/C(CC)=N/N=C(\CC)NCC,,,-7.446,,cm/s,logKp,cos2[(4.31+AlogP)/8.66]=0.728; Neoplastic-80=1; X3v=2.861; log(Kp)/SVM=-3.88; log(Kp)/MLR=-3.88,True,merged,False,False,False,1,zeng,,,pooled_median_all_rows,1,zeng,"{""zeng"": [""55""]}","{""zeng"": [-7.446302500767287]}",[-7.446302500767287],"{""zeng"": 1}",[],0.0,0.0,3.643,True,,,,,,,,-7.446,,,True,,1,1,1,0
merged,merged,merged_215,diethylamine,,CCNCC,CCNCC,,,-6.306,,cm/s,logKp,cos2[(4.31+AlogP)/8.66]=0.724; Neoplastic-80=0; X3v=0.957; log(Kp)/SVM=-2.92; log(Kp)/MLR=-2.81,True,merged,False,False,False,1,zeng,,,pooled_median_all_rows,1,zeng,"{""zeng"": [""57""]}","{""zeng"": [-6.306302500767288]}",[-6.306302500767288],"{""zeng"": 1}",[],0.0,0.0,3.643,True,,,,,,,,-6.306,deeppk|zeng,,True,,2,2,1,1
merged,merged,merged_216,atrazine,,CC(NC1=NC(Cl)=NC(NCC)=N1)C,CCNc1nc(Cl)nc(NC(C)C)n1,,,-6.511,,cm/s,logKp,cos2[(4.31+AlogP)/8.66]=0.494; Neoplastic-80=1; X3v=3.419; log(Kp)/SVM=-1.95; log(Kp)/MLR=-2.45,True,merged,True,False,False,1,zeng,,,pooled_median_all_rows,1,zeng,"{""zeng"": [""63"", ""258""]}","{""zeng"": [-7.466302500767288, -5.556302500767288]}","[-7.466302500767288, -5.556302500767288]","{""zeng"": 2}",[],1.91,0.955,3.643,True,,,,,,,,-6.511,,,True,,2,2,2,0
merged,merged,merged_217,Simazine,122-34-9,CCNC1=NC(=NC(=N1)Cl)NCC,CCNc1nc(Cl)nc(NCC)n1,,,-5.875,,cm/s,logKp,"publication ID=514; Kp relation==; Kp (cm/h)=0.0048; Kp (cm/h) (processed)=0.0048; maximum flux Jmax (original)=0.0348±0.0005; maximum flux Jmax unit (original)=μg/cm2/h; maximum flux Jmax (ug/cm2/h) (processed)=0.0348; maximum flux Jmax error (ug/cm2/h) (processed)=0.0005; tlag (h) (original)=2±0.2; tlag (h) (processed)=2; tlag error (h) (processed)=0.2; skin donor type=Surgery; skin source site=abdomen; skin preparation=dermatomed; used layer=epidermis, dermis; storage duration (days)=<180; storage temperature (°C)=-20; donor type=Water; category donor type=Water; donor/skin surface temperature (°C)=32; acceptor type=PBS with BSA; category acceptor type=PBS based formulations; acceptor pH=7.4; acceptor temperature (°C)=32; cell type=static Franz cell; author=Bányiová,K; date=2016; doi=10.1016/j.chemosphere.2015.11.018; notes=the authors declare infinite dose conditions",True,merged,False,False,False,1,skinpix,,,pooled_median_all_rows,1,skinpix,"{""skinpix"": [""161""]}","{""skinpix"": [-5.875]}",[-5.875],"{""skinpix"": 1}",[],0.0,0.0,3.643,True,,10.1016/j.chemosphere.2015.11.018,,"Bányiová,K",2016,514,bnyiov_2016,-5.875,,,True,,1,1,1,0
merged,merged,merged_218,,,CCO,CCO,,,-6.526,,cm/s,logKp,group=test,True,merged,True,True,False,3,deeppk|huskin|zeng,,,pooled_median_all_rows,3,huskin|zeng|zeng_deeppk,"{""deeppk"": [""deeppk_skin_permeability_test_row_4""], ""huskin"": [""huskin_row_268"", ""huskin_row_269"", ""huskin_row_270"", ""huskin_row_271"", ""huskin_row_272"", ""huskin_row_273"", ""huskin_row_274"", ""huskin_row_275"", ""huskin_row_276"", ""huskin_row_277"", ""huskin_row_278""], ""zeng"": [""196""]}","{""deeppk"": [-6.656302500767287], ""huskin"": [-7.079, -6.278, -6.556, -3.653, -6.699, -6.653, -6.352, -5.214, -5.711, -5.012, -7.055], ""zeng"": [-6.5263025007672875]}","[-7.079, -6.278, -6.556, -3.653, -6.699, -6.653, -6.352, -5.214, -5.711, -5.012, -7.055, -6.5263025007672875, -6.656302500767287]","{""deeppk"": 1, ""huskin"": 11, ""zeng"": 1}",[],3.426,0.938,3.643,True,,,,,,,,-6.526,,,True,,16,16,13,3
merged,merged,merged_219,Diethyl maleate,141-05-9,CCOC(=O)/C=C\C(=O)OCC,CCOC(=O)/C=C\C(=O)OCC,,,-5.142,,cm/s,logKp,set=t; MWa=172.178; logKowb=1.072; Mptc=263; LogSaqd=-5.217278171285895; LogSoce=-4.145278171285895; Hdf=0; Hag=4; MVh=161.2; Texpi=305; Skin thicknessj=0.075; Skin Integrity testk=transepidermal electrical resistance; Skin Selection criteria=>4.26 kΩ; logJmaxm=-6.884679147752568; Reference=(Ellison et al. 2020); Resolved through PubChem exact CAS synonym match.,True,merged,True,True,False,2,cheruvu|skinpix,,,pooled_median_all_rows,2,cheruvu|skinpix,"{""cheruvu"": [""432""], ""skinpix"": [""83"", ""84""]}","{""cheruvu"": [-5.2237034772339594], ""skinpix"": [-5.068, -5.142]}","[-5.068, -5.142, -5.2237034772339594]","{""cheruvu"": 1, ""skinpix"": 2}",[],0.156,0.064,3.643,True,,,(Ellison et al. 2020),,2020,,ellison_2020,-5.142,,,True,,4,4,3,1
merged,merged,merged_220,Meperidine,,CCOC(=O)C1(CCN(CC1)C)c1ccccc1,CCOC(=O)C1(c2ccccc2)CCN(C)CC1,,,-5.987,,cm/s,logKp,"skin donor type=Cadaver; skin source site=abdomen; used layer=epidermis; skin preparation=heat separation; storage temperature (°C)=-20; neat=0; donor/skin surface temperature (°C)=37; donor pH=7.4; donor type=Citrate-phosphate buffer; acceptor temperature (°C)=37; acceptor pH=7.4; cell type=Glass diffusion cell; reference=Roy, 1989; DOI=10.1023/A:1015944018555",True,merged,False,True,False,2,huskin|zeng,,,pooled_median_all_rows,2,huskin|zeng,"{""huskin"": [""huskin_row_377""], ""zeng"": [""213""]}","{""huskin"": [-5.988], ""zeng"": [-5.986302500767287]}","[-5.988, -5.986302500767287]","{""huskin"": 1, ""zeng"": 1}",[],0.002,0.001,3.643,True,,10.1023/A:1015944018555,"Roy, 1989",,1989,,roy_1989,-5.987,,,True,,3,3,2,1
merged,merged,merged_221,,,CCOC(=O)CC(SP(=S)(OC)OC)C(=O)OCC,CCOC(=O)CC(SP(=S)(OC)OC)C(=O)OCC,,,-4.248,,cm/s,logKp,group=training,True,merged,False,True,False,2,deeppk|huskin,,,pooled_median_all_rows,2,huskin|zeng_deeppk,"{""deeppk"": [""deeppk_skin_permeability_train_row_12""], ""huskin"": [""huskin_row_372""]}","{""deeppk"": [-4.246302500767287], ""huskin"": [-4.249]}","[-4.249, -4.246302500767287]","{""deeppk"": 1, ""huskin"": 1}",[],0.003,0.001,3.643,True,,,,,,,,-4.248,,,True,,2,2,2,0
merged,merged,merged_222,Ethyl p-aminobenzoate,,CCOC(=O)c1ccc(cc1)N,CCOC(=O)c1ccc(N)cc1,,,-4.976,,cm/s,logKp,"skin donor type=Cadaver; skin source site=thigh; used layer=epidermis, dermis; skin preparation=dermatomed 300um; storage temperature (°C)=4; neat=0; donor/skin surface temperature (°C)=25; acceptor temperature (°C)=25; cell type=Flow through cell; reference=Roy, 1993; DOI=10.1002/jps.2600821217",True,merged,False,True,False,2,huskin|skinpix,,,pooled_median_all_rows,2,huskin|skinpix,"{""huskin"": [""huskin_row_281""], ""skinpix"": [""93""]}","{""huskin"": [-5.255], ""skinpix"": [-4.697]}","[-5.255, -4.697]","{""huskin"": 1, ""skinpix"": 1}",[],0.558,0.279,3.643,True,,10.1002/jps.2600821217,"Roy, 1993",,1993,,roy_1993,-4.976,,,True,,2,2,2,0
merged,merged,merged_223,Ethylparaben,120-47-8,CCOC(=O)C1=CC=C(C=C1)O,CCOC(=O)c1ccc(O)cc1,,,-5.413,,cm/s,logKp,"publication ID=233; Kp relation==; Kp (cm/h)=0.013896 ± 1.76E-03; Kp (cm/h) (processed)=0.013896; Kp error (cm/h) (processed)=0.00176; skin donor type=Surgery; skin source site=abdomen; used layer=epidermis, dermis; donor type=PBS; category donor type=PBS based formulations; donor pH=7.4; acceptor type=Diisopropyl fluorophosphate in PBS at a concentration of 2.7 uM/mL; category acceptor type=PBS based formulations; acceptor pH=7.4; acceptor temperature (°C)=32; cell type=static Franz cell; author=Uchida,T; date=2015; doi=10.1016/j.ejps.2014.11.002; notes=1 skin donor, 3 samples,  Kp given in (cm/s) calculated in cm/h by multiplying by 3600.  A saturated solution is applied but Cv is not known.",True,merged,False,False,False,1,skinpix,,,pooled_median_all_rows,1,skinpix,"{""skinpix"": [""94""]}","{""skinpix"": [-5.413]}",[-5.413],"{""skinpix"": 1}",[],0.0,0.0,3.643,True,,10.1016/j.ejps.2014.11.002,,"Uchida,T",2015,233,uchida_2015,-5.413,,,True,,1,1,1,0
merged,merged,merged_224,Diethyl phthalate,84-66-2,CCOC(=O)C1=CC=CC=C1C(=O)OCC,CCOC(=O)c1ccccc1C(=O)OCC,,,-5.569,,cm/s,logKp,set=t*; MWa=222.2; logKowb=2.47; Mptc=232; LogSaqd=-5.174912886257973; LogSoce=-2.704912886257972; Hdf=0; Hag=4; MVh=200; Texpi=310; Skin thicknessj=0.1; Skin Integrity testk=Transepidermal water loss (TEWL); logJmaxm=-7.043188034891143; Reference=(Barbero et al. 2016); Resolved through PubChem exact CAS synonym match.,True,merged,False,True,False,4,cheruvu|huskin|skinpix|zeng,,,pooled_median_all_rows,4,cheruvu|huskin|skinpix|zeng,"{""cheruvu"": [""269""], ""huskin"": [""huskin_row_233""], ""skinpix"": [""85""], ""zeng"": [""28""]}","{""cheruvu"": [-5.261395590162095], ""huskin"": [-8.499], ""skinpix"": [-5.242], ""zeng"": [-5.876302500767287]}","[-8.499, -5.242, -5.876302500767287, -5.261395590162095]","{""cheruvu"": 1, ""huskin"": 1, ""skinpix"": 1, ""zeng"": 1}",[],3.257,1.34,3.643,True,,,(Barbero et al. 2016),,2016,,barbero_2016,-5.569,,,True,,4,4,4,0
merged,merged,merged_225,"Nicotinate, ethyl",614-18-6,CCOC(=O)C1=CN=CC=C1,CCOC(=O)c1cccnc1,,,-6.209,,cm/s,logKp,set=t; MWa=151.2; logKowb=1.41; Mptc=282; LogSaqd=-3.431798275933005; LogSoce=-2.021798275933005; Hdf=0; Hag=3; MVh=130.5; Texpi=310; Skin thicknessj=0.1; logJmaxm=-6.539703673242524; Reference=(DalPozzo et al. 1991); Resolved through PubChem exact CAS synonym match.,True,merged,True,True,False,3,cheruvu|huskin|zeng,,,pooled_median_all_rows,3,cheruvu|huskin|zeng,"{""cheruvu"": [""52"", ""93""], ""huskin"": [""huskin_row_280""], ""zeng"": [""201""]}","{""cheruvu"": [-6.664207898076807, -6.642488648383571], ""huskin"": [-5.755], ""zeng"": [-5.7763025007672875]}","[-5.755, -5.7763025007672875, -6.664207898076807, -6.642488648383571]","{""cheruvu"": 2, ""huskin"": 1, ""zeng"": 1}",[],0.909,0.444,3.643,True,,,(DalPozzo et al. 1991),,1991,,dalpozzo_1991,-6.209,,,True,,5,5,4,1
merged,merged,merged_226,ethyl formate,,O=COCC,CCOC=O,,,-6.566,,cm/s,logKp,cos2[(4.31+AlogP)/8.66]=0.74; Neoplastic-80=0; X3v=0.552; log(Kp)/SVM=-3.1; log(Kp)/MLR=-2.85,True,merged,False,False,False,1,zeng,,,pooled_median_all_rows,1,zeng,"{""zeng"": [""200""]}","{""zeng"": [-6.5663025007672875]}",[-6.5663025007672875],"{""zeng"": 1}",[],0.0,0.0,3.643,True,,,,,,,,-6.566,deeppk|zeng,,True,,2,2,1,1
merged,merged,merged_227,,,CCOCC,CCOCC,,,-5.352,,cm/s,logKp,group=val,True,merged,True,True,False,3,deeppk|huskin|zeng,,,pooled_median_all_rows,3,huskin|zeng|zeng_deeppk,"{""deeppk"": [""deeppk_skin_permeability_val_row_13""], ""huskin"": [""huskin_row_231"", ""huskin_row_232""], ""zeng"": [""193""]}","{""deeppk"": [-5.346302500767287], ""huskin"": [-5.352, -5.352], ""zeng"": [-6.016302500767287]}","[-5.352, -5.352, -6.016302500767287, -5.346302500767287]","{""deeppk"": 1, ""huskin"": 2, ""zeng"": 1}",[],0.67,0.288,3.643,True,,,,,,,,-5.352,,,True,,4,4,4,0
merged,merged,merged_228,Ethyl 3-ethoxypropionate,,CCOCCC(=O)OCC,CCOCCC(=O)OCC,,,-6.669,,cm/s,logKp,"skin donor type=Cadaver; used layer=stratum corneum; skin preparation=heat separation; storage temperature (°C)=4; storage duration (days)=2; neat=1; acceptor temperature (°C)=30; acceptor pH=7.1; acceptor type=Dulbecco PBS; cell type=Franz cell; notes=acceptor medium contained polyethoxyoleate; also stored at -70 deg. C; reference=Barber, 1992; DOI=10.1016/0272-0590(92)90086-W",True,merged,False,False,False,1,huskin,,,pooled_median_all_rows,1,huskin,"{""huskin"": [""huskin_row_279""]}","{""huskin"": [-6.669]}",[-6.669],"{""huskin"": 1}",[],0.0,0.0,3.643,True,,10.1016/0272-0590(92)90086-W,"Barber, 1992",,1992,,barber_1992,-6.669,,,True,,1,1,1,0
merged,merged,merged_229,,,CCOCCO,CCOCCO,,,-6.844,,cm/s,logKp,group=training,True,merged,True,True,False,3,deeppk|huskin|zeng,,,pooled_median_all_rows,3,huskin|zeng|zeng_deeppk,"{""deeppk"": [""deeppk_skin_permeability_train_row_29""], ""huskin"": [""huskin_row_101"", ""huskin_row_103"", ""huskin_row_104"", ""huskin_row_105"", ""huskin_row_106"", ""huskin_row_107"", ""huskin_row_108"", ""huskin_row_109""], ""zeng"": [""136""]}","{""deeppk"": [-7.156302500767287], ""huskin"": [-7.158, -5.544, -7.785, -7.687, -6.631, -5.647, -5.63, -5.545], ""zeng"": [-7.056302500767288]}","[-7.158, -5.544, -7.785, -7.687, -6.631, -5.647, -5.63, -5.545, -7.056302500767288, -7.156302500767287]","{""deeppk"": 1, ""huskin"": 8, ""zeng"": 1}",[],2.241,0.865,3.643,True,,,,,,,,-6.844,,,True,,12,12,10,2
merged,merged,merged_230,2-Ethoxyethyl acetate,,CCOCCOC(=O)C,CCOCCOC(C)=O,,,-6.646,,cm/s,logKp,"skin donor type=Cadaver; used layer=stratum corneum; skin preparation=heat separation; storage temperature (°C)=4; storage duration (days)=2; neat=1; acceptor temperature (°C)=37; acceptor pH=7.1; acceptor type=Dulbecco PBS; cell type=Franz cell; notes=also stored at -70 deg. C; reference=Barber, 1992; DOI=10.1016/0272-0590(92)90086-W",True,merged,True,True,False,2,huskin|zeng,,,pooled_median_all_rows,2,huskin|zeng,"{""huskin"": [""huskin_row_110"", ""huskin_row_111""], ""zeng"": [""156""]}","{""huskin"": [-6.395, -6.649], ""zeng"": [-6.646302500767288]}","[-6.395, -6.649, -6.646302500767288]","{""huskin"": 2, ""zeng"": 1}",[],0.254,0.119,3.643,True,,10.1016/0272-0590(92)90086-W,"Barber, 1992",,1992,,barber_1992,-6.646,,,True,,4,4,3,1
merged,merged,merged_231,2-(2-Ethoxyethoxy)ethanol,,OCCOCCOCC,CCOCCOCCO,,,-7.436,,cm/s,logKp,"skin donor type=Cadaver; skin source site=abdomen; used layer=epidermis; skin preparation=heat separation; neat=1; donor/skin surface temperature (°C)=30; acceptor temperature (°C)=30; acceptor type=Water; cell type=Glass diffusion cell; reference=Dugard, 1984; DOI=10.1289/ehp.8457193",True,merged,False,False,False,1,huskin,,,pooled_median_all_rows,1,huskin,"{""huskin"": [""huskin_row_95""]}","{""huskin"": [-7.436]}",[-7.436],"{""huskin"": 1}",[],0.0,0.0,3.643,True,,10.1289/ehp.8457193,"Dugard, 1984",,1984,,dugard_1984,-7.436,deeppk|huskin|zeng,,True,,3,3,1,2
merged,merged,merged_232,Diazinon,,CCOP(=S)(Oc1cc(C)nc(n1)C(C)C)OCC,CCOP(=S)(OCC)Oc1cc(C)nc(C(C)C)n1,,,-5.617,,cm/s,logKp,"skin source site=abdomen; used layer=epidermis; skin preparation=prepared with NaBr solution; storage temperature (°C)=-80; neat=0; donor type=NaCl, sodium azide; reference=Buist, 2010; DOI=10.1016/j.yrtph.2010.02.008",True,merged,False,False,False,1,huskin,,,pooled_median_all_rows,1,huskin,"{""huskin"": [""huskin_row_224""]}","{""huskin"": [-5.617]}",[-5.617],"{""huskin"": 1}",[],0.0,0.0,3.643,True,,10.1016/j.yrtph.2010.02.008,"Buist, 2010",,2010,,buist_2010,-5.617,cheruvu|huskin,,True,,2,2,1,1
merged,merged,merged_233,Parathion,,CCOP(=S)(Oc1ccc(cc1)[N+](=O)[O-])OCC,CCOP(=S)(OCC)Oc1ccc([N+](=O)[O-])cc1,,,-7.28,,cm/s,logKp,"skin donor type=Cadaver; skin source site=back; used layer=epidermis, dermis; skin preparation=dermatomed 500um; neat=1; donor/skin surface temperature (°C)=37; acceptor temperature (°C)=37; acceptor type=Cell culture medium; cell type=Flow through cell; reference=Wester, 2000; DOI=10.1006/taap.2000.9028",True,merged,False,False,False,1,huskin,,,pooled_median_all_rows,1,huskin,"{""huskin"": [""huskin_row_457""]}","{""huskin"": [-7.28]}",[-7.28],"{""huskin"": 1}",[],0.0,0.0,3.643,True,,10.1006/taap.2000.9028,"Wester, 2000",,2000,,wester_2000,-7.28,,,True,,1,1,1,0
merged,merged,merged_234,,,CCOP(=S)(OCC)Oc1nc(Cl)c(Cl)cc1Cl,CCOP(=S)(OCC)Oc1nc(Cl)c(Cl)cc1Cl,,,-7.337,,cm/s,logKp,group=training,True,merged,False,True,False,2,deeppk|huskin,,,pooled_median_all_rows,2,huskin|zeng_deeppk,"{""deeppk"": [""deeppk_skin_permeability_train_row_137""], ""huskin"": [""huskin_row_209""]}","{""deeppk"": [-7.516302500767287], ""huskin"": [-7.158]}","[-7.158, -7.516302500767287]","{""deeppk"": 1, ""huskin"": 1}",[],0.358,0.179,3.643,True,,,,,,,,-7.337,,,True,,2,2,2,0
merged,merged,merged_235,7-Ethoxycoumarin,31005-02-4,CCOC1=CC2=C(C=C1)C=CC(=O)O2,CCOc1ccc2ccc(=O)oc2c1,,,-4.338,,cm/s,logKp,set=t; MWa=190.19; logKowb=1.474; Mptc=363; LogSaqd=-4.592982499339028; LogSoce=-3.118982499339028; Hdf=0; Hag=3; MVh=157.6; Texpi=305; Skin thicknessj=0.075; Skin Integrity testk=transepidermal electrical resistance; Skin Selection criteria=>4.26 kΩ; logJmaxm=-5.374762642451559; Reference=(Ellison et al. 2020); Resolved through PubChem exact CAS synonym match.,True,merged,True,True,False,2,cheruvu|skinpix,,,pooled_median_all_rows,2,cheruvu|skinpix,"{""cheruvu"": [""416""], ""skinpix"": [""26"", ""27""]}","{""cheruvu"": [-4.338082643879818], ""skinpix"": [-4.065, -4.475]}","[-4.065, -4.475, -4.338082643879818]","{""cheruvu"": 1, ""skinpix"": 2}",[],0.41,0.17,3.643,True,,,(Ellison et al. 2020),,2020,,ellison_2020,-4.338,,,True,,4,4,3,1
merged,merged,merged_236,p-Ethylphenol,123-07-9,CCC1=CC=C(C=C1)O,CCc1ccc(O)cc1,,,-5.016,,cm/s,logKp,set=t; MWa=122.2; logKowb=2.47; Mptc=318; LogSaqd=-4.3872161432802645; LogSoce=-1.917216143280264; Hdf=1; Hag=1; MVh=112; Texpi=298; Skin thicknessj=0.1; Skin Integrity testk=Repeating the permeation experiment; Skin Selection criteria=Flux comparison; logJmaxm=-5.85; Reference=(Roberts et al. 1977); Resolved through PubChem exact CAS synonym match.,True,merged,False,True,False,3,cheruvu|huskin|zeng,,,pooled_median_all_rows,3,cheruvu|huskin|zeng,"{""cheruvu"": [""35""], ""huskin"": [""huskin_row_452""], ""zeng"": [""171""]}","{""cheruvu"": [-5.019086357487023], ""huskin"": [-5.014], ""zeng"": [-5.016302500767287]}","[-5.014, -5.016302500767287, -5.019086357487023]","{""cheruvu"": 1, ""huskin"": 1, ""zeng"": 1}",[],0.005,0.002,3.643,True,,,(Roberts et al. 1977),,1977,,roberts_1977,-5.016,,,True,,4,4,3,1
merged,merged,merged_237,Etodolac,,CCC1(OCCc2c1[nH]c1c2cccc1CC)CC(=O)O,CCc1cccc2c3c([nH]c12)C(CC)(CC(=O)O)OCC3,,,-5.685,,cm/s,logKp,"skin donor type=Abdominoplasty; skin source site=abdomen; used layer=epidermis, dermis; storage temperature (°C)=-70; storage duration (days)=21; neat=0; donor/skin surface temperature (°C)=32; acceptor temperature (°C)=37; acceptor pH=7.4; acceptor type=PBS; cell type=Franz cell; reference=Degim, 2003; DOI=10.1002/jps.10312",True,merged,False,True,False,2,huskin|zeng,,,pooled_median_all_rows,2,huskin|zeng,"{""huskin"": [""huskin_row_286""], ""zeng"": [""50""]}","{""huskin"": [-5.683], ""zeng"": [-5.686302500767287]}","[-5.683, -5.686302500767287]","{""huskin"": 1, ""zeng"": 1}",[],0.003,0.002,3.643,True,,10.1002/jps.10312,"Degim, 2003",,2003,,degim_2003,-5.685,,,True,,2,2,2,0
merged,merged,merged_238,ethyl benzene,,CCC1=CC=CC=C1,CCc1ccccc1,,,-4.706,,cm/s,logKp,cos2[(4.31+AlogP)/8.66]=0.468; Neoplastic-80=0; X3v=1.839; log(Kp)/SVM=-1.35; log(Kp)/MLR=-1.29,True,merged,False,False,False,1,zeng,,,pooled_median_all_rows,1,zeng,"{""zeng"": [""198""]}","{""zeng"": [-4.706302500767287]}",[-4.706302500767287],"{""zeng"": 1}",[],0.0,0.0,3.643,True,,,,,,,,-4.706,,,True,,1,1,1,0
merged,merged,merged_239,Trimethylamine,,CN(C)C,CN(C)C,,,-7.284,,cm/s,logKp,"skin donor type=Abdominoplasty; skin source site=abdomen; used layer=epidermis, dermis; skin preparation=fat removed; storage temperature (°C)=-20; neat=0; donor/skin surface temperature (°C)=32; acceptor temperature (°C)=32; acceptor pH=7.3; acceptor type=Hanks balanced salt solution; cell type=Flow through cell; reference=Kenyon, 2004; DOI=10.1016/j.fct.2004.05.007",True,merged,False,False,False,1,huskin,,,pooled_median_all_rows,1,huskin,"{""huskin"": [""huskin_row_535""]}","{""huskin"": [-7.284]}",[-7.284],"{""huskin"": 1}",[],0.0,0.0,3.643,True,,10.1016/j.fct.2004.05.007,"Kenyon, 2004",,2004,,kenyon_2004,-7.284,,,True,,1,1,1,0
merged,merged,merged_240,"Hydrocortisone 21-(N,N-dimethylsuccinamate)",,O=C(CCC(=O)N(C)C)OCC(=O)[C@@]1(O)CC[C@@H]2[C@]1(C)C[C@H](O)[C@H]1[C@H]2CCC2=CC(=O)CC[C@]12C,CN(C)C(=O)CCC(=O)OCC(=O)[C@@]1(O)CC[C@H]2[C@@H]3CCC4=CC(=O)CC[C@]4(C)[C@H]3[C@@H](O)C[C@@]21C,,,-7.73,,cm/s,logKp,"skin donor type=Abdominoplasty or cadaver; used layer=stratum corneum; skin preparation=trypsinisation; storage temperature (°C)=4; storage duration (days)=8.5 (7-10); neat=0; donor/skin surface temperature (°C)=37; donor pH=4; donor type=Succinate solution; acceptor temperature (°C)=37; acceptor pH=4; acceptor type=Succinate solution; cell type=Flow through cell; reference=Anderson, 1988; DOI=10.1023/a:1015989929342",True,merged,False,False,False,1,huskin,,,pooled_median_all_rows,1,huskin,"{""huskin"": [""huskin_row_326""]}","{""huskin"": [-7.73]}",[-7.73],"{""huskin"": 1}",[],0.0,0.0,3.643,True,,10.1023/a:1015989929342,"Anderson, 1988",,1988,,anderson_1988,-7.73,,,True,,1,1,1,0
merged,merged,merged_241,Tetramethyl thiuram disulfide,137-26-8,CN(C)C(=S)SSC(=S)N(C)C,CN(C)C(=S)SSC(=S)N(C)C,,,-5.406,,cm/s,logKp,"publication ID=80; Kp relation==; Kp (cm/h)=0.0154995884364282; Kp (cm/h) (processed)=0.015500; steady state flux Jss relation==; steady state flux Jss (original)=0.200282214585294; steady state flux Jss unit (original)=µg/cm2/h; steady state flux Jss (converted) (ug/cm2/h)=0.20028; tlag (h) (original)=2.66157116467941; tlag (h) (processed)=2.66; skin donor type=Cadaver; skin source site=back, thigh; skin preparation=dermatomed; used layer=epidermis, dermis; storage duration (days)=<180; storage temperature (°C)=-20; donor type=Dulbecco phosphate buffered saline with calcium and magnesium with sodium azide at 0.5 mg per mL; category donor type=PBS based formulations; donor/skin surface temperature (°C)=32; acceptor type=Dulbecco's phosphate buffered saline with calcium and magnesium + 2% BSA; category acceptor type=PBS based formulations; acceptor pH=7.4; cell type=other type of diffusion cell; author=Ellison,CA; date=2020; doi=10.1016/j.tiv.2020.104990; notes=occlusion using Bandit® brand packing tape, the authors declare infinite dose conditions, recovery: 58%, data (Jss, Tlag, Kp, recovery) in Supplemental Table3",True,merged,True,False,False,1,skinpix,,,pooled_median_all_rows,1,skinpix,"{""skinpix"": [""168"", ""169""]}","{""skinpix"": [-5.366, -5.447]}","[-5.366, -5.447]","{""skinpix"": 2}",[],0.081,0.041,3.643,True,,10.1016/j.tiv.2020.104990,,"Ellison,CA",2020,80,ellison_2020,-5.406,,,True,,2,2,2,0
merged,merged,merged_242,,,CN(C)C=O,CN(C)C=O,,,-5.576,,cm/s,logKp,group=training,True,merged,False,False,False,1,deeppk,,,pooled_median_all_rows,1,zeng_deeppk,"{""deeppk"": [""deeppk_skin_permeability_train_row_37""]}","{""deeppk"": [-5.576302500767287]}",[-5.576302500767287],"{""deeppk"": 1}",[],0.0,0.0,3.643,True,,,,,,,,-5.576,,,True,,1,1,1,0
merged,merged,merged_243,Chlorpheniramine,,CN(CCC(c1ccccn1)c1ccc(cc1)Cl)C,CN(C)CCC(c1ccc(Cl)cc1)c1ccccn1,,,-6.216,,cm/s,logKp,"skin donor type=Cadaver; skin source site=thigh; used layer=epidermis, dermis; storage temperature (°C)=4; storage duration (days)=14; neat=0; donor/skin surface temperature (°C)=30; donor pH=10.3; acceptor temperature (°C)=30; acceptor pH=6.5; acceptor type=Ringer solution; cell type=Glass diffusion cell; flux=Jss_max= 3.5 (2.9-3.9) ug/(cm^2*h); c= 1.6mg/ml; notes=maximum flux value used for kp calculation; reference=Michaels A. S., 1975; DOI=10.1002/aic.690210522",True,merged,True,True,False,2,huskin|zeng,,,pooled_median_all_rows,2,huskin|zeng,"{""huskin"": [""huskin_row_207"", ""huskin_row_208""], ""zeng"": [""27""]}","{""huskin"": [-6.216, -6.491], ""zeng"": [-6.186302500767287]}","[-6.216, -6.491, -6.186302500767287]","{""huskin"": 2, ""zeng"": 1}",[],0.305,0.137,3.643,True,,10.1002/aic.690210522,"Michaels A. S., 1975",,1975,,michaels_1975,-6.216,deeppk|huskin,,True,,4,4,3,1
merged,merged,merged_244,"N,N-dimethyl aniline",,CN(C)C1=CC=CC=C1,CN(C)c1ccccc1,,,-5.256,,cm/s,logKp,cos2[(4.31+AlogP)/8.66]=0.558; Neoplastic-80=0; X3v=2.23; log(Kp)/SVM=-1.83; log(Kp)/MLR=-1.94,True,merged,False,False,False,1,zeng,,,pooled_median_all_rows,1,zeng,"{""zeng"": [""222""]}","{""zeng"": [-5.256302500767287]}",[-5.256302500767287],"{""zeng"": 1}",[],0.0,0.0,3.643,True,,,,,,,,-5.256,deeppk|zeng,,True,,2,2,1,1
merged,merged,merged_245,,,CN(CC=CC#CC(C)(C)C)Cc1cccc2ccccc12,CN(CC=CC#CC(C)(C)C)Cc1cccc2ccccc12,,,-8.056,,cm/s,logKp,group=training,True,merged,False,True,False,2,deeppk|huskin,,,pooled_median_all_rows,2,huskin|zeng_deeppk,"{""deeppk"": [""deeppk_skin_permeability_train_row_111""], ""huskin"": [""huskin_row_507""]}","{""deeppk"": [-6.556302500767288], ""huskin"": [-9.556]}","[-9.556, -6.556302500767288]","{""deeppk"": 1, ""huskin"": 1}",[],3.0,1.5,3.643,True,,,,,,,,-8.056,,,True,,2,2,2,0
merged,merged,merged_246,Methotrexate,59-05-2,CN(CC1=CN=C2C(=N1)C(=NC(=N2)N)N)C3=CC=C(C=C3)C(=O)N[C@@H](CCC(=O)O)C(=O)O,CN(Cc1cnc2nc(N)nc(N)c2n1)c1ccc(C(=O)N[C@@H](CCC(=O)O)C(=O)O)cc1,,,-6.918,,cm/s,logKp,set=t; MWa=454.44; logKowb=-1.85; Mptc=468; LogSaqd=-5.242503203197633; LogSoce=-7.092503203197634; Hdf=5; Hag=12; MVh=398.75; Texpi=298; Skin thicknessj=0.01; Skin Integrity testk=tritiated water permeation; logJmaxm=-8.604013946242995; Reference=(Siddiqui et al. 1985); Resolved through PubChem exact CAS synonym match.,True,merged,True,True,False,2,cheruvu|huskin,,,pooled_median_all_rows,2,cheruvu|huskin,"{""cheruvu"": [""140"", ""141""], ""huskin"": [""huskin_row_385"", ""huskin_row_386"", ""huskin_row_387"", ""huskin_row_388"", ""huskin_row_389"", ""huskin_row_390"", ""huskin_row_391""]}","{""cheruvu"": [-6.91781324381265, -6.997994017302402], ""huskin"": [-7.007, -7.503, -7.209, -6.613, -6.807, -6.503, -6.84]}","[-7.007, -7.503, -7.209, -6.613, -6.807, -6.503, -6.84, -6.91781324381265, -6.997994017302402]","{""cheruvu"": 2, ""huskin"": 7}",[],1.0,0.283,3.643,True,,,(Siddiqui et al. 1985),,1985,,siddiqui_1985,-6.918,,,True,,9,9,9,0
merged,merged,merged_247,ranitidine,,O=[N+]([O-])/C=C(NCCSCC1=CC=C(O1)CN(C)C)\NC,CN/C(=C\[N+](=O)[O-])NCCSCc1ccc(CN(C)C)o1,,,-7.606,,cm/s,logKp,cos2[(4.31+AlogP)/8.66]=0.617; Neoplastic-80=1; X3v=5.768; log(Kp)/SVM=-4.04; log(Kp)/MLR=-3.64,True,merged,False,False,False,1,zeng,,,pooled_median_all_rows,1,zeng,"{""zeng"": [""15""]}","{""zeng"": [-7.606302500767287]}",[-7.606302500767287],"{""zeng"": 1}",[],0.0,0.0,3.643,True,,,,,,,,-7.606,,,True,,1,1,1,0
merged,merged,merged_248,piroxicam,,O=C(C3=C(O)C2=CC=CC=C2S(N3C)(=O)=O)NC1=NC=CC=C1,CN1C(C(=O)Nc2ccccn2)=C(O)c2ccccc2S1(=O)=O,,,-7.366,,cm/s,logKp,cos2[(4.31+AlogP)/8.66]=0.669; Neoplastic-80=1; X3v=6.773; log(Kp)/SVM=-4.21; log(Kp)/MLR=-4.15,True,merged,False,False,False,1,zeng,,,pooled_median_all_rows,1,zeng,"{""zeng"": [""76""]}","{""zeng"": [-7.366302500767287]}",[-7.366302500767287],"{""zeng"": 1}",[],0.0,0.0,3.643,True,,,,,,,,-7.366,,,True,,1,1,1,0
merged,merged,merged_249,scopolamine,,CN2C3CC(CC2C4C3O4)OC(C(C1=CC=CC=C1)CO)=O,CN1C2CC(OC(=O)C(CO)c3ccccc3)CC1C1OC12,,,-7.856,,cm/s,logKp,cos2[(4.31+AlogP)/8.66]=0.688; Neoplastic-80=1; X3v=6.542; log(Kp)/SVM=-4.29; log(Kp)/MLR=-4.24,True,merged,False,False,False,1,zeng,,,pooled_median_all_rows,1,zeng,"{""zeng"": [""37""]}","{""zeng"": [-7.856302500767287]}",[-7.856302500767287],"{""zeng"": 1}",[],0.0,0.0,3.643,True,,,,,,,,-7.856,deeppk|zeng,,True,,2,2,1,1
merged,merged,merged_250,,,CN1C2CCC1CC(OC(=O)C(CO)c1ccccc1)C2,CN1C2CCC1CC(OC(=O)C(CO)c1ccccc1)C2,,,-8.211,,cm/s,logKp,group=training,True,merged,True,True,False,3,deeppk|huskin|zeng,,,pooled_median_all_rows,3,huskin|zeng|zeng_deeppk,"{""deeppk"": [""deeppk_skin_permeability_train_row_58""], ""huskin"": [""huskin_row_154"", ""huskin_row_155""], ""zeng"": [""26""]}","{""deeppk"": [-8.626302500767288], ""huskin"": [-7.676, -8.635], ""zeng"": [-7.796302500767288]}","[-7.676, -8.635, -7.796302500767288, -8.626302500767288]","{""deeppk"": 1, ""huskin"": 2, ""zeng"": 1}",[],0.959,0.449,3.643,True,,,,,,,,-8.211,,,True,,4,4,4,0
merged,merged,merged_251,,,CN1CCC23c4c5ccc(O)c4OC2C(=O)CCC3C1C5,CN1CCC23c4c5ccc(O)c4OC2C(=O)CCC3C1C5,,,-8.001,,cm/s,logKp,group=training,True,merged,False,True,False,2,deeppk|zeng,,,pooled_median_all_rows,2,zeng|zeng_deeppk,"{""deeppk"": [""deeppk_skin_permeability_train_row_119""], ""zeng"": [""206""]}","{""deeppk"": [-8.376302500767288], ""zeng"": [-7.626302500767288]}","[-7.626302500767288, -8.376302500767288]","{""deeppk"": 1, ""zeng"": 1}",[],0.75,0.375,3.643,True,,,,,,,,-8.001,,,True,,2,2,2,0
merged,merged,merged_252,,,CN1CCC23c4c5ccc(O)c4OC2C(O)C=CC3C1C5,CN1CCC23c4c5ccc(O)c4OC2C(O)C=CC3C1C5,,,-8.586,,cm/s,logKp,group=training,True,merged,False,False,False,1,deeppk,,,pooled_median_all_rows,1,zeng_deeppk,"{""deeppk"": [""deeppk_skin_permeability_train_row_128""]}","{""deeppk"": [-8.586302500767287]}",[-8.586302500767287],"{""deeppk"": 1}",[],0.0,0.0,3.643,True,,,,,,,,-8.586,,,True,,1,1,1,0
merged,merged,merged_253,,,CN1CCCC1c1cccnc1,CN1CCCC1c1cccnc1,,,-5.546,,cm/s,logKp,group=training,True,merged,True,True,False,3,deeppk|huskin|zeng,,,pooled_median_all_rows,3,huskin|zeng|zeng_deeppk,"{""deeppk"": [""deeppk_skin_permeability_train_row_101""], ""huskin"": [""huskin_row_429"", ""huskin_row_430"", ""huskin_row_431""], ""zeng"": [""64""]}","{""deeppk"": [-5.266302500767287], ""huskin"": [-6.036, -5.27, -5.546], ""zeng"": [-5.656302500767287]}","[-6.036, -5.27, -5.546, -5.656302500767287, -5.266302500767287]","{""deeppk"": 1, ""huskin"": 3, ""zeng"": 1}",[],0.77,0.285,3.643,True,,,,,,,,-5.546,,,True,,5,5,5,0
merged,merged,merged_254,Nicotine,54-11-5,CN1CCC[C@H]1C2=CN=CC=C2,CN1CCC[C@H]1c1cccnc1,,,-7.318,,cm/s,logKp,"publication ID=223; Kp relation==; Kp (cm/h)=1.73 E-04 ± 0.56 E-04; Kp (cm/h) (processed)=0.000173; Kp error (cm/h) (processed)=0.000056; steady state flux Jss relation==; steady state flux Jss (original)==Jmax; steady state flux Jss unit (original)=µg/cm2/h; steady state flux Jss (converted) (ug/cm2/h)==Jmax; maximum flux Jmax (original)=175±57; maximum flux Jmax unit (original)=μg/cm2/h; maximum flux Jmax (ug/cm2/h) (processed)=175; maximum flux Jmax error (ug/cm2/h) (processed)=57; tlag (h) (original)=1.94±0.72; tlag (h) (processed)=1.94; tlag error (h) (processed)=0.72; skin donor type=Surgery; skin source site=breast; skin preparation=heat separation; used layer=epidermis; storage duration (days)=49-294; storage temperature (°C)=-85; donor type=Neat; category donor type=Neat; donor/skin surface temperature (°C)=32; acceptor type=Hanks balanced salt solution with 50 mg/L of gentamicin sulfate, 5.96 g/L of HEPES; category acceptor type=Cell culture media; acceptor pH=7.4; acceptor temperature (°C)=37; cell type=static Franz cell; author=Frasch,HF; date=2016; doi=10.1038/jes.2016.68; notes=the authors declare infinite dose conditions, For neat nicotine, the concentration was taken as its density (1010 mg/ml at 20 °C) to calculate the Kp.",True,merged,True,False,False,1,skinpix,,,pooled_median_all_rows,1,skinpix,"{""skinpix"": [""137"", ""138"", ""139""]}","{""skinpix"": [-7.318, -5.822, -7.339]}","[-7.318, -5.822, -7.339]","{""skinpix"": 3}",[],1.517,0.71,3.643,True,,10.1038/jes.2016.68,,"Frasch,HF",2016,223,frasch_2016,-7.318,,,True,,3,3,3,0
merged,merged,merged_255,1-(diphenylmethyl)-4-methylpiperazine,,CN1CCN(C(C3=CC=CC=C3)C2=CC=CC=C2)CC1,CN1CCN(C(c2ccccc2)c2ccccc2)CC1,,,-6.076,,cm/s,logKp,cos2[(4.31+AlogP)/8.66]=0.388; Neoplastic-80=1; X3v=5.563; log(Kp)/SVM=-2.53; log(Kp)/MLR=-2.12,True,merged,False,False,False,1,zeng,,,pooled_median_all_rows,1,zeng,"{""zeng"": [""94""]}","{""zeng"": [-6.076302500767287]}",[-6.076302500767287],"{""zeng"": 1}",[],0.0,0.0,3.643,True,,,,,,,,-6.076,,,True,,1,1,1,0
merged,merged,merged_256,Oxymorphone,76-41-5,CN1CC[C@]23[C@@H]4C(=O)CC[C@]2([C@H]1CC5=C3C(=C(C=C5)O)O4)O,CN1CC[C@]23c4c5ccc(O)c4O[C@H]2C(=O)CC[C@@]3(O)[C@H]1C5,,,-7.733,,cm/s,logKp,"publication ID=290; Kp relation==; Kp (cm/h)=0.0000665566±3.34434E-05; Kp (cm/h) (processed)=0.000066557; Kp error (cm/h) (processed)=0.000033443; steady state flux Jss relation==; steady state flux Jss (original)==Jmax; steady state flux Jss unit (original)=µg/cm2/h; steady state flux Jss (converted) (ug/cm2/h)==Jmax; maximum flux Jmax (original)=0.58±0.29; maximum flux Jmax unit (original)=μg/cm2/h; maximum flux Jmax (ug/cm2/h) (processed)=0.58; maximum flux Jmax error (ug/cm2/h) (processed)=0.29; skin donor type=Surgery; skin source site=abdomen; skin preparation=heat separation; used layer=epidermis; storage duration (days)=<0.25; storage temperature (°C)=-20; donor type=Water; category donor type=Water; donor/skin surface temperature (°C)=32; acceptor type=PBS with sodium azide; category acceptor type=PBS based formulations; acceptor pH=6.5; acceptor temperature (°C)=37; cell type=static Franz cell; author=Musazzi,UM; date=2015; doi=10.1016/j.ijpharm.2015.04.071; notes=occlusion using Parafilm®, the experts calculated Kp from pKp (4.24 cm/h) given by the authors, 2 donors, No sampling between 8 and 24h",True,merged,False,False,False,1,skinpix,,,pooled_median_all_rows,1,skinpix,"{""skinpix"": [""145""]}","{""skinpix"": [-7.733111659]}",[-7.733111659],"{""skinpix"": 1}",[],0.0,0.0,3.643,True,,10.1016/j.ijpharm.2015.04.071,,"Musazzi,UM",2015,290,musazzi_2015,-7.733,,,True,,1,1,1,0
merged,merged,merged_257,Hydromorphone,,O=C1CC[C@@H]2[C@@]34[C@H]1Oc1c4c(C[C@H]2N(CC3)C)ccc1O,CN1CC[C@]23c4c5ccc(O)c4O[C@H]2C(=O)CC[C@H]3[C@H]1C5,,,-8.192,,cm/s,logKp,"skin donor type=Cadaver; skin source site=abdomen; used layer=epidermis; skin preparation=heat separation; storage temperature (°C)=-20; neat=0; donor/skin surface temperature (°C)=37; donor pH=7.4; donor type=Citrate-phosphate buffer; acceptor temperature (°C)=37; acceptor pH=7.4; cell type=Glass diffusion cell; reference=Roy, 1989; DOI=10.1023/A:1015944018555",True,merged,False,True,False,2,huskin|skinpix,,,pooled_median_all_rows,2,huskin|skinpix,"{""huskin"": [""huskin_row_337""], ""skinpix"": [""111""]}","{""huskin"": [-8.38], ""skinpix"": [-8.004117488]}","[-8.38, -8.004117488]","{""huskin"": 1, ""skinpix"": 1}",[],0.376,0.188,3.643,True,,10.1023/A:1015944018555,"Roy, 1989",,1989,,roy_1989,-8.192,,,True,,2,2,2,0
merged,merged,merged_258,Morphine,,O[C@H]1C=C[C@@H]2[C@@]34[C@H]1Oc1c4c(C[C@H]2N(CC3)C)ccc1O,CN1CC[C@]23c4c5ccc(O)c4O[C@H]2[C@@H](O)C=C[C@H]3[C@H]1C5,,,-8.197,,cm/s,logKp,"skin donor type=Cadaver; skin source site=abdomen; used layer=epidermis; skin preparation=heat separation; storage temperature (°C)=-20; neat=0; donor/skin surface temperature (°C)=37; donor pH=7.4; donor type=Citrate-phosphate buffer; acceptor temperature (°C)=37; acceptor pH=7.4; cell type=Glass diffusion cell; reference=Roy, 1989; DOI=10.1023/A:1015944018555",True,merged,True,True,False,3,huskin|skinpix|zeng,,,pooled_median_all_rows,3,huskin|skinpix|zeng,"{""huskin"": [""huskin_row_405"", ""huskin_row_406""], ""skinpix"": [""130""], ""zeng"": [""4""]}","{""huskin"": [-8.588, -9.352], ""skinpix"": [-7.419930646], ""zeng"": [-7.806302500767288]}","[-8.588, -9.352, -7.419930646, -7.806302500767288]","{""huskin"": 2, ""skinpix"": 1, ""zeng"": 1}",[],1.932,0.743,3.643,True,,10.1023/A:1015944018555,"Roy, 1989",,1989,,roy_1989,-8.197,,,True,,4,4,4,0
merged,merged,merged_259,Dihydromorphine,509-60-4,CN1CC[C@]23[C@@H]4[C@H]1CC5=C2C(=C(C=C5)O)O[C@H]3[C@H](CC4)O,CN1CC[C@]23c4c5ccc(O)c4O[C@H]2[C@@H](O)CC[C@H]3[C@H]1C5,,,-7.723,,cm/s,logKp,"publication ID=290; Kp relation==; Kp (cm/h)=0.000068154±3.1846E-5; Kp (cm/h) (processed)=0.000068154; Kp error (cm/h) (processed)=0.000031846; steady state flux Jss relation==; steady state flux Jss (original)==Jmax; steady state flux Jss unit (original)=µg/cm2/h; steady state flux Jss (converted) (ug/cm2/h)==Jmax; maximum flux Jmax (original)=0.21±0.08; maximum flux Jmax unit (original)=μg/cm2/h; maximum flux Jmax (ug/cm2/h) (processed)=0.21; maximum flux Jmax error (ug/cm2/h) (processed)=0.08; skin donor type=Surgery; skin source site=abdomen; skin preparation=heat separation; used layer=epidermis; storage duration (days)=<0.25; storage temperature (°C)=-20; donor type=Water; category donor type=Water; donor/skin surface temperature (°C)=32; acceptor type=PBS with sodium azide; category acceptor type=PBS based formulations; acceptor pH=6.5; acceptor temperature (°C)=37; cell type=static Franz cell; author=Musazzi,UM; date=2015; doi=10.1016/j.ijpharm.2015.04.071; notes=occlusion using Parafilm®,  the experts calculated Kp from pKp (4.22 cm/h) given by the authors2 donors, No sampling between 8 and 24h",True,merged,False,False,False,1,skinpix,,,pooled_median_all_rows,1,skinpix,"{""skinpix"": [""89""]}","{""skinpix"": [-7.722811771]}",[-7.722811771],"{""skinpix"": 1}",[],0.0,0.0,3.643,True,,10.1016/j.ijpharm.2015.04.071,,"Musazzi,UM",2015,290,musazzi_2015,-7.723,,,True,,1,1,1,0
merged,merged,merged_260,Scopolamine,,OC[C@H](c1ccccc1)C(=O)OC1C[C@@H]2N([C@H](C1)[C@@H]1[C@H]2O1)C,CN1[C@@H]2CC(OC(=O)[C@H](CO)c3ccccc3)C[C@H]1[C@@H]1O[C@@H]12,,,-8.542,,cm/s,logKp,"skin donor type=Cadaver; skin source site=thigh; used layer=epidermis, dermis; storage temperature (°C)=4; storage duration (days)=14; neat=0; donor/skin surface temperature (°C)=30; donor pH=9.6; acceptor temperature (°C)=30; acceptor pH=6.5; acceptor type=Ringer solution; cell type=Glass diffusion cell; flux=Jss_max= 3.8 (2.0-8.0) ug/(cm^2*h); c= 75mg/ml; notes=maximum flux value used for kp calculation; reference=Michaels A. S., 1975; DOI=10.1002/aic.690210522",True,merged,True,False,False,1,huskin,,,pooled_median_all_rows,1,huskin,"{""huskin"": [""huskin_row_488"", ""huskin_row_489"", ""huskin_row_490"", ""huskin_row_491""]}","{""huskin"": [-7.852, -9.128, -8.862, -8.221]}","[-7.852, -9.128, -8.862, -8.221]","{""huskin"": 4}",[],1.276,0.506,3.643,True,,10.1002/aic.690210522,"Michaels A. S., 1975",,1975,,michaels_1975,-8.541,,,True,,4,4,4,0
merged,merged,merged_261,Ranitidine,,CN/C(=C[N+](=O)[O-])/NCCSCc1ccc(o1)CN(C)C,CNC(=C[N+](=O)[O-])NCCSCc1ccc(CN(C)C)o1,,,-7.608,,cm/s,logKp,"skin donor type=Abdominoplasty; skin source site=abdomen; used layer=epidermis, dermis; storage temperature (°C)=-70; storage duration (days)=21; neat=0; donor/skin surface temperature (°C)=32; acceptor temperature (°C)=37; acceptor pH=7.4; acceptor type=PBS; cell type=Franz cell; reference=Degim, 2003; DOI=10.1002/jps.10312",True,merged,False,False,False,1,huskin,,,pooled_median_all_rows,1,huskin,"{""huskin"": [""huskin_row_479""]}","{""huskin"": [-7.608]}",[-7.608],"{""huskin"": 1}",[],0.0,0.0,3.643,True,,10.1002/jps.10312,"Degim, 2003",,2003,,degim_2003,-7.608,,,True,,1,1,1,0
merged,merged,merged_262,Nizatidine,,CN/C(=C[N+](=O)[O-])/NCCSCc1csc(n1)CN(C)C,CNC(=C[N+](=O)[O-])NCCSCc1csc(CN(C)C)n1,,,-7.981,,cm/s,logKp,"skin donor type=Abdominoplasty; skin source site=abdomen; used layer=epidermis, dermis; storage temperature (°C)=-70; storage duration (days)=21; neat=0; donor/skin surface temperature (°C)=32; acceptor temperature (°C)=37; acceptor pH=7.4; acceptor type=PBS; cell type=Franz cell; reference=Degim, 2003; DOI=10.1002/jps.10312",True,merged,False,False,False,1,huskin,,,pooled_median_all_rows,1,huskin,"{""huskin"": [""huskin_row_434""]}","{""huskin"": [-7.981]}",[-7.981],"{""huskin"": 1}",[],0.0,0.0,3.643,True,,10.1002/jps.10312,"Degim, 2003",,2003,,degim_2003,-7.981,,,True,,1,1,1,0
merged,merged,merged_263,Propoxur,,CNC(=O)Oc1ccccc1OC(C)C,CNC(=O)Oc1ccccc1OC(C)C,,,-5.912,,cm/s,logKp,"skin donor type=Abdominoplasty; skin source site=abdomen; used layer=epidermis, dermis; neat=0; donor/skin surface temperature (°C)=32; donor type=60 % Ethanol in water; acceptor temperature (°C)=36; acceptor pH=7.4; acceptor type=0.9% NaCl, 0.01% sodium azide, 3% BSA; flux=Jss= 4.7±0.4 ug/(cm^2*h); c=2.75mg/ml; reference=Wilkinson, 2006; DOI=10.1007/s00420-005-0056-5",True,merged,True,True,False,2,huskin|zeng,,,pooled_median_all_rows,2,huskin|zeng,"{""huskin"": [""huskin_row_469"", ""huskin_row_470"", ""huskin_row_471"", ""huskin_row_472""], ""zeng"": [""67""]}","{""huskin"": [-6.324, -5.878, -5.797, -5.912], ""zeng"": [-6.146302500767288]}","[-6.324, -5.878, -5.797, -5.912, -6.146302500767288]","{""huskin"": 4, ""zeng"": 1}",[],0.527,0.195,3.643,True,,10.1007/s00420-005-0056-5,"Wilkinson, 2006",,2006,,wilkinson_2006,-5.912,,,True,,6,6,5,1
merged,merged,merged_264,ephedrine,,OC(C1=CC=CC=C1)C(C)NC,CNC(C)C(O)c1ccccc1,,,-5.776,,cm/s,logKp,cos2[(4.31+AlogP)/8.66]=0.643; Neoplastic-80=0; X3v=2.933; log(Kp)/SVM=-2.19; log(Kp)/MLR=-2.61,True,merged,False,False,False,1,zeng,,,pooled_median_all_rows,1,zeng,"{""zeng"": [""1""]}","{""zeng"": [-5.7763025007672875]}",[-5.7763025007672875],"{""zeng"": 1}",[],0.0,0.0,3.643,True,,,,,,,,-5.776,deeppk|zeng,,True,,2,2,1,1
merged,merged,merged_265,monomethylhydrazine,,NNC,CNN,,,-7.306,,cm/s,logKp,cos2[(4.31+AlogP)/8.66]=0.854; Neoplastic-80=0; X3v=0.289; log(Kp)/SVM=-3.69; log(Kp)/MLR=-3.54,True,merged,False,False,False,1,zeng,,,pooled_median_all_rows,1,zeng,"{""zeng"": [""75""]}","{""zeng"": [-7.306302500767288]}",[-7.306302500767288],"{""zeng"": 1}",[],0.0,0.0,3.643,True,,,,,,,,-7.306,,,True,,1,1,1,0
merged,merged,merged_266,Ephedrine,,CN[C@H]([C@@H](c1ccccc1)O)C,CN[C@@H](C)[C@H](O)c1ccccc1,,,-5.778,,cm/s,logKp,"skin donor type=Cadaver; skin source site=thigh; used layer=epidermis, dermis; storage temperature (°C)=4; storage duration (days)=14; neat=0; donor/skin surface temperature (°C)=30; donor pH=10.8; acceptor temperature (°C)=30; acceptor pH=6.5; acceptor type=Ringer solution; cell type=Glass diffusion cell; flux=Jss_max= 300 (250-400) ug/(cm^2*h); c= 50mg/ml; notes=maximum flux value used for kp calculation; reference=Michaels A. S., 1975; DOI=10.1002/aic.690210522",True,merged,True,False,False,1,huskin,,,pooled_median_all_rows,1,huskin,"{""huskin"": [""huskin_row_245"", ""huskin_row_246"", ""huskin_row_247"", ""huskin_row_248""]}","{""huskin"": [-5.778, -5.778, -5.778, -6.326]}","[-5.778, -5.778, -5.778, -6.326]","{""huskin"": 4}",[],0.548,0.237,3.643,True,,10.1002/aic.690210522,"Michaels A. S., 1975",,1975,,michaels_1975,-5.778,,,True,,4,4,4,0
merged,merged,merged_267,Methanol,,CO,CO,,,-5.946,,cm/s,logKp,"skin donor type=Cadaver; skin source site=abdomen; used layer=epidermis; skin preparation=heat separation; neat=0; cell type=Pyrex cell; reference=Scheuplein, 1965; DOI=10.1038/jid.1965.140",True,merged,True,True,False,2,huskin|zeng,,,pooled_median_all_rows,2,huskin|zeng,"{""huskin"": [""huskin_row_378"", ""huskin_row_379"", ""huskin_row_380"", ""huskin_row_381"", ""huskin_row_382"", ""huskin_row_383"", ""huskin_row_384""], ""zeng"": [""214""]}","{""huskin"": [-6.556, -3.857, -5.539, -6.857, -5.195, -4.832, -6.352], ""zeng"": [-6.856302500767287]}","[-6.556, -3.857, -5.539, -6.857, -5.195, -4.832, -6.352, -6.856302500767287]","{""huskin"": 7, ""zeng"": 1}",[],3.0,1.015,3.643,True,,10.1038/jid.1965.140,"Scheuplein, 1965",,1965,,scheuplein_1965,-5.946,,,True,,12,12,8,4
merged,merged,merged_268,,,COC(=O)CCC(=O)OCC(=O)C1(O)CCC2C3CC=C4CC(=O)CCC4(C)C3C(O)CC21C,COC(=O)CCC(=O)OCC(=O)C1(O)CCC2C3CC=C4CC(=O)CCC4(C)C3C(O)CC21C,,,-7.236,,cm/s,logKp,group=training,True,merged,False,False,False,1,deeppk,,,pooled_median_all_rows,1,zeng_deeppk,"{""deeppk"": [""deeppk_skin_permeability_train_row_92""]}","{""deeppk"": [-7.236302500767287]}",[-7.236302500767287],"{""deeppk"": 1}",[],0.0,0.0,3.643,True,,,,,,,,-7.236,,,True,,1,1,1,0
merged,merged,merged_269,Hydrocortisone 21-methylsuccinate,,COC(=O)CCC(=O)OCC(=O)[C@@]1(O)CC[C@@H]2[C@]1(C)C[C@H](O)[C@H]1[C@H]2CCC2=CC(=O)CC[C@]12C,COC(=O)CCC(=O)OCC(=O)[C@@]1(O)CC[C@H]2[C@@H]3CCC4=CC(=O)CC[C@]4(C)[C@H]3[C@@H](O)C[C@@]21C,,,-7.234,,cm/s,logKp,"skin donor type=Abdominoplasty or cadaver; used layer=stratum corneum; skin preparation=trypsinisation; storage temperature (°C)=4; storage duration (days)=8.5 (7-10); neat=0; donor/skin surface temperature (°C)=37; donor pH=4; donor type=Succinate solution; acceptor temperature (°C)=37; acceptor pH=4; acceptor type=Succinate solution; cell type=Flow through cell; reference=Anderson, 1988; DOI=10.1023/a:1015989929342",True,merged,False,False,False,1,huskin,,,pooled_median_all_rows,1,huskin,"{""huskin"": [""huskin_row_331""]}","{""huskin"": [-7.234]}",[-7.234],"{""huskin"": 1}",[],0.0,0.0,3.643,True,,10.1023/a:1015989929342,"Anderson, 1988",,1988,,anderson_1988,-7.234,,,True,,1,1,1,0
merged,merged,merged_270,,,COC(=O)CCCCCC(=O)OCC(=O)C1(O)CCC2C3CC=C4CC(=O)CCC4(C)C3C(O)CC21C,COC(=O)CCCCCC(=O)OCC(=O)C1(O)CCC2C3CC=C4CC(=O)CCC4(C)C3C(O)CC21C,,,-5.826,,cm/s,logKp,group=training,True,merged,False,False,False,1,deeppk,,,pooled_median_all_rows,1,zeng_deeppk,"{""deeppk"": [""deeppk_skin_permeability_train_row_44""]}","{""deeppk"": [-5.826302500767287]}",[-5.826302500767287],"{""deeppk"": 1}",[],0.0,0.0,3.643,True,,,,,,,,-5.826,,,True,,1,1,1,0
merged,merged,merged_271,Hydrocortisone 21-methylpimelate,,COC(=O)CCCCCC(=O)OCC(=O)[C@@]1(O)CC[C@@H]2[C@]1(C)C[C@H](O)[C@H]1[C@H]2CCC2=CC(=O)CC[C@]12C,COC(=O)CCCCCC(=O)OCC(=O)[C@@]1(O)CC[C@H]2[C@@H]3CCC4=CC(=O)CC[C@]4(C)[C@H]3[C@@H](O)C[C@@]21C,,,-5.824,,cm/s,logKp,"skin donor type=Abdominoplasty or cadaver; used layer=stratum corneum; skin preparation=trypsinisation; storage temperature (°C)=4; storage duration (days)=8.5 (7-10); neat=0; donor/skin surface temperature (°C)=37; donor pH=4; donor type=Succinate solution; acceptor temperature (°C)=37; acceptor pH=4; acceptor type=Succinate solution; cell type=Flow through cell; reference=Anderson, 1988; DOI=10.1023/a:1015989929342",True,merged,False,False,False,1,huskin,,,pooled_median_all_rows,1,huskin,"{""huskin"": [""huskin_row_330""]}","{""huskin"": [-5.824]}",[-5.824],"{""huskin"": 1}",[],0.0,0.0,3.643,True,,10.1023/a:1015989929342,"Anderson, 1988",,1988,,anderson_1988,-5.824,,,True,,1,1,1,0
merged,merged,merged_272,Methyl 4-hydroxyphenylacetate,,COC(=O)Cc1ccc(cc1)O,COC(=O)Cc1ccc(O)cc1,,,-5.255,,cm/s,logKp,"skin donor type=Abdominoplasty; skin source site=abdomen; used layer=stratum corneum; skin preparation=trypsinisation; neat=0; donor pH=4; donor type=Succinate solution; cell type=Flow through cell; reference=Anderson, 1989; DOI=10.1111/1523-1747.ep12277592",True,merged,False,False,False,1,huskin,,,pooled_median_all_rows,1,huskin,"{""huskin"": [""huskin_row_396""]}","{""huskin"": [-5.255]}",[-5.255],"{""huskin"": 1}",[],0.0,0.0,3.643,True,,10.1111/1523-1747.ep12277592,"Anderson, 1989",,1989,,anderson_1989,-5.255,cheruvu|huskin,,True,,2,2,1,1
merged,merged,merged_273,Carbendazim,10605-21-7,COC(=O)NC1=NC2=CC=CC=C2N1,COC(=O)Nc1nc2ccccc2[nH]1,,,-6.025,,cm/s,logKp,"publication ID=514; Kp relation==; Kp (cm/h)=0.0034; Kp (cm/h) (processed)=0.0034; maximum flux Jmax (original)=0.0188±0.0004; maximum flux Jmax unit (original)=μg/cm2/h; maximum flux Jmax (ug/cm2/h) (processed)=0.0188; maximum flux Jmax error (ug/cm2/h) (processed)=0.0004; tlag (h) (original)=1.6±0.3; tlag (h) (processed)=1.6; tlag error (h) (processed)=0.3; skin donor type=Surgery; skin source site=abdomen; skin preparation=dermatomed; used layer=epidermis, dermis; storage duration (days)=<180; storage temperature (°C)=-20; donor type=Water; category donor type=Water; donor/skin surface temperature (°C)=32; acceptor type=PBS with BSA; category acceptor type=PBS based formulations; acceptor pH=7.4; acceptor temperature (°C)=32; cell type=static Franz cell; author=Bányiová,K; date=2016; doi=10.1016/j.chemosphere.2015.11.018; notes=the authors declare infinite dose conditions",True,merged,False,False,False,1,skinpix,,,pooled_median_all_rows,1,skinpix,"{""skinpix"": [""67""]}","{""skinpix"": [-6.025]}",[-6.025],"{""skinpix"": 1}",[],0.0,0.0,3.643,True,,10.1016/j.chemosphere.2015.11.018,,"Bányiová,K",2016,514,bnyiov_2016,-6.025,,,True,,1,1,1,0
merged,merged,merged_274,Methyl p-aminobenzoate,,COC(=O)c1ccc(cc1)N,COC(=O)c1ccc(N)cc1,,,-5.012,,cm/s,logKp,"skin donor type=Cadaver; skin source site=thigh; used layer=epidermis, dermis; skin preparation=dermatomed 300um; storage temperature (°C)=4; neat=0; donor/skin surface temperature (°C)=25; acceptor temperature (°C)=25; cell type=Flow through cell; reference=Roy, 1993; DOI=10.1002/jps.2600821217",True,merged,True,True,False,2,huskin|skinpix,,,pooled_median_all_rows,2,huskin|skinpix,"{""huskin"": [""huskin_row_399"", ""huskin_row_400""], ""skinpix"": [""125""]}","{""huskin"": [-5.195, -5.012], ""skinpix"": [-4.735]}","[-5.195, -5.012, -4.735]","{""huskin"": 2, ""skinpix"": 1}",[],0.46,0.189,3.643,True,,10.1002/jps.2600821217,"Roy, 1993",,1993,,roy_1993,-5.012,,,True,,3,3,3,0
merged,merged,merged_275,Methylparaben,99-76-3,COC(=O)C1=CC=C(C=C1)O,COC(=O)c1ccc(O)cc1,,,-5.59,,cm/s,logKp,set=t*; MWa=152.2; logKowb=1.96; Mptc=401; LogSaqd=-4.804016751486416; LogSoce=-2.844016751486416; Hdf=1; Hag=3; MVh=113.9; Texpi=305; Skin thicknessj=0.1; logJmaxm=-6.766590253545792; Reference=(Najib et al.2020); Resolved through PubChem exact CAS synonym match.,True,merged,True,True,False,3,cheruvu|huskin|skinpix,,,pooled_median_all_rows,3,cheruvu|huskin|skinpix,"{""cheruvu"": [""50"", ""464""], ""huskin"": [""huskin_row_392"", ""huskin_row_393"", ""huskin_row_394"", ""huskin_row_395""], ""skinpix"": [""126"", ""127"", ""128""]}","{""cheruvu"": [-5.590245853074125, -5.518876002826664], ""huskin"": [-5.23, -5.596, -5.634, -5.632], ""skinpix"": [-5.604, -4.981, -5.059]}","[-5.23, -5.596, -5.634, -5.632, -5.604, -4.981, -5.059, -5.590245853074125, -5.518876002826664]","{""cheruvu"": 2, ""huskin"": 4, ""skinpix"": 3}",[],0.653,0.248,3.643,True,,,(Najib et al.2020),,2020,,najib_2020,-5.59,,,True,,13,13,9,4
merged,merged,merged_276,Dimethyl phthalate,131-11-3,COC(=O)C1=CC=CC=C1C(=O)OC,COC(=O)c1ccccc1C(=O)OC,,,-5.178,,cm/s,logKp,set=t; MWa=194.18; logKowb=1.69; Mptc=278.5; LogSaqd=-4.611090127243277; LogSoce=-2.9210901272432768; Hdf=0; Hag=4; MVh=164; Texpi=305; Skin thicknessj=0.075; Skin Integrity testk=transepidermal electrical resistance; Skin Selection criteria=>4.26 kΩ; logJmaxm=-6.163674963153337; Reference=(Ellison et al. 2020); Resolved through PubChem exact CAS synonym match.,True,merged,True,True,False,3,cheruvu|huskin|skinpix,,,pooled_median_all_rows,3,cheruvu|huskin|skinpix,"{""cheruvu"": [""436""], ""huskin"": [""huskin_row_240""], ""skinpix"": [""90"", ""91""]}","{""cheruvu"": [-5.108887336677347], ""huskin"": [-8.035], ""skinpix"": [-5.153, -5.204]}","[-8.035, -5.153, -5.204, -5.108887336677347]","{""cheruvu"": 1, ""huskin"": 1, ""skinpix"": 2}",[],2.926,1.247,3.643,True,,,(Ellison et al. 2020),,2020,,ellison_2020,-5.178,,,True,,5,5,4,1
merged,merged,merged_277,Methyl salicylate,,COC(=O)c1ccccc1O,COC(=O)c1ccccc1O,,,-5.0,,cm/s,logKp,"skin donor type=Abdominoplasty; skin source site=abdomen; used layer=epidermis; skin preparation=heat separation; storage temperature (°C)=-20; storage duration (days)=90; neat=0; donor/skin surface temperature (°C)=32; donor pH=7.4; donor type=PBS; acceptor temperature (°C)=32; acceptor type=PBS with ethanol; cell type=Franz cell; reference=Zhang, 2009; DOI=10.1007/s11095-009-9912-4",True,merged,False,False,False,1,huskin,,,pooled_median_all_rows,1,huskin,"{""huskin"": [""huskin_row_401""]}","{""huskin"": [-5.0]}",[-5.0],"{""huskin"": 1}",[],0.0,0.0,3.643,True,,10.1007/s11095-009-9912-4,"Zhang, 2009",,2009,,zhang_2009,-5.0,cheruvu|huskin,,True,,2,2,1,1
merged,merged,merged_278,"Nicotinate, methyl",93-60-7,COC(=O)C1=CN=CC=C1,COC(=O)c1cccnc1,,,-6.066,,cm/s,logKp,set=t; MWa=137.1; logKowb=0.88; Mptc=316; LogSaqd=-3.283996656365201; LogSoce=-2.403996656365201; Hdf=0; Hag=3; MVh=114.4; Texpi=310; Skin thicknessj=0.1; logJmaxm=-6.559720786764412; Reference=(DalPozzo et al. 1991); Resolved through PubChem exact CAS synonym match.,True,merged,True,True,False,3,cheruvu|huskin|zeng,,,pooled_median_all_rows,3,cheruvu|huskin|zeng,"{""cheruvu"": [""53"", ""94""], ""huskin"": [""huskin_row_397"", ""huskin_row_398""], ""zeng"": [""52""]}","{""cheruvu"": [-6.832026631166498, -6.866106420738774], ""huskin"": [-6.046, -5.966], ""zeng"": [-6.0663025007672875]}","[-6.046, -5.966, -6.0663025007672875, -6.832026631166498, -6.866106420738774]","{""cheruvu"": 2, ""huskin"": 2, ""zeng"": 1}",[],0.9,0.405,3.643,True,,,(DalPozzo et al. 1991),,1991,,dalpozzo_1991,-6.066,,,True,,6,6,5,1
merged,merged,merged_279,methyl acetate,,CC(OC)=O,COC(C)=O,,,-6.596,,cm/s,logKp,cos2[(4.31+AlogP)/8.66]=0.77; Neoplastic-80=0; X3v=0.696; log(Kp)/SVM=-3.32; log(Kp)/MLR=-3.07,True,merged,False,False,False,1,zeng,,,pooled_median_all_rows,1,zeng,"{""zeng"": [""267""]}","{""zeng"": [-6.596302500767287]}",[-6.596302500767287],"{""zeng"": 1}",[],0.0,0.0,3.643,True,,,,,,,,-6.596,,,True,,1,1,1,0
merged,merged,merged_280,,,COC(C)COC(C)CO,COC(C)COC(C)CO,,,-7.653,,cm/s,logKp,group=training,True,merged,True,True,False,2,deeppk|huskin,,,pooled_median_all_rows,2,huskin|zeng_deeppk,"{""deeppk"": [""deeppk_skin_permeability_train_row_36""], ""huskin"": [""huskin_row_242"", ""huskin_row_243""]}","{""deeppk"": [-8.376302500767288], ""huskin"": [-7.653, -7.515]}","[-7.653, -7.515, -8.376302500767288]","{""deeppk"": 1, ""huskin"": 2}",[],0.861,0.378,3.643,True,,,,,,,,-7.653,,,True,,3,3,3,0
merged,merged,merged_281,griseofulvin,,O=C1C(C(OC)=CC(CC3C)=O)3OC2=C(Cl)C(OC)=CC(OC)=C12,COC1=CC(=O)CC(C)C12Oc1c(Cl)c(OC)cc(OC)c1C2=O,,,-6.446,,cm/s,logKp,cos2[(4.31+AlogP)/8.66]=0.537; Neoplastic-80=1; X3v=6.128; log(Kp)/SVM=-3.47; log(Kp)/MLR=-3.18,True,merged,False,False,False,1,zeng,,,pooled_median_all_rows,1,zeng,"{""zeng"": [""99""]}","{""zeng"": [-6.446302500767287]}",[-6.446302500767287],"{""zeng"": 1}",[],0.0,0.0,3.643,True,,,,,,,,-6.446,,,True,,1,1,1,0
merged,merged,merged_282,methyl formate,,O=COC,COC=O,,,-6.626,,cm/s,logKp,cos2[(4.31+AlogP)/8.66]=0.775; Neoplastic-80=0; X3v=0.332; log(Kp)/SVM=-3.29; log(Kp)/MLR=-3.04,True,merged,False,False,False,1,zeng,,,pooled_median_all_rows,1,zeng,"{""zeng"": [""128""]}","{""zeng"": [-6.626302500767287]}",[-6.626302500767287],"{""zeng"": 1}",[],0.0,0.0,3.643,True,,,,,,,,-6.626,,,True,,1,1,1,0
merged,merged,merged_283,1-Methoxy-2-Propanol,,COCC(O)C,COCC(C)O,,,-6.458,,cm/s,logKp,"skin donor type=Mammaplasty; skin source site=breast; used layer=epidermis, dermis; skin preparation=dermatomed 330um; storage temperature (°C)=-70; neat=0; donor pH=7.4; acceptor temperature (°C)=32; acceptor pH=7.4; acceptor type=Eagle’s Minimal Essential Medium, sodium hydrogen carbonate, gentamicin; cell type=Glass diffusion cell; flux=Jss= 48±6 nmol/(cm ^2*h); c=3mg/ml; reference=Wilkinson, 2002; DOI=10.1007/s00420-002-0367-8",True,merged,True,True,False,3,huskin|skinpix|zeng,,,pooled_median_all_rows,3,huskin|skinpix|zeng,"{""huskin"": [""huskin_row_50"", ""huskin_row_51""], ""skinpix"": [""154""], ""zeng"": [""148""]}","{""huskin"": [-6.397, -6.459], ""skinpix"": [-7.571], ""zeng"": [-6.456302500767287]}","[-6.397, -6.459, -7.571, -6.456302500767287]","{""huskin"": 2, ""skinpix"": 1, ""zeng"": 1}",[],1.174,0.491,3.643,True,,10.1007/s00420-002-0367-8,"Wilkinson, 2002",,2002,,wilkinson_2002,-6.458,,,True,,5,5,4,1
merged,merged,merged_284,dipropylene glycol methyl ether,,CC(OCC(O)C)COC,COCC(C)OCC(C)O,,,-6.626,,cm/s,logKp,cos2[(4.31+AlogP)/8.66]=0.758; Neoplastic-80=0; X3v=2.448; log(Kp)/SVM=-3.2; log(Kp)/MLR=-3.28,True,merged,False,False,False,1,zeng,,,pooled_median_all_rows,1,zeng,"{""zeng"": [""60""]}","{""zeng"": [-6.626302500767287]}",[-6.626302500767287],"{""zeng"": 1}",[],0.0,0.0,3.643,True,,,,,,,,-6.626,,,True,,1,1,1,0
merged,merged,merged_285,,,COCCO,COCCO,,,-6.096,,cm/s,logKp,group=training,True,merged,False,True,False,3,deeppk|huskin|zeng,,,pooled_median_all_rows,3,huskin|zeng|zeng_deeppk,"{""deeppk"": [""deeppk_skin_permeability_train_row_18""], ""huskin"": [""huskin_row_114""], ""zeng"": [""108""]}","{""deeppk"": [-6.096302500767287], ""huskin"": [-6.095], ""zeng"": [-7.286302500767287]}","[-6.095, -7.286302500767287, -6.096302500767287]","{""deeppk"": 1, ""huskin"": 1, ""zeng"": 1}",[],1.191,0.561,3.643,True,,,,,,,,-6.096,,,True,,3,3,3,0
merged,merged,merged_286,Ethylene glycol mono methyl ether acetate,,COCCOC(=O)C,COCCOC(C)=O,,,-6.637,,cm/s,logKp,"skin donor type=Surgery; skin source site=abdomen; used layer=epidermis, dermis; skin preparation=fat removed; storage temperature (°C)=-25; storage duration (days)=120; neat=0; acceptor temperature (°C)=32; acceptor type=NaCl solution; cell type=Franz cell; reference=Venier, 2004; DOI=10.1016/j.tiv.2004.03.004",True,merged,True,True,False,2,huskin|zeng,,,pooled_median_all_rows,2,huskin|zeng,"{""huskin"": [""huskin_row_284"", ""huskin_row_285""], ""zeng"": [""253""]}","{""huskin"": [-6.299, -6.637], ""zeng"": [-7.156302500767287]}","[-6.299, -6.637, -7.156302500767287]","{""huskin"": 2, ""zeng"": 1}",[],0.857,0.353,3.643,True,,10.1016/j.tiv.2004.03.004,"Venier, 2004",,2004,,venier_2004,-6.637,,,True,,4,4,3,1
merged,merged,merged_287,2-(2-Methoxyethoxy)ethanol,,COCCOCCO,COCCOCCO,,,-7.244,,cm/s,logKp,"skin donor type=Cadaver; skin source site=abdomen; used layer=epidermis; skin preparation=heat separation; neat=1; donor/skin surface temperature (°C)=30; acceptor temperature (°C)=30; acceptor type=Water; cell type=Glass diffusion cell; reference=Dugard, 1984; DOI=10.1289/ehp.8457193",True,merged,False,True,False,2,huskin|zeng,,,pooled_median_all_rows,2,huskin|zeng,"{""huskin"": [""huskin_row_96""], ""zeng"": [""118""]}","{""huskin"": [-7.242], ""zeng"": [-7.246302500767287]}","[-7.242, -7.246302500767287]","{""huskin"": 1, ""zeng"": 1}",[],0.004,0.002,3.643,True,,10.1289/ehp.8457193,"Dugard, 1984",,1984,,dugard_1984,-7.244,,,True,,3,3,2,1
merged,merged,merged_288,Methyltriglycol nicotinate,,COCCOCCOCCOC(=O)c1cccnc1,COCCOCCOCCOC(=O)c1cccnc1,,,-7.308,,cm/s,logKp,"skin donor type=Abdominoplasty or mammaplasty; skin source site=abdomen, breast; used layer=epidermis; skin preparation=heat separation; storage temperature (°C)=4; neat=0; donor/skin surface temperature (°C)=37; donor pH=7.4; acceptor temperature (°C)=37; acceptor type=PBS; cell type=Franz cell; flux=Jss= 17.7 ug/(cm^2*h); c=100mg/ml; reference=Dalpozzo, 1991; DOI=10.1002/jps.2600800114",True,merged,False,False,False,1,huskin,,,pooled_median_all_rows,1,huskin,"{""huskin"": [""huskin_row_402""]}","{""huskin"": [-7.308]}",[-7.308],"{""huskin"": 1}",[],0.0,0.0,3.643,True,,10.1002/jps.2600800114,"Dalpozzo, 1991",,1991,,dalpozzo_1991,-7.308,,,True,,1,1,1,0
merged,merged,merged_289,Metoprolol,51384-51-1,CC(C)NCC(COC1=CC=C(C=C1)CCOC)O,COCCc1ccc(OCC(O)CNC(C)C)cc1,,,-6.637,,cm/s,logKp,set=t; MWa=267; logKowb=0.03; Mptc=397; LogSaqd=-3.3979400086720375; LogSoce=-3.3679400086720377; Hdf=2; Hag=4; MVh=237.4; Texpi=310; Skin thicknessj=0.1; Skin Integrity testk=Visual check; logJmaxm=-6.922559415528676; Reference=(Suhonen et al. 2003); Resolved through PubChem exact CAS synonym match.,True,merged,False,True,False,3,cheruvu|huskin|zeng,,,pooled_median_all_rows,3,cheruvu|huskin|zeng,"{""cheruvu"": [""332""], ""huskin"": [""huskin_row_403""], ""zeng"": [""96""]}","{""cheruvu"": [-7.080921907623926], ""huskin"": [-6.637], ""zeng"": [-6.636302500767288]}","[-6.637, -6.636302500767288, -7.080921907623926]","{""cheruvu"": 1, ""huskin"": 1, ""zeng"": 1}",[],0.445,0.209,3.643,True,,,(Suhonen et al. 2003),,2003,,suhonen_2003,-6.637,,,True,,3,3,3,0
merged,merged,merged_290,Dichlorvos,62-73-7,COP(=O)(OC)OC=C(Cl)Cl,COP(=O)(OC)OC=C(Cl)Cl,,,-4.616,,cm/s,logKp,"publication ID=66; Kp relation==; Kp (cm/h)=132E-03 ± 25.1E-03; Kp (cm/h) (processed)=0.132; Kp error (cm/h) (processed)=0.0251; steady state flux Jss relation==; steady state flux Jss (original)=132.4 ± 28.7; steady state flux Jss unit (original)=µg/cm2/h; steady state flux Jss (converted) (ug/cm2/h)=132.4; steady state flux Jss error (converted) (ug/cm2/h)=28.7; tlag (h) (original)=0.4  ± 0.2; tlag (h) (processed)=0.4; tlag error (h) (processed)=0.2; skin donor type=Surgery; skin source site=breast; skin preparation=dermatomed; used layer=epidermis, dermis; storage duration (days)=<540; storage temperature (°C)=-70; donor type=Isopropyl alcohol; category donor type=Other alcohols and associated mixtures; donor/skin surface temperature (°C)=32; acceptor type=Minimum essential medium eagle, supplemented with 2% w/v BSA; category acceptor type=Cell culture media; acceptor pH=7.4; acceptor temperature (°C)=37; cell type=other type of diffusion cell; author=Moore,CA; date=2014; doi=10.1016/j.toxlet.2014.06.008; notes=partial occlusion using carbon filter, the authors declare infinite dose conditions",True,merged,True,False,False,1,skinpix,,,pooled_median_all_rows,1,skinpix,"{""skinpix"": [""77"", ""78"", ""79"", ""80"", ""81"", ""82""]}","{""skinpix"": [-4.436, -5.816, -5.944, -3.431, -4.716, -4.515]}","[-4.436, -5.816, -5.944, -3.431, -4.716, -4.515]","{""skinpix"": 6}",[],2.513,0.86,3.643,True,,10.1016/j.toxlet.2014.06.008,,"Moore,CA",2014,66,moore_2014,-4.615,,,True,,6,6,6,0
merged,merged,merged_291,Methyl methanesulfonate,66-27-3,COS(=O)(=O)C,COS(C)(=O)=O,,,-5.587,,cm/s,logKp,set=t; MWa=110.13; logKowb=0.67; Mptc=293; LogSaqd=-1.9752814236883867; LogSoce=-1.3052814236883865; Hdf=0; Hag=3; MVh=88.9; Texpi=305; Skin thicknessj=0.075; Skin Integrity testk=transepidermal electrical resistance; Skin Selection criteria=>4.26 kΩ; logJmaxm=-3.887335510597919; Reference=(Ellison et al. 2020); Resolved through PubChem exact CAS synonym match.,True,merged,True,True,False,2,cheruvu|skinpix,,,pooled_median_all_rows,2,cheruvu|skinpix,"{""cheruvu"": [""450""], ""skinpix"": [""123"", ""124""]}","{""cheruvu"": [-5.468356587676819], ""skinpix"": [-5.587, -5.624]}","[-5.587, -5.624, -5.468356587676819]","{""cheruvu"": 1, ""skinpix"": 2}",[],0.156,0.066,3.643,True,,,(Ellison et al. 2020),,2020,,ellison_2020,-5.587,,,True,,4,4,3,1
merged,merged,merged_292,Methylglucose,146-72-5,CO[C@H]([C@H](C=O)O)[C@@H]([C@@H](CO)O)O,CO[C@@H]([C@H](O)[C@H](O)CO)[C@@H](O)C=O,,,-7.237,,cm/s,logKp,set=t; MWa=194.18; logKowb=-2.5; Mptc=431; LogSaqd=-1.9976531768566925; LogSoce=-4.497653176856693; Hdf=4; Hag=6; MVh=139.3; Texpi=310; Skin thicknessj=0.1; Skin Integrity testk=Visual check; logJmaxm=-5.677922682526468; Reference=(Suhonen et al. 2003); Resolved through PubChem exact CAS synonym match.,True,merged,False,False,False,1,cheruvu,,,pooled_median_all_rows,1,cheruvu,"{""cheruvu"": [""327""]}","{""cheruvu"": [-7.236572006437063]}",[-7.236572006437063],"{""cheruvu"": 1}",[],0.0,0.0,3.643,True,,,(Suhonen et al. 2003),,2003,,suhonen_2003,-7.237,,,True,,1,1,1,0
merged,merged,merged_293,8-methoxypsoralen,,O=C1OC3=C(C=C2C=COC2=C3OC)C=C1,COc1c2occc2cc2ccc(=O)oc12,,,-5.116,,cm/s,logKp,cos2[(4.31+AlogP)/8.66]=0.535; Neoplastic-80=1; X3v=3.422; log(Kp)/SVM=-2.24; log(Kp)/MLR=-2.71,True,merged,False,False,False,1,zeng,,,pooled_median_all_rows,1,zeng,"{""zeng"": [""137""]}","{""zeng"": [-5.116302500767287]}",[-5.116302500767287],"{""zeng"": 1}",[],0.0,0.0,3.643,True,,,,,,,,-5.116,,,True,,1,1,1,0
merged,merged,merged_294,Vanillin,121-33-5,COC1=C(C=CC(=C1)C=O)O,COc1cc(C=O)ccc1O,,,-5.706,,cm/s,logKp,"publication ID=80; Kp relation==; Kp (cm/h)=0.00887524604050737; Kp (cm/h) (processed)=0.0088752; steady state flux Jss relation==; steady state flux Jss (original)=0.42026884385; steady state flux Jss unit (original)=µg/cm2/h; steady state flux Jss (converted) (ug/cm2/h)=0.42027; tlag (h) (original)=2.16087328310278; tlag (h) (processed)=2.16; skin donor type=Cadaver; skin source site=back, thigh; skin preparation=dermatomed; used layer=epidermis, dermis; storage duration (days)=<180; storage temperature (°C)=-20; donor type=Dulbecco phosphate buffered saline with calcium and magnesium with sodium azide at 0.5 mg per mL; category donor type=PBS based formulations; donor/skin surface temperature (°C)=32; acceptor type=Dulbecco's phosphate buffered saline with calcium and magnesium + 2% BSA; category acceptor type=PBS based formulations; acceptor pH=7.4; cell type=other type of diffusion cell; author=Ellison,CA; date=2020; doi=10.1016/j.tiv.2020.104990; notes=occlusion using Bandit® brand packing tape, the authors declare infinite dose conditions, recovery: 96%, data (Jss, Tlag, Kp, recovery) in Supplemental Table3",True,merged,True,False,False,1,skinpix,,,pooled_median_all_rows,1,skinpix,"{""skinpix"": [""180"", ""181""]}","{""skinpix"": [-5.608, -5.803]}","[-5.608, -5.803]","{""skinpix"": 2}",[],0.195,0.098,3.643,True,,10.1016/j.tiv.2020.104990,,"Ellison,CA",2020,80,ellison_2020,-5.705,,,True,,2,2,2,0
merged,merged,merged_295,,,COc1cc(OC)c2c(c1Cl)OC1(C2=O)C(C)CC(=O)CC1OC,COc1cc(OC)c2c(c1Cl)OC1(C2=O)C(C)CC(=O)CC1OC,,,-6.446,,cm/s,logKp,group=test,True,merged,False,False,False,1,deeppk,,,pooled_median_all_rows,1,zeng_deeppk,"{""deeppk"": [""deeppk_skin_permeability_test_row_9""]}","{""deeppk"": [-6.446302500767287]}",[-6.446302500767287],"{""deeppk"": 1}",[],0.0,0.0,3.643,True,,,,,,,,-6.446,,,True,,1,1,1,0
merged,merged,merged_296,Aflatoxin B1,1162-65-8,COC1=C2C3=C(C(=O)CC3)C(=O)OC2=C4[C@@H]5C=CO[C@@H]5OC4=C1,COc1cc2c(c3oc(=O)c4c(c13)CCC4=O)[C@@H]1C=CO[C@@H]1O2,,,-7.232,,cm/s,logKp,"publication ID=280; Kp relation==; Kp (cm/h)=2.113 E-04 ± 0.361 E-04; Kp (cm/h) (processed)=0.0002113; Kp error (cm/h) (processed)=0.0000361; steady state flux Jss relation==; steady state flux Jss (original)=213.754 ± 36.537; steady state flux Jss unit (original)=ng/cm2/h; steady state flux Jss (converted) (ug/cm2/h)=0.214; steady state flux Jss error (converted) (ug/cm2/h)=0.0365; tlag (h) (original)=4.850 ± 0.363; tlag (h) (processed)=4.85; tlag error (h) (processed)=0.363; skin donor type=Surgery; skin source site=abdomen; skin preparation=dermatomed; used layer=epidermis, dermis; storage duration (days)=<180; storage temperature (°C)=-20; donor type=Ethanol/water 7:3 v/v; category donor type=Ethanol and ethanol based formulations; acceptor type=PBS with BSA; category acceptor type=PBS based formulations; acceptor temperature (°C)=32; cell type=static Franz cell; author=Boonen,J; date=2012; doi=10.1016/j.tox.2012.06.012; notes=occlusion using Parafilm®, the authors declare infinite dose conditions",True,merged,True,False,False,1,skinpix,,,pooled_median_all_rows,1,skinpix,"{""skinpix"": [""31"", ""32""]}","{""skinpix"": [-7.231, -7.232]}","[-7.231, -7.232]","{""skinpix"": 2}",[],0.001,0.001,3.643,True,,10.1016/j.tox.2012.06.012,,"Boonen,J",2012,280,boonen_2012,-7.232,,,True,,2,2,2,0
merged,merged,merged_297,p-methoxyphenol,,COC1=CC=C(O)C=C1,COc1ccc(O)cc1,,,-6.196,,cm/s,logKp,cos2[(4.31+AlogP)/8.66]=0.608; Neoplastic-80=0; X3v=1.698; log(Kp)/SVM=-2.12; log(Kp)/MLR=-2.18,True,merged,False,False,False,1,zeng,,,pooled_median_all_rows,1,zeng,"{""zeng"": [""233""]}","{""zeng"": [-6.196302500767287]}",[-6.196302500767287],"{""zeng"": 1}",[],0.0,0.0,3.643,True,,,,,,,,-6.196,,,True,,1,1,1,0
merged,merged,merged_298,Indomethacin,,COc1ccc2c(c1)c(CC(=O)O)c(n2C(=O)c1ccc(cc1)Cl)C,COc1ccc2c(c1)c(CC(=O)O)c(C)n2C(=O)c1ccc(Cl)cc1,,,-6.192,,cm/s,logKp,"skin donor type=Amputated limb; skin source site=thigh; used layer=epidermis; skin preparation=heat separation; storage temperature (°C)=4; storage duration (days)=7; neat=0; donor/skin surface temperature (°C)=32; donor pH=7.2; donor type=PBS; reference=Hirvonen, 1991; DOI=10.1023/a:1015824100788",True,merged,False,True,False,2,huskin|zeng,,,pooled_median_all_rows,2,huskin|zeng,"{""huskin"": [""huskin_row_345""], ""zeng"": [""39""]}","{""huskin"": [-6.997], ""zeng"": [-5.386302500767288]}","[-6.997, -5.386302500767288]","{""huskin"": 1, ""zeng"": 1}",[],1.611,0.805,3.643,True,,10.1023/a:1015824100788,"Hirvonen, 1991",,1991,,hirvonen_1991,-6.192,,,True,,3,3,2,1
merged,merged,merged_299,Codeine,,COc1ccc2c3c1OC1C43CCN(C(C2)C4C=CC1O)C,COc1ccc2c3c1OC1C(O)C=CC4C(C2)N(C)CCC341,,,-7.866,,cm/s,logKp,"skin donor type=Cadaver; skin source site=abdomen; used layer=epidermis; skin preparation=heat separation; storage temperature (°C)=-20; neat=0; donor/skin surface temperature (°C)=37; donor pH=7.4; donor type=Citrate-phosphate buffer; acceptor temperature (°C)=37; acceptor pH=7.4; cell type=Glass diffusion cell; reference=Roy, 1989; DOI=10.1023/A:1015944018555",True,merged,False,False,False,1,huskin,,,pooled_median_all_rows,1,huskin,"{""huskin"": [""huskin_row_211""]}","{""huskin"": [-7.866]}",[-7.866],"{""huskin"": 1}",[],0.0,0.0,3.643,True,,10.1023/A:1015944018555,"Roy, 1989",,1989,,roy_1989,-7.866,deeppk|huskin,,True,,2,2,1,1
merged,merged,merged_300,Oxycodone,76-42-6,CN1CC[C@]23[C@@H]4C(=O)CC[C@]2([C@H]1CC5=C3C(=C(C=C5)OC)O4)O,COc1ccc2c3c1O[C@H]1C(=O)CC[C@@]4(O)[C@@H](C2)N(C)CC[C@]314,,,-6.59,,cm/s,logKp,"publication ID=290; Kp relation==; Kp (cm/h)=0.000925295±0.000362954; Kp (cm/h) (processed)=0.00092530; Kp error (cm/h) (processed)=0.00036295; steady state flux Jss relation==; steady state flux Jss (original)==Jmax; steady state flux Jss unit (original)=µg/cm2/h; steady state flux Jss (converted) (ug/cm2/h)==Jmax; maximum flux Jmax (original)=0.40±0.17; maximum flux Jmax unit (original)=μg/cm2/h; maximum flux Jmax (ug/cm2/h) (processed)=0.4; maximum flux Jmax error (ug/cm2/h) (processed)=0.17; skin donor type=Surgery; skin source site=abdomen; skin preparation=heat separation; used layer=epidermis; storage duration (days)=<0.25; storage temperature (°C)=-20; donor type=Water; category donor type=Water; donor/skin surface temperature (°C)=32; acceptor type=PBS with sodium azide; category acceptor type=PBS based formulations; acceptor pH=6.5; acceptor temperature (°C)=37; cell type=static Franz cell; author=Musazzi,UM; date=2015; doi=10.1016/j.ijpharm.2015.04.071; notes=occlusion using Parafilm®, 2 donors, No sampling between 8 and 24h, the experts calculated Kp from pKp (3.07 cm/h) given by the authors",True,merged,False,False,False,1,skinpix,,,pooled_median_all_rows,1,skinpix,"{""skinpix"": [""144""]}","{""skinpix"": [-6.59002208]}",[-6.59002208],"{""skinpix"": 1}",[],0.0,0.0,3.643,True,,10.1016/j.ijpharm.2015.04.071,,"Musazzi,UM",2015,290,musazzi_2015,-6.59,,,True,,1,1,1,0
merged,merged,merged_301,Hydrocodone,125-29-1,CN1CC[C@]23[C@@H]4[C@H]1CC5=C2C(=C(C=C5)OC)O[C@H]3C(=O)CC4,COc1ccc2c3c1O[C@H]1C(=O)CC[C@H]4[C@@H](C2)N(C)CC[C@]314,,,-6.456,,cm/s,logKp,"publication ID=290; Kp relation==; Kp (cm/h)=0.001275314±0.000203795; Kp (cm/h) (processed)=0.001275314; Kp error (cm/h) (processed)=0.00020380; maximum flux Jmax (original)=4.19±0.58; maximum flux Jmax unit (original)=μg/cm2/h; maximum flux Jmax (ug/cm2/h) (processed)=4.19; maximum flux Jmax error (ug/cm2/h) (processed)=0.58; skin donor type=Surgery; skin source site=abdomen; skin preparation=heat separation; used layer=epidermis; storage duration (days)=<0.25; storage temperature (°C)=-20; donor type=Water; category donor type=Water; donor/skin surface temperature (°C)=32; acceptor type=PBS with sodium azide; category acceptor type=PBS based formulations; acceptor pH=6.5; acceptor temperature (°C)=37; cell type=static Franz cell; author=Musazzi,UM; date=2015; doi=10.1016/j.ijpharm.2015.04.071; notes=occlusion using Parafilm®, the experts calculated Kp from pKp (2.90 cm/h) given by the authors, 2 donors, No sampling between 8 and 24h",True,merged,False,False,False,1,skinpix,,,pooled_median_all_rows,1,skinpix,"{""skinpix"": [""106""]}","{""skinpix"": [-6.456]}",[-6.456],"{""skinpix"": 1}",[],0.0,0.0,3.643,True,,10.1016/j.ijpharm.2015.04.071,,"Musazzi,UM",2015,290,musazzi_2015,-6.456,,,True,,1,1,1,0
merged,merged,merged_302,Codeine,76-57-3,CN1CC[C@]23[C@@H]4[C@H]1CC5=C2C(=C(C=C5)OC)O[C@H]3[C@H](C=C4)O,COc1ccc2c3c1O[C@H]1[C@@H](O)C=C[C@H]4[C@@H](C2)N(C)CC[C@@]341,,,-7.169,,cm/s,logKp,"publication ID=290; Kp relation==; Kp (cm/h)=0.000622489±8.5457E-05; Kp (cm/h) (processed)=0.00062249; Kp error (cm/h) (processed)=0.000085457; steady state flux Jss relation==; steady state flux Jss (original)==Jmax; steady state flux Jss unit (original)=µg/cm2/h; steady state flux Jss (converted) (ug/cm2/h)==Jmax; maximum flux Jmax (original)=9.60±1.38; maximum flux Jmax unit (original)=μg/cm2/h; maximum flux Jmax (ug/cm2/h) (processed)=9.6; maximum flux Jmax error (ug/cm2/h) (processed)=1.38; skin donor type=Surgery; skin source site=abdomen; skin preparation=heat separation; used layer=epidermis; storage duration (days)=<0.25; storage temperature (°C)=-20; donor type=Water; category donor type=Water; donor/skin surface temperature (°C)=32; acceptor type=PBS with sodium azide; category acceptor type=PBS based formulations; acceptor pH=6.5; acceptor temperature (°C)=37; cell type=static Franz cell; author=Musazzi,UM; date=2015; doi=10.1016/j.ijpharm.2015.04.071; notes=occlusion using Parafilm®, the experts calculated Kp from pKp (3.21 cm/h) given by the authors, 2 donors, No sampling between 8 and 24h",True,merged,False,True,False,2,skinpix|zeng,,,pooled_median_all_rows,2,skinpix|zeng,"{""skinpix"": [""74""], ""zeng"": [""69""]}","{""skinpix"": [-6.762170966], ""zeng"": [-7.576302500767287]}","[-6.762170966, -7.576302500767287]","{""skinpix"": 1, ""zeng"": 1}",[],0.814,0.407,3.643,True,,10.1016/j.ijpharm.2015.04.071,,"Musazzi,UM",2015,290,musazzi_2015,-7.169,,,True,,2,2,2,0
merged,merged,merged_303,Dihydrocodeine,125-28-0,CN1CC[C@]23[C@@H]4[C@H]1CC5=C2C(=C(C=C5)OC)O[C@H]3[C@H](CC4)O,COc1ccc2c3c1O[C@H]1[C@@H](O)CC[C@H]4[C@@H](C2)N(C)CC[C@@]341,,,-6.191,,cm/s,logKp,"publication ID=290; Kp relation==; Kp (cm/h)=0.00232069±0.000370845; Kp (cm/h) (processed)=0.00232069; Kp error (cm/h) (processed)=0.00037085; maximum flux Jmax (original)=36.25±5.83; maximum flux Jmax unit (original)=μg/cm2/h; maximum flux Jmax (ug/cm2/h) (processed)=36.25; maximum flux Jmax error (ug/cm2/h) (processed)=5.83; skin donor type=Surgery; skin source site=abdomen; skin preparation=heat separation; used layer=epidermis; storage duration (days)=<0.25; storage temperature (°C)=-20; donor type=Water; category donor type=Water; donor/skin surface temperature (°C)=32; acceptor type=PBS with sodium azide; category acceptor type=PBS based formulations; acceptor pH=6.5; acceptor temperature (°C)=37; cell type=static Franz cell; author=Musazzi,UM; date=2015; doi=10.1016/j.ijpharm.2015.04.071; notes=occlusion using Parafilm®, the experts calculated Kp from pKp (2.64 cm/h) given by the authors, 2 donors, No sampling between 8 and 24h",True,merged,False,False,False,1,skinpix,,,pooled_median_all_rows,1,skinpix,"{""skinpix"": [""88""]}","{""skinpix"": [-6.190685426]}",[-6.190685426],"{""skinpix"": 1}",[],0.0,0.0,3.643,True,,10.1016/j.ijpharm.2015.04.071,,"Musazzi,UM",2015,290,musazzi_2015,-6.191,,,True,,1,1,1,0
merged,merged,merged_304,Naproxen,,COc1ccc2c(c1)ccc(c2)C(C(=O)O)C,COc1ccc2cc(C(C)C(=O)O)ccc2c1,,,-6.657,,cm/s,logKp,"skin donor type=Abdominoplasty; skin source site=abdomen; used layer=epidermis, dermis; neat=0; donor type=Water; acceptor temperature (°C)=37; acceptor pH=7.4; acceptor type=PBS; cell type=Franz cell; reference=Degim, 1998; DOI=10.1016/S0378-5173(98)00113-6",True,merged,True,False,False,1,huskin,,,pooled_median_all_rows,1,huskin,"{""huskin"": [""huskin_row_424"", ""huskin_row_425""]}","{""huskin"": [-6.096, -7.218]}","[-6.096, -7.218]","{""huskin"": 2}",[],1.122,0.561,3.643,True,,10.1016/S0378-5173(98)00113-6,"Degim, 1998",,1998,,degim_1998,-6.657,,,True,,2,2,2,0
merged,merged,merged_305,Naproxen mannoside,,COc1ccc2c(c1)ccc(c2)[C@@H](C(=O)OC[C@H]1OC(O)[C@H]([C@H]([C@@H]1O)O)O)C,COc1ccc2cc([C@H](C)C(=O)OC[C@H]3OC(O)[C@@H](O)[C@@H](O)[C@@H]3O)ccc2c1,,,-7.7,,cm/s,logKp,"skin donor type=Abdominoplasty; skin source site=abdomen; used layer=epidermis; skin preparation=heat separation; storage temperature (°C)=-20; neat=0; donor/skin surface temperature (°C)=37; donor pH=7; donor type=PBS; acceptor temperature (°C)=37; acceptor pH=7.4; acceptor type=PBS; cell type=Franz cell; flux=Jss= 0.183±0.12 ug/(cm^2*h) kp 7.18*10^-5(cm/h) 12; reference=Swart, 2005; DOI=10.1016/j.ijpharm.2005.05.030",True,merged,False,False,False,1,huskin,,,pooled_median_all_rows,1,huskin,"{""huskin"": [""huskin_row_427""]}","{""huskin"": [-7.7]}",[-7.7],"{""huskin"": 1}",[],0.0,0.0,3.643,True,,10.1016/j.ijpharm.2005.05.030,"Swart, 2005",,2005,,swart_2005,-7.7,,,True,,1,1,1,0
merged,merged,merged_306,Naproxen glucoside,,COc1ccc2c(c1)ccc(c2)[C@@H](C(=O)OC[C@H]1OC(O)[C@@H]([C@H]([C@@H]1O)O)O)C,COc1ccc2cc([C@H](C)C(=O)OC[C@H]3OC(O)[C@H](O)[C@@H](O)[C@@H]3O)ccc2c1,,,-7.886,,cm/s,logKp,"skin donor type=Abdominoplasty; skin source site=abdomen; used layer=epidermis; skin preparation=heat separation; storage temperature (°C)=-20; neat=0; donor/skin surface temperature (°C)=37; donor pH=7; donor type=PBS; acceptor temperature (°C)=37; acceptor pH=7.4; acceptor type=PBS; cell type=Franz cell; flux=Jss= 0.134±0.08 ug/(cm^2*h) kp 4.68*10^-5(cm/h) 11; reference=Swart, 2005; DOI=10.1016/j.ijpharm.2005.05.030",True,merged,False,False,False,1,huskin,,,pooled_median_all_rows,1,huskin,"{""huskin"": [""huskin_row_426""]}","{""huskin"": [-7.886]}",[-7.886],"{""huskin"": 1}",[],0.0,0.0,3.643,True,,10.1016/j.ijpharm.2005.05.030,"Swart, 2005",,2005,,swart_2005,-7.886,,,True,,1,1,1,0
merged,merged,merged_307,naproxen,,O=C([C@H](C2=CC=C1C(OC)=CC=CC1=C2)C)O,COc1cccc2cc([C@H](C)C(=O)O)ccc12,,,-5.736,,cm/s,logKp,cos2[(4.31+AlogP)/8.66]=0.462; Neoplastic-80=1; X3v=4.001; log(Kp)/SVM=-2.19; log(Kp)/MLR=-2.34,True,merged,False,False,False,1,zeng,,,pooled_median_all_rows,1,zeng,"{""zeng"": [""59""]}","{""zeng"": [-5.736302500767287]}",[-5.736302500767287],"{""zeng"": 1}",[],0.0,0.0,3.643,True,,,,,,,,-5.736,,,True,,1,1,1,0
merged,merged,merged_308,anisole,,COC1=CC=CC=C1,COc1ccccc1,,,-5.156,,cm/s,logKp,cos2[(4.31+AlogP)/8.66]=0.578; Neoplastic-80=0; X3v=1.517; log(Kp)/SVM=-1.9; log(Kp)/MLR=-1.95,True,merged,False,False,False,1,zeng,,,pooled_median_all_rows,1,zeng,"{""zeng"": [""178""]}","{""zeng"": [-5.156302500767287]}",[-5.156302500767287],"{""zeng"": 1}",[],0.0,0.0,3.643,True,,,,,,,,-5.156,deeppk|zeng,,True,,2,2,1,1
merged,merged,merged_309,2-methoxyaniline,,NC1=CC=CC=C1OC,COc1ccccc1N,,,-6.186,,cm/s,logKp,cos2[(4.31+AlogP)/8.66]=0.661; Neoplastic-80=0; X3v=1.742; log(Kp)/SVM=-2.5; log(Kp)/MLR=-2.53,True,merged,False,False,False,1,zeng,,,pooled_median_all_rows,1,zeng,"{""zeng"": [""252""]}","{""zeng"": [-6.186302500767287]}",[-6.186302500767287],"{""zeng"": 1}",[],0.0,0.0,3.643,True,,,,,,,,-6.186,,,True,,1,1,1,0
merged,merged,merged_310,Nimesulide,,[O-][N+](=O)c1ccc(c(c1)Oc1ccccc1)NS(=O)(=O)C,CS(=O)(=O)Nc1ccc([N+](=O)[O-])cc1Oc1ccccc1,,,-6.551,,cm/s,logKp,"skin donor type=Abdominoplasty; skin source site=abdomen; used layer=epidermis, dermis; storage temperature (°C)=-70; storage duration (days)=21; neat=0; donor/skin surface temperature (°C)=32; acceptor temperature (°C)=37; acceptor pH=7.4; acceptor type=PBS; cell type=Franz cell; reference=Degim, 2003; DOI=10.1002/jps.10312",True,merged,False,False,False,1,huskin,,,pooled_median_all_rows,1,huskin,"{""huskin"": [""huskin_row_432""]}","{""huskin"": [-6.551]}",[-6.551],"{""huskin"": 1}",[],0.0,0.0,3.643,True,,10.1002/jps.10312,"Degim, 2003",,2003,,degim_2003,-6.551,,,True,,1,1,1,0
merged,merged,merged_311,Levosimendan,,N#CC(=NNc1ccc(cc1)C1=NNC(=O)C[C@H]1C)C#N,C[C@@H]1CC(=O)NN=C1c1ccc(NN=C(C#N)C#N)cc1,,,-7.219,,cm/s,logKp,"skin donor type=Cadaver; skin source site=abdomen; used layer=epidermis; skin preparation=heat separation; neat=0; donor/skin surface temperature (°C)=25; donor pH=5; donor type=Acetate solution; acceptor temperature (°C)=25; cell type=Glass diffusion cell; flux=Jss= 0.024 ug/(cm^2*h)±0.009; c=20(ug/ml); reference=Valjakka-Koskela, 2000; DOI=10.1016/S0928-0987(00)00120-2",True,merged,True,False,False,1,huskin,,,pooled_median_all_rows,1,huskin,"{""huskin"": [""huskin_row_355"", ""huskin_row_356""]}","{""huskin"": [-6.484, -7.954]}","[-6.484, -7.954]","{""huskin"": 2}",[],1.47,0.735,3.643,True,,10.1016/S0928-0987(00)00120-2,"Valjakka-Koskela, 2000",,2000,,valjakkakoskela_2000,-7.219,,,True,,2,2,2,0
merged,merged,merged_312,Dexamethasone,,OCC(=O)[C@@]1(O)[C@H](C)C[C@@H]2[C@]1(C)C[C@H](O)[C@]1([C@H]2CCC2=CC(=O)C=C[C@]12C)F,C[C@@H]1C[C@H]2[C@@H]3CCC4=CC(=O)C=C[C@]4(C)[C@@]3(F)[C@@H](O)C[C@]2(C)[C@@]1(O)C(=O)CO,,,-7.75,,cm/s,logKp,"skin donor type=Cadaver; skin source site=abdomen, chest, back; used layer=epidermis; skin preparation=heat separation; storage temperature (°C)=5; storage duration (days)=7; neat=0; donor type=PBS; acceptor pH=7.4; acceptor type=PBS; cell type=Glass diffusion cell; reference=Johnson, 1996; DOI=10.1021/js960079z",True,merged,False,False,False,1,huskin,,,pooled_median_all_rows,1,huskin,"{""huskin"": [""huskin_row_223""]}","{""huskin"": [-7.75]}",[-7.75],"{""huskin"": 1}",[],0.0,0.0,3.643,True,,10.1021/js960079z,"Johnson, 1996",,1996,,johnson_1996,-7.75,,,True,,1,1,1,0
merged,merged,merged_313,Ochratoxin A,303-47-9,C[C@@H]1CC2=C(C=C(C(=C2C(=O)O1)O)C(=O)N[C@@H](CC3=CC=CC=C3)C(=O)O)Cl,C[C@@H]1Cc2c(Cl)cc(C(=O)N[C@@H](Cc3ccccc3)C(=O)O)c(O)c2C(=O)O1,,,-6.642,,cm/s,logKp,"publication ID=280; Kp relation==; Kp (cm/h)=8.200 E-04 ± 2.184 E-04; Kp (cm/h) (processed)=0.00082; Kp error (cm/h) (processed)=0.0002184; steady state flux Jss relation==; steady state flux Jss (original)=812.924 ± 216.511; steady state flux Jss unit (original)=ng/cm2/h; steady state flux Jss (converted) (ug/cm2/h)=0.813; steady state flux Jss error (converted) (ug/cm2/h)=0.217; tlag (h) (original)=7.193 ± 0.182; tlag (h) (processed)=7.19; tlag error (h) (processed)=0.182; skin donor type=Surgery; skin source site=abdomen; skin preparation=dermatomed; used layer=epidermis, dermis; storage duration (days)=<180; storage temperature (°C)=-20; donor type=Ethanol/water 7:3 v/v; category donor type=Ethanol and ethanol based formulations; acceptor type=PBS with BSA; category acceptor type=PBS based formulations; acceptor temperature (°C)=32; cell type=static Franz cell; author=Boonen,J; date=2012; doi=10.1016/j.tox.2012.06.012; notes=occlusion using Parafilm®, the authors declare infinite dose conditions",True,merged,True,False,False,1,skinpix,,,pooled_median_all_rows,1,skinpix,"{""skinpix"": [""142"", ""143""]}","{""skinpix"": [-6.642, -6.642]}","[-6.642, -6.642]","{""skinpix"": 2}",[],0.0,0.0,3.643,True,,10.1016/j.tox.2012.06.012,,"Boonen,J",2012,280,boonen_2012,-6.642,,,True,,2,2,2,0
merged,merged,merged_314,Ouabain,,OC[C@@]12[C@H](O)C[C@@H](C[C@@]2(O)CCC2C1[C@H](O)C[C@]1([C@]2(O)CC[C@@H]1C1=CC(=O)OC1)C)O[C@@H]1O[C@@H](C)[C@@H]([C@H]([C@H]1O)O)O,C[C@@H]1O[C@@H](O[C@H]2C[C@@H](O)[C@]3(CO)C4C(CC[C@]3(O)C2)[C@@]2(O)CC[C@H](C3=CC(=O)OC3)[C@@]2(C)C[C@H]4O)[C@H](O)[C@H](O)[C@H]1O,,,-8.959,,cm/s,logKp,"skin donor type=Cadaver; skin source site=thigh; used layer=epidermis, dermis; skin preparation=dermatomed 750um, hydrated; storage temperature (°C)=4; neat=0; acceptor pH=7; acceptor type=Ringer solution; cell type=Glass diffusion cell; reference=Galey, 1976; DOI=10.1111/1523-1747.ep12598596",True,merged,True,False,False,1,huskin,,,pooled_median_all_rows,1,huskin,"{""huskin"": [""huskin_row_444"", ""huskin_row_445"", ""huskin_row_446""]}","{""huskin"": [-8.959, -9.653, -4.83]}","[-8.959, -9.653, -4.83]","{""huskin"": 3}",[],4.823,2.129,3.643,True,,10.1111/1523-1747.ep12598596,"Galey, 1976",,1976,,galey_1976,-8.959,,,True,,3,3,3,0
merged,merged,merged_315,ouabain,,[H][C@@]12CC[C@]3(O)C[C@H](C[C@@H](O)[C@]3(CO)[C@@]1([H])[C@H](O)C[C@]1(C)[C@H](CC[C@]21O)C1=CC(=O)OC1)O[C@@H]1O[C@@H](C)[C@H](O)[C@@H](O)[C@H]1O,C[C@@H]1O[C@@H](O[C@H]2C[C@@H](O)[C@]3(CO)[C@H]4[C@H](O)C[C@]5(C)[C@@H](C6=CC(=O)OC6)CC[C@]5(O)[C@@H]4CC[C@]3(O)C2)[C@H](O)[C@H](O)[C@H]1O,,,-9.656,,cm/s,logKp,cos2[(4.31+AlogP)/8.66]=0.94; Neoplastic-80=0; X3v=13.828; log(Kp)/SVM=-6.09; log(Kp)/MLR=-6.38,True,merged,False,False,False,1,zeng,,,pooled_median_all_rows,1,zeng,"{""zeng"": [""5""]}","{""zeng"": [-9.656302500767287]}",[-9.656302500767287],"{""zeng"": 1}",[],0.0,0.0,3.643,True,,,,,,,,-9.656,,,True,,1,1,1,0
merged,merged,merged_316,L-alanyl-L-tryptophan,,OC(=O)[C@H](Cc1c[nH]c2c1cccc2)NC(=O)[C@@H](N)C,C[C@H](N)C(=O)N[C@@H](Cc1c[nH]c2ccccc12)C(=O)O,,,-8.509,,cm/s,logKp,"skin donor type=Abdominoplasty; skin source site=abdomen; used layer=epidermis; skin preparation=heat separation; storage temperature (°C)=-20; storage duration (days)=60; neat=0; donor/skin surface temperature (°C)=35; donor pH=7.4; donor type=HEPES; acceptor temperature (°C)=35; cell type=Glass diffusion cell; reference=Krishnan, 2011; DOI=10.1002/bip.21520",True,merged,True,False,False,1,huskin,,,pooled_median_all_rows,1,huskin,"{""huskin"": [""huskin_row_353"", ""huskin_row_354""]}","{""huskin"": [-8.38, -8.637]}","[-8.38, -8.637]","{""huskin"": 2}",[],0.257,0.128,3.643,True,,10.1002/bip.21520,"Krishnan, 2011",,2011,,krishnan_2011,-8.509,,,True,,2,2,2,0
merged,merged,merged_317,Zearalenone,17924-92-4,C[C@H]1CCCC(=O)CCC/C=C/C2=C(C(=CC(=C2)O)O)C(=O)O1,C[C@H]1CCCC(=O)CCC/C=C/c2cc(O)cc(O)c2C(=O)O1,,,-7.188,,cm/s,logKp,"publication ID=280; Kp relation==; Kp (cm/h)=2.334 E-04 ± 0.442 E-04; Kp (cm/h) (processed)=0.0002334; Kp error (cm/h) (processed)=0.0000442; steady state flux Jss relation==; steady state flux Jss (original)=231.434 ± 43.855; steady state flux Jss unit (original)=ng/cm2/h; steady state flux Jss (converted) (ug/cm2/h)=0.231; steady state flux Jss error (converted) (ug/cm2/h)=0.0439; tlag (h) (original)=6.436 ± 0.382; tlag (h) (processed)=6.44; tlag error (h) (processed)=0.382; skin donor type=Surgery; skin source site=abdomen; skin preparation=dermatomed; used layer=epidermis, dermis; storage duration (days)=<180; storage temperature (°C)=-20; donor type=Ethanol/water 7:3 v/v; category donor type=Ethanol and ethanol based formulations; acceptor type=PBS with BSA; category acceptor type=PBS based formulations; acceptor temperature (°C)=32; cell type=static Franz cell; author=Boonen,J; date=2012; doi=10.1016/j.tox.2012.06.012; notes=occlusion using Parafilm®, the authors declare infinite dose conditions",True,merged,True,False,False,1,skinpix,,,pooled_median_all_rows,1,skinpix,"{""skinpix"": [""183"", ""184""]}","{""skinpix"": [-7.188, -7.189]}","[-7.188, -7.189]","{""skinpix"": 2}",[],0.001,0.001,3.643,True,,10.1016/j.tox.2012.06.012,,"Boonen,J",2012,280,boonen_2012,-7.188,,,True,,2,2,2,0
merged,merged,merged_318,Betamethasone,,OCC(=O)[C@@]1(O)[C@@H](C)C[C@@H]2[C@]1(C)C[C@H](O)[C@]1([C@H]2CCC2=CC(=O)C=C[C@]12C)F,C[C@H]1C[C@H]2[C@@H]3CCC4=CC(=O)C=C[C@]4(C)[C@@]3(F)[C@@H](O)C[C@]2(C)[C@@]1(O)C(=O)CO,,,-7.153,,cm/s,logKp,"skin donor type=Mammaplasty or cadaver; skin source site=abdomen, thigh, breast; used layer=epidermis, dermis; skin preparation=dermatomed 500um; storage temperature (°C)=4; storage duration (days)=4; neat=0; donor/skin surface temperature (°C)=37; donor pH=4.5; donor type=Acetate solution; acceptor temperature (°C)=37; acceptor pH=4.5; acceptor type=Acetate solution; cell type=Glass diffusion cell; flux=Jss= 15.2±3.4 ng/(cm^2*h); c=60.1ug/ml; reference=Kubota, 1993; DOI=10.1002/jps.2600821017",True,merged,False,False,False,1,huskin,,,pooled_median_all_rows,1,huskin,"{""huskin"": [""huskin_row_162""]}","{""huskin"": [-7.153]}",[-7.153],"{""huskin"": 1}",[],0.0,0.0,3.643,True,,10.1002/jps.2600821017,"Kubota, 1993",,1993,,kubota_1993,-7.153,,,True,,1,1,1,0
merged,merged,merged_319,digitoxin,,[H][C@@]1(CC[C@]2(O)[C@]3([H])CC[C@]4([H])C[C@H](CC[C@]4(C)[C@@]3([H])CC[C@]12C)O[C@H]1C[C@H](O)[C@H](O[C@H]2C[C@H](O)[C@H](O[C@H]3C[C@H](O)[C@H](O)[C@@H](C)O3)[C@@H](C)O2)[C@@H](C)O1)C1=CC(=O)OC1,C[C@H]1O[C@@H](O[C@H]2[C@@H](O)C[C@H](O[C@H]3[C@@H](O)C[C@H](O[C@H]4CC[C@@]5(C)[C@H](CC[C@@H]6[C@@H]5CC[C@]5(C)[C@@H](C7=CC(=O)OC7)CC[C@]65O)C4)O[C@@H]3C)O[C@@H]2C)C[C@H](O)[C@@H]1O,,,-8.366,,cm/s,logKp,cos2[(4.31+AlogP)/8.66]=0.43; Neoplastic-80=0; X3v=18.738; log(Kp)/SVM=-4.8; log(Kp)/MLR=-3.88,True,merged,False,False,False,1,zeng,,,pooled_median_all_rows,1,zeng,"{""zeng"": [""2""]}","{""zeng"": [-8.366302500767286]}",[-8.366302500767286],"{""zeng"": 1}",[],0.0,0.0,3.643,True,,,,,,,,-8.366,,,True,,1,1,1,0
merged,merged,merged_320,Digitoxin,,O=C1OCC(=C1)[C@@H]1CC[C@]2([C@]1(C)CC[C@H]1[C@H]2CC[C@H]2[C@]1(C)CC[C@@H](C2)O[C@H]1C[C@H](O)[C@@H]([C@H](O1)C)O[C@H]1C[C@H](O)[C@@H]([C@H](O1)C)O[C@H]1C[C@H](O)[C@@H]([C@H](O1)C)O)O,C[C@H]1O[C@@H](O[C@H]2[C@@H](O)C[C@H](O[C@H]3[C@@H](O)C[C@H](O[C@H]4CC[C@@]5(C)[C@H](CC[C@@H]6[C@@H]5CC[C@]5(C)[C@H](C7=CC(=O)OC7)CC[C@]65O)C4)O[C@@H]3C)O[C@@H]2C)C[C@H](O)[C@@H]1O,,,-8.442,,cm/s,logKp,"skin donor type=Cadaver; skin source site=thigh; used layer=epidermis, dermis; storage temperature (°C)=4; storage duration (days)=14; neat=0; donor/skin surface temperature (°C)=30; donor pH=7; acceptor temperature (°C)=30; acceptor pH=6.5; acceptor type=Ringer solution; cell type=Glass diffusion cell; flux=Jss_max= 0.00013 (0.00012-0.00014) ug/(cm^2*h); c= 0.01mg/ml; notes=maximum flux value used for kp calculation; reference=Michaels A. S., 1975; DOI=10.1002/aic.690210522",True,merged,False,False,False,1,huskin,,,pooled_median_all_rows,1,huskin,"{""huskin"": [""huskin_row_239""]}","{""huskin"": [-8.442]}",[-8.442],"{""huskin"": 1}",[],0.0,0.0,3.643,True,,10.1002/aic.690210522,"Michaels A. S., 1975",,1975,,michaels_1975,-8.442,,,True,,1,1,1,0
merged,merged,merged_321,prednisolone,,O=C4C=C[C@]3(C)[C@@]2([H])C(O)C[C@]1(C)[C@]([C@@](CO)=O)(O)CC[C@]([H])1[C@@]([H])2CCC3=C4,C[C@]12C=CC(=O)C=C1CC[C@@H]1[C@@H]2C(O)C[C@@]2(C)[C@H]1CC[C@]2(O)C(=O)CO,,,-7.906,,cm/s,logKp,cos2[(4.31+AlogP)/8.66]=0.648; Neoplastic-80=1; X3v=9.192; log(Kp)/SVM=-4.69; log(Kp)/MLR=-4.42,True,merged,False,False,False,1,zeng,,,pooled_median_all_rows,1,zeng,"{""zeng"": [""234""]}","{""zeng"": [-7.906302500767287]}",[-7.906302500767287],"{""zeng"": 1}",[],0.0,0.0,3.643,True,,,,,,,,-7.906,,,True,,1,1,1,0
merged,merged,merged_322,Prednisolone,50-24-8,C[C@]12C[C@@H]([C@H]3[C@H]([C@@H]1CC[C@@]2(C(=O)CO)O)CCC4=CC(=O)C=C[C@]34C)O,C[C@]12C=CC(=O)C=C1CC[C@@H]1[C@@H]2[C@@H](O)C[C@@]2(C)[C@H]1CC[C@]2(O)C(=O)CO,,,-7.895,,cm/s,logKp,set=t; MWa=360.4; logKowb=1.69; Mptc=514; LogSaqd=-6.2076083105017466; LogSoce=-4.517608310501746; Hdf=3; Hag=5; MVh=248.2; Texpi=298; Skin thicknessj=0.01; Skin Integrity testk=tritiated water permeation; logJmaxm=-10.53551045256603; Reference=(Siddiqui et al. 1989); Resolved through PubChem exact CAS synonym match.,True,merged,False,True,False,2,cheruvu|huskin,,,pooled_median_all_rows,2,cheruvu|huskin,"{""cheruvu"": [""66""], ""huskin"": [""huskin_row_463""]}","{""cheruvu"": [-7.88420464283157], ""huskin"": [-7.906]}","[-7.906, -7.88420464283157]","{""cheruvu"": 1, ""huskin"": 1}",[],0.022,0.011,3.643,True,,,(Siddiqui et al. 1989),,1989,,siddiqui_1989,-7.895,,,True,,2,2,2,0
merged,merged,merged_323,Triamcinolone,,OCC(=O)[C@@]1(O)[C@H](O)C[C@@H]2[C@]1(C)C[C@H](O)[C@]1([C@H]2CCC2=CC(=O)C=C[C@]12C)F,C[C@]12C=CC(=O)C=C1CC[C@H]1[C@@H]3C[C@@H](O)[C@](O)(C(=O)CO)[C@@]3(C)C[C@H](O)[C@@]12F,,,-8.956,,cm/s,logKp,"skin source site=abdomen; used layer=dermis; skin preparation=heat separation; storage temperature (°C)=-20; neat=0; donor/skin surface temperature (°C)=25; acceptor temperature (°C)=25; cell type=Glass diffusion cell; notes=kp value obtained using steady-state model I reported in publication; reference=Siddiqui, 1989; DOI=10.1007/bf01061455",True,merged,False,False,False,1,huskin,,,pooled_median_all_rows,1,huskin,"{""huskin"": [""huskin_row_529""]}","{""huskin"": [-8.956]}",[-8.956],"{""huskin"": 1}",[],0.0,0.0,3.643,True,,10.1007/bf01061455,"Siddiqui, 1989",,1989,,siddiqui_1989,-8.956,cheruvu|huskin,,True,,2,2,1,1
merged,merged,merged_324,Cortisone,,OCC(=O)[C@@]1(O)CC[C@@H]2[C@]1(C)CC(=O)[C@H]1[C@H]2CCC2=CC(=O)CC[C@]12C,C[C@]12CCC(=O)C=C1CC[C@@H]1[C@@H]2C(=O)C[C@@]2(C)[C@H]1CC[C@]2(O)C(=O)CO,,,-7.968,,cm/s,logKp,"skin source site=abdomen; used layer=epidermis; skin preparation=prepared with NaBr solution; storage temperature (°C)=-80; neat=0; donor type=NaCl, sodium azide; reference=Buist, 2010; DOI=10.1016/j.yrtph.2010.02.008",True,merged,True,False,False,1,huskin,,,pooled_median_all_rows,1,huskin,"{""huskin"": [""huskin_row_220"", ""huskin_row_221""]}","{""huskin"": [-7.38, -8.556]}","[-7.38, -8.556]","{""huskin"": 2}",[],1.176,0.588,3.643,True,,10.1016/j.yrtph.2010.02.008,"Buist, 2010",,2010,,buist_2010,-7.968,cheruvu|huskin,,True,,5,5,2,3
merged,merged,merged_325,cortexolone,,O=C4CC[C@]3(C)[C@@]2([H])CC[C@]1(C)[C@]([C@@](CO)=O)(O)CC[C@]([H])1[C@@]([H])2CCC3=C4,C[C@]12CCC(=O)C=C1CC[C@@H]1[C@@H]2CC[C@@]2(C)[C@H]1CC[C@]2(O)C(=O)CO,,,-7.686,,cm/s,logKp,cos2[(4.31+AlogP)/8.66]=0.512; Neoplastic-80=1; X3v=9.405; log(Kp)/SVM=-3.63; log(Kp)/MLR=-3.57,True,merged,False,False,False,1,zeng,,,pooled_median_all_rows,1,zeng,"{""zeng"": [""189""]}","{""zeng"": [-7.686302500767287]}",[-7.686302500767287],"{""zeng"": 1}",[],0.0,0.0,3.643,True,,,,,,,,-7.686,,,True,,1,1,1,0
merged,merged,merged_326,Hydrocortisone,50-23-7,C[C@]12CCC(=O)C=C1CC[C@@H]3[C@@H]2[C@H](C[C@]4([C@H]3CC[C@@]4(C(=O)CO)O)C)O,C[C@]12CCC(=O)C=C1CC[C@@H]1[C@@H]2[C@@H](O)C[C@@]2(C)[C@H]1CC[C@]2(O)C(=O)CO,,,-7.529,,cm/s,logKp,set=t; MWa=362.5; logKowb=1.43; Mptc=493; LogSaqd=-6.055517327849832; LogSoce=-4.625517327849831; Hdf=3; Hag=5; MVh=255.6; Texpi=298; Skin thicknessj=0.01; Skin Integrity testk=tritiated water permeation; logJmaxm=-11.6; Reference=(Siddiqui et al. 1989); Resolved through PubChem exact CAS synonym match.,True,merged,True,True,False,3,cheruvu|huskin|skinpix,,,pooled_median_all_rows,3,cheruvu|huskin|skinpix,"{""cheruvu"": [""41"", ""446""], ""huskin"": [""huskin_row_315"", ""huskin_row_316"", ""huskin_row_317"", ""huskin_row_318"", ""huskin_row_319"", ""huskin_row_320"", ""huskin_row_321"", ""huskin_row_322"", ""huskin_row_323"", ""huskin_row_324""], ""skinpix"": [""107"", ""108"", ""109"", ""110""]}","{""cheruvu"": [-9.083546051450075, -5.575244044727656], ""huskin"": [-7.481, -7.195, -9.079, -9.106, -7.357, -7.357, -7.431, -7.681, -7.577, -9.195], ""skinpix"": [-8.857, -6.332, -6.238, -8.214]}","[-7.481, -7.195, -9.079, -9.106, -7.357, -7.357, -7.431, -7.681, -7.577, -9.195, -8.857, -6.332, -6.238, -8.214, -9.083546051450075, -5.575244044727656]","{""cheruvu"": 2, ""huskin"": 10, ""skinpix"": 4}",[],3.62,1.083,3.643,True,,,(Siddiqui et al. 1989),,1989,,siddiqui_1989,-7.529,,,True,,20,20,16,4
merged,merged,merged_327,Hydrocortisone 21-Hemisuccinate,,OC(=O)CCC(=O)OCC(=O)[C@@]1(O)CC[C@@H]2[C@]1(C)C[C@H](O)[C@H]1[C@H]2CCC2=CC(=O)CC[C@]12C,C[C@]12CCC(=O)C=C1CC[C@@H]1[C@@H]2[C@@H](O)C[C@@]2(C)[C@H]1CC[C@]2(O)C(=O)COC(=O)CCC(=O)O,,,-6.757,,cm/s,logKp,"skin donor type=Abdominoplasty or cadaver; used layer=stratum corneum; skin preparation=trypsinisation; storage temperature (°C)=4; storage duration (days)=8.5 (7-10); neat=0; donor/skin surface temperature (°C)=37; donor pH=4; donor type=Succinate solution; acceptor temperature (°C)=37; acceptor pH=4; acceptor type=Succinate solution; cell type=Flow through cell; reference=Anderson, 1988; DOI=10.1023/a:1015989929342",True,merged,False,False,False,1,huskin,,,pooled_median_all_rows,1,huskin,"{""huskin"": [""huskin_row_328""]}","{""huskin"": [-6.757]}",[-6.757],"{""huskin"": 1}",[],0.0,0.0,3.643,True,,10.1023/a:1015989929342,"Anderson, 1988",,1988,,anderson_1988,-6.757,cheruvu|huskin,,True,,2,2,1,1
merged,merged,merged_328,Hydrocortisone 21-succinamate,,NC(=O)CCC(=O)OCC(=O)[C@@]1(O)CC[C@@H]2[C@]1(C)C[C@H](O)[C@H]1[C@H]2CCC2=CC(=O)CC[C@]12C,C[C@]12CCC(=O)C=C1CC[C@@H]1[C@@H]2[C@@H](O)C[C@@]2(C)[C@H]1CC[C@]2(O)C(=O)COC(=O)CCC(N)=O,,,-8.141,,cm/s,logKp,"skin donor type=Abdominoplasty or cadaver; used layer=stratum corneum; skin preparation=trypsinisation; storage temperature (°C)=4; storage duration (days)=8.5 (7-10); neat=0; donor/skin surface temperature (°C)=37; donor pH=4; donor type=Succinate solution; acceptor temperature (°C)=37; acceptor pH=4; acceptor type=Succinate solution; cell type=Flow through cell; reference=Anderson, 1988; DOI=10.1023/a:1015989929342",True,merged,False,False,False,1,huskin,,,pooled_median_all_rows,1,huskin,"{""huskin"": [""huskin_row_336""]}","{""huskin"": [-8.141]}",[-8.141],"{""huskin"": 1}",[],0.0,0.0,3.643,True,,10.1023/a:1015989929342,"Anderson, 1988",,1988,,anderson_1988,-8.141,,,True,,1,1,1,0
merged,merged,merged_329,Hydrocortisone 21-Hemipimelate,,OC(=O)CCCCCC(=O)OCC(=O)[C@@]1(O)CC[C@@H]2[C@]1(C)C[C@H](O)[C@H]1[C@H]2CCC2=CC(=O)CC[C@]12C,C[C@]12CCC(=O)C=C1CC[C@@H]1[C@@H]2[C@@H](O)C[C@@]2(C)[C@H]1CC[C@]2(O)C(=O)COC(=O)CCCCCC(=O)O,,,-6.301,,cm/s,logKp,"skin donor type=Abdominoplasty or cadaver; used layer=stratum corneum; skin preparation=trypsinisation; storage temperature (°C)=4; storage duration (days)=8.5 (7-10); neat=0; donor/skin surface temperature (°C)=37; donor pH=4; donor type=Succinate solution; acceptor temperature (°C)=37; acceptor pH=4; acceptor type=Succinate solution; cell type=Flow through cell; reference=Anderson, 1988; DOI=10.1023/a:1015989929342",True,merged,False,False,False,1,huskin,,,pooled_median_all_rows,1,huskin,"{""huskin"": [""huskin_row_327""]}","{""huskin"": [-6.301]}",[-6.301],"{""huskin"": 1}",[],0.0,0.0,3.643,True,,10.1023/a:1015989929342,"Anderson, 1988",,1988,,anderson_1988,-6.301,,,True,,1,1,1,0
merged,merged,merged_330,Hydrocortisone 21-pimelamate,,NC(=O)CCCCCC(=O)OCC(=O)[C@@]1(O)CC[C@@H]2[C@]1(C)C[C@H](O)[C@H]1[C@H]2CCC2=CC(=O)CC[C@]12C,C[C@]12CCC(=O)C=C1CC[C@@H]1[C@@H]2[C@@H](O)C[C@@]2(C)[C@H]1CC[C@]2(O)C(=O)COC(=O)CCCCCC(N)=O,,,-6.607,,cm/s,logKp,"skin donor type=Abdominoplasty or cadaver; used layer=stratum corneum; skin preparation=trypsinisation; storage temperature (°C)=4; storage duration (days)=8.5 (7-10); neat=0; donor/skin surface temperature (°C)=37; donor pH=4; donor type=Succinate solution; acceptor temperature (°C)=37; acceptor pH=4; acceptor type=Succinate solution; cell type=Flow through cell; reference=Anderson, 1988; DOI=10.1023/a:1015989929342",True,merged,False,False,False,1,huskin,,,pooled_median_all_rows,1,huskin,"{""huskin"": [""huskin_row_333""]}","{""huskin"": [-6.607]}",[-6.607],"{""huskin"": 1}",[],0.0,0.0,3.643,True,,10.1023/a:1015989929342,"Anderson, 1988",,1988,,anderson_1988,-6.607,,,True,,1,1,1,0
merged,merged,merged_331,Hydrocortisone 21-(6-hydroxyhexanoate),,OCCCCCC(=O)OCC(=O)[C@@]1(O)CC[C@@H]2[C@]1(C)C[C@H](O)[C@H]1[C@H]2CCC2=CC(=O)CC[C@]12C,C[C@]12CCC(=O)C=C1CC[C@@H]1[C@@H]2[C@@H](O)C[C@@]2(C)[C@H]1CC[C@]2(O)C(=O)COC(=O)CCCCCO,,,-6.597,,cm/s,logKp,"skin donor type=Abdominoplasty or cadaver; used layer=stratum corneum; skin preparation=trypsinisation; storage temperature (°C)=4; storage duration (days)=8.5 (7-10); neat=0; donor/skin surface temperature (°C)=37; donor pH=4; donor type=Succinate solution; acceptor temperature (°C)=37; acceptor pH=4; acceptor type=Succinate solution; cell type=Flow through cell; reference=Anderson, 1988; DOI=10.1023/a:1015989929342",True,merged,False,False,False,1,huskin,,,pooled_median_all_rows,1,huskin,"{""huskin"": [""huskin_row_325""]}","{""huskin"": [-6.597]}",[-6.597],"{""huskin"": 1}",[],0.0,0.0,3.643,True,,10.1023/a:1015989929342,"Anderson, 1988",,1988,,anderson_1988,-6.597,,,True,,1,1,1,0
merged,merged,merged_332,Aldosterone,52-39-1,C[C@]12CCC(=O)C=C1CC[C@@H]3[C@@H]2[C@H](C[C@]4([C@H]3CC[C@@H]4C(=O)CO)C=O)O,C[C@]12CCC(=O)C=C1CC[C@@H]1[C@@H]2[C@@H](O)C[C@]2(C=O)[C@@H](C(=O)CO)CC[C@@H]12,,,-8.079,,cm/s,logKp,set=t; MWa=360.45; logKowb=0.73; Mptc=437; LogSaqd=-5.717149772053762; LogSoce=-4.987149772053762; Hdf=2; Hag=5; MVh=252.6; Texpi=310; Skin thicknessj=0.1; Skin Integrity testk=Visual check; logJmaxm=-9.729483507127487; Reference=(Suhonen et al. 2003); Resolved through PubChem exact CAS synonym match.,True,merged,True,True,False,3,cheruvu|huskin|zeng,,,pooled_median_all_rows,3,cheruvu|huskin|zeng,"{""cheruvu"": [""335"", ""467""], ""huskin"": [""huskin_row_143"", ""huskin_row_144"", ""huskin_row_145"", ""huskin_row_146""], ""zeng"": [""8""]}","{""cheruvu"": [-7.568636235841012, -8.304660409625928], ""huskin"": [-7.793, -7.857, -8.079, -9.079], ""zeng"": [-8.246302500767287]}","[-7.793, -7.857, -8.079, -9.079, -8.246302500767287, -7.568636235841012, -8.304660409625928]","{""cheruvu"": 2, ""huskin"": 4, ""zeng"": 1}",[],1.51,0.455,3.643,True,,,(Suhonen et al. 2003),,2003,,suhonen_2003,-8.079,,,True,,11,11,7,4
merged,merged,merged_333,hydrocortisone,,O=C4CC[C@]3(C)[C@@]2([H])[C@H](O)C[C@]1(C)[C@]([C@@](CO)=O)(O)CC[C@]([H])1[C@@]([H])2CCC3=C4,C[C@]12CCC(=O)C=C1CC[C@@H]1[C@@H]2[C@H](O)C[C@@]2(C)[C@H]1CC[C@]2(O)C(=O)CO,,,-7.846,,cm/s,logKp,cos2[(4.31+AlogP)/8.66]=0.645; Neoplastic-80=1; X3v=9.557; log(Kp)/SVM=-4.46; log(Kp)/MLR=-4.46,True,merged,False,False,False,1,zeng,,,pooled_median_all_rows,1,zeng,"{""zeng"": [""66""]}","{""zeng"": [-7.846302500767287]}",[-7.846302500767287],"{""zeng"": 1}",[],0.0,0.0,3.643,True,,,,,,,,-7.846,,,True,,1,1,1,0
merged,merged,merged_334,Estrone,,Oc1ccc2c(c1)CC[C@@H]1[C@@H]2CC[C@]2([C@H]1CCC2=O)C,C[C@]12CC[C@@H]3c4ccc(O)cc4CC[C@H]3[C@@H]1CCC2=O,,,-5.998,,cm/s,logKp,"used layer=epidermis; neat=0; donor/skin surface temperature (°C)=26; acceptor temperature (°C)=26; reference=Scheuplein, 1969; DOI=10.1038/jid.1969.9",True,merged,False,True,False,2,huskin|zeng,,,pooled_median_all_rows,2,huskin|zeng,"{""huskin"": [""huskin_row_266""], ""zeng"": [""32""]}","{""huskin"": [-6.0], ""zeng"": [-5.996302500767287]}","[-6.0, -5.996302500767287]","{""huskin"": 1, ""zeng"": 1}",[],0.004,0.002,3.643,True,,10.1038/jid.1969.9,"Scheuplein, 1969",,1969,,scheuplein_1969,-5.998,cheruvu|huskin,,True,,3,3,2,1
merged,merged,merged_335,Estradiol,50-28-2,C[C@]12CC[C@H]3[C@H]([C@@H]1CC[C@@H]2O)CCC4=C3C=CC(=C4)O,C[C@]12CC[C@@H]3c4ccc(O)cc4CC[C@H]3[C@@H]1CC[C@@H]2O,,,-6.013,,cm/s,logKp,set=t; MWa=272.4; logKowb=4.01; Mptc=449; LogSaqd=-7.795880017344075; LogSoce=-3.7858800173440748; Hdf=2; Hag=2; MVh=208.3; Texpi=305; Skin thicknessj=0.1; logJmaxm=-10.225337077462177; Reference=(Williams and Barry 1991b); Resolved through PubChem exact CAS synonym match.,True,merged,True,True,False,2,cheruvu|huskin,,,pooled_median_all_rows,2,cheruvu|huskin,"{""cheruvu"": [""27"", ""29"", ""121"", ""122"", ""123"", ""124"", ""125"", ""126"", ""127"", ""128"", ""129"", ""130"", ""131"", ""132"", ""133"", ""134"", ""135"", ""136"", ""137"", ""138"", ""276"", ""338"", ""340"", ""352""], ""huskin"": [""huskin_row_250"", ""huskin_row_251"", ""huskin_row_252"", ""huskin_row_253"", ""huskin_row_254"", ""huskin_row_255"", ""huskin_row_256"", ""huskin_row_257"", ""huskin_row_258"", ""huskin_row_260"", ""huskin_row_261"", ""huskin_row_262"", ""huskin_row_263"", ""huskin_row_264""]}","{""cheruvu"": [-5.568636235841012, -5.8378008119000135, -5.9857595608853895, -6.0954046580107395, -6.360402848358054, -5.7796013167788765, -6.154901959985743, -6.1833904977971805, -5.944579192759946, -6.077736005173444, -6.007299238741499, -6.0484466290714565, -6.0338582672609675, -6.128167706738498, -6.196467018427399, -6.039106602817313, -6.08795517035513, -6.043084900699348, -5.99045468209377, -5.90599497763535, -5.920818753952375, -5.636388020107855, -8.253106443346798, -5.542118103266008], ""huskin"": [-5.967, -6.684, -6.018, -5.944, -5.937, -5.77, -5.829, -6.051, -6.079, -7.079, -5.488, -4.815, -6.556, -5.556]}","[-5.967, -6.684, -6.018, -5.944, -5.937, -5.77, -5.829, -6.051, -6.079, -7.079, -5.488, -4.815, -6.556, -5.556, -5.568636235841012, -5.8378008119000135, -5.9857595608853895, -6.0954046580107395, -6.360402848358054, -5.7796013167788765, -6.154901959985743, -6.1833904977971805, -5.944579192759946, -6.077736005173444, -6.007299238741499, -6.0484466290714565, -6.0338582672609675, -6.128167706738498, -6.196467018427399, -6.039106602817313, -6.08795517035513, -6.043084900699348, -5.99045468209377, -5.90599497763535, -5.920818753952375, -5.636388020107855, -8.253106443346798, -5.542118103266008]","{""cheruvu"": 24, ""huskin"": 14}",[],3.438,0.508,3.643,True,,,(Williams and Barry 1991b),,1991,,williams_1991,-6.013,,,True,,47,47,38,9
merged,merged,merged_336,Estriol,,Oc1ccc2c(c1)CC[C@@H]1[C@@H]2CC[C@]2([C@H]1C[C@H]([C@@H]2O)O)C,C[C@]12CC[C@@H]3c4ccc(O)cc4CC[C@H]3[C@@H]1C[C@@H](O)[C@@H]2O,,,-7.954,,cm/s,logKp,"used layer=epidermis; neat=0; donor/skin surface temperature (°C)=26; acceptor temperature (°C)=26; reference=Scheuplein, 1969; DOI=10.1038/jid.1969.9",True,merged,False,False,False,1,huskin,,,pooled_median_all_rows,1,huskin,"{""huskin"": [""huskin_row_265""]}","{""huskin"": [-7.954]}",[-7.954],"{""huskin"": 1}",[],0.0,0.0,3.643,True,,10.1038/jid.1969.9,"Scheuplein, 1969",,1969,,scheuplein_1969,-7.954,cheruvu|huskin,,True,,2,2,1,1
merged,merged,merged_337,Cortexone,,OCC(=O)[C@H]1CC[C@@H]2[C@]1(C)CC[C@H]1[C@H]2CCC2=CC(=O)CC[C@]12C,C[C@]12CC[C@H]3[C@@H](CCC4=CC(=O)CC[C@@]43C)[C@@H]1CC[C@@H]2C(=O)CO,,,-6.903,,cm/s,logKp,"used layer=epidermis; neat=0; donor/skin surface temperature (°C)=26; acceptor temperature (°C)=26; reference=Scheuplein, 1969; DOI=10.1038/jid.1969.9",True,merged,False,False,False,1,huskin,,,pooled_median_all_rows,1,huskin,"{""huskin"": [""huskin_row_213""]}","{""huskin"": [-6.903]}",[-6.903],"{""huskin"": 1}",[],0.0,0.0,3.643,True,,10.1038/jid.1969.9,"Scheuplein, 1969",,1969,,scheuplein_1969,-6.903,cheruvu|huskin,,True,,2,2,1,1
merged,merged,merged_338,testosterone,58-22-0,C[C@]12CC[C@H]3[C@H]([C@@H]1CC[C@@H]2O)CCC4=CC(=O)CC[C@]34C,C[C@]12CC[C@H]3[C@@H](CCC4=CC(=O)CC[C@@]43C)[C@@H]1CC[C@@H]2O,,,-5.664,,cm/s,logKp,set=t; MWa=288.42001; logKowb=3.48; Mptc=428; LogSaqd=-7.075720713938118; LogSoce=-3.595720713938118; Hdf=1; Hag=2; MVh=244; Texpi=310; Skin thicknessj=0.1; Skin Integrity testk=tritiated water permeation; Skin Selection criteria=<3e-3; logJmaxm=-9.03039773515146; Reference=(Buist et al. 2010); Resolved through PubChem exact CAS synonym match.,True,merged,True,True,False,4,cheruvu|huskin|skinpix|zeng,,,pooled_median_all_rows,4,cheruvu|huskin|skinpix|zeng,"{""cheruvu"": [""74"", ""181"", ""182"", ""183"", ""184"", ""185"", ""337"", ""460"", ""462"", ""470""], ""huskin"": [""huskin_row_508"", ""huskin_row_509"", ""huskin_row_510"", ""huskin_row_512"", ""huskin_row_513"", ""huskin_row_514"", ""huskin_row_515"", ""huskin_row_516"", ""huskin_row_517"", ""huskin_row_518"", ""huskin_row_519"", ""huskin_row_520"", ""huskin_row_521"", ""huskin_row_522"", ""huskin_row_523""], ""skinpix"": [""164"", ""165"", ""166""], ""zeng"": [""22""]}","{""cheruvu"": [-6.623828736090134, -5.51097952198063, -5.5695307665010425, -5.5831746471675885, -5.621804049523719, -5.664207898076807, -5.688246138944246, -5.2026421235669496, -5.613468006997191, -5.9450623321187], ""huskin"": [-5.67, -5.827, -6.214, -5.856, -6.954, -6.626, -5.73, -5.489, -5.476, -5.489, -5.476, -5.596, -4.945, -6.898, -7.903], ""skinpix"": [-6.963, -4.98, -4.972], ""zeng"": [-6.266302500767287]}","[-5.67, -5.827, -6.214, -5.856, -6.954, -6.626, -5.73, -5.489, -5.476, -5.489, -5.476, -5.596, -4.945, -6.898, -7.903, -6.963, -4.98, -4.972, -6.266302500767287, -6.623828736090134, -5.51097952198063, -5.5695307665010425, -5.5831746471675885, -5.621804049523719, -5.664207898076807, -5.688246138944246, -5.2026421235669496, -5.613468006997191, -5.9450623321187]","{""cheruvu"": 10, ""huskin"": 15, ""skinpix"": 3, ""zeng"": 1}",[],2.958,0.673,3.643,True,,,(Buist et al. 2010),,2010,,buist_2010,-5.664,,,True,,37,37,29,8
merged,merged,merged_339,triamcinolone acetonide,,C[C@@]12[C@H](C(CO)=O)CC[C@@]1([H])[C@]3([H])CCC4=CC(C=C[C@]4(C)[C@@]3(F)[C@@H](O)C2)=O,C[C@]12C[C@H](O)[C@@]3(F)[C@@H](CCC4=CC(=O)C=C[C@@]43C)[C@@H]1CC[C@H]2C(=O)CO,,,-8.246,,cm/s,logKp,cos2[(4.31+AlogP)/8.66]=0.659; Neoplastic-80=1; X3v=10.926; log(Kp)/SVM=-4.68; log(Kp)/MLR=-4.78,True,merged,False,False,False,1,zeng,,,pooled_median_all_rows,1,zeng,"{""zeng"": [""3""]}","{""zeng"": [-8.246302500767287]}",[-8.246302500767287],"{""zeng"": 1}",[],0.0,0.0,3.643,True,,,,,,,,-8.246,,,True,,1,1,1,0
merged,merged,merged_340,Corticosterone,50-22-6,C[C@]12CCC(=O)C=C1CC[C@@H]3[C@@H]2[C@H](C[C@]4([C@H]3CC[C@@H]4C(=O)CO)C)O,C[C@]12C[C@H](O)[C@H]3[C@@H](CCC4=CC(=O)CC[C@@]43C)[C@@H]1CC[C@@H]2C(=O)CO,,,-5.936,,cm/s,logKp,set=t; MWa=346.5; logKowb=1.76; Mptc=454; LogSaqd=-6.2076083105017466; LogSoce=-4.447608310501746; Hdf=2; Hag=4; MVh=263.8; Texpi=300; Skin thicknessj=0.1; Skin Integrity testk=transepidermal electrical resistance; Skin Selection criteria=20-130 Kohmcm2; logJmaxm=-9.473483166174239; Reference=(Peck et al. 1995); Resolved through PubChem exact CAS synonym match.,True,merged,True,True,False,2,cheruvu|huskin,,,pooled_median_all_rows,2,cheruvu|huskin,"{""cheruvu"": [""16"", ""18"", ""19"", ""226"", ""227"", ""228"", ""229"", ""230"", ""231"", ""232"", ""233"", ""234"", ""235"", ""236"", ""237"", ""238"", ""239"", ""240"", ""241"", ""242"", ""243"", ""244"", ""245"", ""246"", ""247"", ""248"", ""249"", ""250"", ""251"", ""252"", ""253"", ""254"", ""271"", ""278"", ""279"", ""280"", ""281"", ""282"", ""283"", ""284"", ""285"", ""286"", ""287"", ""288"", ""289"", ""290"", ""291"", ""292"", ""293"", ""294"", ""295"", ""296"", ""297"", ""298"", ""299"", ""336"", ""469""], ""huskin"": [""huskin_row_214"", ""huskin_row_215"", ""huskin_row_218"", ""huskin_row_219""]}","{""cheruvu"": [-6.822177356439779, -8.232020045469595, -6.142177356439779, -6.494850021680094, -6.309803919971486, -5.987162775294827, -5.444905551421681, -4.777283528852417, -6.468521082957745, -5.603800652904264, -5.4723700991286615, -5.364516253185088, -5.136677139879544, -6.455931955649724, -5.91721462968355, -5.515700160653214, -5.251811972993799, -6.522878745280337, -6.292429823902063, -5.96657624451305, -5.655607726314889, -5.431798275933005, -6.431798275933005, -5.935542010773082, -5.876148359032914, -5.679853713888946, -5.346787486224656, -6.376750709602099, -6.065501548756432, -5.661543506395395, -5.416801226031377, -5.2839966563652006, -6.721246399047171, -6.468521082957745, -6.050609993355087, -5.886056647693163, -5.764471553092451, -6.468521082957745, -5.913640169325252, -5.7594507517174005, -5.688246138944246, -6.481486060122112, -6.221848749616356, -5.943095148663527, -5.924453038607469, -6.455931955649724, -5.96657624451305, -5.721246399047171, -5.460923901207224, -5.236572006437063, -6.468521082957745, -5.84163750790475, -5.58838029403677, -5.460923901207224, -5.267606240177032, -6.790484985457369, -6.890986196069594], ""huskin"": [-7.556, -7.079, -7.778, -8.206]}","[-7.556, -7.079, -7.778, -8.206, -6.822177356439779, -8.232020045469595, -6.142177356439779, -6.494850021680094, -6.309803919971486, -5.987162775294827, -5.444905551421681, -4.777283528852417, -6.468521082957745, -5.603800652904264, -5.4723700991286615, -5.364516253185088, -5.136677139879544, -6.455931955649724, -5.91721462968355, -5.515700160653214, -5.251811972993799, -6.522878745280337, -6.292429823902063, -5.96657624451305, -5.655607726314889, -5.431798275933005, -6.431798275933005, -5.935542010773082, -5.876148359032914, -5.679853713888946, -5.346787486224656, -6.376750709602099, -6.065501548756432, -5.661543506395395, -5.416801226031377, -5.2839966563652006, -6.721246399047171, -6.468521082957745, -6.050609993355087, -5.886056647693163, -5.764471553092451, -6.468521082957745, -5.913640169325252, -5.7594507517174005, -5.688246138944246, -6.481486060122112, -6.221848749616356, -5.943095148663527, -5.924453038607469, -6.455931955649724, -5.96657624451305, -5.721246399047171, -5.460923901207224, -5.236572006437063, -6.468521082957745, -5.84163750790475, -5.58838029403677, -5.460923901207224, -5.267606240177032, -6.790484985457369, -6.890986196069594]","{""cheruvu"": 57, ""huskin"": 4}",[],3.455,0.7,3.643,True,,,(Peck et al. 1995),,1995,,peck_1995,-5.936,,,True,,69,69,61,8
merged,merged,merged_341,Paraquat,,C[n+]1ccc(cc1)c1cc[n+](cc1)C,C[n+]1ccc(-c2cc[n+](C)cc2)cc1,,,-8.617,,cm/s,logKp,"skin donor type=Cadaver; skin source site=abdomen; storage temperature (°C)=7; storage duration (days)=4; neat=0; donor/skin surface temperature (°C)=30; acceptor temperature (°C)=30; reference=Scott, 1990; DOI=10.1111/1523-1747.ep12475447",True,merged,False,False,False,1,huskin,,,pooled_median_all_rows,1,huskin,"{""huskin"": [""huskin_row_456""]}","{""huskin"": [-8.617]}",[-8.617],"{""huskin"": 1}",[],0.0,0.0,3.643,True,,10.1111/1523-1747.ep12475447,"Scott, 1990",,1990,,scott_1990,-8.617,,,True,,1,1,1,0
merged,merged,merged_342,Aminopyrine,58-15-1,CC1=C(C(=O)N(N1C)C2=CC=CC=C2)N(C)C,Cc1c(N(C)C)c(=O)n(-c2ccccc2)n1C,,,-6.514,,cm/s,logKp,"publication ID=233; Kp relation==; Kp (cm/h)=0.001188 ± 7.20E-05; Kp (cm/h) (processed)=0.001188; Kp error (cm/h) (processed)=0.000072; skin donor type=Surgery; skin source site=abdomen; used layer=epidermis, dermis; donor type=PBS; category donor type=PBS based formulations; donor pH=7.4; acceptor type=PBS; category acceptor type=PBS based formulations; acceptor pH=7.4; acceptor temperature (°C)=32; cell type=static Franz cell; author=Uchida,T; date=2015; doi=10.1016/j.ejps.2014.11.002; notes=1 skin donor, 3 samples,  Kp given in (cm/s) calculated in cm/h by multiplying by 3600.  A saturated solution is applied but Cv is not known.",True,merged,False,True,False,2,skinpix|zeng,,,pooled_median_all_rows,2,skinpix|zeng,"{""skinpix"": [""33""], ""zeng"": [""73""]}","{""skinpix"": [-6.481], ""zeng"": [-6.546302500767288]}","[-6.481, -6.546302500767288]","{""skinpix"": 1, ""zeng"": 1}",[],0.065,0.033,3.643,True,,10.1016/j.ejps.2014.11.002,,"Uchida,T",2015,233,uchida_2015,-6.514,,,True,,2,2,2,0
merged,merged,merged_343,Chlorocresol,,Cc1c(O)cccc1Cl,Cc1c(O)cccc1Cl,,,-4.908,,cm/s,logKp,"skin donor type=Cadaver; skin source site=abdomen; used layer=epidermis; skin preparation=exposure to ammonia fumes; neat=0; donor/skin surface temperature (°C)=25; acceptor temperature (°C)=25; cell type=Pyrex cell; reference=Roberts, 1977; DOI=10.1111/j.2042-7158.1977.tb11434.x",True,merged,True,False,False,1,huskin,,,pooled_median_all_rows,1,huskin,"{""huskin"": [""huskin_row_201"", ""huskin_row_202""]}","{""huskin"": [-4.816, -5.0]}","[-4.816, -5.0]","{""huskin"": 2}",[],0.184,0.092,3.643,True,,10.1111/j.2042-7158.1977.tb11434.x,"Roberts, 1977",,1977,,roberts_1977,-4.908,deeppk|huskin,,True,,3,3,2,1
merged,merged,merged_344,Epikote YX4000,,Cc1cc(cc(c1OCC1OC1)C)c1cc(C)c(c(c1)C)OCC1OC1,Cc1cc(-c2cc(C)c(OCC3CO3)c(C)c2)cc(C)c1OCC1CO1,,,-10.884,,cm/s,logKp,"skin donor type=Mammaplasty; skin source site=breast; used layer=epidermis, dermis; skin preparation=dermatomed; storage duration (days)=0.125; neat=0; donor/skin surface temperature (°C)=32; acceptor pH=7.4; acceptor type=Hanks balanced salt solution; cell type=Flow through cell; notes=receptor- Hanks balanced salt solution, no phenol red and sodium bicarbonate, contains HEPES, BSA and gentamicin; reference=Boogaard, 2000; DOI=10.1080/004982500237488",True,merged,False,False,False,1,huskin,,,pooled_median_all_rows,1,huskin,"{""huskin"": [""huskin_row_249""]}","{""huskin"": [-10.884]}",[-10.884],"{""huskin"": 1}",[],0.0,0.0,3.643,True,,10.1080/004982500237488,"Boogaard, 2000",,2000,,boogaard_2000,-10.884,,,True,,1,1,1,0
merged,merged,merged_345,"3,5-dimethylphenol",,CC1=CC(C)=CC(O)=C1,Cc1cc(C)cc(O)c1,,,-5.036,,cm/s,logKp,cos2[(4.31+AlogP)/8.66]=0.494; Neoplastic-80=0; X3v=2.346; log(Kp)/SVM=-1.43; log(Kp)/MLR=-1.55,True,merged,False,False,False,1,zeng,,,pooled_median_all_rows,1,zeng,"{""zeng"": [""162""]}","{""zeng"": [-5.036302500767287]}",[-5.036302500767287],"{""zeng"": 1}",[],0.0,0.0,3.643,True,,,,,,,,-5.036,,,True,,1,1,1,0
merged,merged,merged_346,,,Cc1cc(Cl)ccc1O,Cc1cc(Cl)ccc1O,,,-4.816,,cm/s,logKp,group=training,True,merged,False,False,False,1,deeppk,,,pooled_median_all_rows,1,zeng_deeppk,"{""deeppk"": [""deeppk_skin_permeability_train_row_78""]}","{""deeppk"": [-4.8163025007672875]}",[-4.8163025007672875],"{""deeppk"": 1}",[],0.0,0.0,3.643,True,,,,,,,,-4.816,,,True,,1,1,1,0
merged,merged,merged_347,"2,5-Diaminotoluene",95-70-5,CC1=C(C=CC(=C1)N)N,Cc1cc(N)ccc1N,,,-6.082,,cm/s,logKp,"publication ID=80; Kp relation==; Kp (cm/h)=0.0033; Kp (cm/h) (processed)=0.0033; steady state flux Jss relation==; steady state flux Jss (original)=0.12; steady state flux Jss unit (original)=µg/cm2/h; steady state flux Jss (converted) (ug/cm2/h)=0.12; tlag (h) (original)=2.66; tlag (h) (processed)=2.66; skin donor type=Cadaver; skin source site=back, thigh; skin preparation=dermatomed; used layer=epidermis, dermis; storage duration (days)=<180; storage temperature (°C)=-20; donor type=Dulbecco phosphate buffered saline with calcium and magnesium with sodium azide at 0.5 mg per mL with antioxidants 0.3% ascorbic acid and 0.4% sodium sulfite; category donor type=PBS based formulations; donor/skin surface temperature (°C)=32; acceptor type=Dulbecco's phosphate buffered saline with calcium and magnesium + 2% BSA; category acceptor type=PBS based formulations; acceptor pH=7.4; cell type=other type of diffusion cell; author=Ellison,CA; date=2020; doi=10.1016/j.tiv.2020.104990; notes=occlusion using Bandit® brand packing tape, the authors declare infinite dose conditions, recovery: 96%, data (Jss, Tlag, Kp, recovery) in Supplemental Table3",True,merged,True,False,False,1,skinpix,,,pooled_median_all_rows,1,skinpix,"{""skinpix"": [""3"", ""4""]}","{""skinpix"": [-6.038, -6.125]}","[-6.038, -6.125]","{""skinpix"": 2}",[],0.087,0.043,3.643,True,,10.1016/j.tiv.2020.104990,,"Ellison,CA",2020,80,ellison_2020,-6.082,,,True,,2,2,2,0
merged,merged,merged_348,Chloroxylenol,88-04-0,CC1=CC(=CC(=C1Cl)C)O,Cc1cc(O)cc(C)c1Cl,,,-4.786,,cm/s,logKp,set=t; MWa=156.6; logKowb=3.35; Mptc=389; LogSaqd=-5.721246399047171; LogSoce=-2.3712463990471706; Hdf=1; Hag=1; MVh=119.4; Texpi=298; Skin thicknessj=0.1; Skin Integrity testk=Repeating the permeation experiment; Skin Selection criteria=Flux comparison; logJmaxm=-6.95; Reference=(Roberts et al. 1977); Resolved through PubChem exact CAS synonym match.,True,merged,True,True,False,3,cheruvu|deeppk|zeng,,,pooled_median_all_rows,3,cheruvu|zeng|zeng_deeppk,"{""cheruvu"": [""14"", ""224""], ""deeppk"": [""deeppk_skin_permeability_train_row_107""], ""zeng"": [""49""]}","{""cheruvu"": [-4.785056101720117, -4.651046452018836], ""deeppk"": [-5.806302500767288], ""zeng"": [-4.786302500767287]}","[-4.786302500767287, -4.785056101720117, -4.651046452018836, -5.806302500767288]","{""cheruvu"": 2, ""deeppk"": 1, ""zeng"": 1}",[],1.155,0.465,3.643,True,,,(Roberts et al. 1977),,1977,,roberts_1977,-4.786,,,True,,4,4,4,0
merged,merged,merged_349,Chlorocresol,59-50-7,CC1=C(C=CC(=C1)O)Cl,Cc1cc(O)ccc1Cl,,,-4.91,,cm/s,logKp,set=t; MWa=142.6; logKowb=3.1; Mptc=340; LogSaqd=-4.455931955649724; LogSoce=-1.3559319556497242; Hdf=1; Hag=1; MVh=104.9; Texpi=298; Skin thicknessj=0.1; Skin Integrity testk=Repeating the permeation experiment; Skin Selection criteria=Flux comparison; logJmaxm=-5.72; Reference=(Roberts et al. 1977); Resolved through PubChem exact CAS synonym match.,True,merged,True,True,False,2,cheruvu|deeppk,,,pooled_median_all_rows,2,cheruvu|zeng_deeppk,"{""cheruvu"": [""11"", ""219"", ""220""], ""deeppk"": [""deeppk_skin_permeability_train_row_30""]}","{""cheruvu"": [-4.820370545117563, -5.0, -5.417717419403284], ""deeppk"": [-4.8163025007672875]}","[-4.820370545117563, -5.0, -5.417717419403284, -4.8163025007672875]","{""cheruvu"": 3, ""deeppk"": 1}",[],0.601,0.245,3.643,True,,,(Roberts et al. 1977),,1977,,roberts_1977,-4.91,,,True,,4,4,4,0
merged,merged,merged_350,p-Tolunitrile,104-85-8,CC1=CC=C(C=C1)C#N,Cc1ccc(C#N)cc1,,,-5.067,,cm/s,logKp,set=t; MWa=117.15; logKowb=1.87; Mptc=301; LogSaqd=-5.000298986188565; LogSoce=-3.130298986188565; Hdf=0; Hag=1; MVh=116.1; Texpi=305; Skin thicknessj=0.075; Skin Integrity testk=transepidermal electrical resistance; Skin Selection criteria=>4.26 kΩ; logJmaxm=-6.3436594844813765; Reference=(Ellison et al. 2020); Resolved through PubChem exact CAS synonym match.,True,merged,True,True,False,2,cheruvu|skinpix,,,pooled_median_all_rows,2,cheruvu|skinpix,"{""cheruvu"": [""412""], ""skinpix"": [""194"", ""195""]}","{""cheruvu"": [-4.899662999060098], ""skinpix"": [-5.178, -5.067]}","[-5.178, -5.067, -4.899662999060098]","{""cheruvu"": 1, ""skinpix"": 2}",[],0.278,0.114,3.643,True,,,(Ellison et al. 2020),,2020,,ellison_2020,-5.067,,,True,,4,4,3,1
merged,merged,merged_351,Thymol; 2-Isopropyl-5-methylphenol,89-83-8,CC1=CC(=C(C=C1)C(C)C)O,Cc1ccc(C(C)C)c(O)c1,,,-4.824,,cm/s,logKp,set=t; MWa=150.2; logKowb=3.28; Mptc=325; LogSaqd=-5.173925197299174; LogSoce=-1.8939251972991733; Hdf=1; Hag=1; MVh=142.9; Texpi=298; Skin thicknessj=0.1; Skin Integrity testk=Repeating the permeation experiment; Skin Selection criteria=Flux comparison; logJmaxm=-6.45; Reference=(Roberts et al. 1977); Resolved through PubChem exact CAS synonym match.,True,merged,True,True,False,4,cheruvu|deeppk|huskin|zeng,,,pooled_median_all_rows,4,cheruvu|huskin|zeng|zeng_deeppk,"{""cheruvu"": [""75""], ""deeppk"": [""deeppk_skin_permeability_train_row_118""], ""huskin"": [""huskin_row_525"", ""huskin_row_526"", ""huskin_row_527""], ""zeng"": [""245""]}","{""cheruvu"": [-4.832377303468115], ""deeppk"": [-4.8163025007672875], ""huskin"": [-4.86, -4.834, -4.77], ""zeng"": [-4.736302500767287]}","[-4.86, -4.834, -4.77, -4.736302500767287, -4.832377303468115, -4.8163025007672875]","{""cheruvu"": 1, ""deeppk"": 1, ""huskin"": 3, ""zeng"": 1}",[],0.124,0.042,3.643,True,,,(Roberts et al. 1977),,1977,,roberts_1977,-4.824,,,True,,7,7,6,1
merged,merged,merged_352,Carvacrol,,CC(c1ccc(c(c1)O)C)C,Cc1ccc(C(C)C)cc1O,,,-4.826,,cm/s,logKp,"skin donor type=Abdominoplasty; skin source site=abdomen; used layer=epidermis; skin preparation=heat separation; storage temperature (°C)=-20; neat=0; acceptor temperature (°C)=37; cell type=Glass diffusion cell; reference=Chantasart, 2010; DOI=10.1007/s11095-010-0181-z",True,merged,True,False,False,1,huskin,,,pooled_median_all_rows,1,huskin,"{""huskin"": [""huskin_row_194"", ""huskin_row_195""]}","{""huskin"": [-4.842, -4.81]}","[-4.842, -4.81]","{""huskin"": 2}",[],0.032,0.016,3.643,True,,10.1007/s11095-010-0181-z,"Chantasart, 2010",,2010,,chantasart_2010,-4.826,,,True,,3,3,2,1
merged,merged,merged_353,p-xylene,,CC1=CC=C(C)C=C1,Cc1ccc(C)cc1,,,-4.686,,cm/s,logKp,cos2[(4.31+AlogP)/8.66]=0.464; Neoplastic-80=0; X3v=2.155; log(Kp)/SVM=-1.32; log(Kp)/MLR=-1.32,True,merged,False,False,False,1,zeng,,,pooled_median_all_rows,1,zeng,"{""zeng"": [""239""]}","{""zeng"": [-4.686302500767287]}",[-4.686302500767287],"{""zeng"": 1}",[],0.0,0.0,3.643,True,,,,,,,,-4.686,,,True,,1,1,1,0
merged,merged,merged_354,,,Cc1ccc(Cl)c(O)c1C,Cc1ccc(Cl)c(O)c1C,,,-4.785,,cm/s,logKp,group=val,True,merged,True,True,False,2,deeppk|huskin,,,pooled_median_all_rows,2,huskin|zeng_deeppk,"{""deeppk"": [""deeppk_skin_permeability_val_row_8""], ""huskin"": [""huskin_row_205"", ""huskin_row_206""]}","{""deeppk"": [-4.836302500767287], ""huskin"": [-4.785, -4.651]}","[-4.785, -4.651, -4.836302500767287]","{""deeppk"": 1, ""huskin"": 2}",[],0.185,0.078,3.643,True,,,,,,,,-4.785,,,True,,3,3,3,0
merged,merged,merged_355,4-chlorocresol,,CC1=CC=C(Cl)C=C1O,Cc1ccc(Cl)cc1O,,,-4.816,,cm/s,logKp,cos2[(4.31+AlogP)/8.66]=0.475; Neoplastic-80=0; X3v=2.367; log(Kp)/SVM=-1.33; log(Kp)/MLR=-1.42,True,merged,False,False,False,1,zeng,,,pooled_median_all_rows,1,zeng,"{""zeng"": [""133""]}","{""zeng"": [-4.8163025007672875]}",[-4.8163025007672875],"{""zeng"": 1}",[],0.0,0.0,3.643,True,,,,,,,,-4.816,,,True,,1,1,1,0
merged,merged,merged_356,xylidine,,NC1=CC=C(C)C=C1C,Cc1ccc(N)c(C)c1,,,-5.476,,cm/s,logKp,cos2[(4.31+AlogP)/8.66]=0.55; Neoplastic-80=0; X3v=2.36; log(Kp)/SVM=-1.74; log(Kp)/MLR=-1.91,True,merged,False,False,False,1,zeng,,,pooled_median_all_rows,1,zeng,"{""zeng"": [""78""]}","{""zeng"": [-5.476302500767288]}",[-5.476302500767288],"{""zeng"": 1}",[],0.0,0.0,3.643,True,,,,,,,,-5.476,,,True,,1,1,1,0
merged,merged,merged_357,p-toluidine,,NC1=CC=C(C)C=C1,Cc1ccc(N)cc1,,,-5.946,,cm/s,logKp,cos2[(4.31+AlogP)/8.66]=0.606; Neoplastic-80=0; X3v=1.911; log(Kp)/SVM=-2.16; log(Kp)/MLR=-2.2,True,merged,False,False,False,1,zeng,,,pooled_median_all_rows,1,zeng,"{""zeng"": [""238""]}","{""zeng"": [-5.946302500767287]}",[-5.946302500767287],"{""zeng"": 1}",[],0.0,0.0,3.643,True,,,,,,,,-5.946,,,True,,1,1,1,0
merged,merged,merged_358,p-Cresol,106-44-5,CC1=CC=C(C=C1)O,Cc1ccc(O)cc1,,,-5.306,,cm/s,logKp,set=t; MWa=108.1; logKowb=1.94; Mptc=309; LogSaqd=-3.721246399047171; LogSoce=-1.781246399047171; Hdf=1; Hag=1; MVh=95.9; Texpi=298; Skin thicknessj=0.1; Skin Integrity testk=Repeating the permeation experiment; Skin Selection criteria=Flux comparison; logJmaxm=-5.47; Reference=(Roberts et al. 1977); Resolved through PubChem exact CAS synonym match.,True,merged,True,True,False,4,cheruvu|deeppk|huskin|zeng,,,pooled_median_all_rows,4,cheruvu|huskin|zeng|zeng_deeppk,"{""cheruvu"": [""21""], ""deeppk"": [""deeppk_skin_permeability_train_row_70""], ""huskin"": [""huskin_row_450"", ""huskin_row_451""], ""zeng"": [""229""]}","{""cheruvu"": [-5.305056101720117], ""deeppk"": [-5.306302500767288], ""huskin"": [-4.477, -5.313], ""zeng"": [-5.3163025007672875]}","[-4.477, -5.313, -5.3163025007672875, -5.305056101720117, -5.306302500767288]","{""cheruvu"": 1, ""deeppk"": 1, ""huskin"": 2, ""zeng"": 1}",[],0.839,0.333,3.643,True,,,(Roberts et al. 1977),,1977,,roberts_1977,-5.306,,,True,,6,6,5,1
merged,merged,merged_359,"3,4-Xylenol",95-65-8,CC1=C(C=C(C=C1)O)C,Cc1ccc(O)cc1C,,,-4.999,,cm/s,logKp,set=t; MWa=122.2; logKowb=2.23; Mptc=334; LogSaqd=-4.3872161432802645; LogSoce=-2.1572161432802646; Hdf=1; Hag=1; MVh=110.4; Texpi=298; Skin thicknessj=0.1; Skin Integrity testk=Repeating the permeation experiment; Skin Selection criteria=Flux comparison; logJmaxm=-5.83; Reference=(Roberts et al. 1977); Resolved through PubChem exact CAS synonym match.,True,merged,False,True,False,3,cheruvu|huskin|zeng,,,pooled_median_all_rows,3,cheruvu|huskin|zeng,"{""cheruvu"": [""87""], ""huskin"": [""huskin_row_125""], ""zeng"": [""123""]}","{""cheruvu"": [-4.999086357487023], ""huskin"": [-5.0], ""zeng"": [-4.996302500767287]}","[-5.0, -4.996302500767287, -4.999086357487023]","{""cheruvu"": 1, ""huskin"": 1, ""zeng"": 1}",[],0.004,0.002,3.643,True,,,(Roberts et al. 1977),,1977,,roberts_1977,-4.999,,,True,,4,4,3,1
merged,merged,merged_360,p-nitrotoluene,,CC1=CC=C([N+]([O-])=O)C=C1,Cc1ccc([N+](=O)[O-])cc1,,,-5.426,,cm/s,logKp,cos2[(4.31+AlogP)/8.66]=0.532; Neoplastic-80=0; X3v=2.093; log(Kp)/SVM=-1.7; log(Kp)/MLR=-1.75,True,merged,False,False,False,1,zeng,,,pooled_median_all_rows,1,zeng,"{""zeng"": [""272""]}","{""zeng"": [-5.426302500767287]}",[-5.426302500767287],"{""zeng"": 1}",[],0.0,0.0,3.643,True,,,,,,,,-5.426,,,True,,1,1,1,0
merged,merged,merged_361,"2,4-dinitrotoluene",,CC1=CC=C([N+]([O-])=O)C=C1[N+]([O-])=O,Cc1ccc([N+](=O)[O-])cc1[N+](=O)[O-],,,-5.976,,cm/s,logKp,cos2[(4.31+AlogP)/8.66]=0.544; Neoplastic-80=0; X3v=2.485; log(Kp)/SVM=-1.66; log(Kp)/MLR=-1.89,True,merged,False,False,False,1,zeng,,,pooled_median_all_rows,1,zeng,"{""zeng"": [""152""]}","{""zeng"": [-5.976302500767288]}",[-5.976302500767288],"{""zeng"": 1}",[],0.0,0.0,3.643,True,,,,,,,,-5.976,,,True,,1,1,1,0
merged,merged,merged_362,6-Methylcoumarin,92-48-8,CC1=CC2=C(C=C1)OC(=O)C=C2,Cc1ccc2oc(=O)ccc2c1,,,-4.85,,cm/s,logKp,set=t; MWa=160.17; logKowb=1.414; Mptc=347.5; LogSaqd=-3.5693801531832476; LogSoce=-2.1553801531832475; Hdf=0; Hag=2; MVh=133.4; Texpi=305; Skin thicknessj=0.075; Skin Integrity testk=transepidermal electrical resistance; Skin Selection criteria=>4.26 kΩ; logJmaxm=-4.750749414309007; Reference=(Ellison et al. 2020); Resolved through PubChem exact CAS synonym match.,True,merged,True,True,False,2,cheruvu|skinpix,,,pooled_median_all_rows,2,cheruvu|skinpix,"{""cheruvu"": [""414""], ""skinpix"": [""24"", ""25""]}","{""cheruvu"": [-4.737671761893047], ""skinpix"": [-4.85, -4.888]}","[-4.85, -4.888, -4.737671761893047]","{""cheruvu"": 1, ""skinpix"": 2}",[],0.15,0.064,3.643,True,,,(Ellison et al. 2020),,2020,,ellison_2020,-4.85,,,True,,4,4,3,1
merged,merged,merged_363,,,Cc1cccc(C(=O)O)c1O,Cc1cccc(C(=O)O)c1O,,,-5.596,,cm/s,logKp,group=training,True,merged,False,False,False,1,deeppk,,,pooled_median_all_rows,1,zeng_deeppk,"{""deeppk"": [""deeppk_skin_permeability_train_row_88""]}","{""deeppk"": [-5.596302500767287]}",[-5.596302500767287],"{""deeppk"": 1}",[],0.0,0.0,3.643,True,,,,,,,,-5.596,,,True,,1,1,1,0
merged,merged,merged_364,3-xylene,,CC1=CC=CC(C)=C1,Cc1cccc(C)c1,,,-4.656,,cm/s,logKp,cos2[(4.31+AlogP)/8.66]=0.464; Neoplastic-80=0; X3v=2.158; log(Kp)/SVM=-1.32; log(Kp)/MLR=-1.32,True,merged,False,False,False,1,zeng,,,pooled_median_all_rows,1,zeng,"{""zeng"": [""166""]}","{""zeng"": [-4.656302500767287]}",[-4.656302500767287],"{""zeng"": 1}",[],0.0,0.0,3.643,True,,,,,,,,-4.656,,,True,,1,1,1,0
merged,merged,merged_365,3-methylbenzyl alcohol,,CC1=CC(CO)=CC=C1,Cc1cccc(CO)c1,,,-5.336,,cm/s,logKp,cos2[(4.31+AlogP)/8.66]=0.59; Neoplastic-80=0; X3v=2.147; log(Kp)/SVM=-2.06; log(Kp)/MLR=-2.13,True,merged,False,False,False,1,zeng,,,pooled_median_all_rows,1,zeng,"{""zeng"": [""122""]}","{""zeng"": [-5.336302500767287]}",[-5.336302500767287],"{""zeng"": 1}",[],0.0,0.0,3.643,True,,,,,,,,-5.336,,,True,,1,1,1,0
merged,merged,merged_366,m-toluidine,,NC1=CC=CC(C)=C1,Cc1cccc(N)c1,,,-5.936,,cm/s,logKp,cos2[(4.31+AlogP)/8.66]=0.606; Neoplastic-80=0; X3v=1.914; log(Kp)/SVM=-2.16; log(Kp)/MLR=-2.2,True,merged,False,False,False,1,zeng,,,pooled_median_all_rows,1,zeng,"{""zeng"": [""221""]}","{""zeng"": [-5.936302500767287]}",[-5.936302500767287],"{""zeng"": 1}",[],0.0,0.0,3.643,True,,,,,,,,-5.936,,,True,,1,1,1,0
merged,merged,merged_367,m-Cresol,108-39-4,CC1=CC(=CC=C1)O,Cc1cccc(O)c1,,,-5.371,,cm/s,logKp,set=t; MWa=108.1; logKowb=1.96; Mptc=285; LogSaqd=-3.638272163982407; LogSoce=-1.6782721639824072; Hdf=1; Hag=1; MVh=95.9; Texpi=298; Skin thicknessj=0.1; Skin Integrity testk=Repeating the permeation experiment; Skin Selection criteria=Flux comparison; logJmaxm=-5.45; Reference=(Roberts et al. 1977); Resolved through PubChem exact CAS synonym match.,True,merged,False,True,False,4,cheruvu|deeppk|huskin|zeng,,,pooled_median_all_rows,4,cheruvu|huskin|zeng|zeng_deeppk,"{""cheruvu"": [""24""], ""deeppk"": [""deeppk_skin_permeability_val_row_15""], ""huskin"": [""huskin_row_370""], ""zeng"": [""211""]}","{""cheruvu"": [-5.368030336784881], ""deeppk"": [-5.366302500767287], ""huskin"": [-5.373], ""zeng"": [-5.376302500767287]}","[-5.373, -5.376302500767287, -5.368030336784881, -5.366302500767287]","{""cheruvu"": 1, ""deeppk"": 1, ""huskin"": 1, ""zeng"": 1}",[],0.01,0.004,3.643,True,,,(Roberts et al. 1977),,1977,,roberts_1977,-5.371,,,True,,4,4,4,0
merged,merged,merged_368,m-nitrotoluene,,CC1=CC=CC([N+]([O-])=O)=C1,Cc1cccc([N+](=O)[O-])c1,,,-5.376,,cm/s,logKp,cos2[(4.31+AlogP)/8.66]=0.532; Neoplastic-80=0; X3v=2.096; log(Kp)/SVM=-1.7; log(Kp)/MLR=-1.75,True,merged,False,False,False,1,zeng,,,pooled_median_all_rows,1,zeng,"{""zeng"": [""219""]}","{""zeng"": [-5.376302500767287]}",[-5.376302500767287],"{""zeng"": 1}",[],0.0,0.0,3.643,True,,,,,,,,-5.376,,,True,,1,1,1,0
merged,merged,merged_369,Toluene,,Cc1ccccc1,Cc1ccccc1,,,-4.247,,cm/s,logKp,"skin donor type=Abdominoplasty; skin source site=abdomen; used layer=stratum corneum; skin preparation=trypsinisation; neat=0; donor pH=4; donor type=Succinate solution; cell type=Flow through cell; reference=Anderson, 1989; DOI=10.1111/1523-1747.ep12277592",True,merged,False,True,False,2,huskin|zeng,,,pooled_median_all_rows,2,huskin|zeng,"{""huskin"": [""huskin_row_528""], ""zeng"": [""61""]}","{""huskin"": [-3.637], ""zeng"": [-4.8563025007672875]}","[-3.637, -4.8563025007672875]","{""huskin"": 1, ""zeng"": 1}",[],1.219,0.61,3.643,True,,10.1111/1523-1747.ep12277592,"Anderson, 1989",,1989,,anderson_1989,-4.247,cheruvu|huskin,,True,,4,4,2,2
merged,merged,merged_370,o-chlorotoluene,,CC1=CC=CC=C1Cl,Cc1ccccc1Cl,,,-4.616,,cm/s,logKp,cos2[(4.31+AlogP)/8.66]=0.444; Neoplastic-80=0; X3v=2.156; log(Kp)/SVM=-1.23; log(Kp)/MLR=-1.18,True,merged,False,False,False,1,zeng,,,pooled_median_all_rows,1,zeng,"{""zeng"": [""120""]}","{""zeng"": [-4.616302500767287]}",[-4.616302500767287],"{""zeng"": 1}",[],0.0,0.0,3.643,True,,,,,,,,-4.616,,,True,,1,1,1,0
merged,merged,merged_371,o-Cresol,95-48-7,CC1=CC=CC=C1O,Cc1ccccc1O,,,-5.358,,cm/s,logKp,set=t; MWa=108.1; logKowb=1.95; Mptc=303; LogSaqd=-3.638272163982407; LogSoce=-1.688272163982407; Hdf=1; Hag=1; MVh=95.9; Texpi=298; Skin thicknessj=0.1; Skin Integrity testk=Repeating the permeation experiment; Skin Selection criteria=Flux comparison; logJmaxm=-5.44; Reference=(Roberts et al. 1977); Resolved through PubChem exact CAS synonym match.,True,merged,False,True,False,3,cheruvu|huskin|zeng,,,pooled_median_all_rows,3,cheruvu|huskin|zeng,"{""cheruvu"": [""23""], ""huskin"": [""huskin_row_438""], ""zeng"": [""226""]}","{""cheruvu"": [-5.35803033678488], ""huskin"": [-5.36], ""zeng"": [-5.3563025007672875]}","[-5.36, -5.3563025007672875, -5.35803033678488]","{""cheruvu"": 1, ""huskin"": 1, ""zeng"": 1}",[],0.004,0.002,3.643,True,,,(Roberts et al. 1977),,1977,,roberts_1977,-5.358,,,True,,4,4,3,1
merged,merged,merged_372,o-Cresyl glycidyl ether,,Cc1ccccc1OCC1CO1,Cc1ccccc1OCC1CO1,,,-7.588,,cm/s,logKp,"skin donor type=Mammaplasty; skin source site=breast; used layer=epidermis, dermis; skin preparation=dermatomed; storage duration (days)=0.125; neat=0; donor/skin surface temperature (°C)=32; acceptor pH=7.4; acceptor type=Hanks balanced salt solution; cell type=Flow through cell; notes=receptor- Hanks balanced salt solution, no phenol red and sodium bicarbonate, contains HEPES, BSA and gentamicin; reference=Boogaard, 2000; DOI=10.1080/004982500237488",True,merged,False,False,False,1,huskin,,,pooled_median_all_rows,1,huskin,"{""huskin"": [""huskin_row_439""]}","{""huskin"": [-7.588]}",[-7.588],"{""huskin"": 1}",[],0.0,0.0,3.643,True,,10.1080/004982500237488,"Boogaard, 2000",,2000,,boogaard_2000,-7.588,,,True,,1,1,1,0
merged,merged,merged_373,o-nitrotoluene,,CC1=CC=CC=C1[N+]([O-])=O,Cc1ccccc1[N+](=O)[O-],,,-5.476,,cm/s,logKp,cos2[(4.31+AlogP)/8.66]=0.532; Neoplastic-80=0; X3v=2.044; log(Kp)/SVM=-1.7; log(Kp)/MLR=-1.74,True,merged,False,False,False,1,zeng,,,pooled_median_all_rows,1,zeng,"{""zeng"": [""83""]}","{""zeng"": [-5.476302500767288]}",[-5.476302500767288],"{""zeng"": 1}",[],0.0,0.0,3.643,True,,,,,,,,-5.476,,,True,,1,1,1,0
merged,merged,merged_374,"1,3-dichloropropene",,ClC/C=C/Cl,Cl/C=C/CCl,,,-5.556,,cm/s,logKp,cos2[(4.31+AlogP)/8.66]=0.611; Neoplastic-80=0; X3v=1.077; log(Kp)/SVM=-2.03; log(Kp)/MLR=-2.1,True,merged,False,False,False,1,zeng,,,pooled_median_all_rows,1,zeng,"{""zeng"": [""144""]}","{""zeng"": [-5.556302500767288]}",[-5.556302500767288],"{""zeng"": 1}",[],0.0,0.0,3.643,True,,,,,,,,-5.556,,,True,,1,1,1,0
merged,merged,merged_375,"1,2-dichloroethylene",,Cl/C=C/Cl,Cl/C=C/Cl,,,-5.546,,cm/s,logKp,cos2[(4.31+AlogP)/8.66]=0.662; Neoplastic-80=0; X3v=0.756; log(Kp)/SVM=-2.46; log(Kp)/MLR=-2.37,True,merged,False,False,False,1,zeng,,,pooled_median_all_rows,1,zeng,"{""zeng"": [""142""]}","{""zeng"": [-5.546302500767287]}",[-5.546302500767287],"{""zeng"": 1}",[],0.0,0.0,3.643,True,,,,,,,,-5.546,,,True,,1,1,1,0
merged,merged,merged_376,Chlorodibromomethane,,ClC(Br)Br,ClC(Br)Br,,,-4.255,,cm/s,logKp,"skin donor type=Mammaplasty; skin source site=breast; used layer=epidermis, dermis; skin preparation=dermatomed 250-280um; storage temperature (°C)=-20; neat=0; donor/skin surface temperature (°C)=25; donor pH=7; donor type=Water; acceptor temperature (°C)=37; acceptor pH=7.4; acceptor type=PBS; cell type=Glass diffusion cell; reference=Xu, 2002; DOI=10.1006/taap.2002.9494",True,merged,False,False,False,1,huskin,,,pooled_median_all_rows,1,huskin,"{""huskin"": [""huskin_row_203""]}","{""huskin"": [-4.255]}",[-4.255],"{""huskin"": 1}",[],0.0,0.0,3.643,True,,10.1006/taap.2002.9494,"Xu, 2002",,2002,,xu_2002,-4.255,,,True,,1,1,1,0
merged,merged,merged_377,hexachloroethane,,ClC(Cl)(Cl)C(Cl)(Cl)Cl,ClC(Cl)(Cl)C(Cl)(Cl)Cl,,,-4.956,,cm/s,logKp,cos2[(4.31+AlogP)/8.66]=0.398; Neoplastic-80=0; X3v=5.558; log(Kp)/SVM=-1.41; log(Kp)/MLR=-1.46,True,merged,False,False,False,1,zeng,,,pooled_median_all_rows,1,zeng,"{""zeng"": [""10""]}","{""zeng"": [-4.956302500767287]}",[-4.956302500767287],"{""zeng"": 1}",[],0.0,0.0,3.643,True,,,,,,,,-4.956,deeppk|zeng,,True,,2,2,1,1
merged,merged,merged_378,hexachlorobutadiene,,Cl/C(Cl)=C(Cl)\C(Cl)=C(Cl)/Cl,ClC(Cl)=C(Cl)C(Cl)=C(Cl)Cl,,,-4.476,,cm/s,logKp,cos2[(4.31+AlogP)/8.66]=0.37; Neoplastic-80=0; X3v=3.804; log(Kp)/SVM=-0.93; log(Kp)/MLR=-0.98,True,merged,False,False,False,1,zeng,,,pooled_median_all_rows,1,zeng,"{""zeng"": [""54""]}","{""zeng"": [-4.476302500767288]}",[-4.476302500767288],"{""zeng"": 1}",[],0.0,0.0,3.643,True,,,,,,,,-4.476,,,True,,1,1,1,0
merged,merged,merged_379,tetrachloroethylene,,Cl/C(Cl)=C(Cl)/Cl,ClC(Cl)=C(Cl)Cl,,,-4.856,,cm/s,logKp,cos2[(4.31+AlogP)/8.66]=0.507; Neoplastic-80=0; X3v=2.42; log(Kp)/SVM=-1.48; log(Kp)/MLR=-1.64,True,merged,False,False,False,1,zeng,,,pooled_median_all_rows,1,zeng,"{""zeng"": [""244""]}","{""zeng"": [-4.8563025007672875]}",[-4.8563025007672875],"{""zeng"": 1}",[],0.0,0.0,3.643,True,,,,,,,,-4.856,,,True,,1,1,1,0
merged,merged,merged_380,Bromodichloromethane,,ClC(Br)Cl,ClC(Cl)Br,,,-4.301,,cm/s,logKp,"skin donor type=Mammaplasty; skin source site=breast; used layer=epidermis, dermis; skin preparation=dermatomed 250-280um; storage temperature (°C)=-20; neat=0; donor/skin surface temperature (°C)=25; donor pH=7; donor type=Water; acceptor temperature (°C)=37; acceptor pH=7.4; acceptor type=PBS; cell type=Glass diffusion cell; reference=Xu, 2002; DOI=10.1006/taap.2002.9494",True,merged,False,False,False,1,huskin,,,pooled_median_all_rows,1,huskin,"{""huskin"": [""huskin_row_175""]}","{""huskin"": [-4.301]}",[-4.301],"{""huskin"": 1}",[],0.0,0.0,3.643,True,,10.1006/taap.2002.9494,"Xu, 2002",,2002,,xu_2002,-4.301,,,True,,1,1,1,0
merged,merged,merged_381,Chloroform,,ClC(Cl)Cl,ClC(Cl)Cl,,,-4.854,,cm/s,logKp,"skin donor type=Mammaplasty; skin source site=breast; used layer=epidermis, dermis; skin preparation=dermatomed 250-280um; storage temperature (°C)=-20; neat=0; donor/skin surface temperature (°C)=25; donor pH=7; donor type=Water; acceptor temperature (°C)=37; acceptor pH=7.4; acceptor type=PBS; cell type=Glass diffusion cell; reference=Xu, 2002; DOI=10.1006/taap.2002.9494",True,merged,False,True,False,2,huskin|zeng,,,pooled_median_all_rows,2,huskin|zeng,"{""huskin"": [""huskin_row_204""], ""zeng"": [""274""]}","{""huskin"": [-4.352], ""zeng"": [-5.3563025007672875]}","[-4.352, -5.3563025007672875]","{""huskin"": 1, ""zeng"": 1}",[],1.004,0.502,3.643,True,,10.1006/taap.2002.9494,"Xu, 2002",,2002,,xu_2002,-4.854,,,True,,3,3,2,1
merged,merged,merged_382,Lindane,,ClC1C(Cl)C(Cl)C(C(C1Cl)Cl)Cl,ClC1C(Cl)C(Cl)C(Cl)C(Cl)C1Cl,,,-7.498,,cm/s,logKp,"skin donor type=Abdominoplasty or mammaplasty; skin source site=abdomen, breast; used layer=epidermis, dermis; skin preparation=dermatomed 230um; storage temperature (°C)=-70; neat=0; donor/skin surface temperature (°C)=32; donor type=Acetate solution; acceptor type=Ethanol 50%; cell type=Static diffusion cell; flux=Jss= 710±70 ng/(cm^2*h); c=120mg/ml; reference=Dick, 1997; DOI=10.1177/096032719701601104",True,merged,True,False,False,1,huskin,,,pooled_median_all_rows,1,huskin,"{""huskin"": [""huskin_row_363"", ""huskin_row_364"", ""huskin_row_365"", ""huskin_row_366""]}","{""huskin"": [-8.784, -6.691, -7.109, -7.887]}","[-8.784, -6.691, -7.109, -7.887]","{""huskin"": 4}",[],2.093,0.798,3.643,True,,10.1177/096032719701601104,"Dick, 1997",,1997,,dick_1997,-7.498,,,True,,4,4,4,0
merged,merged,merged_383,trichloroethylene,,Cl/C(Cl)=C/Cl,ClC=C(Cl)Cl,,,-5.476,,cm/s,logKp,cos2[(4.31+AlogP)/8.66]=0.586; Neoplastic-80=0; X3v=1.625; log(Kp)/SVM=-1.97; log(Kp)/MLR=-2.02,True,merged,False,False,False,1,zeng,,,pooled_median_all_rows,1,zeng,"{""zeng"": [""246""]}","{""zeng"": [-5.476302500767288]}",[-5.476302500767288],"{""zeng"": 1}",[],0.0,0.0,3.643,True,,,,,,,,-5.476,,,True,,1,1,1,0
merged,merged,merged_384,,,ClC=CCCl,ClC=CCCl,,,-5.556,,cm/s,logKp,group=training,True,merged,False,False,False,1,deeppk,,,pooled_median_all_rows,1,zeng_deeppk,"{""deeppk"": [""deeppk_skin_permeability_train_row_62""]}","{""deeppk"": [-5.556302500767288]}",[-5.556302500767288],"{""deeppk"": 1}",[],0.0,0.0,3.643,True,,,,,,,,-5.556,,,True,,1,1,1,0
merged,merged,merged_385,"1,2,3-Trichloropropane",,ClCC(Cl)CCl,ClCC(Cl)CCl,,,-5.566,,cm/s,logKp,cos2[(4.31+AlogP)/8.66]=0.534; Neoplastic-80=0; X3v=2.14; log(Kp)/SVM=-1.7; log(Kp)/MLR=-1.77,True,merged,False,False,False,1,zeng,,,pooled_median_all_rows,1,zeng,"{""zeng"": [""250""]}","{""zeng"": [-5.5663025007672875]}",[-5.5663025007672875],"{""zeng"": 1}",[],0.0,0.0,3.643,True,,,,,,,,-5.566,,,True,,1,1,1,0
merged,merged,merged_386,epichlorohydrin,,ClCC1CO1,ClCC1CO1,,,-6.986,,cm/s,logKp,cos2[(4.31+AlogP)/8.66]=0.716; Neoplastic-80=0; X3v=1.418; log(Kp)/SVM=-2.83; log(Kp)/MLR=-2.83,True,merged,False,False,False,1,zeng,,,pooled_median_all_rows,1,zeng,"{""zeng"": [""110""]}","{""zeng"": [-6.986302500767287]}",[-6.986302500767287],"{""zeng"": 1}",[],0.0,0.0,3.643,True,,,,,,,,-6.986,deeppk|zeng,,True,,2,2,1,1
merged,merged,merged_387,ethylene dichloride,,ClCCCl,ClCCCl,,,-5.556,,cm/s,logKp,cos2[(4.31+AlogP)/8.66]=0.612; Neoplastic-80=0; X3v=1.134; log(Kp)/SVM=-2.05; log(Kp)/MLR=-2.11,True,merged,False,False,False,1,zeng,,,pooled_median_all_rows,1,zeng,"{""zeng"": [""202""]}","{""zeng"": [-5.556302500767288]}",[-5.556302500767288],"{""zeng"": 1}",[],0.0,0.0,3.643,True,,,,,,,,-5.556,deeppk|zeng,,True,,2,2,1,1
merged,merged,merged_388,benzyl chloride,,ClCC1=CC=CC=C1,ClCc1ccccc1,,,-5.416,,cm/s,logKp,cos2[(4.31+AlogP)/8.66]=0.507; Neoplastic-80=0; X3v=1.886; log(Kp)/SVM=-1.55; log(Kp)/MLR=-1.55,True,merged,False,False,False,1,zeng,,,pooled_median_all_rows,1,zeng,"{""zeng"": [""29""]}","{""zeng"": [-5.416302500767287]}",[-5.416302500767287],"{""zeng"": 1}",[],0.0,0.0,3.643,True,,,,,,,,-5.416,,,True,,1,1,1,0
merged,merged,merged_389,Miconazole,22916-47-8,C1=CC(=C(C=C1Cl)Cl)COC(CN2C=CN=C2)C3=C(C=C(C=C3)Cl)Cl,Clc1ccc(COC(Cn2ccnc2)c2ccc(Cl)cc2Cl)c(Cl)c1,,,-3.858,,cm/s,logKp,"publication ID=424; Kp relation==; Kp (cm/h)=0.49968; Kp (cm/h) (processed)=0.49968; maximum flux Jmax (original)=0.53343949044586; maximum flux Jmax unit (original)=μg/cm2/h; maximum flux Jmax (ug/cm2/h) (processed)=0.53344; skin donor type=Surgery; skin preparation=full thickness skin without fat; used layer=epidermis, dermis; donor type=Water; category donor type=Water; donor/skin surface temperature (°C)=32; acceptor type=Acetate buffer; category acceptor type=Other buffer solutions; acceptor pH=4.5; acceptor temperature (°C)=32; cell type=static Franz cell; author=Elmoslemany,RM; date=2012; doi=10.1208/s12249-012-9783-6; notes=recovery: 98%, the authors obtained the Kp=1.388×10−4 cm/s (equivalent to 0.49968 cm/h) by normalizing MN suspension flux values (40.2 μg/3.14 cm² /24 h= 0.53344 µg/cm²/ h identified by the experts as the maximal flux) for skin area and driving concentration (determined saturation solubility, 64 μg/ml)",True,merged,False,False,False,1,skinpix,,,pooled_median_all_rows,1,skinpix,"{""skinpix"": [""129""]}","{""skinpix"": [-3.858]}",[-3.858],"{""skinpix"": 1}",[],0.0,0.0,3.643,True,,10.1208/s12249-012-9783-6,,"Elmoslemany,RM",2012,424,elmoslemany_2012,-3.858,,,True,,1,1,1,0
merged,merged,merged_390,p-dichlorobenzene,,ClC1=CC=C(Cl)C=C1,Clc1ccc(Cl)cc1,,,-4.726,,cm/s,logKp,cos2[(4.31+AlogP)/8.66]=0.423; Neoplastic-80=0; X3v=2.309; log(Kp)/SVM=-1.12; log(Kp)/MLR=-1.08,True,merged,False,False,False,1,zeng,,,pooled_median_all_rows,1,zeng,"{""zeng"": [""90""]}","{""zeng"": [-4.726302500767288]}",[-4.726302500767288],"{""zeng"": 1}",[],0.0,0.0,3.643,True,,,,,,,,-4.726,,,True,,1,1,1,0
merged,merged,merged_391,chlorobenzene,,ClC1=CC=CC=C1,Clc1ccccc1,,,-4.946,,cm/s,logKp,cos2[(4.31+AlogP)/8.66]=0.5; Neoplastic-80=0; X3v=1.732; log(Kp)/SVM=-1.5; log(Kp)/MLR=-1.48,True,merged,False,False,False,1,zeng,,,pooled_median_all_rows,1,zeng,"{""zeng"": [""125""]}","{""zeng"": [-4.946302500767287]}",[-4.946302500767287],"{""zeng"": 1}",[],0.0,0.0,3.643,True,,,,,,,,-4.946,,,True,,1,1,1,0
merged,merged,merged_392,,,Clc1ccccc1C(c1ccccc1)(c1ccccc1)n1ccnc1,Clc1ccccc1C(c1ccccc1)(c1ccccc1)n1ccnc1,,,-7.756,,cm/s,logKp,group=training,True,merged,False,True,False,2,deeppk|huskin,,,pooled_median_all_rows,2,huskin|zeng_deeppk,"{""deeppk"": [""deeppk_skin_permeability_train_row_90""], ""huskin"": [""huskin_row_210""]}","{""deeppk"": [-6.256302500767287], ""huskin"": [-9.255]}","[-9.255, -6.256302500767287]","{""deeppk"": 1, ""huskin"": 1}",[],2.999,1.499,3.643,True,,,,,,,,-7.756,,,True,,2,2,2,0
merged,merged,merged_393,o-dichlorobenzene,,ClC1=CC=CC=C1Cl,Clc1ccccc1Cl,,,-4.736,,cm/s,logKp,cos2[(4.31+AlogP)/8.66]=0.423; Neoplastic-80=0; X3v=2.229; log(Kp)/SVM=-1.13; log(Kp)/MLR=-1.06,True,merged,False,False,False,1,zeng,,,pooled_median_all_rows,1,zeng,"{""zeng"": [""132""]}","{""zeng"": [-4.736302500767287]}",[-4.736302500767287],"{""zeng"": 1}",[],0.0,0.0,3.643,True,,,,,,,,-4.736,,,True,,1,1,1,0
merged,merged,merged_394,Theophylline,,Cn1c(=O)n(C)c2c(c1=O)[nH]cn2,Cn1c(=O)c2[nH]cnc2n(C)c1=O,,,-7.595,,cm/s,logKp,"skin donor type=Cadaver; skin source site=thigh; used layer=epidermis, dermis; skin preparation=dermatomed 300um; storage temperature (°C)=4; storage duration (days)=28; neat=0; donor/skin surface temperature (°C)=37; donor pH=7.35; donor type=Water; acceptor temperature (°C)=37; acceptor pH=7.4; acceptor type=PBS with sodium azide; cell type=Franz cell; reference=Dolezal, 1993; DOI=10.1023/A:1018914806761",True,merged,True,True,False,2,huskin|skinpix,,,pooled_median_all_rows,2,huskin|skinpix,"{""huskin"": [""huskin_row_524""], ""skinpix"": [""170"", ""171"", ""172""]}","{""huskin"": [-7.125], ""skinpix"": [-8.234, -8.065, -6.894]}","[-7.125, -8.234, -8.065, -6.894]","{""huskin"": 1, ""skinpix"": 3}",[],1.34,0.579,3.643,True,,10.1023/A:1018914806761,"Dolezal, 1993",,1993,,dolezal_1993,-7.595,,,True,,4,4,4,0
merged,merged,merged_396,"3-Methyl-3H-imidazo[4,5-f]quinolin-2-amine",76180-96-6,CN1C2=C(C3=C(C=C2)N=CC=C3)N=C1N,Cn1c(N)nc2c3cccnc3ccc21,,,-5.987,,cm/s,logKp,set=t; MWa=198.22; logKowb=1.743; Mptc=573; LogSaqd=-5.873713580494688; LogSoce=-4.130713580494688; Hdf=2; Hag=4; MVh=140.3; Texpi=305; Skin thicknessj=0.075; Skin Integrity testk=transepidermal electrical resistance; Skin Selection criteria=>4.26 kΩ; logJmaxm=-7.945897085584364; Reference=(Ellison et al. 2020); Resolved through PubChem exact CAS synonym match.,True,merged,True,True,False,2,cheruvu|skinpix,,,pooled_median_all_rows,2,cheruvu|skinpix,"{""cheruvu"": [""404""], ""skinpix"": [""11"", ""12""]}","{""cheruvu"": [-5.6284860058569635], ""skinpix"": [-6.016, -5.987]}","[-6.016, -5.987, -5.6284860058569635]","{""cheruvu"": 1, ""skinpix"": 2}",[],0.388,0.176,3.643,True,,,(Ellison et al. 2020),,2020,,ellison_2020,-5.987,,,True,,4,4,3,1
merged,merged,merged_397,Dibromoacetonitrile,,BrC(C#N)Br,N#CC(Br)Br,,,-4.326,,cm/s,logKp,"skin donor type=Cadaver; skin source site=torso; used layer=epidermis, dermis; skin preparation=dermatomed 250-280um; storage temperature (°C)=-20; neat=0; donor/skin surface temperature (°C)=37; donor type=Water; acceptor temperature (°C)=37; acceptor pH=7.4; acceptor type=PBS; cell type=Glass diffusion cell; reference=Trabaris, 2012; DOI=10.1002/jat.1657",True,merged,False,False,False,1,huskin,,,pooled_median_all_rows,1,huskin,"{""huskin"": [""huskin_row_226""]}","{""huskin"": [-4.326]}",[-4.326],"{""huskin"": 1}",[],0.0,0.0,3.643,True,,10.1002/jat.1657,"Trabaris, 2012",,2012,,trabaris_2012,-4.326,,,True,,1,1,1,0
merged,merged,merged_398,Trichloroacetonitrile,,N#CC(Cl)(Cl)Cl,N#CC(Cl)(Cl)Cl,,,-4.604,,cm/s,logKp,"skin donor type=Cadaver; skin source site=torso; used layer=epidermis, dermis; skin preparation=dermatomed 250-280um; storage temperature (°C)=-20; neat=0; donor/skin surface temperature (°C)=37; donor type=Water; acceptor temperature (°C)=37; acceptor pH=7.4; acceptor type=PBS; cell type=Glass diffusion cell; reference=Trabaris, 2012; DOI=10.1002/jat.1657",True,merged,False,False,False,1,huskin,,,pooled_median_all_rows,1,huskin,"{""huskin"": [""huskin_row_532""]}","{""huskin"": [-4.604]}",[-4.604],"{""huskin"": 1}",[],0.0,0.0,3.643,True,,10.1002/jat.1657,"Trabaris, 2012",,2012,,trabaris_2012,-4.604,,,True,,1,1,1,0
merged,merged,merged_399,Bromochloroacetonitrile,,ClC(C#N)Br,N#CC(Cl)Br,,,-4.352,,cm/s,logKp,"skin donor type=Cadaver; skin source site=torso; used layer=epidermis, dermis; skin preparation=dermatomed 250-280um; storage temperature (°C)=-20; neat=0; donor/skin surface temperature (°C)=37; donor type=Water; acceptor temperature (°C)=37; acceptor pH=7.4; acceptor type=PBS; cell type=Glass diffusion cell; reference=Trabaris, 2012; DOI=10.1002/jat.1657",True,merged,False,False,False,1,huskin,,,pooled_median_all_rows,1,huskin,"{""huskin"": [""huskin_row_174""]}","{""huskin"": [-4.352]}",[-4.352],"{""huskin"": 1}",[],0.0,0.0,3.643,True,,10.1002/jat.1657,"Trabaris, 2012",,2012,,trabaris_2012,-4.352,,,True,,1,1,1,0
merged,merged,merged_400,Dichloroacetonitrile,,ClC(C#N)Cl,N#CC(Cl)Cl,,,-4.38,,cm/s,logKp,"skin donor type=Cadaver; skin source site=torso; used layer=epidermis, dermis; skin preparation=dermatomed 250-280um; storage temperature (°C)=-20; neat=0; donor/skin surface temperature (°C)=37; donor type=Water; acceptor temperature (°C)=37; acceptor pH=7.4; acceptor type=PBS; cell type=Glass diffusion cell; reference=Trabaris, 2012; DOI=10.1002/jat.1657",True,merged,False,False,False,1,huskin,,,pooled_median_all_rows,1,huskin,"{""huskin"": [""huskin_row_229""]}","{""huskin"": [-4.38]}",[-4.38],"{""huskin"": 1}",[],0.0,0.0,3.643,True,,10.1002/jat.1657,"Trabaris, 2012",,2012,,trabaris_2012,-4.38,,,True,,1,1,1,0
merged,merged,merged_401,Chloroacetonitrile,,ClCC#N,N#CCCl,,,-4.561,,cm/s,logKp,"skin donor type=Cadaver; skin source site=torso; used layer=epidermis, dermis; skin preparation=dermatomed 250-280um; storage temperature (°C)=-20; neat=0; donor/skin surface temperature (°C)=37; donor type=Water; acceptor temperature (°C)=37; acceptor pH=7.4; acceptor type=PBS; cell type=Glass diffusion cell; reference=Trabaris, 2012; DOI=10.1002/jat.1657",True,merged,False,False,False,1,huskin,,,pooled_median_all_rows,1,huskin,"{""huskin"": [""huskin_row_200""]}","{""huskin"": [-4.561]}",[-4.561],"{""huskin"": 1}",[],0.0,0.0,3.643,True,,10.1002/jat.1657,"Trabaris, 2012",,2012,,trabaris_2012,-4.561,,,True,,1,1,1,0
merged,merged,merged_402,4-Cyanophenol,,N#Cc1ccc(cc1)O,N#Cc1ccc(O)cc1,,,-5.634,,cm/s,logKp,"skin donor type=Cadaver; skin source site=back, leg; used layer=epidermis; skin preparation=heat separation; storage temperature (°C)=-70; neat=0; donor/skin surface temperature (°C)=32; donor pH=7.4; donor type=PBS; acceptor temperature (°C)=32; acceptor pH=7.4; acceptor type=PBS with sodium azide; flux=Jss= 123±11% ug/(cm^2*h); c=18.4±5.4% mg/ml; reference=Romonchuk, 2010; DOI=10.1159/000272121",True,merged,False,True,False,2,huskin|zeng,,,pooled_median_all_rows,2,huskin|zeng,"{""huskin"": [""huskin_row_130""], ""zeng"": [""170""]}","{""huskin"": [-5.731], ""zeng"": [-5.536302500767287]}","[-5.731, -5.536302500767287]","{""huskin"": 1, ""zeng"": 1}",[],0.195,0.097,3.643,True,,10.1159/000272121,"Romonchuk, 2010",,2010,,romonchuk_2010,-5.634,,,True,,3,3,2,1
merged,merged,merged_403,"1,3-dicyanobenzene",,N#CC1=CC(C#N)=CC=C1,N#Cc1cccc(C#N)c1,,,-6.486,,cm/s,logKp,cos2[(4.31+AlogP)/8.66]=0.603; Neoplastic-80=0; X3v=1.804; log(Kp)/SVM=-2.12; log(Kp)/MLR=-2.17,True,merged,False,False,False,1,zeng,,,pooled_median_all_rows,1,zeng,"{""zeng"": [""145""]}","{""zeng"": [-6.486302500767287]}",[-6.486302500767287],"{""zeng"": 1}",[],0.0,0.0,3.643,True,,,,,,,,-6.486,,,True,,1,1,1,0
merged,merged,merged_404,Minoxidil,,Nc1cc(nc(=N)n1O)N1CCCCC1,N=c1nc(N2CCCCC2)cc(N)n1O,,,-5.477,,cm/s,logKp,"skin donor type=Cadaver; skin source site=abdomen; used layer=epidermis; skin preparation=heat separation; neat=0; donor/skin surface temperature (°C)=37; acceptor temperature (°C)=37; acceptor type=NaCl solution with gentamicin (0.016%); cell type=Vertical flow diffusion cell; notes=PubMed: pubmed.ncbi.nlm.nih.gov/11233083/; reference=Ghosh, 2000",True,merged,False,False,False,1,huskin,,,pooled_median_all_rows,1,huskin,"{""huskin"": [""huskin_row_404""]}","{""huskin"": [-5.477]}",[-5.477],"{""huskin"": 1}",[],0.0,0.0,3.643,True,,,"Ghosh, 2000",,2000,,ghosh_2000,-5.477,,,True,,1,1,1,0
merged,merged,merged_405,4-Hydroxyphenylacetamide,,NC(=O)Cc1ccc(cc1)O,NC(=O)Cc1ccc(O)cc1,,,-6.895,,cm/s,logKp,"skin donor type=Abdominoplasty; skin source site=abdomen; used layer=stratum corneum; skin preparation=trypsinisation; neat=0; donor pH=4; donor type=Succinate solution; cell type=Flow through cell; reference=Anderson, 1989; DOI=10.1111/1523-1747.ep12277592",True,merged,False,True,False,2,huskin|zeng,,,pooled_median_all_rows,2,huskin|zeng,"{""huskin"": [""huskin_row_132""], ""zeng"": [""87""]}","{""huskin"": [-6.903], ""zeng"": [-6.886302500767288]}","[-6.903, -6.886302500767288]","{""huskin"": 1, ""zeng"": 1}",[],0.017,0.008,3.643,True,,10.1111/1523-1747.ep12277592,"Anderson, 1989",,1989,,anderson_1989,-6.895,cheruvu|huskin,,True,,3,3,2,1
merged,merged,merged_406,Niacinamide,98-92-0,C1=CC(=CN=C1)C(=O)N,NC(=O)c1cccnc1,,,-7.755,,cm/s,logKp,"publication ID=241; Kp relation==; Kp (cm/h)=4.45E-06±1.22E-06; Kp (cm/h) (processed)=0.00000445; Kp error (cm/h) (processed)=0.00000122; steady state flux Jss relation==; steady state flux Jss (original)=0.22±0.06; steady state flux Jss unit (original)=µg/cm2/h; steady state flux Jss (converted) (ug/cm2/h)=0.22; steady state flux Jss error (converted) (ug/cm2/h)=0.06; tlag (h) (original)=5.13±1.98; tlag (h) (processed)=5.13; tlag error (h) (processed)=1.98; skin donor type=Surgery; skin source site=abdomen; skin preparation=heat separation; used layer=epidermis; storage temperature (°C)=-20; donor type=Propylene glycol; category donor type=Glycols and associated mixtures; donor/skin surface temperature (°C)=32; acceptor type=PBS; category acceptor type=PBS based formulations; acceptor pH=7.3; acceptor temperature (°C)=32; cell type=static Franz cell; author=Mohammed,D; date=2013; doi=10.1007/s11095-013-1169-2; notes=occlusion using glass cover lids and Parafilm®, the authors declare infinite dose conditions, one human skin donor (n≥4)",True,merged,True,False,False,1,skinpix,,,pooled_median_all_rows,1,skinpix,"{""skinpix"": [""133"", ""134"", ""135"", ""136""]}","{""skinpix"": [-8.908, -9.202, -6.602, -6.273]}","[-8.908, -9.202, -6.602, -6.273]","{""skinpix"": 4}",[],2.929,1.318,3.643,True,,10.1007/s11095-013-1169-2,,"Mohammed,D",2013,241,mohammed_2013,-7.755,,,True,,4,4,4,0
merged,merged,merged_407,Aspartic acid,,OC(=O)CC(C(=O)O)N,NC(CC(=O)O)C(=O)O,,,-7.508,,cm/s,logKp,"skin donor type=Cadaver; skin source site=thigh; used layer=epidermis, dermis; skin preparation=dermatomed 500um; storage temperature (°C)=-20; neat=0; donor pH=3.4; donor type=NaCl solution; acceptor temperature (°C)=37; acceptor pH=7.3; acceptor type=NaCl solution; cell type=Glass diffusion cell; reference=Sznitowska, 1993; DOI=10.1016/0378-5173(93)90321-6",True,merged,True,False,False,1,huskin,,,pooled_median_all_rows,1,huskin,"{""huskin"": [""huskin_row_150"", ""huskin_row_151""]}","{""huskin"": [-7.432, -7.585]}","[-7.432, -7.585]","{""huskin"": 2}",[],0.153,0.076,3.643,True,,10.1016/0378-5173(93)90321-6,"Sznitowska, 1993",,1993,,sznitowska_1993,-7.508,,,True,,2,2,2,0
merged,merged,merged_408,famotidine,,N/C(CCSCC1=CSC(/N=C(N)\N)=N1)=N/S(=O)(N)=O,NC(N)=Nc1nc(CSCC/C(N)=N\S(N)(=O)=O)cs1,,,-8.346,,cm/s,logKp,cos2[(4.31+AlogP)/8.66]=0.868; Neoplastic-80=1; X3v=6.713; log(Kp)/SVM=-4.8; log(Kp)/MLR=-5.44,True,merged,False,False,False,1,zeng,,,pooled_median_all_rows,1,zeng,"{""zeng"": [""53""]}","{""zeng"": [-8.346302500767287]}",[-8.346302500767287],"{""zeng"": 1}",[],0.0,0.0,3.643,True,,,,,,,,-8.346,,,True,,1,1,1,0
merged,merged,merged_409,Famotidine,,NC(=Nc1scc(n1)CSCCC(=NS(=O)(=O)N)N)N,NC(N)=Nc1nc(CSCCC(N)=NS(N)(=O)=O)cs1,,,-8.345,,cm/s,logKp,"skin donor type=Abdominoplasty; skin source site=abdomen; used layer=epidermis, dermis; storage temperature (°C)=-70; storage duration (days)=21; neat=0; donor/skin surface temperature (°C)=32; acceptor temperature (°C)=37; acceptor pH=7.4; acceptor type=PBS; cell type=Franz cell; reference=Degim, 2003; DOI=10.1002/jps.10312",True,merged,False,False,False,1,huskin,,,pooled_median_all_rows,1,huskin,"{""huskin"": [""huskin_row_288""]}","{""huskin"": [-8.345]}",[-8.345],"{""huskin"": 1}",[],0.0,0.0,3.643,True,,10.1002/jps.10312,"Degim, 2003",,2003,,degim_2003,-8.345,,,True,,1,1,1,0
merged,merged,merged_410,Urea,57-13-6,C(=O)(N)N,NC(N)=O,,,-7.284,,cm/s,logKp,set=t; MWa=60.1; logKowb=-2.11; Mptc=406; LogSaqd=-2.0409586076789066; LogSoce=-4.1509586076789065; Hdf=4; Hag=3; MVh=36.7; Texpi=310; Skin thicknessj=0.1; Skin Integrity testk=tritiated water permeation; Skin Selection criteria=< 1.6 µL/cm2; logJmaxm=-5.993294413077346; Reference=(Intarakumhaeng et al. 2017); Resolved through PubChem exact CAS synonym match.,True,merged,True,True,False,2,cheruvu|huskin,,,pooled_median_all_rows,2,cheruvu|huskin,"{""cheruvu"": [""80"", ""81"", ""272"", ""385"", ""390"", ""392""], ""huskin"": [""huskin_row_536"", ""huskin_row_537""]}","{""cheruvu"": [-7.111259039317107, -7.251243626080145, -7.508638306165727, -7.481946919920278, -7.113509274827518, -7.153353671422883], ""huskin"": [-7.386, -7.317]}","[-7.386, -7.317, -7.111259039317107, -7.251243626080145, -7.508638306165727, -7.481946919920278, -7.113509274827518, -7.153353671422883]","{""cheruvu"": 6, ""huskin"": 2}",[],0.397,0.149,3.643,True,,,(Intarakumhaeng et al. 2017),,2017,,intarakumhaeng_2017,-7.284,,,True,,11,11,8,3
merged,merged,merged_411,formamide,,O=CN,NC=O,,,-7.626,,cm/s,logKp,cos2[(4.31+AlogP)/8.66]=0.851; Neoplastic-80=0; X3v=0.136; log(Kp)/SVM=-3.53; log(Kp)/MLR=-3.5,True,merged,False,False,False,1,zeng,,,pooled_median_all_rows,1,zeng,"{""zeng"": [""88""]}","{""zeng"": [-7.626302500767288]}",[-7.626302500767288],"{""zeng"": 1}",[],0.0,0.0,3.643,True,,,,,,,,-7.626,,,True,,1,1,1,0
merged,merged,merged_412,5-Aminolevulinic acid,,NCC(=O)CCC(=O)O,NCC(=O)CCC(=O)O,,,-7.711,,cm/s,logKp,"skin donor type=Abdominoplasty; skin source site=abdomen; used layer=epidermis; skin preparation=heat separation; storage temperature (°C)=-20; storage duration (days)=60; neat=0; donor/skin surface temperature (°C)=35; donor pH=7.4; donor type=HEPES; acceptor temperature (°C)=35; cell type=Glass diffusion cell; reference=Krishnan, 2011; DOI=10.1002/bip.21520",True,merged,False,False,False,1,huskin,,,pooled_median_all_rows,1,huskin,"{""huskin"": [""huskin_row_135""]}","{""huskin"": [-7.711]}",[-7.711],"{""huskin"": 1}","[{""reason"": ""missing_target"", ""source"": ""skinpix"", ""source_record_id"": ""23""}]",0.0,0.0,3.643,True,,10.1002/bip.21520,"Krishnan, 2011",,2011,,krishnan_2011,-7.711,,,True,,2,1,1,0
merged,merged,merged_413,Lysine,,NCCCC[C@@H](C(=O)O)N,NCCCC[C@H](N)C(=O)O,,,-6.866,,cm/s,logKp,"skin donor type=Cadaver; skin source site=thigh; used layer=epidermis, dermis; skin preparation=dermatomed 500um; storage temperature (°C)=-20; neat=0; donor pH=7.3; donor type=NaCl solution; acceptor temperature (°C)=37; acceptor pH=7.3; acceptor type=NaCl solution; cell type=Glass diffusion cell; reference=Sznitowska, 1993; DOI=10.1016/0378-5173(93)90321-6",True,merged,True,True,False,2,huskin|zeng,,,pooled_median_all_rows,2,huskin|zeng,"{""huskin"": [""huskin_row_368"", ""huskin_row_369""], ""zeng"": [""210""]}","{""huskin"": [-7.328, -6.86], ""zeng"": [-6.866302500767287]}","[-7.328, -6.86, -6.866302500767287]","{""huskin"": 2, ""zeng"": 1}",[],0.468,0.219,3.643,True,,10.1016/0378-5173(93)90321-6,"Sznitowska, 1993",,1993,,sznitowska_1993,-6.866,,,True,,3,3,3,0
merged,merged,merged_414,Ethanolamine,141-43-5,C(CO)N,NCCO,,,-7.358,,cm/s,logKp,"publication ID=82; Kp relation==; Kp (cm/h)=2.61 E-04 ±1.9E-04; Kp (cm/h) (processed)=0.000261; Kp error (cm/h) (processed)=0.00019; steady state flux Jss relation==; steady state flux Jss (original)=26.6 ±19; steady state flux Jss unit (original)=µg/cm2/h; steady state flux Jss (converted) (ug/cm2/h)=26.6; steady state flux Jss error (converted) (ug/cm2/h)=19; tlag (h) (original)=7.01 ±0.5; tlag (h) (processed)=7.01; tlag error (h) (processed)=0.5; skin donor type=Surgery; skin source site=abdomen; skin preparation=dermatomed; used layer=epidermis, dermis; storage duration (days)=0; storage temperature (°C)=used fresh; donor type=Water; category donor type=Water; donor/skin surface temperature (°C)=32; acceptor type=NaCl solution; category acceptor type=NaCl solution; cell type=other type of diffusion cell; author=Hopf,NB; date=2019; doi=10.1007/s00204-019-02542-2; notes=2 skin donors, there is another result with ethanolamine 2%",True,merged,False,True,False,2,skinpix|zeng,,,pooled_median_all_rows,2,skinpix|zeng,"{""skinpix"": [""92""], ""zeng"": [""51""]}","{""skinpix"": [-7.14], ""zeng"": [-7.576302500767287]}","[-7.14, -7.576302500767287]","{""skinpix"": 1, ""zeng"": 1}",[],0.436,0.218,3.643,True,,10.1007/s00204-019-02542-2,,"Hopf,NB",2019,82,hopf_2019,-7.358,,,True,,3,3,2,1
merged,merged,merged_415,phenylhydrazine,,NNC1=CC=CC=C1,NNc1ccccc1,,,-6.046,,cm/s,logKp,cos2[(4.31+AlogP)/8.66]=0.675; Neoplastic-80=0; X3v=1.51; log(Kp)/SVM=-2.55; log(Kp)/MLR=-2.59,True,merged,False,False,False,1,zeng,,,pooled_median_all_rows,1,zeng,"{""zeng"": [""232""]}","{""zeng"": [-6.046302500767288]}",[-6.046302500767288],"{""zeng"": 1}",[],0.0,0.0,3.643,True,,,,,,,,-6.046,,,True,,1,1,1,0
merged,merged,merged_416,aspartic acid,,N[C@@H](CC(O)=O)C(O)=O,N[C@@H](CC(=O)O)C(=O)O,,,-7.426,,cm/s,logKp,cos2[(4.31+AlogP)/8.66]=0.88; Neoplastic-80=0; X3v=1.543; log(Kp)/SVM=-4.01; log(Kp)/MLR=-3.93,True,merged,False,False,False,1,zeng,,,pooled_median_all_rows,1,zeng,"{""zeng"": [""42""]}","{""zeng"": [-7.426302500767287]}",[-7.426302500767287],"{""zeng"": 1}",[],0.0,0.0,3.643,True,,,,,,,,-7.426,,,True,,1,1,1,0
merged,merged,merged_417,Histidine,,N[C@H](C(=O)O)Cc1c[nH]cn1,N[C@@H](Cc1c[nH]cn1)C(=O)O,,,-7.86,,cm/s,logKp,"skin donor type=Cadaver; skin source site=thigh; used layer=epidermis, dermis; skin preparation=dermatomed 500um; storage temperature (°C)=-20; neat=0; donor pH=5; donor type=NaCl solution; acceptor temperature (°C)=37; acceptor pH=7.3; acceptor type=NaCl solution; cell type=Glass diffusion cell; reference=Sznitowska, 1993; DOI=10.1016/0378-5173(93)90321-6",True,merged,True,True,False,2,huskin|zeng,,,pooled_median_all_rows,2,huskin|zeng,"{""huskin"": [""huskin_row_312"", ""huskin_row_313"", ""huskin_row_314""], ""zeng"": [""17""]}","{""huskin"": [-7.907, -7.812, -7.903], ""zeng"": [-7.8163025007672875]}","[-7.907, -7.812, -7.903, -7.8163025007672875]","{""huskin"": 3, ""zeng"": 1}",[],0.095,0.045,3.643,True,,10.1016/0378-5173(93)90321-6,"Sznitowska, 1993",,1993,,sznitowska_1993,-7.86,,,True,,4,4,4,0
merged,merged,merged_418,,,Nc1cc([N+](=O)[O-])ccc1O,Nc1cc([N+](=O)[O-])ccc1O,,,-6.737,,cm/s,logKp,group=val,True,merged,True,True,False,3,deeppk|huskin|zeng,,,pooled_median_all_rows,3,huskin|zeng|zeng_deeppk,"{""deeppk"": [""deeppk_skin_permeability_val_row_14""], ""huskin"": [""huskin_row_97"", ""huskin_row_98""], ""zeng"": [""153""]}","{""deeppk"": [-6.736302500767287], ""huskin"": [-8.079, -6.737], ""zeng"": [-6.666302500767287]}","[-8.079, -6.737, -6.666302500767287, -6.736302500767287]","{""deeppk"": 1, ""huskin"": 2, ""zeng"": 1}",[],1.413,0.592,3.643,True,,,,,,,,-6.737,,,True,,4,4,4,0
merged,merged,merged_419,,,Nc1ccc(Cc2ccc(N)cc2)cc1,Nc1ccc(Cc2ccc(N)cc2)cc1,,,-6.673,,cm/s,logKp,group=training,True,merged,False,True,False,2,deeppk|huskin,,,pooled_median_all_rows,2,huskin|zeng_deeppk,"{""deeppk"": [""deeppk_skin_permeability_train_row_91""], ""huskin"": [""huskin_row_126""]}","{""deeppk"": [-7.126302500767287], ""huskin"": [-6.219]}","[-6.219, -7.126302500767287]","{""deeppk"": 1, ""huskin"": 1}",[],0.907,0.454,3.643,True,,,,,,,,-6.673,,,True,,2,2,2,0
merged,merged,merged_420,4-Chloro-m-Phenylenediamine,,Nc1ccc(c(c1)N)Cl,Nc1ccc(Cl)c(N)c1,,,-6.235,,cm/s,logKp,"skin donor type=Cadaver; skin source site=abdomen; used layer=epidermis; skin preparation=heat separation; storage temperature (°C)=4; storage duration (days)=28; neat=0; donor/skin surface temperature (°C)=32; donor pH=9.7; donor type=Borate buffer; acceptor temperature (°C)=32; acceptor type=NaCl solution; cell type=Glass diffusion cell; reference=Bronaugh, 1984; DOI=10.1111/1523-1747.ep12263302",True,merged,False,True,False,2,huskin|zeng,,,pooled_median_all_rows,2,huskin|zeng,"{""huskin"": [""huskin_row_129""], ""zeng"": [""168""]}","{""huskin"": [-6.234], ""zeng"": [-6.236302500767287]}","[-6.234, -6.236302500767287]","{""huskin"": 1, ""zeng"": 1}",[],0.002,0.001,3.643,True,,10.1111/1523-1747.ep12263302,"Bronaugh, 1984",,1984,,bronaugh_1984,-6.235,,,True,,2,2,2,0
merged,merged,merged_421,p-Chloroaniline,106-47-8,C1=CC(=CC=C1N)Cl,Nc1ccc(Cl)cc1,,,-4.999,,cm/s,logKp,"publication ID=80; Kp relation==; Kp (cm/h)=0.0364237911623545; Kp (cm/h) (processed)=0.036424; steady state flux Jss relation==; steady state flux Jss (original)=0.478735881844444; steady state flux Jss unit (original)=µg/cm2/h; steady state flux Jss (converted) (ug/cm2/h)=0.47874; tlag (h) (original)=4.8206509445; tlag (h) (processed)=4.82; skin donor type=Cadaver; skin source site=back, thigh; skin preparation=dermatomed; used layer=epidermis, dermis; storage duration (days)=<180; storage temperature (°C)=-20; donor type=Dulbecco phosphate buffered saline with calcium and magnesium with sodium azide at 0.5 mg per mL; category donor type=PBS based formulations; donor/skin surface temperature (°C)=32; acceptor type=Dulbecco's phosphate buffered saline with calcium and magnesium + 2% BSA; category acceptor type=PBS based formulations; acceptor pH=7.4; cell type=other type of diffusion cell; author=Ellison,CA; date=2020; doi=10.1016/j.tiv.2020.104990; notes=occlusion using Bandit® brand packing tape, the authors declare infinite dose conditions, recovery: 90%, data (Jss, Tlag, Kp, recovery) in Supplemental Table3",True,merged,True,False,False,1,skinpix,,,pooled_median_all_rows,1,skinpix,"{""skinpix"": [""190"", ""191""]}","{""skinpix"": [-4.995, -5.004]}","[-4.995, -5.004]","{""skinpix"": 2}",[],0.009,0.004,3.643,True,,10.1016/j.tiv.2020.104990,,"Ellison,CA",2020,80,ellison_2020,-4.999,,,True,,2,2,2,0
merged,merged,merged_422,2-Nitro-p-Phenylenediamine,,Nc1ccc(c(c1)[N+](=O)[O-])N,Nc1ccc(N)c([N+](=O)[O-])c1,,,-6.343,,cm/s,logKp,"skin donor type=Cadaver; skin source site=abdomen; used layer=epidermis; skin preparation=heat separation; storage temperature (°C)=4; storage duration (days)=28; neat=0; donor/skin surface temperature (°C)=32; donor pH=9.7; donor type=Borate buffer; acceptor temperature (°C)=32; acceptor type=NaCl solution; cell type=Glass diffusion cell; reference=Bronaugh, 1984; DOI=10.1111/1523-1747.ep12263302",True,merged,True,True,False,3,huskin|skinpix|zeng,,,pooled_median_all_rows,3,huskin|skinpix|zeng,"{""huskin"": [""huskin_row_117""], ""skinpix"": [""9"", ""10""], ""zeng"": [""119""]}","{""huskin"": [-6.857], ""skinpix"": [-5.659, -5.829], ""zeng"": [-6.856302500767287]}","[-6.857, -5.659, -5.829, -6.856302500767287]","{""huskin"": 1, ""skinpix"": 2, ""zeng"": 1}",[],1.198,0.56,3.643,True,,10.1111/1523-1747.ep12263302,"Bronaugh, 1984",,1984,,bronaugh_1984,-6.343,,,True,,5,5,4,1
merged,merged,merged_423,p-Phenylenediamine,,Nc1ccc(cc1)N,Nc1ccc(N)cc1,,,-6.75,,cm/s,logKp,"skin donor type=Cadaver; skin source site=abdomen; used layer=epidermis; skin preparation=heat separation; storage temperature (°C)=4; storage duration (days)=28; neat=0; donor/skin surface temperature (°C)=32; donor pH=9.7; donor type=Borate buffer; acceptor temperature (°C)=32; acceptor type=NaCl solution; cell type=Glass diffusion cell; reference=Bronaugh, 1984; DOI=10.1111/1523-1747.ep12263302",True,merged,True,True,False,3,huskin|skinpix|zeng,,,pooled_median_all_rows,3,huskin|skinpix|zeng,"{""huskin"": [""huskin_row_455""], ""skinpix"": [""192"", ""193""], ""zeng"": [""146""]}","{""huskin"": [-7.176], ""skinpix"": [-6.373, -6.305], ""zeng"": [-7.126302500767287]}","[-7.176, -6.373, -6.305, -7.126302500767287]","{""huskin"": 1, ""skinpix"": 2, ""zeng"": 1}",[],0.871,0.407,3.643,True,,10.1111/1523-1747.ep12263302,"Bronaugh, 1984",,1984,,bronaugh_1984,-6.75,cheruvu|deeppk|huskin,,True,,6,6,4,2
merged,merged,merged_424,HC Red No. 3; 2-(4-Amino-2-nitroanilino)-ethanol,2871-01-4,C1=CC(=C(C=C1N)[N+](=O)[O-])NCCO,Nc1ccc(NCCO)c([N+](=O)[O-])c1,,,-5.879,,cm/s,logKp,set=t; MWa=197.191; logKowb=0.661; Mptc=401; LogSaqd=-6.203705142551964; LogSoce=-5.542705142551965; Hdf=3; Hag=5; MVh=137; Texpi=305; Skin thicknessj=0.075; Skin Integrity testk=transepidermal electrical resistance; Skin Selection criteria=>4.26 kΩ; logJmaxm=-7.874293994240627; Reference=(Ellison et al. 2020); Resolved through PubChem exact CAS synonym match.,True,merged,True,True,False,2,cheruvu|skinpix,,,pooled_median_all_rows,2,cheruvu|skinpix,"{""cheruvu"": [""443""], ""skinpix"": [""104"", ""105""]}","{""cheruvu"": [-5.226891352455951], ""skinpix"": [-6.075, -5.879]}","[-6.075, -5.879, -5.226891352455951]","{""cheruvu"": 1, ""skinpix"": 2}",[],0.848,0.363,3.643,True,,,(Ellison et al. 2020),,2020,,ellison_2020,-5.879,,,True,,4,4,3,1
merged,merged,merged_425,4-Amino-2-Nitrophenol,,Nc1ccc(c(c1)[N+](=O)[O-])O,Nc1ccc(O)c([N+](=O)[O-])c1,,,-6.109,,cm/s,logKp,"skin donor type=Cadaver; skin source site=abdomen; used layer=epidermis; skin preparation=heat separation; storage temperature (°C)=4; storage duration (days)=28; neat=0; donor/skin surface temperature (°C)=32; donor pH=9.7; donor type=Borate buffer; acceptor temperature (°C)=32; acceptor type=NaCl solution; cell type=Glass diffusion cell; reference=Bronaugh, 1984; DOI=10.1111/1523-1747.ep12263302",True,merged,True,True,False,2,huskin|zeng,,,pooled_median_all_rows,2,huskin|zeng,"{""huskin"": [""huskin_row_127"", ""huskin_row_128""], ""zeng"": [""58""]}","{""huskin"": [-7.622, -6.109], ""zeng"": [-6.106302500767287]}","[-7.622, -6.109, -6.106302500767287]","{""huskin"": 2, ""zeng"": 1}",[],1.516,0.714,3.643,True,,10.1111/1523-1747.ep12263302,"Bronaugh, 1984",,1984,,bronaugh_1984,-6.109,cheruvu|huskin,,True,,5,5,3,2
merged,merged,merged_426,p-Aminophenol,123-30-8,C1=CC(=CC=C1N)O,Nc1ccc(O)cc1,,,-5.087,,cm/s,logKp,"publication ID=80; Kp relation==; Kp (cm/h)=0.00669161880552598; Kp (cm/h) (processed)=0.0066916; steady state flux Jss relation==; steady state flux Jss (original)=0.188129095751429; steady state flux Jss unit (original)=µg/cm2/h; steady state flux Jss (converted) (ug/cm2/h)=0.18813; tlag (h) (original)=7.52702961102; tlag (h) (processed)=7.53; skin donor type=Cadaver; skin source site=back, thigh; skin preparation=dermatomed; used layer=epidermis, dermis; storage duration (days)=<180; storage temperature (°C)=-20; donor type=Dulbecco phosphate buffered saline with calcium and magnesium with sodium azide at 0.5 mg per mL with antioxidants 0.3% ascorbic acid and 0.4% sodium sulfite; category donor type=PBS based formulations; donor/skin surface temperature (°C)=32; acceptor type=Dulbecco's phosphate buffered saline with calcium and magnesium + 2% BSA; category acceptor type=PBS based formulations; acceptor pH=7.4; cell type=other type of diffusion cell; author=Ellison,CA; date=2020; doi=10.1016/j.tiv.2020.104990; notes=occlusion using Bandit® brand packing tape, the authors declare infinite dose conditions, recovery: 99%, data (Jss, Tlag, Kp, recovery) in Supplemental Table3",True,merged,True,False,False,1,skinpix,,,pooled_median_all_rows,1,skinpix,"{""skinpix"": [""188"", ""189""]}","{""skinpix"": [-5.731, -4.443]}","[-5.731, -4.443]","{""skinpix"": 2}",[],1.288,0.644,3.643,True,,10.1016/j.tiv.2020.104990,,"Ellison,CA",2020,80,ellison_2020,-5.087,,,True,,2,2,2,0
merged,merged,merged_427,4-Amino-3-nitrophenol,610-81-1,C1=CC(=C(C=C1O)[N+](=O)[O-])N,Nc1ccc(O)cc1[N+](=O)[O-],,,-5.693,,cm/s,logKp,set=t; MWa=154.12; logKowb=1.318; Mptc=425; LogSaqd=-4.243338782409286; LogSoce=-2.925338782409286; Hdf=3; Hag=5; MVh=102; Texpi=305; Skin thicknessj=0.075; Skin Integrity testk=transepidermal electrical resistance; Skin Selection criteria=>4.26 kΩ; logJmaxm=-6.373078170031984; Reference=(Ellison et al. 2020); Resolved through PubChem exact CAS synonym match.,True,merged,True,True,False,2,cheruvu|skinpix,,,pooled_median_all_rows,2,cheruvu|skinpix,"{""cheruvu"": [""408""], ""skinpix"": [""13"", ""14""]}","{""cheruvu"": [-5.686041888389985], ""skinpix"": [-5.693, -5.823]}","[-5.693, -5.823, -5.686041888389985]","{""cheruvu"": 1, ""skinpix"": 2}",[],0.137,0.063,3.643,True,,,(Ellison et al. 2020),,2020,,ellison_2020,-5.693,,,True,,4,4,3,1
merged,merged,merged_428,p-nitroaniline,,NC1=CC=C([N+]([O-])=O)C=C1,Nc1ccc([N+](=O)[O-])cc1,,,-6.136,,cm/s,logKp,cos2[(4.31+AlogP)/8.66]=0.671; Neoplastic-80=0; X3v=1.849; log(Kp)/SVM=-2.61; log(Kp)/MLR=-2.61,True,merged,False,False,False,1,zeng,,,pooled_median_all_rows,1,zeng,"{""zeng"": [""271""]}","{""zeng"": [-6.136302500767288]}",[-6.136302500767288],"{""zeng"": 1}",[],0.0,0.0,3.643,True,,,,,,,,-6.136,,,True,,1,1,1,0
merged,merged,merged_429,4-Nitro-o-phenylenediamine,99-56-9,C1=CC(=C(C=C1[N+](=O)[O-])N)N,Nc1ccc([N+](=O)[O-])cc1N,,,-5.701,,cm/s,logKp,"publication ID=80; Kp relation==; Kp (cm/h)=0.00688542128738606; Kp (cm/h) (processed)=0.0068854; steady state flux Jss relation==; steady state flux Jss (original)=0.299654154297059; steady state flux Jss unit (original)=µg/cm2/h; steady state flux Jss (converted) (ug/cm2/h)=0.29965; tlag (h) (original)=3.24476886737941; tlag (h) (processed)=3.24; skin donor type=Cadaver; skin source site=back, thigh; skin preparation=dermatomed; used layer=epidermis, dermis; storage duration (days)=<180; storage temperature (°C)=-20; donor type=Dulbecco phosphate buffered saline with calcium and magnesium with sodium azide at 0.5 mg per mL; category donor type=PBS based formulations; donor/skin surface temperature (°C)=32; acceptor type=Dulbecco's phosphate buffered saline with calcium and magnesium + 2% BSA; category acceptor type=PBS based formulations; acceptor pH=7.4; cell type=other type of diffusion cell; author=Ellison,CA; date=2020; doi=10.1016/j.tiv.2020.104990; notes=occlusion using Bandit® brand packing tape, the authors declare infinite dose conditions, recovery: 99%, data (Jss, Tlag, Kp, recovery) in Supplemental Table3",True,merged,True,False,False,1,skinpix,,,pooled_median_all_rows,1,skinpix,"{""skinpix"": [""21"", ""22""]}","{""skinpix"": [-5.718, -5.684]}","[-5.718, -5.684]","{""skinpix"": 2}",[],0.034,0.017,3.643,True,,10.1016/j.tiv.2020.104990,,"Ellison,CA",2020,80,ellison_2020,-5.701,,,True,,2,2,2,0
merged,merged,merged_430,aniline,,NC1=CC=CC=C1,Nc1ccccc1,,,-6.206,,cm/s,logKp,cos2[(4.31+AlogP)/8.66]=0.66; Neoplastic-80=0; X3v=1.411; log(Kp)/SVM=-2.43; log(Kp)/MLR=-2.47,True,merged,False,False,False,1,zeng,,,pooled_median_all_rows,1,zeng,"{""zeng"": [""177""]}","{""zeng"": [-6.206302500767287]}",[-6.206302500767287],"{""zeng"": 1}",[],0.0,0.0,3.643,True,,,,,,,,-6.206,deeppk|zeng,,True,,2,2,1,1
merged,merged,merged_431,,,Nc1ccccc1N,Nc1ccccc1N,,,-6.903,,cm/s,logKp,group=training,True,merged,False,True,False,3,deeppk|huskin|zeng,,,pooled_median_all_rows,3,huskin|zeng|zeng_deeppk,"{""deeppk"": [""deeppk_skin_permeability_train_row_57""], ""huskin"": [""huskin_row_440""], ""zeng"": [""141""]}","{""deeppk"": [-6.906302500767287], ""huskin"": [-6.903], ""zeng"": [-6.846302500767287]}","[-6.903, -6.846302500767287, -6.906302500767287]","{""deeppk"": 1, ""huskin"": 1, ""zeng"": 1}",[],0.06,0.028,3.643,True,,,,,,,,-6.903,,,True,,4,4,3,1
merged,merged,merged_432,Cytarabine,,OC[C@H]1O[C@H]([C@H]([C@@H]1O)O)n1ccc(nc1=O)N,Nc1ccn([C@@H]2O[C@H](CO)[C@@H](O)[C@@H]2O)c(=O)n1,,,-8.856,,cm/s,logKp,"skin donor type=Abdominoplasty; skin source site=abdomen; used layer=epidermis; skin preparation=heat separation; storage temperature (°C)=-20; neat=0; donor/skin surface temperature (°C)=32; donor pH=7.4; donor type=PBS; acceptor temperature (°C)=32; acceptor pH=7.4; acceptor type=PBS; cell type=Franz cell; flux=Jss= 3.70 nmol/(cm^2*h) SD=1.37; c=738.18(umol/ml); reference=Legoabe, 2010; DOI=10.1211/jpp.62.06.0012",True,merged,False,False,False,1,huskin,,,pooled_median_all_rows,1,huskin,"{""huskin"": [""huskin_row_222""]}","{""huskin"": [-8.856]}",[-8.856],"{""huskin"": 1}",[],0.0,0.0,3.643,True,,10.1211/jpp.62.06.0012,"Legoabe, 2010",,2010,,legoabe_2010,-8.856,,,True,,1,1,1,0
merged,merged,merged_433,Acyclovir,,Nc1nc(=O)c2c([nH]1)n(COCCO)cn2,Nc1nc(=O)c2ncn(COCCO)c2[nH]1,,,-7.428,,cm/s,logKp,"skin donor type=Abdominoplasty; skin source site=abdomen; used layer=epidermis, dermis; skin preparation=fat removed; neat=0; donor pH=7.4; donor type=PBS; acceptor pH=7.4; acceptor type=PBS; cell type=Franz cell; reference=Volpato, 1998; DOI=10.1016/S0168-3659(97)00152-1",True,merged,True,False,False,1,huskin,,,pooled_median_all_rows,1,huskin,"{""huskin"": [""huskin_row_141"", ""huskin_row_142""]}","{""huskin"": [-7.079, -7.778]}","[-7.079, -7.778]","{""huskin"": 2}",[],0.699,0.349,3.643,True,,10.1016/S0168-3659(97)00152-1,"Volpato, 1998",,1998,,volpato_1998,-7.428,,,True,,2,2,2,0
merged,merged,merged_434,amitrole,,NC1=NNC=N1,Nc1nc[nH]n1,,,-7.396,,cm/s,logKp,cos2[(4.31+AlogP)/8.66]=0.831; Neoplastic-80=0; X3v=0.857; log(Kp)/SVM=-3.82; log(Kp)/MLR=-3.49,True,merged,False,False,False,1,zeng,,,pooled_median_all_rows,1,zeng,"{""zeng"": [""85""]}","{""zeng"": [-7.396302500767288]}",[-7.396302500767288],"{""zeng"": 1}",[],0.0,0.0,3.643,True,,,,,,,,-7.396,,,True,,1,1,1,0
merged,merged,merged_435,Water,7732-18-5,O,O,,,-6.748,,cm/s,logKp,set=t; MWa=18.02; logKowb=-1.38; Mptc=273; LogSaqd=-1.2518119729937995; LogSoce=-2.6318119729937997; Hdf=2; Hag=1; MVh=17.5; Texpi=305; Skin thicknessj=0.1; logJmaxm=-4.413592751086174; Reference=(Clowes et al. 1994); Resolved through PubChem exact CAS synonym match.,True,merged,True,True,False,3,cheruvu|huskin|zeng,,,pooled_median_all_rows,3,cheruvu|huskin|zeng,"{""cheruvu"": [""84"", ""85"", ""86"", ""98"", ""191"", ""193"", ""199"", ""256"", ""257"", ""258"", ""261"", ""262"", ""263"", ""360"", ""362"", ""364"", ""366"", ""368"", ""370"", ""372"", ""374"", ""376"", ""378"", ""379"", ""381"", ""383"", ""384""], ""huskin"": [""huskin_row_538"", ""huskin_row_539"", ""huskin_row_540"", ""huskin_row_541"", ""huskin_row_542"", ""huskin_row_543"", ""huskin_row_544"", ""huskin_row_545"", ""huskin_row_546"", ""huskin_row_547"", ""huskin_row_548"", ""huskin_row_549"", ""huskin_row_550"", ""huskin_row_551"", ""huskin_row_552""], ""zeng"": [""6""]}","{""cheruvu"": [-6.365970802596996, -6.626883575052995, -6.857332496431269, -7.2552725051033065, -6.718083278859662, -6.803486069579016, -6.495604660413676, -6.748091527843066, -6.730876382999464, -6.546426867055127, -6.739398661391627, -6.748767472698434, -6.7528453851188734, -7.144019902790234, -7.059543657771041, -6.9517429618523, -6.938584442561095, -6.949659154047947, -6.791815261450302, -7.164555272629498, -7.024850486476703, -7.087888675550886, -6.79317412396815, -6.804100347590767, -6.853919509901208, -6.9899110270494065, -6.639125939504073], ""huskin"": [-6.438, -6.606, -6.323, -6.502, -6.363, -7.079, -5.41, -6.41, -6.597, -6.707, -6.429, -5.24, -6.426, -6.751, -6.588], ""zeng"": [-6.856302500767287]}","[-6.438, -6.606, -6.323, -6.502, -6.363, -7.079, -5.41, -6.41, -6.597, -6.707, -6.429, -5.24, -6.426, -6.751, -6.588, -6.856302500767287, -6.365970802596996, -6.626883575052995, -6.857332496431269, -7.2552725051033065, -6.718083278859662, -6.803486069579016, -6.495604660413676, -6.748091527843066, -6.730876382999464, -6.546426867055127, -6.739398661391627, -6.748767472698434, -6.7528453851188734, -7.144019902790234, -7.059543657771041, -6.9517429618523, -6.938584442561095, -6.949659154047947, -6.791815261450302, -7.164555272629498, -7.024850486476703, -7.087888675550886, -6.79317412396815, -6.804100347590767, -6.853919509901208, -6.9899110270494065, -6.639125939504073]","{""cheruvu"": 27, ""huskin"": 15, ""zeng"": 1}",[],2.015,0.381,3.643,True,,,(Clowes et al. 1994),,1994,,clowes_1994,-6.748,,,True,,47,47,43,4
merged,merged,merged_436,Haloperidol,,Fc1ccc(cc1)C(=O)CCCN1CCC(CC1)(O)c1ccc(cc1)Cl,O=C(CCCN1CCC(O)(c2ccc(Cl)cc2)CC1)c1ccc(F)cc1,,,-7.03,,cm/s,logKp,"skin donor type=Cadaver; skin source site=abdomen; used layer=epidermis; skin preparation=heat separation; storage temperature (°C)=-80; neat=0; donor/skin surface temperature (°C)=37; acceptor temperature (°C)=37; cell type=Franz cell; reference=Vaddi, 2001; DOI=10.1248/cpb.49.1395",True,merged,False,False,False,1,huskin,,,pooled_median_all_rows,1,huskin,"{""huskin"": [""huskin_row_311""]}","{""huskin"": [-7.03]}",[-7.03],"{""huskin"": 1}",[],0.0,0.0,3.643,True,,10.1248/cpb.49.1395,"Vaddi, 2001",,2001,,vaddi_2001,-7.03,,,True,,1,1,1,0
merged,merged,merged_437,"2,4-Dichloroacetophenone",937-20-2,C1=CC(=CC=C1C(=O)CCl)Cl,O=C(CCl)c1ccc(Cl)cc1,,,-4.858,,cm/s,logKp,set=t; MWa=189.04; logKowb=1.425; Mptc=374.5; LogSaqd=-5.890367505731813; LogSoce=-4.465367505731813; Hdf=0; Hag=1; MVh=144.3; Texpi=305; Skin thicknessj=0.128; Skin Integrity testk=transepidermal electrical resistance; Skin Selection criteria=>4.26 kΩ; logJmaxm=-7.750893592335098; Reference=(Ellison et al. 2020); Resolved through PubChem exact CAS synonym match.,True,merged,True,False,False,1,cheruvu,,,pooled_median_all_rows,1,cheruvu,"{""cheruvu"": [""399"", ""400""]}","{""cheruvu"": [-5.4168285873705715, -4.300075436415061]}","[-5.4168285873705715, -4.300075436415061]","{""cheruvu"": 2}",[],1.117,0.558,3.643,True,,,(Ellison et al. 2020),,2020,,ellison_2020,-4.858,,,True,,2,2,2,0
merged,merged,merged_438,2-chloroacetophenone,,O=C(C1=CC=CC=C1)CCl,O=C(CCl)c1ccccc1,,,-5.846,,cm/s,logKp,cos2[(4.31+AlogP)/8.66]=0.52; Neoplastic-80=0; X3v=2.19; log(Kp)/SVM=-1.61; log(Kp)/MLR=-1.69,True,merged,False,False,False,1,zeng,,,pooled_median_all_rows,1,zeng,"{""zeng"": [""43""]}","{""zeng"": [-5.846302500767287]}",[-5.846302500767287],"{""zeng"": 1}",[],0.0,0.0,3.643,True,,,,,,,,-5.846,,,True,,1,1,1,0
merged,merged,merged_439,,,O=C(NCCO[N+](=O)[O-])c1cccnc1,O=C(NCCO[N+](=O)[O-])c1cccnc1,,,-7.136,,cm/s,logKp,group=training,True,merged,False,True,False,3,deeppk|huskin|zeng,,,pooled_median_all_rows,3,huskin|zeng|zeng_deeppk,"{""deeppk"": [""deeppk_skin_permeability_train_row_56""], ""huskin"": [""huskin_row_428""], ""zeng"": [""16""]}","{""deeppk"": [-7.136302500767288], ""huskin"": [-7.131], ""zeng"": [-7.216302500767288]}","[-7.131, -7.216302500767288, -7.136302500767288]","{""deeppk"": 1, ""huskin"": 1, ""zeng"": 1}",[],0.085,0.039,3.643,True,,,,,,,,-7.136,,,True,,3,3,3,0
merged,merged,merged_440,trans-Cinnamic acid,140-10-3,C1=CC=C(C=C1)/C=C/C(=O)O,O=C(O)/C=C/c1ccccc1,,,-5.953,,cm/s,logKp,"publication ID=80; Kp relation==; Kp (cm/h)=0.00334046114592611; Kp (cm/h) (processed)=0.0033405; steady state flux Jss relation==; steady state flux Jss (original)==Jmax; steady state flux Jss unit (original)=µg/cm2/h; steady state flux Jss (converted) (ug/cm2/h)==Jmax; tlag (h) (original)=4.60187828811471; tlag (h) (processed)=4.60; skin donor type=Cadaver; skin source site=back, thigh; skin preparation=dermatomed; used layer=epidermis, dermis; storage duration (days)=<180; storage temperature (°C)=-20; donor type=Dulbecco phosphate buffered saline with calcium and magnesium with sodium azide at 0.5 mg per mL; category donor type=PBS based formulations; donor/skin surface temperature (°C)=32; acceptor type=Dulbecco's phosphate buffered saline with calcium and magnesium + 2% BSA; category acceptor type=PBS based formulations; acceptor pH=7.4; cell type=other type of diffusion cell; author=Ellison,CA; date=2020; doi=10.1016/j.tiv.2020.104990; notes=occlusion using Bandit® brand packing tape, the authors declare infinite dose conditions, recovery: 99%, data (Jss, Tlag, Kp, recovery) in Supplemental Table3",True,merged,True,False,False,1,skinpix,,,pooled_median_all_rows,1,skinpix,"{""skinpix"": [""198"", ""199""]}","{""skinpix"": [-6.032, -5.874]}","[-6.032, -5.874]","{""skinpix"": 2}",[],0.158,0.079,3.643,True,,10.1016/j.tiv.2020.104990,,"Ellison,CA",2020,80,ellison_2020,-5.953,,,True,,2,2,2,0
merged,merged,merged_441,Dibromoacetic acid,,BrC(C(=O)O)Br,O=C(O)C(Br)Br,,,-6.141,,cm/s,logKp,"skin donor type=Mammaplasty; skin source site=breast; used layer=epidermis, dermis; skin preparation=dermatomed 250-280um; storage temperature (°C)=-20; neat=1; donor/skin surface temperature (°C)=40; donor pH=7; donor type=Water; acceptor temperature (°C)=37; acceptor pH=7.4; cell type=Glass diffusion cell; reference=Xu, 2002; DOI=10.1006/taap.2002.9494",True,merged,False,False,False,1,huskin,,,pooled_median_all_rows,1,huskin,"{""huskin"": [""huskin_row_225""]}","{""huskin"": [-6.141]}",[-6.141],"{""huskin"": 1}",[],0.0,0.0,3.643,True,,10.1006/taap.2002.9494,"Xu, 2002",,2002,,xu_2002,-6.141,,,True,,1,1,1,0
merged,merged,merged_442,Trichloroacetic acid,,OC(=O)C(Cl)(Cl)Cl,O=C(O)C(Cl)(Cl)Cl,,,-6.278,,cm/s,logKp,"skin donor type=Mammaplasty; skin source site=breast; used layer=epidermis, dermis; skin preparation=dermatomed 250-280um; storage temperature (°C)=-20; neat=1; donor/skin surface temperature (°C)=40; donor pH=7; donor type=Water; acceptor temperature (°C)=37; acceptor pH=7.4; cell type=Glass diffusion cell; reference=Xu, 2002; DOI=10.1006/taap.2002.9494",True,merged,False,False,False,1,huskin,,,pooled_median_all_rows,1,huskin,"{""huskin"": [""huskin_row_531""]}","{""huskin"": [-6.278]}",[-6.278],"{""huskin"": 1}",[],0.0,0.0,3.643,True,,10.1006/taap.2002.9494,"Xu, 2002",,2002,,xu_2002,-6.278,,,True,,1,1,1,0
merged,merged,merged_443,Bromochloroacetic acid,,OC(=O)C(Br)Cl,O=C(O)C(Cl)Br,,,-6.352,,cm/s,logKp,"skin donor type=Mammaplasty; skin source site=breast; used layer=epidermis, dermis; skin preparation=dermatomed 250-280um; storage temperature (°C)=-20; neat=1; donor/skin surface temperature (°C)=40; donor pH=7; donor type=Water; acceptor temperature (°C)=37; acceptor pH=7.4; cell type=Glass diffusion cell; reference=Xu, 2002; DOI=10.1006/taap.2002.9494",True,merged,False,False,False,1,huskin,,,pooled_median_all_rows,1,huskin,"{""huskin"": [""huskin_row_173""]}","{""huskin"": [-6.352]}",[-6.352],"{""huskin"": 1}",[],0.0,0.0,3.643,True,,10.1006/taap.2002.9494,"Xu, 2002",,2002,,xu_2002,-6.352,,,True,,1,1,1,0
merged,merged,merged_444,Dichloroacetic acid,,ClC(C(=O)O)Cl,O=C(O)C(Cl)Cl,,,-6.278,,cm/s,logKp,"skin donor type=Mammaplasty; skin source site=breast; used layer=epidermis, dermis; skin preparation=dermatomed 250-280um; storage temperature (°C)=-20; neat=1; donor/skin surface temperature (°C)=40; donor pH=7; donor type=Water; acceptor temperature (°C)=37; acceptor pH=7.4; cell type=Glass diffusion cell; reference=Xu, 2002; DOI=10.1006/taap.2002.9494",True,merged,False,False,False,1,huskin,,,pooled_median_all_rows,1,huskin,"{""huskin"": [""huskin_row_228""]}","{""huskin"": [-6.278]}",[-6.278],"{""huskin"": 1}",[],0.0,0.0,3.643,True,,10.1006/taap.2002.9494,"Xu, 2002",,2002,,xu_2002,-6.278,,,True,,1,1,1,0
merged,merged,merged_445,Perfluorooctanoic acid,335-67-1,C(=O)(C(C(C(C(C(C(C(F)(F)F)(F)F)(F)F)(F)F)(F)F)(F)F)(F)F)O,O=C(O)C(F)(F)C(F)(F)C(F)(F)C(F)(F)C(F)(F)C(F)(F)C(F)(F)F,,,-7.793,,cm/s,logKp,"publication ID=301; Kp relation==; Kp (cm/h)=5.5 × 10−2; Kp (cm/h) (processed)=0.055; skin donor type=Surgery; skin preparation=heat separation; used layer=epidermis; storage duration (days)=<180; storage temperature (°C)=-85; donor type=Water; category donor type=Water; donor pH=2.25; donor/skin surface temperature (°C)=32; acceptor temperature (°C)=37; cell type=other type of diffusion cell; author=Franko,J; date=2012; doi=10.1080/15287394.2011.615108; notes=occlusion, the authors declare infinite dose conditions, very acid donor pH",True,merged,True,False,False,1,skinpix,,,pooled_median_all_rows,1,skinpix,"{""skinpix"": [""149"", ""150"", ""151""]}","{""skinpix"": [-4.816, -7.913, -7.793]}","[-4.816, -7.913, -7.793]","{""skinpix"": 3}",[],3.097,1.432,3.643,True,,10.1080/15287394.2011.615108,,"Franko,J",2012,301,franko_2012,-7.793,,,True,,3,3,3,0
merged,merged,merged_446,Bromoacetic acid,,OC(=O)CBr,O=C(O)CBr,,,-6.41,,cm/s,logKp,"skin donor type=Mammaplasty; skin source site=breast; used layer=epidermis, dermis; skin preparation=dermatomed 250-280um; storage temperature (°C)=-20; neat=1; donor/skin surface temperature (°C)=40; donor pH=7; donor type=Water; acceptor temperature (°C)=37; acceptor pH=7.4; cell type=Glass diffusion cell; reference=Xu, 2002; DOI=10.1006/taap.2002.9494",True,merged,False,False,False,1,huskin,,,pooled_median_all_rows,1,huskin,"{""huskin"": [""huskin_row_172""]}","{""huskin"": [-6.41]}",[-6.41],"{""huskin"": 1}",[],0.0,0.0,3.643,True,,10.1006/taap.2002.9494,"Xu, 2002",,2002,,xu_2002,-6.41,,,True,,1,1,1,0
merged,merged,merged_447,4-Chlorobutyric acid,627-00-9,C(CC(=O)O)CCl,O=C(O)CCCCl,,,-5.518,,cm/s,logKp,"publication ID=80; Kp relation==; Kp (cm/h)=0.01070278036401; Kp (cm/h) (processed)=0.010703; steady state flux Jss relation==; steady state flux Jss (original)=0.01070278036401; steady state flux Jss unit (original)=µg/cm2/h; steady state flux Jss (converted) (ug/cm2/h)=0.010703; tlag (h) (original)=2.0451471359; tlag (h) (processed)=2.05; skin donor type=Cadaver; skin source site=back, thigh; skin preparation=dermatomed; used layer=epidermis, dermis; storage duration (days)=<180; storage temperature (°C)=-20; donor type=Dulbecco phosphate buffered saline with calcium and magnesium with sodium azide at 0.5 mg per mL; category donor type=PBS based formulations; donor/skin surface temperature (°C)=32; acceptor type=Dulbecco's phosphate buffered saline with calcium and magnesium + 2% BSA; category acceptor type=PBS based formulations; acceptor pH=7.4; cell type=other type of diffusion cell; author=Ellison,CA; date=2020; doi=10.1016/j.tiv.2020.104990; notes=occlusion using Bandit® brand packing tape, the authors declare infinite dose conditions, recovery: 88%, data (Jss, Tlag, Kp, recovery) in Supplemental Table3",True,merged,True,False,False,1,skinpix,,,pooled_median_all_rows,1,skinpix,"{""skinpix"": [""17"", ""18""]}","{""skinpix"": [-5.527, -5.509]}","[-5.527, -5.509]","{""skinpix"": 2}",[],0.018,0.009,3.643,True,,10.1016/j.tiv.2020.104990,,"Ellison,CA",2020,80,ellison_2020,-5.518,,,True,,2,2,2,0
merged,merged,merged_448,Chloroacetic acid,,OC(=O)CCl,O=C(O)CCl,,,-6.515,,cm/s,logKp,"skin donor type=Mammaplasty; skin source site=breast; used layer=epidermis, dermis; skin preparation=dermatomed 250-280um; storage temperature (°C)=-20; neat=1; donor/skin surface temperature (°C)=40; donor pH=7; donor type=Water; acceptor temperature (°C)=37; acceptor pH=7.4; cell type=Glass diffusion cell; reference=Xu, 2002; DOI=10.1006/taap.2002.9494",True,merged,False,False,False,1,huskin,,,pooled_median_all_rows,1,huskin,"{""huskin"": [""huskin_row_199""]}","{""huskin"": [-6.515]}",[-6.515],"{""huskin"": 1}",[],0.0,0.0,3.643,True,,10.1006/taap.2002.9494,"Xu, 2002",,2002,,xu_2002,-6.515,,,True,,1,1,1,0
merged,merged,merged_449,Calcein,1461-15-0,C1=CC=C2C(=C1)C(=O)OC23C4=C(C=C(C(=C4)CN(CC(=O)O)CC(=O)O)O)OC5=C3C=C(C(=C5)O)CN(CC(=O)O)CC(=O)O,O=C(O)CN(CC(=O)O)Cc1cc2c(cc1O)Oc1cc(O)c(CN(CC(=O)O)CC(=O)O)cc1C21OC(=O)c2ccccc21,,,-8.046,,cm/s,logKp,"publication ID=447; Kp relation==; Kp (cm/h)=8.71E-05±1.08E-06; Kp (cm/h) (processed)=0.0000871; Kp error (cm/h) (processed)=0.00000108; steady state flux Jss relation==; steady state flux Jss (original)=7.59E-03±9.41E-05; steady state flux Jss unit (original)=µg/cm2/h; steady state flux Jss (converted) (ug/cm2/h)=0.00759; steady state flux Jss error (converted) (ug/cm2/h)=0.0000941; skin donor type=Surgery; skin source site=abdomen; skin preparation=full thickness skin without fat; used layer=epidermis, dermis; storage temperature (°C)=-20; donor type=Water; category donor type=Water; acceptor type=PBS; category acceptor type=PBS based formulations; acceptor pH=7.4; acceptor temperature (°C)=37; cell type=static Franz cell; author=Ntimenou,V; date=2012; doi=10.1166/jbn.2012.1426; notes=occlusion using Parafilm®, very few samplings throughout the experiment, donor type: aqueous solution, the composition is not precisely indicated by the authors",True,merged,True,False,False,1,skinpix,,,pooled_median_all_rows,1,skinpix,"{""skinpix"": [""64"", ""65"", ""66""]}","{""skinpix"": [-7.616, -8.652, -8.046]}","[-7.616, -8.652, -8.046]","{""skinpix"": 3}",[],1.036,0.425,3.643,True,,10.1166/jbn.2012.1426,,"Ntimenou,V",2012,447,ntimenou_2012,-8.046,,,True,,3,3,3,0
merged,merged,merged_450,Glyphosate,,OC(=O)CNCP(=O)(O)O,O=C(O)CNCP(=O)(O)O,,,-6.894,,cm/s,logKp,"skin donor type=Cadaver; used layer=epidermis, dermis; skin preparation=dermatomed 1000um; neat=0; donor/skin surface temperature (°C)=37; donor type=Water; acceptor temperature (°C)=37; acceptor pH=7.4; acceptor type=PBS; cell type=Flow through cell; reference=Wester, 1996; DOI=10.1016/0278-6915(96)00030-0",True,merged,False,False,False,1,huskin,,,pooled_median_all_rows,1,huskin,"{""huskin"": [""huskin_row_310""]}","{""huskin"": [-6.894]}",[-6.894],"{""huskin"": 1}",[],0.0,0.0,3.643,True,,10.1016/0278-6915(96)00030-0,"Wester, 1996",,1996,,wester_1996,-6.894,,,True,,1,1,1,0
merged,merged,merged_451,Thioglycolic acid,68-11-1,C(C(=O)O)S,O=C(O)CS,,,-5.216,,cm/s,logKp,"publication ID=80; Kp relation==; Kp (cm/h)=0.0233729520104412; Kp (cm/h) (processed)=0.023373; steady state flux Jss relation==; steady state flux Jss (original)=13341.7434173857; steady state flux Jss unit (original)=µg/cm2/h; steady state flux Jss (converted) (ug/cm2/h)=13342; tlag (h) (original)=2.82350888937143; tlag (h) (processed)=2.82; skin donor type=Cadaver; skin source site=back, thigh; skin preparation=dermatomed; used layer=epidermis, dermis; storage duration (days)=<180; storage temperature (°C)=-20; donor type=Dulbecco phosphate buffered saline with calcium and magnesium with sodium azide at 0.5 mg per mL; category donor type=PBS based formulations; donor/skin surface temperature (°C)=32; acceptor type=Dulbecco's phosphate buffered saline with calcium and magnesium + 2% BSA; category acceptor type=PBS based formulations; acceptor pH=7.4; cell type=other type of diffusion cell; author=Ellison,CA; date=2020; doi=10.1016/j.tiv.2020.104990; notes=occlusion using Bandit® brand packing tape, the authors declare infinite dose conditions, recovery: 90%, data (Jss, Tlag, Kp, recovery) in Supplemental Table3",True,merged,True,False,False,1,skinpix,,,pooled_median_all_rows,1,skinpix,"{""skinpix"": [""173"", ""174""]}","{""skinpix"": [-5.188, -5.245]}","[-5.188, -5.245]","{""skinpix"": 2}",[],0.057,0.029,3.643,True,,10.1016/j.tiv.2020.104990,,"Ellison,CA",2020,80,ellison_2020,-5.216,,,True,,2,2,2,0
merged,merged,merged_452,4-Hydroxyphenylacetic acid,,OC(=O)Cc1ccc(cc1)O,O=C(O)Cc1ccc(O)cc1,,,-6.158,,cm/s,logKp,"skin donor type=Abdominoplasty; skin source site=abdomen; used layer=stratum corneum; skin preparation=trypsinisation; neat=0; donor pH=4; donor type=Succinate solution; cell type=Flow through cell; reference=Anderson, 1989; DOI=10.1111/1523-1747.ep12277592",True,merged,False,False,False,1,huskin,,,pooled_median_all_rows,1,huskin,"{""huskin"": [""huskin_row_133""]}","{""huskin"": [-6.158]}",[-6.158],"{""huskin"": 1}",[],0.0,0.0,3.643,True,,10.1111/1523-1747.ep12277592,"Anderson, 1989",,1989,,anderson_1989,-6.158,,,True,,1,1,1,0
merged,merged,merged_453,Diclofenac,,OC(=O)Cc1ccccc1Nc1c(Cl)cccc1Cl,O=C(O)Cc1ccccc1Nc1c(Cl)cccc1Cl,,,-5.926,,cm/s,logKp,"skin donor type=Abdominoplasty; skin source site=abdomen; used layer=epidermis, dermis; neat=0; donor type=Water; acceptor temperature (°C)=37; acceptor pH=7.4; acceptor type=PBS; cell type=Franz cell; reference=Degim, 1998; DOI=10.1016/S0378-5173(98)00113-6",True,merged,False,True,False,2,huskin|zeng,,,pooled_median_all_rows,2,huskin|zeng,"{""huskin"": [""huskin_row_230""], ""zeng"": [""31""]}","{""huskin"": [-6.556], ""zeng"": [-5.296302500767287]}","[-6.556, -5.296302500767287]","{""huskin"": 1, ""zeng"": 1}",[],1.26,0.63,3.643,True,,10.1016/S0378-5173(98)00113-6,"Degim, 1998",,1998,,degim_1998,-5.926,,,True,,3,3,2,1
merged,merged,merged_454,Benzoic acid,65-85-0,C1=CC=C(C=C1)C(=O)O,O=C(O)c1ccccc1,,,-5.146,,cm/s,logKp,set=t*; MWa=122.1; logKowb=1.9; Mptc=395; LogSaqd=-4.3872161432802645; LogSoce=-2.487216143280264; Hdf=1; Hag=2; MVh=99.9; Texpi=308; Skin thicknessj=0.01; logJmaxm=-5.9; Reference=(Parry et al. 1990); Resolved through PubChem exact CAS synonym match.,True,merged,True,True,False,4,cheruvu|huskin|skinpix|zeng,,,pooled_median_all_rows,4,cheruvu|huskin|skinpix|zeng,"{""cheruvu"": [""2"", ""3""], ""huskin"": [""huskin_row_159"", ""huskin_row_160""], ""skinpix"": [""37"", ""38"", ""39"", ""40""], ""zeng"": [""105""]}","{""cheruvu"": [-5.064940806933015, -5.064940806933015], ""huskin"": [-5.675, -5.156], ""skinpix"": [-6.038, -5.933, -5.023, -4.981], ""zeng"": [-5.146302500767288]}","[-5.675, -5.156, -6.038, -5.933, -5.023, -4.981, -5.146302500767288, -5.064940806933015, -5.064940806933015]","{""cheruvu"": 2, ""huskin"": 2, ""skinpix"": 4, ""zeng"": 1}",[],1.057,0.395,3.643,True,,,(Parry et al. 1990),,1990,,parry_1990,-5.146,,,True,,10,10,9,1
merged,merged,merged_455,Flufenamic acid,,OC(=O)c1ccccc1Nc1cccc(c1)C(F)(F)F,O=C(O)c1ccccc1Nc1cccc(C(F)(F)F)c1,,,-6.152,,cm/s,logKp,"skin donor type=Abdominoplasty; skin source site=abdomen; used layer=epidermis; skin preparation=heat separation; storage temperature (°C)=-26; storage duration (days)=180; neat=0; donor/skin surface temperature (°C)=32; donor pH=7.4; donor type=Sorensen buffer; acceptor temperature (°C)=32; acceptor pH=7.4; acceptor type=PBS; cell type=Franz cell; reference=Henning, 2008; DOI=10.1159/000112958",True,merged,True,False,False,1,huskin,,,pooled_median_all_rows,1,huskin,"{""huskin"": [""huskin_row_301"", ""huskin_row_302"", ""huskin_row_303"", ""huskin_row_304""]}","{""huskin"": [-6.194, -6.201, -6.094, -6.111]}","[-6.194, -6.201, -6.094, -6.111]","{""huskin"": 4}",[],0.107,0.048,3.643,True,,10.1159/000112958,"Henning, 2008",,2008,,henning_2008,-6.152,,,True,,4,4,4,0
merged,merged,merged_456,Salicylic acid,69-72-7,C1=CC=C(C(=C1)C(=O)O)O,O=C(O)c1ccccc1O,,,-5.758,,cm/s,logKp,set=t; MWa=138.1; logKowb=2.06; Mptc=432; LogSaqd=-4.609400437468482; LogSoce=-2.5494004374684818; Hdf=2; Hag=3; MVh=90.9; Texpi=310; Skin thicknessj=0.1; logJmaxm=-5.956187923693139; Reference=(Smith and Irwin 2000); Resolved through PubChem exact CAS synonym match.,True,merged,True,True,False,3,cheruvu|huskin|zeng,,,pooled_median_all_rows,3,cheruvu|huskin|zeng,"{""cheruvu"": [""139""], ""huskin"": [""huskin_row_482"", ""huskin_row_483"", ""huskin_row_484"", ""huskin_row_485"", ""huskin_row_486"", ""huskin_row_487""], ""zeng"": [""273""]}","{""cheruvu"": [-4.903089986991944], ""huskin"": [-6.588, -5.416, -5.76, -7.556, -5.136, -6.216], ""zeng"": [-5.756302500767287]}","[-6.588, -5.416, -5.76, -7.556, -5.136, -6.216, -5.756302500767287, -4.903089986991944]","{""cheruvu"": 1, ""huskin"": 6, ""zeng"": 1}",[],2.653,0.804,3.643,True,,,(Smith and Irwin 2000),,2000,,smith_2000,-5.758,,,True,,10,10,8,2
merged,merged,merged_457,salicylate,63-36-5,C1=CC=C(C(=C1)C(=O)O)[O-],O=C(O)c1ccccc1[O-],,,-7.533,,cm/s,logKp,set=t; MWa=137.11; logKowb=2.06; Mptc=432; LogSaqd=-2.0388382055450966; LogSoce=0.021161794454903734; Hdf=1; Hag=3; MVh=90.9; Texpi=305; Skin thicknessj=0.1; Skin Integrity testk=tritiated water permeation; logJmaxm=-6.262427616737754; Reference=(Hirvonen et al. 1998); Resolved through PubChem exact CAS synonym match.,True,merged,True,False,False,1,cheruvu,,,pooled_median_all_rows,1,cheruvu,"{""cheruvu"": [""371"", ""373"", ""375""]}","{""cheruvu"": [-7.779891911959945, -7.2564902352715706, -7.53313237964589]}","[-7.779891911959945, -7.2564902352715706, -7.53313237964589]","{""cheruvu"": 3}",[],0.523,0.214,3.643,True,,,(Hirvonen et al. 1998),,1998,,hirvonen_1998,-7.533,,,True,,3,3,3,0
merged,merged,merged_458,Isonicotinic acid,,OC(=O)c1ccncc1,O=C(O)c1ccncc1,,,-8.173,,cm/s,logKp,"skin donor type=Abdominoplasty or mammaplasty; skin source site=abdomen, breast; used layer=epidermis; skin preparation=heat separation; storage temperature (°C)=4; neat=0; donor/skin surface temperature (°C)=37; donor pH=7.4; acceptor temperature (°C)=37; acceptor type=PBS; cell type=Franz cell; flux=Jss= 0.5 ug/(cm^2*h); c=20.7mg/m; reference=Dalpozzo, 1991; DOI=10.1002/jps.2600800114",True,merged,False,False,False,1,huskin,,,pooled_median_all_rows,1,huskin,"{""huskin"": [""huskin_row_346""]}","{""huskin"": [-8.173]}",[-8.173],"{""huskin"": 1}",[],0.0,0.0,3.643,True,,10.1002/jps.2600800114,"Dalpozzo, 1991",,1991,,dalpozzo_1991,-8.173,,,True,,1,1,1,0
merged,merged,merged_459,Triglycol nicotinate,,OCCOCCOCCOC(=O)c1cccnc1,O=C(OCCOCCOCCO)c1cccnc1,,,-8.561,,cm/s,logKp,"skin donor type=Abdominoplasty or mammaplasty; skin source site=abdomen, breast; used layer=epidermis; skin preparation=heat separation; storage temperature (°C)=4; neat=0; donor/skin surface temperature (°C)=37; donor pH=7.4; acceptor temperature (°C)=37; acceptor type=PBS; cell type=Franz cell; flux=Jss= 0.99 ug/(cm^2*h); c=100mg/m; reference=Dalpozzo, 1991; DOI=10.1002/jps.2600800114",True,merged,False,False,False,1,huskin,,,pooled_median_all_rows,1,huskin,"{""huskin"": [""huskin_row_534""]}","{""huskin"": [-8.561]}",[-8.561],"{""huskin"": 1}",[],0.0,0.0,3.643,True,,10.1002/jps.2600800114,"Dalpozzo, 1991",,1991,,dalpozzo_1991,-8.561,,,True,,1,1,1,0
merged,merged,merged_460,Benzyl nicotinate,,O=C(c1cccnc1)OCc1ccccc1,O=C(OCc1ccccc1)c1cccnc1,,,-5.352,,cm/s,logKp,"skin donor type=Abdominoplasty or mammaplasty; skin source site=abdomen, breast; used layer=epidermis; skin preparation=heat separation; storage temperature (°C)=4; neat=0; donor/skin surface temperature (°C)=37; donor pH=7.4; acceptor temperature (°C)=37; acceptor type=PBS; cell type=Franz cell; flux=Jss= 13.9 ug/(cm^2*h); c=0.86mg/ml; reference=Dalpozzo, 1991; DOI=10.1002/jps.2600800114",True,merged,False,True,False,2,huskin|zeng,,,pooled_median_all_rows,2,huskin|zeng,"{""huskin"": [""huskin_row_161""], ""zeng"": [""181""]}","{""huskin"": [-5.348], ""zeng"": [-5.3563025007672875]}","[-5.348, -5.3563025007672875]","{""huskin"": 1, ""zeng"": 1}",[],0.008,0.004,3.643,True,,10.1002/jps.2600800114,"Dalpozzo, 1991",,1991,,dalpozzo_1991,-5.352,,,True,,3,3,2,1
merged,merged,merged_461,Ketorolac,,OC(=O)C1CCn2c1ccc2C(=O)c1ccccc1,O=C(c1ccccc1)c1ccc2n1CCC2C(=O)O,,,-5.799,,cm/s,logKp,"skin donor type=Cadaver; used layer=epidermis, dermis; neat=0; donor/skin surface temperature (°C)=32; donor pH=7.4; acceptor temperature (°C)=32; acceptor pH=7.4; acceptor type=PBS with gentamycine; cell type=Franz cell; flux=Jss= 0.8±0.4 ug/(cm^2*h); c=0.14mg/ml; reference=Roy, 1995; DOI=10.1002/jps.2600841010",True,merged,False,False,False,1,huskin,,,pooled_median_all_rows,1,huskin,"{""huskin"": [""huskin_row_352""]}","{""huskin"": [-5.799]}",[-5.799],"{""huskin"": 1}",[],0.0,0.0,3.643,True,,10.1002/jps.2600841010,"Roy, 1995",,1995,,roy_1995,-5.799,,,True,,1,1,1,0
merged,merged,merged_462,Benzophenone,119-61-9,C1=CC=C(C=C1)C(=O)C2=CC=CC=C2,O=C(c1ccccc1)c1ccccc1,,,-4.132,,cm/s,logKp,set=t; MWa=182.218; logKowb=3.18; Mptc=323; LogSaqd=-6.05042490084487; LogSoce=-2.8704249008448697; Hdf=0; Hag=1; MVh=167.5; Texpi=305; Skin thicknessj=0.128; Skin Integrity testk=transepidermal electrical resistance; Skin Selection criteria=>4.26 kΩ; logJmaxm=-7.188646499131085; Reference=(Ellison et al. 2020); Resolved through PubChem exact CAS synonym match.,True,merged,True,True,False,2,cheruvu|skinpix,,,pooled_median_all_rows,2,cheruvu|skinpix,"{""cheruvu"": [""419"", ""420""], ""skinpix"": [""41"", ""42""]}","{""cheruvu"": [-4.694524099053503, -4.805508633964745], ""skinpix"": [-3.3, -3.569]}","[-3.3, -3.569, -4.694524099053503, -4.805508633964745]","{""cheruvu"": 2, ""skinpix"": 2}",[],1.506,0.666,3.643,True,,,(Ellison et al. 2020),,2020,,ellison_2020,-4.132,,,True,,4,4,4,0
merged,merged,merged_463,trans-Cinnamaldehyde,14371-10-9,C1=CC=C(C=C1)/C=C/C=O,O=C/C=C/c1ccccc1,,,-5.092,,cm/s,logKp,set=t; MWa=132.16; logKowb=2.123; Mptc=265; LogSaqd=-4.908554289290027; LogSoce=-2.7855542892900265; Hdf=0; Hag=1; MVh=127.7; Texpi=305; Skin thicknessj=0.075; Skin Integrity testk=transepidermal electrical resistance; Skin Selection criteria=>4.26 kΩ; logJmaxm=-6.461633001838787; Reference=(Ellison et al. 2020); Resolved through PubChem exact CAS synonym match.,True,merged,True,True,False,2,cheruvu|skinpix,,,pooled_median_all_rows,2,cheruvu|skinpix,"{""cheruvu"": [""458""], ""skinpix"": [""196"", ""197""]}","{""cheruvu"": [-5.1093812133160466], ""skinpix"": [-5.092, -4.941]}","[-5.092, -4.941, -5.1093812133160466]","{""cheruvu"": 1, ""skinpix"": 2}",[],0.168,0.076,3.643,True,,,(Ellison et al. 2020),,2020,,ellison_2020,-5.092,,,True,,4,4,3,1
merged,merged,merged_464,cyclohexanone,,O=C1CCCCC1,O=C1CCCCC1,,,-6.296,,cm/s,logKp,cos2[(4.31+AlogP)/8.66]=0.65; Neoplastic-80=0; X3v=2.099; log(Kp)/SVM=-2.5; log(Kp)/MLR=-2.52,True,merged,False,False,False,1,zeng,,,pooled_median_all_rows,1,zeng,"{""zeng"": [""190""]}","{""zeng"": [-6.296302500767288]}",[-6.296302500767288],"{""zeng"": 1}",[],0.0,0.0,3.643,True,,,,,,,,-6.296,deeppk|zeng,,True,,2,2,1,1
merged,merged,merged_465,Naltrexone,16590-41-3,C1CC1CN2CC[C@]34[C@@H]5C(=O)CC[C@]3([C@H]2CC6=C4C(=C(C=C6)O)O5)O,O=C1CC[C@@]2(O)[C@H]3Cc4ccc(O)c5c4[C@@]2(CCN3CC2CC2)[C@H]1O5,,,-6.223,,cm/s,logKp,set=t; MWa=341.4; logKowb=1.92; Mptc=442; LogSaqd=-5.539622692604534; LogSoce=-3.619622692604534; Hdf=2; Hag=5; MVh=230.9; Texpi=310; Skin thicknessj=0.1; Skin Integrity testk=transepidermal electrical resistance; Skin Selection criteria=>20 kΩ; logJmaxm=-8.206063472113632; Reference=(Krishnan et al. 2010); Resolved through PubChem exact CAS synonym match.,True,merged,False,False,False,1,cheruvu,,,pooled_median_all_rows,1,cheruvu,"{""cheruvu"": [""255""]}","{""cheruvu"": [-6.2227432802763865]}",[-6.2227432802763865],"{""cheruvu"": 1}",[],0.0,0.0,3.643,True,,,(Krishnan et al. 2010),,2010,,krishnan_2010,-6.223,,,True,,1,1,1,0
merged,merged,merged_466,4-Bromophenyl isocyanate,2493-02-9,C1=CC(=CC=C1N=C=O)Br,O=C=Nc1ccc(Br)cc1,,,-5.397,,cm/s,logKp,set=t; MWa=198.02; logKowb=3.48; Mptc=316; LogSaqd=-5.622794962086061; LogSoce=-2.142794962086061; Hdf=0; Hag=2; MVh=131.1; Texpi=305; Skin thicknessj=0.075; Skin Integrity testk=transepidermal electrical resistance; Skin Selection criteria=>4.26 kΩ; logJmaxm=-7.463800561111572; Reference=(Ellison et al. 2020); Resolved through PubChem exact CAS synonym match.,True,merged,True,True,False,2,cheruvu|skinpix,,,pooled_median_all_rows,2,cheruvu|skinpix,"{""cheruvu"": [""410""], ""skinpix"": [""15"", ""16""]}","{""cheruvu"": [-5.397308099792799], ""skinpix"": [-5.601, -5.308]}","[-5.601, -5.308, -5.397308099792799]","{""cheruvu"": 1, ""skinpix"": 2}",[],0.293,0.123,3.643,True,,,(Ellison et al. 2020),,2020,,ellison_2020,-5.397,,,True,,4,4,3,1
merged,merged,merged_467,formic acid,,O=CO,O=CO,,,-7.076,,cm/s,logKp,cos2[(4.31+AlogP)/8.66]=0.799; Neoplastic-80=0; X3v=0.105; log(Kp)/SVM=-3.3; log(Kp)/MLR=-3.15,True,merged,False,False,False,1,zeng,,,pooled_median_all_rows,1,zeng,"{""zeng"": [""204""]}","{""zeng"": [-7.076302500767287]}",[-7.076302500767287],"{""zeng"": 1}",[],0.0,0.0,3.643,True,,,,,,,,-7.076,deeppk|zeng,,True,,2,2,1,1
merged,merged,merged_468,,,O=NN(CCO)CCO,O=NN(CCO)CCO,,,-7.36,,cm/s,logKp,group=training,True,merged,False,True,False,2,deeppk|huskin,,,pooled_median_all_rows,2,huskin|zeng_deeppk,"{""deeppk"": [""deeppk_skin_permeability_train_row_126""], ""huskin"": [""huskin_row_420""]}","{""deeppk"": [-8.776302500767287], ""huskin"": [-5.944]}","[-5.944, -8.776302500767287]","{""deeppk"": 1, ""huskin"": 1}",[],2.832,1.416,3.643,True,,,,,,,,-7.36,,,True,,2,2,2,0
merged,merged,merged_469,Bisphenol S,80-09-1,C1=CC(=CC=C1O)S(=O)(=O)C2=CC=C(C=C2)O,O=S(=O)(c1ccc(O)cc1)c1ccc(O)cc1,,,-9.141,,cm/s,logKp,"publication ID=5; Kp relation==; Kp (cm/h)=6.47E-07; Kp (cm/h) (processed)=0.00000064700; steady state flux Jss relation==; steady state flux Jss (original)=0.0003 ± 0.0000; steady state flux Jss unit (original)=µg/cm2/h; steady state flux Jss (converted) (ug/cm2/h)=0.0003; steady state flux Jss error (converted) (ug/cm2/h)=0; tlag (h) (original)=-0.9 ± 2.4; tlag (h) (processed)=-0.9; tlag error (h) (processed)=2.4; skin donor type=Surgery; skin source site=abdomen; skin preparation=dermatomed; used layer=epidermis, dermis; storage duration (days)=0; storage temperature (°C)=used fresh; donor type=Acetone; category donor type=Acetone; donor/skin surface temperature (°C)=32; acceptor type=RPMI 1640 with gentamycine, penicillin, streptomycin and 2% BSA; category acceptor type=Cell culture media; acceptor pH=7.2; acceptor temperature (°C)=32.5; cell type=static Franz cell; author=Champmartin,C; date=2020; doi=10.1016/j.chemosphere.2020.126525; notes=the authors declare infinite dose conditions, recovery: 98%",True,merged,True,False,False,1,skinpix,,,pooled_median_all_rows,1,skinpix,"{""skinpix"": [""49"", ""50"", ""51""]}","{""skinpix"": [-9.745, -9.141, -8.131]}","[-9.745, -9.141, -8.131]","{""skinpix"": 3}",[],1.614,0.666,3.643,True,,10.1016/j.chemosphere.2020.126525,,"Champmartin,C",2020,5,champmartin_2020,-9.141,,,True,,3,3,3,0
merged,merged,merged_470,Nitroglycerin,,[O-][N+](=O)OC(CO[N+](=O)[O-])CO[N+](=O)[O-],O=[N+]([O-])OCC(CO[N+](=O)[O-])O[N+](=O)[O-],,,-5.556,,cm/s,logKp,"skin donor type=Cadaver; skin source site=thigh; used layer=epidermis, dermis; storage temperature (°C)=4; storage duration (days)=14; neat=0; donor/skin surface temperature (°C)=30; acceptor temperature (°C)=30; acceptor pH=6.5; acceptor type=Ringer solution; cell type=Glass diffusion cell; flux=Jss_max= 13 (10-25) ug/(cm^2*h); c= 1.3mg/ml; notes=maximum flux value used for kp calculation; reference=Michaels A. S., 1975; DOI=10.1002/aic.690210522",True,merged,False,False,False,1,huskin,,,pooled_median_all_rows,1,huskin,"{""huskin"": [""huskin_row_433""]}","{""huskin"": [-5.556]}",[-5.556],"{""huskin"": 1}",[],0.0,0.0,3.643,True,,10.1002/aic.690210522,"Michaels A. S., 1975",,1975,,michaels_1975,-5.556,,,True,,1,1,1,0
merged,merged,merged_471,,,O=[N+]([O-])OCC(O)CO,O=[N+]([O-])OCC(O)CO,,,-5.516,,cm/s,logKp,group=training,True,merged,False,False,False,1,deeppk,,,pooled_median_all_rows,1,zeng_deeppk,"{""deeppk"": [""deeppk_skin_permeability_train_row_76""]}","{""deeppk"": [-5.516302500767287]}",[-5.516302500767287],"{""deeppk"": 1}",[],0.0,0.0,3.643,True,,,,,,,,-5.516,,,True,,1,1,1,0
merged,merged,merged_472,Isosorbide 5-mononitrate,16051-77-7,C1[C@@H]([C@@H]2[C@H](O1)[C@@H](CO2)O[N+](=O)[O-])O,O=[N+]([O-])O[C@@H]1CO[C@H]2[C@@H]1OC[C@@H]2O,,,-6.959,,cm/s,logKp,"publication ID=233; Kp relation==; Kp (cm/h)=3.96E-04 ± 3.60E-05; Kp (cm/h) (processed)=0.000396; Kp error (cm/h) (processed)=0.000036; skin donor type=Surgery; skin source site=abdomen; used layer=epidermis, dermis; donor type=PBS; category donor type=PBS based formulations; donor pH=7.4; acceptor type=PBS; category acceptor type=PBS based formulations; acceptor pH=7.4; acceptor temperature (°C)=32; cell type=static Franz cell; author=Uchida,T; date=2015; doi=10.1016/j.ejps.2014.11.002; notes=1 skin donor, 3 samples,  Kp given in (cm/s) calculated in cm/h by multiplying by 3600.  A saturated solution is applied but Cv is not known.",True,merged,False,False,False,1,skinpix,,,pooled_median_all_rows,1,skinpix,"{""skinpix"": [""118""]}","{""skinpix"": [-6.959]}",[-6.959],"{""skinpix"": 1}",[],0.0,0.0,3.643,True,,10.1016/j.ejps.2014.11.002,,"Uchida,T",2015,233,uchida_2015,-6.959,,,True,,1,1,1,0
merged,merged,merged_473,Isosorbide dinitrate,87-33-2,C1[C@H]([C@@H]2[C@H](O1)[C@H](CO2)O[N+](=O)[O-])O[N+](=O)[O-],O=[N+]([O-])O[C@H]1CO[C@H]2[C@@H]1OC[C@H]2O[N+](=O)[O-],,,-5.503,,cm/s,logKp,"publication ID=233; Kp relation==; Kp (cm/h)=0.011304 ± 6.12E-04; Kp (cm/h) (processed)=0.011304; Kp error (cm/h) (processed)=0.000612; skin donor type=Surgery; skin source site=abdomen; used layer=epidermis, dermis; donor type=PBS; category donor type=PBS based formulations; donor pH=7.4; acceptor type=PBS; category acceptor type=PBS based formulations; acceptor pH=7.4; acceptor temperature (°C)=32; cell type=static Franz cell; author=Uchida,T; date=2015; doi=10.1016/j.ejps.2014.11.002; notes=1 skin donor, 3 samples,  Kp given in (cm/s) calculated in cm/h by multiplying by 3600.  A saturated solution is applied but Cv is not known.",True,merged,False,False,False,1,skinpix,,,pooled_median_all_rows,1,skinpix,"{""skinpix"": [""119""]}","{""skinpix"": [-5.503]}",[-5.503],"{""skinpix"": 1}",[],0.0,0.0,3.643,True,,10.1016/j.ejps.2014.11.002,,"Uchida,T",2015,233,uchida_2015,-5.503,,,True,,1,1,1,0
merged,merged,merged_474,"2,4-Dinitrochlorobenzene",97-00-7,C1=CC(=C(C=C1[N+](=O)[O-])[N+](=O)[O-])Cl,O=[N+]([O-])c1ccc(Cl)c([N+](=O)[O-])c1,,,-5.102,,cm/s,logKp,set=t; MWa=202.55; logKowb=2.05; Mptc=323; LogSaqd=-6.329996452958074; LogSoce=-4.279996452958074; Hdf=0; Hag=6; MVh=146; Texpi=305; Skin thicknessj=0.075; Skin Integrity testk=transepidermal electrical resistance; Skin Selection criteria=>4.26 kΩ; logJmaxm=-7.905004929925107; Reference=(Ellison et al. 2020); Resolved through PubChem exact CAS synonym match.,True,merged,True,True,False,2,cheruvu|skinpix,,,pooled_median_all_rows,2,cheruvu|skinpix,"{""cheruvu"": [""438""], ""skinpix"": [""1"", ""2""]}","{""cheruvu"": [-5.13131097773432], ""skinpix"": [-5.102, -5.056]}","[-5.102, -5.056, -5.13131097773432]","{""cheruvu"": 1, ""skinpix"": 2}",[],0.075,0.031,3.643,True,,,(Ellison et al. 2020),,2020,,ellison_2020,-5.102,,,True,,4,4,3,1
merged,merged,merged_475,1-chloro-4-nitrobenzene,,O=[N+](C1=CC=C(Cl)C=C1)[O-],O=[N+]([O-])c1ccc(Cl)cc1,,,-5.536,,cm/s,logKp,cos2[(4.31+AlogP)/8.66]=0.512; Neoplastic-80=0; X3v=1.289; log(Kp)/SVM=-1.45; log(Kp)/MLR=-1.48,True,merged,False,False,False,1,zeng,,,pooled_median_all_rows,1,zeng,"{""zeng"": [""74""]}","{""zeng"": [-5.536302500767287]}",[-5.536302500767287],"{""zeng"": 1}",[],0.0,0.0,3.643,True,,,,,,,,-5.536,,,True,,1,1,1,0
merged,merged,merged_476,p-Nitrophenol; 4-nitrophenol,100-02-7,C1=CC(=CC=C1[N+](=O)[O-])O,O=[N+]([O-])c1ccc(O)cc1,,,-5.806,,cm/s,logKp,set=t; MWa=139.1; logKowb=1.91; Mptc=387; LogSaqd=-4; LogSoce=-2.09; Hdf=1; Hag=4; MVh=94.4; Texpi=298; Skin thicknessj=0.1; Skin Integrity testk=Repeating the permeation experiment; Skin Selection criteria=Flux comparison; logJmaxm=-6.25; Reference=(Roberts et al. 1977); Resolved through PubChem exact CAS synonym match.,True,merged,False,True,False,3,cheruvu|huskin|zeng,,,pooled_median_all_rows,3,cheruvu|huskin|zeng,"{""cheruvu"": [""54""], ""huskin"": [""huskin_row_454""], ""zeng"": [""172""]}","{""cheruvu"": [-5.806302500767288], ""huskin"": [-5.81], ""zeng"": [-5.726302500767288]}","[-5.81, -5.726302500767288, -5.806302500767288]","{""cheruvu"": 1, ""huskin"": 1, ""zeng"": 1}",[],0.084,0.039,3.643,True,,,(Roberts et al. 1977),,1977,,roberts_1977,-5.806,cheruvu|deeppk,,True,,4,4,3,1
merged,merged,merged_477,p-dinitrobenzene,,O=[N+](C1=CC=C([N+]([O-])=O)C=C1)[O-],O=[N+]([O-])c1ccc([N+](=O)[O-])cc1,,,-6.266,,cm/s,logKp,cos2[(4.31+AlogP)/8.66]=0.6; Neoplastic-80=0; X3v=2.031; log(Kp)/SVM=-2.14; log(Kp)/MLR=-2.18,True,merged,False,False,False,1,zeng,,,pooled_median_all_rows,1,zeng,"{""zeng"": [""230""]}","{""zeng"": [-6.266302500767287]}",[-6.266302500767287],"{""zeng"": 1}",[],0.0,0.0,3.643,True,,,,,,,,-6.266,,,True,,1,1,1,0
merged,merged,merged_478,m-Nitrophenol,,Oc1cccc(c1)[N+](=O)[O-],O=[N+]([O-])c1cccc(O)c1,,,-5.806,,cm/s,logKp,"skin donor type=Cadaver; skin source site=abdomen; used layer=epidermis; skin preparation=exposure to ammonia fumes; neat=0; donor/skin surface temperature (°C)=25; acceptor temperature (°C)=25; cell type=Pyrex cell; reference=Roberts, 1977; DOI=10.1111/j.2042-7158.1977.tb11434.x",True,merged,False,True,False,2,huskin|zeng,,,pooled_median_all_rows,2,huskin|zeng,"{""huskin"": [""huskin_row_371""], ""zeng"": [""164""]}","{""huskin"": [-5.805], ""zeng"": [-5.806302500767288]}","[-5.805, -5.806302500767288]","{""huskin"": 1, ""zeng"": 1}",[],0.001,0.001,3.643,True,,10.1111/j.2042-7158.1977.tb11434.x,"Roberts, 1977",,1977,,roberts_1977,-5.806,cheruvu|huskin,,True,,4,4,2,2
merged,merged,merged_479,m-dinitrobenzene,,O=[N+](C1=CC([N+]([O-])=O)=CC=C1)[O-],O=[N+]([O-])c1cccc([N+](=O)[O-])c1,,,-6.246,,cm/s,logKp,cos2[(4.31+AlogP)/8.66]=0.6; Neoplastic-80=0; X3v=2.034; log(Kp)/SVM=-2.14; log(Kp)/MLR=-2.18,True,merged,False,False,False,1,zeng,,,pooled_median_all_rows,1,zeng,"{""zeng"": [""212""]}","{""zeng"": [-6.246302500767287]}",[-6.246302500767287],"{""zeng"": 1}",[],0.0,0.0,3.643,True,,,,,,,,-6.246,,,True,,1,1,1,0
merged,merged,merged_480,Nitrobenzene,98-95-3,C1=CC=C(C=C1)[N+](=O)[O-],O=[N+]([O-])c1ccccc1,,,-4.826,,cm/s,logKp,"publication ID=80; Kp relation==; Kp (cm/h)=0.0507842796991265; Kp (cm/h) (processed)=0.050784; steady state flux Jss relation==; steady state flux Jss (original)=0.685688463651852; steady state flux Jss unit (original)=µg/cm2/h; steady state flux Jss (converted) (ug/cm2/h)=0.68569; tlag (h) (original)=4.82594459989259; tlag (h) (processed)=4.83; skin donor type=Cadaver; skin source site=back, thigh; skin preparation=dermatomed; used layer=epidermis, dermis; storage duration (days)=<180; storage temperature (°C)=-20; donor type=Dulbecco phosphate buffered saline with calcium and magnesium with sodium azide at 0.5 mg per mL; category donor type=PBS based formulations; donor/skin surface temperature (°C)=32; acceptor type=Dulbecco's phosphate buffered saline with calcium and magnesium + 2% BSA; category acceptor type=PBS based formulations; acceptor pH=7.4; cell type=other type of diffusion cell; author=Ellison,CA; date=2020; doi=10.1016/j.tiv.2020.104990; notes=occlusion using Bandit® brand packing tape, the authors declare infinite dose conditions, recovery: 74%, data (Jss, Tlag, Kp, recovery) in Supplemental Table3",True,merged,True,False,False,1,skinpix,,,pooled_median_all_rows,1,skinpix,"{""skinpix"": [""140"", ""141""]}","{""skinpix"": [-4.851, -4.8]}","[-4.851, -4.8]","{""skinpix"": 2}",[],0.051,0.026,3.643,True,,10.1016/j.tiv.2020.104990,,"Ellison,CA",2020,80,ellison_2020,-4.825,,,True,,2,2,2,0
merged,merged,merged_481,o-dinitrobenzene,,O=[N+](C1=CC=CC=C1[N+]([O-])=O)[O-],O=[N+]([O-])c1ccccc1[N+](=O)[O-],,,-6.106,,cm/s,logKp,cos2[(4.31+AlogP)/8.66]=0.6; Neoplastic-80=0; X3v=2.003; log(Kp)/SVM=-2.13; log(Kp)/MLR=-2.18,True,merged,False,False,False,1,zeng,,,pooled_median_all_rows,1,zeng,"{""zeng"": [""228""]}","{""zeng"": [-6.106302500767287]}",[-6.106302500767287],"{""zeng"": 1}",[],0.0,0.0,3.643,True,,,,,,,,-6.106,,,True,,1,1,1,0
merged,merged,merged_482,5-Fluorouracil,51-21-8,C1=C(C(=O)NC(=O)N1)F,O=c1[nH]cc(F)c(=O)[nH]1,,,-8.129,,cm/s,logKp,set=t; MWa=130.1; logKowb=-0.78; Mptc=556; LogSaqd=-3.9208187539523753; LogSoce=-4.700818753952375; Hdf=2; Hag=4; MVh=62.8; Texpi=305; Skin thicknessj=0.1; logJmaxm=-8.559090917934782; Reference=(Williams and Barry 1989) (Williams and Barry 1991a); Resolved through PubChem exact CAS synonym match.,True,merged,True,True,False,4,cheruvu|deeppk|huskin|zeng,,,pooled_median_all_rows,4,cheruvu|huskin|zeng|zeng_deeppk,"{""cheruvu"": [""36"", ""99"", ""100"", ""101"", ""102"", ""103"", ""104"", ""105"", ""106"", ""107"", ""108"", ""109"", ""110"", ""111"", ""112"", ""113"", ""114"", ""115"", ""116"", ""117"", ""118"", ""119"", ""120""], ""deeppk"": [""deeppk_skin_permeability_train_row_142""], ""huskin"": [""huskin_row_136"", ""huskin_row_137"", ""huskin_row_138""], ""zeng"": [""256""]}","{""cheruvu"": [-8.022276394711152, -8.027385800489633, -8.194574664749695, -7.9776632907992155, -7.919814604413922, -8.236156214656233, -8.46994267009254, -7.885129658052204, -8.642488648383571, -7.850438788483368, -8.165367393663908, -8.40401415638423, -8.445712790468038, -8.687070781036311, -8.346787486224656, -8.027385800489633, -8.099936467638244, -8.06354211174045, -8.933053210369387, -8.51097952198063, -8.15836249209525, -7.935126218992252, -8.223864040851682], ""deeppk"": [-8.336302500767287], ""huskin"": [-7.297, -7.574, -8.015], ""zeng"": [-6.8163025007672875]}","[-7.297, -7.574, -8.015, -6.8163025007672875, -8.022276394711152, -8.027385800489633, -8.194574664749695, -7.9776632907992155, -7.919814604413922, -8.236156214656233, -8.46994267009254, -7.885129658052204, -8.642488648383571, -7.850438788483368, -8.165367393663908, -8.40401415638423, -8.445712790468038, -8.687070781036311, -8.346787486224656, -8.027385800489633, -8.099936467638244, -8.06354211174045, -8.933053210369387, -8.51097952198063, -8.15836249209525, -7.935126218992252, -8.223864040851682, -8.336302500767287]","{""cheruvu"": 23, ""deeppk"": 1, ""huskin"": 3, ""zeng"": 1}",[],2.117,0.414,3.643,True,,,(Williams and Barry 1989) (Williams and Barry 1991a),,1989,,williams_1989,-8.129,,,True,,28,28,28,0
merged,merged,merged_483,coumarin,,O=C1OC2=C(C=CC=C2)C=C1,O=c1ccc2ccccc2o1,,,-5.596,,cm/s,logKp,cos2[(4.31+AlogP)/8.66]=0.568; Neoplastic-80=0; X3v=2.292; log(Kp)/SVM=-1.88; log(Kp)/MLR=-2.02,True,merged,False,False,False,1,zeng,,,pooled_median_all_rows,1,zeng,"{""zeng"": [""261""]}","{""zeng"": [-5.596302500767287]}",[-5.596302500767287],"{""zeng"": 1}",[],0.0,0.0,3.643,True,,,,,,,,-5.596,deeppk|zeng,,True,,2,2,1,1
merged,merged,merged_484,Boric acid,,OB(O)O,OB(O)O,,,-7.028,,cm/s,logKp,"skin donor type=Cadaver; skin source site=thigh; used layer=epidermis, dermis; skin preparation=dermatomed 500um; storage temperature (°C)=1; storage duration (days)=5; neat=0; donor/skin surface temperature (°C)=32; donor type=Water; acceptor type=PBS; cell type=Flow through cell; reference=Wester, 1998; DOI=10.1006/toxs.1998.2490",True,merged,False,True,False,2,huskin|zeng,,,pooled_median_all_rows,2,huskin|zeng,"{""huskin"": [""huskin_row_171""], ""zeng"": [""184""]}","{""huskin"": [-7.199], ""zeng"": [-6.856302500767287]}","[-7.199, -6.856302500767287]","{""huskin"": 1, ""zeng"": 1}",[],0.343,0.171,3.643,True,,10.1006/toxs.1998.2490,"Wester, 1998",,1998,,wester_1998,-7.028,,,True,,2,2,2,0
merged,merged,merged_485,Chloral hydrate,,OC(C(Cl)(Cl)Cl)O,OC(O)C(Cl)(Cl)Cl,,,-5.965,,cm/s,logKp,"skin donor type=Cadaver; skin source site=torso; used layer=epidermis, dermis; skin preparation=dermatomed 250-280um; storage temperature (°C)=-20; neat=0; donor/skin surface temperature (°C)=37; donor type=Water; acceptor temperature (°C)=37; acceptor pH=7.4; acceptor type=PBS; cell type=Glass diffusion cell; reference=Trabaris, 2012; DOI=10.1002/jat.1657",True,merged,False,False,False,1,huskin,,,pooled_median_all_rows,1,huskin,"{""huskin"": [""huskin_row_198""]}","{""huskin"": [-5.965]}",[-5.965],"{""huskin"": 1}",[],0.0,0.0,3.643,True,,10.1002/jat.1657,"Trabaris, 2012",,2012,,trabaris_2012,-5.965,,,True,,1,1,1,0
merged,merged,merged_486,Cinnamyl alcohol,104-54-1,C1=CC=C(C=C1)/C=C/CO,OC/C=C/c1ccccc1,,,-5.035,,cm/s,logKp,set=t; MWa=134.18; logKowb=1.791; Mptc=304.5; LogSaqd=-4.803176123288123; LogSoce=-3.012176123288123; Hdf=1; Hag=1; MVh=127.9; Texpi=305; Skin thicknessj=0.075; Skin Integrity testk=transepidermal electrical resistance; Skin Selection criteria=>4.26 kΩ; logJmaxm=-6.346475286782354; Reference=(Ellison et al. 2020); Resolved through PubChem exact CAS synonym match.,True,merged,True,True,False,2,cheruvu|skinpix,,,pooled_median_all_rows,2,cheruvu|skinpix,"{""cheruvu"": [""428""], ""skinpix"": [""69"", ""70""]}","{""cheruvu"": [-5.099601664261518], ""skinpix"": [-5.023, -5.035]}","[-5.023, -5.035, -5.099601664261518]","{""cheruvu"": 1, ""skinpix"": 2}",[],0.077,0.034,3.643,True,,,(Ellison et al. 2020),,2020,,ellison_2020,-5.035,,,True,,4,4,3,1
merged,merged,merged_487,cyclohexanol,,OC1CCCCC1,OC1CCCCC1,,,-5.766,,cm/s,logKp,cos2[(4.31+AlogP)/8.66]=0.613; Neoplastic-80=0; X3v=2.292; log(Kp)/SVM=-2.19; log(Kp)/MLR=-2.31,True,merged,False,False,False,1,zeng,,,pooled_median_all_rows,1,zeng,"{""zeng"": [""112""]}","{""zeng"": [-5.766302500767287]}",[-5.766302500767287],"{""zeng"": 1}",[],0.0,0.0,3.643,True,,,,,,,,-5.766,,,True,,1,1,1,0
merged,merged,merged_488,,,OCC(O)C(O)C(O)C(O)CO,OCC(O)C(O)C(O)C(O)CO,,,-8.516,,cm/s,logKp,group=training,True,merged,False,False,False,1,deeppk,,,pooled_median_all_rows,1,zeng_deeppk,"{""deeppk"": [""deeppk_skin_permeability_train_row_86""]}","{""deeppk"": [-8.516302500767287]}",[-8.516302500767287],"{""deeppk"": 1}",[],0.0,0.0,3.643,True,,,,,,,,-8.516,,,True,,1,1,1,0
merged,merged,merged_489,Glycerol,56-81-5,C(C(CO)O)O,OCC(O)CO,,,-7.344,,cm/s,logKp,set=t; MWa=92.1; logKowb=-1.8; Mptc=291.2; LogSaqd=-1.2403116537652052; LogSoce=-3.0403116537652055; Hdf=3; Hag=3; MVh=70.9; Texpi=310; Skin thicknessj=0.1; Skin Integrity testk=tritiated water permeation; Skin Selection criteria=< 1.6 µL/cm2; logJmaxm=-5.808947889606218; Reference=(Intarakumhaeng et al. 2017); Resolved through PubChem exact CAS synonym match.,True,merged,True,False,False,1,cheruvu,,,pooled_median_all_rows,1,cheruvu,"{""cheruvu"": [""274"", ""328""]}","{""cheruvu"": [-8.1249387366083, -6.562249437179612]}","[-8.1249387366083, -6.562249437179612]","{""cheruvu"": 2}",[],1.563,0.781,3.643,True,,,(Intarakumhaeng et al. 2017),,2017,,intarakumhaeng_2017,-7.344,,,True,,2,2,2,0
merged,merged,merged_490,6-phenylhexanol,,OCCCCCCC1=CC=CC=C1,OCCCCCCc1ccccc1,,,-4.556,,cm/s,logKp,cos2[(4.31+AlogP)/8.66]=0.399; Neoplastic-80=0; X3v=3.373; log(Kp)/SVM=-1.12; log(Kp)/MLR=-1.1,True,merged,False,False,False,1,zeng,,,pooled_median_all_rows,1,zeng,"{""zeng"": [""24""]}","{""zeng"": [-4.556302500767288]}",[-4.556302500767288],"{""zeng"": 1}",[],0.0,0.0,3.643,True,,,,,,,,-4.556,,,True,,1,1,1,0
merged,merged,merged_491,5-phenylpentanol,10521-91-2,C1=CC=C(C=C1)CCCCCO,OCCCCCc1ccccc1,,,-4.503,,cm/s,logKp,set=t*; MWa=164.24; logKowb=2.89; Mptc=310.95; LogSaqd=-5.344408145578639; LogSoce=-2.454408145578639; Hdf=1; Hag=1; MVh=169.3; Texpi=310; Skin thicknessj=0.1; Skin Integrity testk=0.5% w/w phenol red solution; logJmaxm=-6.2913297020952195; Reference=(Copovi et al. 2006); Resolved through PubChem exact CAS synonym match.,True,merged,False,False,False,1,cheruvu,,,pooled_median_all_rows,1,cheruvu,"{""cheruvu"": [""266""]}","{""cheruvu"": [-4.503224057283868]}",[-4.503224057283868],"{""cheruvu"": 1}",[],0.0,0.0,3.643,True,,,(Copovi et al. 2006),,2006,,copovi_2006,-4.503,,,True,,1,1,1,0
merged,merged,merged_492,4-phenylbutanol,3360-41-6,C1=CC=C(C=C1)CCCCO,OCCCCc1ccccc1,,,-4.687,,cm/s,logKp,set=t*; MWa=150.22; logKowb=2.33; Mptc=300.5; LogSaqd=-4.679283364976197; LogSoce=-2.3492833649761957; Hdf=1; Hag=1; MVh=152.8; Texpi=310; Skin thicknessj=0.1; Skin Integrity testk=0.5% w/w phenol red solution; logJmaxm=-5.760205272600122; Reference=(Copovi et al. 2006); Resolved through PubChem exact CAS synonym match.,True,merged,False,True,False,2,cheruvu|zeng,,,pooled_median_all_rows,2,cheruvu|zeng,"{""cheruvu"": [""265""], ""zeng"": [""104""]}","{""cheruvu"": [-4.637224408391213], ""zeng"": [-4.736302500767287]}","[-4.736302500767287, -4.637224408391213]","{""cheruvu"": 1, ""zeng"": 1}",[],0.099,0.05,3.643,True,,,(Copovi et al. 2006),,2006,,copovi_2006,-4.687,,,True,,2,2,2,0
merged,merged,merged_493,3-phenylpropanol,,OCCCC1=CC=CC=C1,OCCCc1ccccc1,,,-4.836,,cm/s,logKp,cos2[(4.31+AlogP)/8.66]=0.557; Neoplastic-80=0; X3v=2.313; log(Kp)/SVM=-1.8; log(Kp)/MLR=-1.95,True,merged,False,False,False,1,zeng,,,pooled_median_all_rows,1,zeng,"{""zeng"": [""165""]}","{""zeng"": [-4.836302500767287]}",[-4.836302500767287],"{""zeng"": 1}",[],0.0,0.0,3.643,True,,,,,,,,-4.836,,,True,,1,1,1,0
merged,merged,merged_494,diethanolamine,,OCCNCCO,OCCNCCO,,,-7.936,,cm/s,logKp,cos2[(4.31+AlogP)/8.66]=0.884; Neoplastic-80=0; X3v=1.197; log(Kp)/SVM=-4.14; log(Kp)/MLR=-3.89,True,merged,False,False,False,1,zeng,,,pooled_median_all_rows,1,zeng,"{""zeng"": [""33""]}","{""zeng"": [-7.936302500767287]}",[-7.936302500767287],"{""zeng"": 1}",[],0.0,0.0,3.643,True,,,,,,,,-7.936,deeppk|zeng,,True,,2,2,1,1
merged,merged,merged_495,ethylene glycol,,OCCO,OCCO,,,-7.626,,cm/s,logKp,cos2[(4.31+AlogP)/8.66]=0.853; Neoplastic-80=0; X3v=0.447; log(Kp)/SVM=-3.83; log(Kp)/MLR=-3.56,True,merged,False,False,False,1,zeng,,,pooled_median_all_rows,1,zeng,"{""zeng"": [""264""]}","{""zeng"": [-7.626302500767288]}",[-7.626302500767288],"{""zeng"": 1}",[],0.0,0.0,3.643,True,,,,,,,,-7.626,deeppk|zeng,,True,,2,2,1,1
merged,merged,merged_496,2-phenoxyethanol,,OCCOc1ccccc1,OCCOc1ccccc1,,,-6.433,,cm/s,logKp,"skin donor type=Surgery; skin source site=abdomen, leg, breast; used layer=epidermis, dermis; skin preparation=dermatomed 330um; neat=0; donor/skin surface temperature (°C)=37; donor type=Methanol; acceptor temperature (°C)=37; acceptor type=Cell culture medium; cell type=Flow through cell; reference=Roper, 1997; DOI=10.1016/s0278-6915(97)00109-9",True,merged,False,True,False,2,huskin|zeng,,,pooled_median_all_rows,2,huskin|zeng,"{""huskin"": [""huskin_row_118""], ""zeng"": [""91""]}","{""huskin"": [-6.43], ""zeng"": [-6.436302500767287]}","[-6.43, -6.436302500767287]","{""huskin"": 1, ""zeng"": 1}",[],0.006,0.003,3.643,True,,10.1016/s0278-6915(97)00109-9,"Roper, 1997",,1997,,roper_1997,-6.433,,,True,,3,3,2,1
merged,merged,merged_497,2-phenylethanol,60-12-8,C1=CC=C(C=C1)CCO,OCCc1ccccc1,,,-5.446,,cm/s,logKp,set=t*; MWa=122.16; logKowb=1.34; Mptc=246; LogSaqd=-3.691553581317919; LogSoce=-2.3515535813179187; Hdf=1; Hag=1; MVh=119.8; Texpi=310; Skin thicknessj=0.1; Skin Integrity testk=0.5% w/w phenol red solution; logJmaxm=-4.951190891823675; Reference=(Copovi et al. 2006); Resolved through PubChem exact CAS synonym match.,True,merged,True,True,False,4,cheruvu|deeppk|huskin|zeng,,,pooled_median_all_rows,4,cheruvu|huskin|zeng|zeng_deeppk,"{""cheruvu"": [""63"", ""264""], ""deeppk"": [""deeppk_skin_permeability_train_row_129""], ""huskin"": [""huskin_row_119""], ""zeng"": [""124""]}","{""cheruvu"": [-5.6715750058705945, -4.815939811273044], ""deeppk"": [-5.446302500767287], ""huskin"": [-5.276], ""zeng"": [-5.676302500767287]}","[-5.276, -5.676302500767287, -5.6715750058705945, -4.815939811273044, -5.446302500767287]","{""cheruvu"": 2, ""deeppk"": 1, ""huskin"": 1, ""zeng"": 1}",[],0.86,0.318,3.643,True,,,(Copovi et al. 2006),,2006,,copovi_2006,-5.446,,,True,,5,5,5,0
merged,merged,merged_498,Mannitol,69-65-8,C([C@H]([C@H]([C@@H]([C@@H](CO)O)O)O)O)O,OC[C@@H](O)[C@@H](O)[C@H](O)[C@H](O)CO,,,-7.995,,cm/s,logKp,set=t; MWa=182.17; logKowb=-3.26; Mptc=440; LogSaqd=-2.911766524936914; LogSoce=-6.171766524936914; Hdf=6; Hag=6; MVh=158.375; Texpi=305; Skin thicknessj=0.1; logJmaxm=-7.870373839778689; Reference=(Clowes et al. 1994); Resolved through PubChem exact CAS synonym match.,True,merged,True,True,False,3,cheruvu|huskin|zeng,,,pooled_median_all_rows,3,cheruvu|huskin|zeng,"{""cheruvu"": [""45"", ""46"", ""47"", ""194"", ""196"", ""259"", ""260"", ""273"", ""326"", ""339"", ""386"", ""396""], ""huskin"": [""huskin_row_373"", ""huskin_row_374"", ""huskin_row_375"", ""huskin_row_376""], ""zeng"": [""46""]}","{""cheruvu"": [-7.560667306169737, -7.74440591436967, -7.556302500767288, -8.514909815609062, -8.176091259055681, -8.380211241711606, -8.277548899814459, -8.013228265733755, -6.709965388637482, -8.238882088915137, -7.994604968113293, -7.528952892992531], ""huskin"": [-7.81, -8.158, -7.923, -7.771], ""zeng"": [-8.516302500767287]}","[-7.81, -8.158, -7.923, -7.771, -8.516302500767287, -7.560667306169737, -7.74440591436967, -7.556302500767288, -8.514909815609062, -8.176091259055681, -8.380211241711606, -8.277548899814459, -8.013228265733755, -6.709965388637482, -8.238882088915137, -7.994604968113293, -7.528952892992531]","{""cheruvu"": 12, ""huskin"": 4, ""zeng"": 1}",[],1.806,0.436,3.643,True,,,(Clowes et al. 1994),,1994,,clowes_1994,-7.995,,,True,,18,18,17,1
merged,merged,merged_499,Sucrose,57-50-1,C([C@@H]1[C@H]([C@@H]([C@H]([C@H](O1)O[C@]2([C@H]([C@@H]([C@H](O2)CO)O)O)CO)O)O)O)O,OC[C@H]1O[C@@](CO)(O[C@H]2O[C@H](CO)[C@@H](O)[C@H](O)[C@H]2O)[C@@H](O)[C@@H]1O,,,-8.276,,cm/s,logKp,set=t; MWa=342.3; logKowb=-3.85; Mptc=459; LogSaqd=-2.036212172654445; LogSoce=-5.886212172654445; Hdf=8; Hag=11; MVh=144.5; Texpi=310; Skin thicknessj=0.1; Skin Integrity testk=Visual check; logJmaxm=-5.17; Reference=(Suhonen et al. 2003); Resolved through PubChem exact CAS synonym match.,True,merged,True,True,False,3,cheruvu|huskin|zeng,,,pooled_median_all_rows,3,cheruvu|huskin|zeng,"{""cheruvu"": [""325"", ""387"", ""389"", ""391"", ""393""], ""huskin"": [""huskin_row_492"", ""huskin_row_493"", ""huskin_row_495""], ""zeng"": [""21""]}","{""cheruvu"": [-6.690369832574101, -8.275724130399212, -8.360887204557915, -7.920818753952375, -7.825358807339551], ""huskin"": [-8.583, -8.84, -8.075], ""zeng"": [-8.836302500767287]}","[-8.583, -8.84, -8.075, -8.836302500767287, -6.690369832574101, -8.275724130399212, -8.360887204557915, -7.920818753952375, -7.825358807339551]","{""cheruvu"": 5, ""huskin"": 3, ""zeng"": 1}",[],2.15,0.623,3.643,True,,,(Suhonen et al. 2003),,2003,,suhonen_2003,-8.276,,,True,,12,12,9,3
merged,merged,merged_500,Raffinose,512-69-6,C([C@@H]1[C@@H]([C@@H]([C@H]([C@H](O1)OC[C@@H]2[C@H]([C@@H]([C@H]([C@H](O2)O[C@]3([C@H]([C@@H]([C@H](O3)CO)O)O)CO)O)O)O)O)O)O)O,OC[C@H]1O[C@H](OC[C@H]2O[C@H](O[C@]3(CO)O[C@H](CO)[C@@H](O)[C@@H]3O)[C@H](O)[C@@H](O)[C@@H]2O)[C@H](O)[C@@H](O)[C@H]1O,,,-8.208,,cm/s,logKp,set=t; MWa=504.4; logKowb=-4.3; Mptc=354; LogSaqd=-3.3414250535487775; LogSoce=-7.641425053548778; Hdf=11; Hag=16; MVh=277.9; Texpi=310; Skin thicknessj=0.1; Skin Integrity testk=Visual check; logJmaxm=-7.638994517103252; Reference=(Suhonen et al. 2003); Resolved through PubChem exact CAS synonym match.,True,merged,True,True,False,2,cheruvu|huskin,,,pooled_median_all_rows,2,cheruvu|huskin,"{""cheruvu"": [""324"", ""388""], ""huskin"": [""huskin_row_478""]}","{""cheruvu"": [-7.853871964321762, -8.411028382479344], ""huskin"": [-8.208]}","[-8.208, -7.853871964321762, -8.411028382479344]","{""cheruvu"": 2, ""huskin"": 1}",[],0.557,0.23,3.643,True,,,(Suhonen et al. 2003),,2003,,suhonen_2003,-8.208,,,True,,3,3,3,0
merged,merged,merged_501,4-Hydroxybenzyl alcohol,,OCc1ccc(cc1)O,OCc1ccc(O)cc1,,,-6.256,,cm/s,logKp,"skin donor type=Abdominoplasty; skin source site=abdomen; used layer=stratum corneum; skin preparation=trypsinisation; neat=0; donor pH=4; donor type=Succinate solution; cell type=Flow through cell; reference=Anderson, 1989; DOI=10.1111/1523-1747.ep12277592",True,merged,False,True,False,2,huskin|zeng,,,pooled_median_all_rows,2,huskin|zeng,"{""huskin"": [""huskin_row_131""], ""zeng"": [""139""]}","{""huskin"": [-6.255], ""zeng"": [-6.256302500767287]}","[-6.255, -6.256302500767287]","{""huskin"": 1, ""zeng"": 1}",[],0.001,0.001,3.643,True,,10.1111/1523-1747.ep12277592,"Anderson, 1989",,1989,,anderson_1989,-6.256,cheruvu|huskin,,True,,3,3,2,1
merged,merged,merged_502,Benzyl alcohol,100-51-6,C1=CC=C(C=C1)CO,OCc1ccccc1,,,-5.776,,cm/s,logKp,set=t; MWa=108.1; logKowb=1.04; Mptc=258; LogSaqd=-3.3979400086720375; LogSoce=-2.3579400086720375; Hdf=1; Hag=1; MVh=97.5; Texpi=298; Skin thicknessj=0.1; logJmaxm=-5.62; Reference=(Roberts 1976); Resolved through PubChem exact CAS synonym match.,True,merged,False,True,False,3,cheruvu|deeppk|zeng,,,pooled_median_all_rows,3,cheruvu|zeng|zeng_deeppk,"{""cheruvu"": [""4""], ""deeppk"": [""deeppk_skin_permeability_train_row_149""], ""zeng"": [""180""]}","{""cheruvu"": [-5.77836249209525], ""deeppk"": [-5.756302500767287], ""zeng"": [-5.7763025007672875]}","[-5.7763025007672875, -5.77836249209525, -5.756302500767287]","{""cheruvu"": 1, ""deeppk"": 1, ""zeng"": 1}",[],0.022,0.01,3.643,True,,,(Roberts 1976),,1976,,roberts_1976,-5.776,,,True,,3,3,3,0
merged,merged,merged_503,"2,4,6-Trichlorophenol",88-06-2,C1=C(C=C(C(=C1Cl)O)Cl)Cl,Oc1c(Cl)cc(Cl)cc1Cl,,,-4.785,,cm/s,logKp,set=t; MWa=197.5; logKowb=3.58; Mptc=342; LogSaqd=-5.337242168318426; LogSoce=-1.7572421683184254; Hdf=1; Hag=1; MVh=114.4; Texpi=298; Skin thicknessj=0.1; Skin Integrity testk=Repeating the permeation experiment; Skin Selection criteria=Flux comparison; logJmaxm=-6.57; Reference=(Roberts et al. 1977); Resolved through PubChem exact CAS synonym match.,True,merged,False,True,False,4,cheruvu|deeppk|huskin|zeng,,,pooled_median_all_rows,4,cheruvu|huskin|zeng|zeng_deeppk,"{""cheruvu"": [""79""], ""deeppk"": [""deeppk_skin_permeability_train_row_10""], ""huskin"": [""huskin_row_92""], ""zeng"": [""65""]}","{""cheruvu"": [-4.789060332448862], ""deeppk"": [-4.786302500767287], ""huskin"": [-4.783], ""zeng"": [-4.696302500767287]}","[-4.783, -4.696302500767287, -4.789060332448862, -4.786302500767287]","{""cheruvu"": 1, ""deeppk"": 1, ""huskin"": 1, ""zeng"": 1}",[],0.093,0.039,3.643,True,,,(Roberts et al. 1977),,1977,,roberts_1977,-4.785,,,True,,4,4,4,0
merged,merged,merged_504,Triclosan,,Clc1ccc(c(c1)O)Oc1ccc(cc1Cl)Cl,Oc1cc(Cl)ccc1Oc1ccc(Cl)cc1Cl,,,-5.039,,cm/s,logKp,"skin donor type=Abdominoplasty or mammaplasty; skin source site=abdomen, breast; used layer=epidermis, dermis; skin preparation=dermatomed 230um; neat=0; donor type=Ethanol/Water (9:1, v/v); acceptor temperature (°C)=32; acceptor pH=7.3; acceptor type=Eagle Minimal Essential Medium with Earle's salt, sodium bicarbonate and gentamicin; cell type=Flow through cell; flux=Jss= 12.5 umol/(cm^2*h); c=64.5mM; reference=Moss, 2000; DOI=10.1016/S0278-6915(99)00164-7",True,merged,True,True,False,2,huskin|skinpix,,,pooled_median_all_rows,2,huskin|skinpix,"{""huskin"": [""huskin_row_533""], ""skinpix"": [""178"", ""179""]}","{""huskin"": [-7.269], ""skinpix"": [-5.039, -4.114]}","[-7.269, -5.039, -4.114]","{""huskin"": 1, ""skinpix"": 2}",[],3.155,1.324,3.643,True,,10.1016/S0278-6915(99)00164-7,"Moss, 2000",,2000,,moss_2000,-5.039,,,True,,3,3,3,0
merged,merged,merged_505,Phloroglucinol,,Oc1cc(O)cc(c1)O,Oc1cc(O)cc(O)c1,,,-6.066,,cm/s,logKp,"skin donor type=Abdominoplasty; skin source site=abdomen; used layer=epidermis; skin preparation=heat separation; storage temperature (°C)=-17; neat=0; donor/skin surface temperature (°C)=37; donor type=Water; acceptor temperature (°C)=37; acceptor pH=7.4; acceptor type=PBS; cell type=Franz cell; reference=du Plessis, 2002; DOI=10.1016/S0928-0987(02)00085-4",True,merged,False,False,False,1,huskin,,,pooled_median_all_rows,1,huskin,"{""huskin"": [""huskin_row_461""]}","{""huskin"": [-6.066]}",[-6.066],"{""huskin"": 1}",[],0.0,0.0,3.643,True,,10.1016/S0928-0987(02)00085-4,"du Plessis, 2002",,2002,,duplessis_2002,-6.066,cheruvu|huskin|zeng,,True,,3,3,1,2
merged,merged,merged_506,p-Bromophenol,,Oc1ccc(cc1)Br,Oc1ccc(Br)cc1,,,-4.998,,cm/s,logKp,"skin donor type=Cadaver; skin source site=abdomen; used layer=epidermis; skin preparation=exposure to ammonia fumes; neat=0; donor/skin surface temperature (°C)=25; acceptor temperature (°C)=25; cell type=Pyrex cell; reference=Roberts, 1977; DOI=10.1111/j.2042-7158.1977.tb11434.x",True,merged,False,True,False,2,huskin|zeng,,,pooled_median_all_rows,2,huskin|zeng,"{""huskin"": [""huskin_row_448""], ""zeng"": [""167""]}","{""huskin"": [-4.999], ""zeng"": [-4.996302500767287]}","[-4.999, -4.996302500767287]","{""huskin"": 1, ""zeng"": 1}",[],0.003,0.001,3.643,True,,10.1111/j.2042-7158.1977.tb11434.x,"Roberts, 1977",,1977,,roberts_1977,-4.998,,,True,,3,3,2,1
merged,merged,merged_507,p-Chlorophenol,106-48-9,C1=CC(=CC=C1O)Cl,Oc1ccc(Cl)cc1,,,-5.001,,cm/s,logKp,set=t; MWa=128.6; logKowb=2.43; Mptc=317; LogSaqd=-3.721246399047171; LogSoce=-1.2912463990471708; Hdf=1; Hag=1; MVh=90.4; Texpi=298; Skin thicknessj=0.1; Skin Integrity testk=Repeating the permeation experiment; Skin Selection criteria=Flux comparison; logJmaxm=-5.17; Reference=(Roberts et al. 1977); Resolved through PubChem exact CAS synonym match.,True,merged,False,True,False,2,cheruvu|huskin,,,pooled_median_all_rows,2,cheruvu|huskin,"{""cheruvu"": [""12""], ""huskin"": [""huskin_row_449""]}","{""cheruvu"": [-5.0050561017201165], ""huskin"": [-4.996]}","[-4.996, -5.0050561017201165]","{""cheruvu"": 1, ""huskin"": 1}",[],0.009,0.005,3.643,True,,,(Roberts et al. 1977),,1977,,roberts_1977,-5.001,,,True,,4,4,2,2
merged,merged,merged_508,"2,4-dichlorophenol",120-83-2,C1=CC(=C(C=C1Cl)Cl)O,Oc1ccc(Cl)cc1Cl,,,-4.756,,cm/s,logKp,set=t; MWa=163; logKowb=3.1; Mptc=315.5; LogSaqd=-4.558975090628614; LogSoce=-1.4589750906286139; Hdf=1; Hag=1; MVh=129.625; Texpi=310; Skin thicknessj=0.1; Skin Integrity testk=tritiated water permeation; Skin Selection criteria=<3e-3; logJmaxm=-5.580338142244139; Reference=(Buist et al. 2010); Resolved through PubChem exact CAS synonym match.,True,merged,True,True,False,4,cheruvu|deeppk|huskin|zeng,,,pooled_median_all_rows,4,cheruvu|huskin|zeng|zeng_deeppk,"{""cheruvu"": [""168"", ""169"", ""170"", ""171""], ""deeppk"": [""deeppk_skin_permeability_train_row_5""], ""huskin"": [""huskin_row_93"", ""huskin_row_94""], ""zeng"": [""151""]}","{""cheruvu"": [-4.577665552382813, -4.798906471974263, -4.707497799715483, -4.736101041281647], ""deeppk"": [-4.7763025007672875], ""huskin"": [-5.065, -4.778], ""zeng"": [-4.696302500767287]}","[-5.065, -4.778, -4.696302500767287, -4.577665552382813, -4.798906471974263, -4.707497799715483, -4.736101041281647, -4.7763025007672875]","{""cheruvu"": 4, ""deeppk"": 1, ""huskin"": 2, ""zeng"": 1}",[],0.487,0.13,3.643,True,,,(Buist et al. 2010),,2010,,buist_2010,-4.756,,,True,,9,9,8,1
merged,merged,merged_509,4-florophenol,,FC1=CC=C(O)C=C1,Oc1ccc(F)cc1,,,-5.276,,cm/s,logKp,cos2[(4.31+AlogP)/8.66]=0.583; Neoplastic-80=0; X3v=1.476; log(Kp)/SVM=-1.92; log(Kp)/MLR=-1.98,True,merged,False,False,False,1,zeng,,,pooled_median_all_rows,1,zeng,"{""zeng"": [""255""]}","{""zeng"": [-5.2763025007672875]}",[-5.2763025007672875],"{""zeng"": 1}",[],0.0,0.0,3.643,True,,,,,,,,-5.276,,,True,,1,1,1,0
merged,merged,merged_510,"1,2,4-Benzenetriol",,Oc1ccc(c(c1)O)O,Oc1ccc(O)c(O)c1,,,-7.456,,cm/s,logKp,"skin donor type=Abdominoplasty; skin source site=abdomen; used layer=epidermis; skin preparation=heat separation; storage temperature (°C)=-17; neat=0; donor/skin surface temperature (°C)=37; donor type=Water; acceptor temperature (°C)=37; acceptor pH=7.4; acceptor type=PBS; cell type=Franz cell; reference=du Plessis, 2002; DOI=10.1016/S0928-0987(02)00085-4",True,merged,False,False,False,1,huskin,,,pooled_median_all_rows,1,huskin,"{""huskin"": [""huskin_row_5""]}","{""huskin"": [-7.456]}",[-7.456],"{""huskin"": 1}",[],0.0,0.0,3.643,True,,10.1016/S0928-0987(02)00085-4,"du Plessis, 2002",,2002,,duplessis_2002,-7.456,cheruvu|huskin,,True,,2,2,1,1
merged,merged,merged_511,Hydroquinone,123-31-9,C1=CC(=CC=C1O)O,Oc1ccc(O)cc1,,,-6.239,,cm/s,logKp,set=t; MWa=110.11; logKowb=0.62; Mptc=446.5; LogSaqd=-4.099322656469463; LogSoce=-3.479322656469463; Hdf=2; Hag=2; MVh=104.625; Texpi=305; Skin thicknessj=0.128; Skin Integrity testk=transepidermal electrical resistance; Skin Selection criteria=>4.26 kΩ; logJmaxm=-6.541880581222386; Reference=(Ellison et al. 2020); Resolved through PubChem exact CAS synonym match.,True,merged,True,True,False,2,cheruvu|huskin,,,pooled_median_all_rows,2,cheruvu|huskin,"{""cheruvu"": [""397"", ""398""], ""huskin"": [""huskin_row_338"", ""huskin_row_339""]}","{""cheruvu"": [-5.97274509454154, -5.460153892900594], ""huskin"": [-6.506, -8.586]}","[-6.506, -8.586, -5.97274509454154, -5.460153892900594]","{""cheruvu"": 2, ""huskin"": 2}",[],3.126,1.188,3.643,True,,,(Ellison et al. 2020),,2020,,ellison_2020,-6.239,,,True,,7,7,4,3
merged,merged,merged_512,,,Oc1ccc2ccccc2c1,Oc1ccc2ccccc2c1,,,-5.109,,cm/s,logKp,group=training,True,merged,True,True,False,3,deeppk|huskin|zeng,,,pooled_median_all_rows,3,huskin|zeng|zeng_deeppk,"{""deeppk"": [""deeppk_skin_permeability_train_row_61""], ""huskin"": [""huskin_row_115"", ""huskin_row_116""], ""zeng"": [""160""]}","{""deeppk"": [-5.1063025007672875], ""huskin"": [-5.111, -4.757], ""zeng"": [-5.146302500767288]}","[-5.111, -4.757, -5.146302500767288, -5.1063025007672875]","{""deeppk"": 1, ""huskin"": 2, ""zeng"": 1}",[],0.389,0.158,3.643,True,,,,,,,,-5.109,,,True,,6,6,4,2
merged,merged,merged_513,3-bromophenol,,BrC1=CC(O)=CC=C1,Oc1cccc(Br)c1,,,-4.906,,cm/s,logKp,cos2[(4.31+AlogP)/8.66]=0.521; Neoplastic-80=0; X3v=2.396; log(Kp)/SVM=-1.56; log(Kp)/MLR=-1.73,True,merged,False,False,False,1,zeng,,,pooled_median_all_rows,1,zeng,"{""zeng"": [""163""]}","{""zeng"": [-4.906302500767287]}",[-4.906302500767287],"{""zeng"": 1}",[],0.0,0.0,3.643,True,,,,,,,,-4.906,,,True,,1,1,1,0
merged,merged,merged_514,Resorcinol,108-46-3,C1=CC(=CC(=C1)O)O,Oc1cccc(O)c1,,,-6.376,,cm/s,logKp,set=t; MWa=110.11; logKowb=0.8; Mptc=384; LogSaqd=-2.0989912289303554; LogSoce=-1.2989912289303551; Hdf=2; Hag=2; MVh=86.3; Texpi=305; Skin thicknessj=0.075; Skin Integrity testk=transepidermal electrical resistance; Skin Selection criteria=>4.26 kΩ; logJmaxm=-4.5192238898043495; Reference=(Ellison et al. 2020); Resolved through PubChem exact CAS synonym match.,True,merged,True,True,False,4,cheruvu|huskin|skinpix|zeng,,,pooled_median_all_rows,4,cheruvu|huskin|skinpix|zeng,"{""cheruvu"": [""71"", ""456""], ""huskin"": [""huskin_row_480"", ""huskin_row_481""], ""skinpix"": [""159"", ""160""], ""zeng"": [""241""]}","{""cheruvu"": [-7.179215857410142, -5.976535161641282], ""huskin"": [-6.626, -7.176], ""skinpix"": [-5.836, -5.913], ""zeng"": [-6.376302500767287]}","[-6.626, -7.176, -5.836, -5.913, -6.376302500767287, -7.179215857410142, -5.976535161641282]","{""cheruvu"": 2, ""huskin"": 2, ""skinpix"": 2, ""zeng"": 1}",[],1.343,0.532,3.643,True,,,(Ellison et al. 2020),,2020,,ellison_2020,-6.376,,,True,,10,10,7,3
merged,merged,merged_515,Pyrogallol,,Oc1c(O)cccc1O,Oc1cccc(O)c1O,,,-6.141,,cm/s,logKp,"skin donor type=Abdominoplasty; skin source site=abdomen; used layer=epidermis; skin preparation=heat separation; storage temperature (°C)=-17; neat=0; donor/skin surface temperature (°C)=37; donor type=Water; acceptor temperature (°C)=37; acceptor pH=7.4; acceptor type=PBS; cell type=Franz cell; reference=du Plessis, 2002; DOI=10.1016/S0928-0987(02)00085-4",True,merged,False,True,False,2,huskin|zeng,,,pooled_median_all_rows,2,huskin|zeng,"{""huskin"": [""huskin_row_477""], ""zeng"": [""179""]}","{""huskin"": [-6.366], ""zeng"": [-5.916302500767287]}","[-6.366, -5.916302500767287]","{""huskin"": 1, ""zeng"": 1}",[],0.45,0.225,3.643,True,,10.1016/S0928-0987(02)00085-4,"du Plessis, 2002",,2002,,duplessis_2002,-6.141,cheruvu|huskin,,True,,3,3,2,1
merged,merged,merged_516,Naphthol,90-15-3,C1=CC=C2C(=C1)C=CC=C2O,Oc1cccc2ccccc12,,,-5.106,,cm/s,logKp,set=t; MWa=144.17; logKowb=2.840106094456758; Mptc=368.5; LogSaqd=-5.22135700643865; LogSoce=-2.381250911981892; Hdf=1; Hag=1; MVh=122; Texpi=298; Skin thicknessj=0.1; Skin Integrity testk=transepidermal electrical resistance; Skin Selection criteria=>50 kΩcm2; logJmaxm=-6.744235751718988; Reference=(Mitragotri et al. 2001); Resolved through PubChem exact CAS synonym match.,True,merged,True,True,False,3,cheruvu|huskin|zeng,,,pooled_median_all_rows,3,cheruvu|huskin|zeng,"{""cheruvu"": [""313""], ""huskin"": [""huskin_row_423""], ""zeng"": [""224""]}","{""cheruvu"": [-5.079181246047625], ""huskin"": [-5.141], ""zeng"": [-5.1063025007672875]}","[-5.141, -5.1063025007672875, -5.079181246047625]","{""cheruvu"": 1, ""huskin"": 1, ""zeng"": 1}",[],0.062,0.025,3.643,True,,,(Mitragotri et al. 2001),,2001,,mitragotri_2001,-5.106,,,True,,5,5,3,2
merged,merged,merged_517,Phenol,108-95-2,C1=CC=C(C=C1)O,Oc1ccccc1,,,-5.63,,cm/s,logKp,set=t; MWa=94.1; logKowb=1.48; Mptc=314; LogSaqd=-2.9208187539523753; LogSoce=-1.4408187539523751; Hdf=1; Hag=1; MVh=81.4; Texpi=310; Skin thicknessj=0.1; Skin Integrity testk=tritiated water permeation; Skin Selection criteria=< 0.0025; logJmaxm=-4.6307841425898575; Reference=(Singh and Roberts 1994a); Resolved through PubChem exact CAS synonym match.,True,merged,True,True,False,3,cheruvu|huskin|zeng,,,pooled_median_all_rows,3,cheruvu|huskin|zeng,"{""cheruvu"": [""60"", ""61"", ""62""], ""huskin"": [""huskin_row_459"", ""huskin_row_460""], ""zeng"": [""103""]}","{""cheruvu"": [-5.266267889404769, -7.384225243797807, -5.645380593143361], ""huskin"": [-5.586, -5.614], ""zeng"": [-5.646302500767288]}","[-5.586, -5.614, -5.646302500767288, -5.266267889404769, -7.384225243797807, -5.645380593143361]","{""cheruvu"": 3, ""huskin"": 2, ""zeng"": 1}",[],2.118,0.696,3.643,True,,,(Singh and Roberts 1994a),,1994,,singh_1994,-5.63,,,True,,8,8,6,2
merged,merged,merged_518,2-Phenylphenol,,Oc1ccccc1c1ccccc1,Oc1ccccc1-c1ccccc1,,,-5.824,,cm/s,logKp,"skin donor type=Abdominoplasty; skin source site=abdomen; used layer=epidermis, dermis; storage temperature (°C)=-20; neat=0; donor type=Ethanol 60%; acceptor temperature (°C)=32; acceptor type=Dulbecco’s MEM, Hepes, Ham F-12+glutamax-I, BSA,L-glutamine, hydrocortisone, EGF, gentamycin; cell type=Static diffusion cell; reference=Cnubben, 2002; DOI=10.1006/rtph.2001.1530",True,merged,True,False,False,1,huskin,,,pooled_median_all_rows,1,huskin,"{""huskin"": [""huskin_row_120"", ""huskin_row_121""]}","{""huskin"": [-6.355, -5.294]}","[-6.355, -5.294]","{""huskin"": 2}",[],1.061,0.531,3.643,True,,10.1006/rtph.2001.1530,"Cnubben, 2002",,2002,,cnubben_2002,-5.825,,,True,,2,2,2,0
merged,merged,merged_519,o-Chlorophenol,,Oc1ccccc1Cl,Oc1ccccc1Cl,,,-5.037,,cm/s,logKp,"skin donor type=Cadaver; skin source site=abdomen; used layer=epidermis; skin preparation=exposure to ammonia fumes; neat=0; donor/skin surface temperature (°C)=25; acceptor temperature (°C)=25; cell type=Pyrex cell; reference=Roberts, 1977; DOI=10.1111/j.2042-7158.1977.tb11434.x",True,merged,False,True,False,2,huskin|zeng,,,pooled_median_all_rows,2,huskin|zeng,"{""huskin"": [""huskin_row_437""], ""zeng"": [""155""]}","{""huskin"": [-5.037], ""zeng"": [-5.036302500767287]}","[-5.037, -5.036302500767287]","{""huskin"": 1, ""zeng"": 1}",[],0.001,0.0,3.643,True,,10.1111/j.2042-7158.1977.tb11434.x,"Roberts, 1977",,1977,,roberts_1977,-5.037,cheruvu|huskin,,True,,4,4,2,2
merged,merged,merged_520,,,Oc1ccccc1O,Oc1ccccc1O,,,-6.196,,cm/s,logKp,group=test,True,merged,False,True,False,2,deeppk|huskin,,,pooled_median_all_rows,2,huskin|zeng_deeppk,"{""deeppk"": [""deeppk_skin_permeability_test_row_12""], ""huskin"": [""huskin_row_196""]}","{""deeppk"": [-6.326302500767287], ""huskin"": [-6.066]}","[-6.066, -6.326302500767287]","{""deeppk"": 1, ""huskin"": 1}",[],0.26,0.13,3.643,True,,,,,,,,-6.196,,,True,,4,4,2,2
merged,merged,merged_521,carbon disulfide,,S=C=S,S=C=S,,,-5.226,,cm/s,logKp,cos2[(4.31+AlogP)/8.66]=0.597; Neoplastic-80=0; X3v=0.75; log(Kp)/SVM=-1.98; log(Kp)/MLR=-1.94,True,merged,False,False,False,1,zeng,,,pooled_median_all_rows,1,zeng,"{""zeng"": [""97""]}","{""zeng"": [-5.226302500767288]}",[-5.226302500767288],"{""zeng"": 1}",[],0.0,0.0,3.643,True,,,,,,,,-5.226,,,True,,1,1,1,0
merged,merged,merged_522,"Water, tritiated",14940-65-9,[3H]O[3H],[3H]O[3H],,,-6.432,,cm/s,logKp,"publication ID=63; Kp relation==; Kp (cm/h)=1.33 E-03 ± 0.14 E-03; Kp (cm/h) (processed)=0.00133; Kp error (cm/h) (processed)=0.00014; tlag (h) (original)=0.58 ± 0.06; tlag (h) (processed)=0.58; tlag error (h) (processed)=0.06; skin donor type=Cadaver; used layer=epidermis, dermis; storage temperature (°C)=-80; donor type=PBS and 0.02% NaN3; category donor type=PBS based formulations; acceptor type=PBS and 0.02% NaN3; category acceptor type=PBS based formulations; cell type=static Franz cell; author=Morris,SAV; date=2019; doi=10.1016/j.xphs.2019.06.030; notes=occlusion using Parafilm®, no sampling between 8 and 24h",True,merged,False,False,False,1,skinpix,,,pooled_median_all_rows,1,skinpix,"{""skinpix"": [""182""]}","{""skinpix"": [-6.432]}",[-6.432],"{""skinpix"": 1}",[],0.0,0.0,3.643,True,,10.1016/j.xphs.2019.06.030,,"Morris,SAV",2019,63,morris_2019,-6.432,,,True,,1,1,1,0
merged,merged,merged_523,biphenyl,,C1(C2=CC=CC=C2)=CC=CC=C1,c1ccc(-c2ccccc2)cc1,,,-4.396,,cm/s,logKp,cos2[(4.31+AlogP)/8.66]=0.402; Neoplastic-80=0; X3v=2.732; log(Kp)/SVM=-1.11; log(Kp)/MLR=-1.01,True,merged,False,False,False,1,zeng,,,pooled_median_all_rows,1,zeng,"{""zeng"": [""182""]}","{""zeng"": [-4.396302500767288]}",[-4.396302500767288],"{""zeng"": 1}",[],0.0,0.0,3.643,True,,,,,,,,-4.396,,,True,,1,1,1,0
merged,merged,merged_524,phenylglycidyl ether,,C(OC(C4=CC=CC=C4)C2CO2)(C3=CC=CC=C3)C1CO1,c1ccc(C(OC(c2ccccc2)C2CO2)C2CO2)cc1,,,-6.396,,cm/s,logKp,cos2[(4.31+AlogP)/8.66]=0.61; Neoplastic-80=0; X3v=5.542; log(Kp)/SVM=-2.83; log(Kp)/MLR=-2.84,True,merged,False,False,False,1,zeng,,,pooled_median_all_rows,1,zeng,"{""zeng"": [""62""]}","{""zeng"": [-6.396302500767288]}",[-6.396302500767288],"{""zeng"": 1}",[],0.0,0.0,3.643,True,,,,,,,,-6.396,,,True,,1,1,1,0
merged,merged,merged_525,diphenylamine,,C1(NC2=CC=CC=C2)=CC=CC=C1,c1ccc(Nc2ccccc2)cc1,,,-4.826,,cm/s,logKp,cos2[(4.31+AlogP)/8.66]=0.398; Neoplastic-80=0; X3v=2.857; log(Kp)/SVM=-1.17; log(Kp)/MLR=-1.01,True,merged,False,False,False,1,zeng,,,pooled_median_all_rows,1,zeng,"{""zeng"": [""195""]}","{""zeng"": [-4.826302500767287]}",[-4.826302500767287],"{""zeng"": 1}",[],0.0,0.0,3.643,True,,,,,,,,-4.826,,,True,,1,1,1,0
merged,merged,merged_526,,,c1ccc(OCC2CO2)cc1,c1ccc(OCC2CO2)cc1,,,-6.396,,cm/s,logKp,group=training,True,merged,False,False,False,1,deeppk,,,pooled_median_all_rows,1,zeng_deeppk,"{""deeppk"": [""deeppk_skin_permeability_train_row_84""]}","{""deeppk"": [-6.396302500767288]}",[-6.396302500767288],"{""deeppk"": 1}",[],0.0,0.0,3.643,True,,,,,,,,-6.396,,,True,,1,1,1,0
merged,merged,merged_527,Naphthalene,91-20-3,C1=CC=C2C=CC=CC2=C1,c1ccc2ccccc2c1,,,-5.223,,cm/s,logKp,set=t; MWa=128.17; logKowb=3.3; Mptc=354; LogSaqd=-6.55017034359123; LogSoce=-3.2501703435912295; Hdf=0; Hag=0; MVh=123.5; Texpi=305; Skin thicknessj=0.075; Skin Integrity testk=transepidermal electrical resistance; Skin Selection criteria=>4.26 kΩ; logJmaxm=-8.101285630593287; Reference=(Ellison et al. 2020); Resolved through PubChem exact CAS synonym match.,True,merged,True,True,False,3,cheruvu|skinpix|zeng,,,pooled_median_all_rows,3,cheruvu|skinpix|zeng,"{""cheruvu"": [""452""], ""skinpix"": [""131"", ""132""], ""zeng"": [""268""]}","{""cheruvu"": [-5.107417787769344], ""skinpix"": [-5.608, -5.339], ""zeng"": [-4.716302500767287]}","[-5.608, -5.339, -4.716302500767287, -5.107417787769344]","{""cheruvu"": 1, ""skinpix"": 2, ""zeng"": 1}",[],0.892,0.327,3.643,True,,,(Ellison et al. 2020),,2020,,ellison_2020,-5.223,,,True,,5,5,4,1
merged,merged,merged_528,,,c1ccc2cnccc2c1,c1ccc2cnccc2c1,,,-5.332,,cm/s,logKp,group=training,True,merged,False,True,False,3,deeppk|huskin|zeng,,,pooled_median_all_rows,3,huskin|zeng|zeng_deeppk,"{""deeppk"": [""deeppk_skin_permeability_train_row_73""], ""huskin"": [""huskin_row_347""], ""zeng"": [""138""]}","{""deeppk"": [-5.326302500767287], ""huskin"": [-5.332], ""zeng"": [-5.336302500767287]}","[-5.332, -5.336302500767287, -5.326302500767287]","{""deeppk"": 1, ""huskin"": 1, ""zeng"": 1}",[],0.01,0.004,3.643,True,,,,,,,,-5.332,,,True,,3,3,3,0
merged,merged,merged_529,,,c1ccccc1,c1ccccc1,,,-4.429,,cm/s,logKp,group=training,True,merged,True,True,False,3,deeppk|huskin|skinpix,,,pooled_median_all_rows,3,huskin|skinpix|zeng_deeppk,"{""deeppk"": [""deeppk_skin_permeability_train_row_48""], ""huskin"": [""huskin_row_157"", ""huskin_row_158""], ""skinpix"": [""36""]}","{""deeppk"": [-4.506302500767287], ""huskin"": [-4.511, -4.352], ""skinpix"": [-3.745]}","[-4.511, -4.352, -3.745, -4.506302500767287]","{""deeppk"": 1, ""huskin"": 2, ""skinpix"": 1}",[],0.766,0.315,3.643,True,,,,,,,,-4.429,,,True,,4,4,4,0
merged,merged,merged_530,pyridine,,C1=NC=CC=C1,c1ccncc1,,,-6.296,,cm/s,logKp,cos2[(4.31+AlogP)/8.66]=0.703; Neoplastic-80=0; X3v=1.025; log(Kp)/SVM=-2.74; log(Kp)/MLR=-2.68,True,merged,False,False,False,1,zeng,,,pooled_median_all_rows,1,zeng,"{""zeng"": [""240""]}","{""zeng"": [-6.296302500767288]}",[-6.296302500767288],"{""zeng"": 1}",[],0.0,0.0,3.643,True,,,,,,,,-6.296,deeppk|zeng,,True,,2,2,1,1
