smiles_std,ALogp2,nAcid,nAromBond,ATSc2,ATSc3,ATSc4,ATSc5,ATSm1,BCUTw-1l,BCUTw-1h,BCUTc-1l,BCUTc-1h,BCUTp-1l,BCUTp-1h,nBase,C2SP1,C1SP2,C2SP2,C3SP2,C1SP3,C2SP3,SC-4,FMF,nHBAcc,nHBDon,HybRatio,Kier2,Kier3,khs.sLi,khs.ssBe,khs.ssBH,khs.sssB,khs.sCH3,khs.dCH2,khs.ssCH2,khs.tCH,khs.dsCH,khs.aaCH,khs.sssCH,khs.ddC,khs.dssC,khs.aasC,khs.aaaC,khs.sNH3,khs.sNH2,khs.ssNH2,khs.dNH,khs.ssNH,khs.aaNH,khs.tN,khs.dsN,khs.aaN,khs.sssN,khs.ddsN,khs.aasN,khs.ssssN,khs.sOH,khs.dO,khs.ssO,khs.aaO,khs.sF,khs.sSiH3,khs.ssSiH2,khs.sssSiH,khs.ssssSi,khs.sPH2,khs.ssPH,khs.sssP,khs.dsssP,khs.sssssP,khs.sSH,khs.dS,khs.ssS,khs.aaS,khs.dssS,khs.ddssS,khs.sCl,khs.sGeH3,khs.ssGeH2,khs.sssGeH,khs.ssssGe,khs.sAsH2,khs.ssAsH,khs.sssAs,khs.sssdAs,khs.sssssAs,khs.sSeH,khs.dSe,khs.ssSe,khs.aaSe,khs.dssSe,khs.ddssSe,khs.sBr,khs.sSnH3,khs.ssSnH2,khs.sssSnH,khs.ssssSn,khs.sPbH3,khs.ssPbH2,khs.sssPbH,khs.ssssPb,nAtomP,nAtomLAC,MDEC-11,MDEC-12,MDEC-13,MDEC-14,MDEC-22,MDEC-33,MDEC-34,MDEC-44,MDEO-11,MDEO-12,MDEO-22,MDEN-11,MDEN-12,MDEN-13,MDEN-22,MDEN-23,MDEN-33,MLogP,nRotB,LipinskiFailures,nAromRings,nRingBlocks,nAromBlocks,nRings3,nRings4,nRings5,nRings6,nRings7,nRings8,nRings9,TopoPSA,VAdjMat,WTPT-2,WTPT-3,WTPT-4,WTPT-5,XLogP,Zagreb
BrC(Br)Br,4.966657959999998,0.0,0.0,-0.0732286950341563,0.0244095650113854,0.0,0.0,133.77427237394622,11.99945756839638,78.92087953160363,-0.1885570798776908,0.3000821057093682,8.249692654483567,11.96080734551644,0.0,0.0,0.0,0.0,0.0,0.0,0.0,0.0,0.0,0.0,0.0,1.0,1.3333333333333333,,0.0,0.0,0.0,0.0,0.0,0.0,0.0,0.0,0.0,0.0,1.0,0.0,0.0,0.0,0.0,0.0,0.0,0.0,0.0,0.0,0.0,0.0,0.0,0.0,0.0,0.0,0.0,0.0,0.0,0.0,0.0,0.0,0.0,0.0,0.0,0.0,0.0,0.0,0.0,0.0,0.0,0.0,0.0,0.0,0.0,0.0,0.0,0.0,0.0,0.0,0.0,0.0,0.0,0.0,0.0,0.0,0.0,0.0,0.0,0.0,0.0,0.0,0.0,0.0,3.0,0.0,0.0,0.0,0.0,0.0,0.0,0.0,0.0,0.0,0.0,0.0,0.0,0.0,0.0,0.0,0.0,0.0,0.0,0.0,0.0,0.0,0.0,0.0,0.0,0.0,0.0,0.0,1.24,0.0,0.0,0.0,0.0,0.0,0.0,0.0,0.0,0.0,0.0,0.0,0.0,0.0,2.584962500721156,1.6830127018922194,6.732050807568877,0.0,0.0,3.088,12.0
BrCc1ccccc1,6.628565160000001,0.0,6.0,-0.0173591182269398,-0.0003181304309825,0.0006416339126174,6.723504233790529e-05,51.25809079131541,11.69502693874548,78.9185180125704,-0.3587590463702723,0.2638579937342463,6.4920547900732615,9.129418551751424,0.0,0.0,0.0,5.0,1.0,1.0,0.0,0.0,0.75,0.0,0.0,0.1428571428571428,3.111111111111111,1.8,0.0,0.0,0.0,0.0,0.0,0.0,1.0,0.0,0.0,5.0,0.0,0.0,0.0,1.0,0.0,0.0,0.0,0.0,0.0,0.0,0.0,0.0,0.0,0.0,0.0,0.0,0.0,0.0,0.0,0.0,0.0,0.0,0.0,0.0,0.0,0.0,0.0,0.0,0.0,0.0,0.0,0.0,0.0,0.0,0.0,0.0,0.0,0.0,0.0,0.0,0.0,0.0,0.0,0.0,0.0,0.0,0.0,0.0,0.0,0.0,0.0,0.0,0.0,0.0,1.0,0.0,0.0,0.0,0.0,0.0,0.0,0.0,0.0,6.0,,0.0,0.0,0.0,0.0,7.732315986074721,0.0,0.0,0.0,0.0,0.0,0.0,0.0,0.0,0.0,0.0,0.0,0.0,2.12,1.0,0.0,1.0,1.0,1.0,0.0,0.0,0.0,1.0,0.0,0.0,0.0,0.0,4.0,1.9615831826636247,2.4524550452976723,0.0,0.0,2.8230000000000004,34.0
Br[C@@H]1CC[C@@H](Br)[C@@H](Br)CC[C@@H](Br)[C@@H](Br)CC[C@H]1Br,48.40819775999999,0.0,0.0,-0.0341124059373572,-0.073825614717474,0.0682248118747144,-0.0282063190273516,277.54854474789244,11.800911450058946,78.92353559286833,-0.2420250555030206,0.2602237194230052,8.803632279927058,13.163841696668952,0.0,0.0,0.0,0.0,0.0,0.0,12.0,0.0,0.6666666666666666,0.0,0.0,1.0,7.555555555555555,5.267489711934156,0.0,0.0,0.0,0.0,0.0,0.0,6.0,0.0,0.0,0.0,6.0,0.0,0.0,0.0,0.0,0.0,0.0,0.0,0.0,0.0,0.0,0.0,0.0,0.0,0.0,0.0,0.0,0.0,0.0,0.0,0.0,0.0,0.0,0.0,0.0,0.0,0.0,0.0,0.0,0.0,0.0,0.0,0.0,0.0,0.0,0.0,0.0,0.0,0.0,0.0,0.0,0.0,0.0,0.0,0.0,0.0,0.0,0.0,0.0,0.0,0.0,0.0,0.0,0.0,6.0,0.0,0.0,0.0,0.0,0.0,0.0,0.0,0.0,0.0,0.0,0.0,0.0,0.0,0.0,5.012437964687018,5.012437964687018,0.0,0.0,0.0,0.0,0.0,0.0,0.0,0.0,0.0,0.0,0.0,2.12,0.0,2.0,0.0,1.0,0.0,0.0,0.0,0.0,0.0,0.0,0.0,0.0,0.0,5.169925001442312,1.940149405422372,15.02697968783425,0.0,0.0,8.009999999999998,84.0
Br[C@@H]1CC[C@@H](Br)[C@@H](Br)CC[C@H](Br)[C@H](Br)CC[C@H]1Br,48.40819775999999,0.0,0.0,-0.0341124059373572,-0.073825614717474,0.0682248118747144,-0.0282063190273516,277.54854474789244,11.800911450058946,78.92353559286833,-0.2420250555030206,0.2602237194230052,8.803632279927058,13.163841696668952,0.0,0.0,0.0,0.0,0.0,0.0,12.0,0.0,0.6666666666666666,0.0,0.0,1.0,7.555555555555555,5.267489711934156,0.0,0.0,0.0,0.0,0.0,0.0,6.0,0.0,0.0,0.0,6.0,0.0,0.0,0.0,0.0,0.0,0.0,0.0,0.0,0.0,0.0,0.0,0.0,0.0,0.0,0.0,0.0,0.0,0.0,0.0,0.0,0.0,0.0,0.0,0.0,0.0,0.0,0.0,0.0,0.0,0.0,0.0,0.0,0.0,0.0,0.0,0.0,0.0,0.0,0.0,0.0,0.0,0.0,0.0,0.0,0.0,0.0,0.0,0.0,0.0,0.0,0.0,0.0,0.0,6.0,0.0,0.0,0.0,0.0,0.0,0.0,0.0,0.0,0.0,0.0,0.0,0.0,0.0,0.0,5.012437964687018,5.012437964687018,0.0,0.0,0.0,0.0,0.0,0.0,0.0,0.0,0.0,0.0,0.0,2.12,0.0,2.0,0.0,1.0,0.0,0.0,0.0,0.0,0.0,0.0,0.0,0.0,0.0,5.169925001442312,1.940149405422372,15.02697968783425,0.0,0.0,8.009999999999998,84.0
Br[C@@H]1CC[C@H](Br)[C@H](Br)CC[C@@H](Br)[C@@H](Br)CC[C@H]1Br,48.40819775999999,0.0,0.0,-0.0341124059373572,-0.073825614717474,0.0682248118747144,-0.0282063190273516,277.54854474789244,11.800911450058946,78.92353559286833,-0.2420250555030206,0.2602237194230052,8.803632279927058,13.163841696668952,0.0,0.0,0.0,0.0,0.0,0.0,12.0,0.0,0.6666666666666666,0.0,0.0,1.0,7.555555555555555,5.267489711934156,0.0,0.0,0.0,0.0,0.0,0.0,6.0,0.0,0.0,0.0,6.0,0.0,0.0,0.0,0.0,0.0,0.0,0.0,0.0,0.0,0.0,0.0,0.0,0.0,0.0,0.0,0.0,0.0,0.0,0.0,0.0,0.0,0.0,0.0,0.0,0.0,0.0,0.0,0.0,0.0,0.0,0.0,0.0,0.0,0.0,0.0,0.0,0.0,0.0,0.0,0.0,0.0,0.0,0.0,0.0,0.0,0.0,0.0,0.0,0.0,0.0,0.0,0.0,0.0,6.0,0.0,0.0,0.0,0.0,0.0,0.0,0.0,0.0,0.0,0.0,0.0,0.0,0.0,0.0,5.012437964687018,5.012437964687018,0.0,0.0,0.0,0.0,0.0,0.0,0.0,0.0,0.0,0.0,0.0,2.12,0.0,2.0,0.0,1.0,0.0,0.0,0.0,0.0,0.0,0.0,0.0,0.0,0.0,5.169925001442312,1.940149405422372,15.02697968783425,0.0,0.0,8.009999999999998,84.0
Brc1ccccc1,6.648146560000002,0.0,6.0,-0.0049083802696075,-0.002368791410465,-0.0001724124765298,-6.378122396693766e-06,50.25809079131541,11.700970523703448,78.91851800864276,-0.3450863455762504,0.2887662204024933,6.536473597312602,9.390067539691511,0.0,0.0,0.0,6.0,0.0,0.0,0.0,0.0,0.8571428571428571,0.0,0.0,0.0,2.34375,1.5,0.0,0.0,0.0,0.0,0.0,0.0,0.0,0.0,0.0,5.0,0.0,0.0,0.0,1.0,0.0,0.0,0.0,0.0,0.0,0.0,0.0,0.0,0.0,0.0,0.0,0.0,0.0,0.0,0.0,0.0,0.0,0.0,0.0,0.0,0.0,0.0,0.0,0.0,0.0,0.0,0.0,0.0,0.0,0.0,0.0,0.0,0.0,0.0,0.0,0.0,0.0,0.0,0.0,0.0,0.0,0.0,0.0,0.0,0.0,0.0,0.0,0.0,0.0,0.0,1.0,0.0,0.0,0.0,0.0,0.0,0.0,0.0,0.0,6.0,0.0,0.0,0.0,0.0,0.0,6.083643418932058,0.0,0.0,0.0,0.0,0.0,0.0,0.0,0.0,0.0,0.0,0.0,0.0,2.01,0.0,0.0,1.0,1.0,1.0,0.0,0.0,0.0,1.0,0.0,0.0,0.0,0.0,3.807354922057604,1.9538321886337693,2.4906965282222497,0.0,0.0,2.8200000000000003,30.0
C(CCCOCC1CO1)CCOCC1CO1,0.8230118399999978,0.0,0.0,-0.3342963205476273,-0.155052429184813,0.182991659365915,-0.0302103542609717,19.097876142163784,11.820346143344892,16.003369555345007,-0.4222288695677611,0.2656856101097992,4.596352190507217,7.42665855090126,0.0,0.0,0.0,0.0,0.0,6.0,6.0,0.0,1.0,4.0,0.0,1.0,7.35,7.058171745152355,0.0,0.0,0.0,0.0,0.0,0.0,10.0,0.0,0.0,0.0,2.0,0.0,0.0,0.0,0.0,0.0,0.0,0.0,0.0,0.0,0.0,0.0,0.0,0.0,0.0,0.0,0.0,0.0,0.0,0.0,4.0,0.0,0.0,0.0,0.0,0.0,0.0,0.0,0.0,0.0,0.0,0.0,0.0,0.0,0.0,0.0,0.0,0.0,0.0,0.0,0.0,0.0,0.0,0.0,0.0,0.0,0.0,0.0,0.0,0.0,0.0,0.0,0.0,0.0,0.0,0.0,0.0,0.0,0.0,0.0,0.0,0.0,0.0,0.0,6.0,0.0,0.0,0.0,0.0,11.739885361650286,0.0909090909090909,0.0,0.0,0.0,0.0,0.9104803978158382,0.0,0.0,0.0,0.0,0.0,0.0,2.3400000000000003,11.0,1.0,0.0,2.0,0.0,2.0,0.0,0.0,0.0,0.0,0.0,0.0,43.52,5.08746284125034,1.9634895425070609,11.465520083679184,11.465520083679184,0.0,0.5359999999999998,74.0
C/C=C/c1ccc(O)c(OC)c1,6.2510000400000045,0.0,6.0,-0.1013949996210656,-0.0569693319400181,0.0782366016557574,-0.0317416376621674,13.548938071081892,11.688260236980687,16.000928274837797,-0.4062226352028196,0.3553429108517304,4.858867339330044,8.998488643137108,0.0,0.0,0.0,7.0,1.0,1.0,0.0,0.0,0.5,1.0,1.0,0.2,4.888888888888889,2.7777777777777777,0.0,0.0,0.0,0.0,2.0,0.0,0.0,0.0,2.0,3.0,0.0,0.0,0.0,3.0,0.0,0.0,0.0,0.0,0.0,0.0,0.0,0.0,0.0,0.0,0.0,0.0,0.0,0.0,1.0,0.0,1.0,0.0,0.0,0.0,0.0,0.0,0.0,0.0,0.0,0.0,0.0,0.0,0.0,0.0,0.0,0.0,0.0,0.0,0.0,0.0,0.0,0.0,0.0,0.0,0.0,0.0,0.0,0.0,0.0,0.0,0.0,0.0,0.0,0.0,0.0,0.0,0.0,0.0,0.0,0.0,0.0,0.0,0.0,10.0,,0.1428571428571428,2.8448590323312564,1.6688179349970051,0.0,4.556553777464422,1.6509636244473134,0.0,0.0,0.0,0.3333333333333333,0.0,0.0,0.0,0.0,0.0,0.0,0.0,2.34,2.0,0.0,1.0,1.0,1.0,0.0,0.0,0.0,1.0,0.0,0.0,0.0,29.46,4.584962500721156,1.9522776681651093,5.304497096633204,5.304497096633204,0.0,2.724000000000001,54.0
C1=CCC=C1,1.93710724,0.0,0.0,-0.0020095932712012,0.0002125642185488,0.0,0.0,5.0,11.744435985604497,12.287516356655576,-0.3269050117266693,0.2219394599629058,6.112480325764087,6.681620662333325,0.0,0.0,0.0,4.0,0.0,0.0,1.0,0.0,1.0,0.0,0.0,0.2,1.44,0.64,0.0,0.0,0.0,0.0,0.0,0.0,1.0,0.0,4.0,0.0,0.0,0.0,0.0,0.0,0.0,0.0,0.0,0.0,0.0,0.0,0.0,0.0,0.0,0.0,0.0,0.0,0.0,0.0,0.0,0.0,0.0,0.0,0.0,0.0,0.0,0.0,0.0,0.0,0.0,0.0,0.0,0.0,0.0,0.0,0.0,0.0,0.0,0.0,0.0,0.0,0.0,0.0,0.0,0.0,0.0,0.0,0.0,0.0,0.0,0.0,0.0,0.0,0.0,0.0,0.0,0.0,0.0,0.0,0.0,0.0,0.0,0.0,0.0,4.0,0.0,0.0,0.0,0.0,0.0,7.071067811865476,0.0,0.0,0.0,0.0,0.0,0.0,0.0,0.0,0.0,0.0,0.0,0.0,2.01,0.0,0.0,0.0,1.0,0.0,0.0,0.0,1.0,0.0,0.0,0.0,0.0,0.0,3.321928094887362,1.9375,0.0,0.0,0.0,2.074,20.0
C1=CCCCC1,5.256014760000001,0.0,0.0,-0.0003615141169088,-0.001608360606502,0.0003615141169088,0.0,6.0,11.747609413090125,12.25544831406028,-0.3289935832792708,0.1853674630206099,6.354056231086484,6.890273003236338,0.0,0.0,0.0,2.0,0.0,0.0,4.0,0.0,1.0,0.0,0.0,0.6666666666666666,2.2222222222222223,1.3333333333333333,0.0,0.0,0.0,0.0,0.0,0.0,4.0,0.0,2.0,0.0,0.0,0.0,0.0,0.0,0.0,0.0,0.0,0.0,0.0,0.0,0.0,0.0,0.0,0.0,0.0,0.0,0.0,0.0,0.0,0.0,0.0,0.0,0.0,0.0,0.0,0.0,0.0,0.0,0.0,0.0,0.0,0.0,0.0,0.0,0.0,0.0,0.0,0.0,0.0,0.0,0.0,0.0,0.0,0.0,0.0,0.0,0.0,0.0,0.0,0.0,0.0,0.0,0.0,0.0,0.0,0.0,0.0,0.0,0.0,0.0,0.0,0.0,0.0,2.0,0.0,0.0,0.0,0.0,0.0,9.125465128398089,0.0,0.0,0.0,0.0,0.0,0.0,0.0,0.0,0.0,0.0,0.0,0.0,2.12,0.0,0.0,0.0,1.0,0.0,0.0,0.0,0.0,1.0,0.0,0.0,0.0,0.0,3.584962500721156,1.96875,0.0,0.0,0.0,2.898,24.0
C1=Cc2ccccc2C1,5.965317759999999,0.0,6.0,-0.0017948238970898,-6.050686478761933e-05,7.859114525562115e-05,6.96238287743013e-06,9.0,11.687689650481662,12.32843500750629,-0.3599963171830675,0.2839604743072728,6.68028865649371,8.882414378970342,0.0,0.0,0.0,6.0,2.0,0.0,1.0,0.0,1.0,0.0,0.0,0.1111111111111111,2.3195266272189348,0.9965397923875432,0.0,0.0,0.0,0.0,0.0,0.0,1.0,0.0,2.0,4.0,0.0,0.0,0.0,2.0,0.0,0.0,0.0,0.0,0.0,0.0,0.0,0.0,0.0,0.0,0.0,0.0,0.0,0.0,0.0,0.0,0.0,0.0,0.0,0.0,0.0,0.0,0.0,0.0,0.0,0.0,0.0,0.0,0.0,0.0,0.0,0.0,0.0,0.0,0.0,0.0,0.0,0.0,0.0,0.0,0.0,0.0,0.0,0.0,0.0,0.0,0.0,0.0,0.0,0.0,0.0,0.0,0.0,0.0,0.0,0.0,0.0,0.0,0.0,8.0,0.0,0.0,0.0,0.0,0.0,9.480406828316529,1.0,0.0,0.0,0.0,0.0,0.0,0.0,0.0,0.0,0.0,0.0,0.0,2.45,0.0,0.0,1.0,1.0,1.0,0.0,0.0,1.0,1.0,0.0,0.0,0.0,0.0,4.321928094887363,2.062117140363429,0.0,0.0,0.0,2.99,46.0
C1CCOC1,0.2616322499999995,0.0,0.0,-0.0895852055799421,0.0055741916092611,0.0,0.0,5.774469035540946,11.838814635113762,15.999922346305183,-0.4246599078397867,0.1797466272904961,4.969937859036362,5.918362198157489,0.0,0.0,0.0,0.0,0.0,2.0,2.0,0.0,1.0,1.0,0.0,1.0,1.44,0.64,0.0,0.0,0.0,0.0,0.0,0.0,4.0,0.0,0.0,0.0,0.0,0.0,0.0,0.0,0.0,0.0,0.0,0.0,0.0,0.0,0.0,0.0,0.0,0.0,0.0,0.0,0.0,0.0,0.0,0.0,1.0,0.0,0.0,0.0,0.0,0.0,0.0,0.0,0.0,0.0,0.0,0.0,0.0,0.0,0.0,0.0,0.0,0.0,0.0,0.0,0.0,0.0,0.0,0.0,0.0,0.0,0.0,0.0,0.0,0.0,0.0,0.0,0.0,0.0,0.0,0.0,0.0,0.0,0.0,0.0,0.0,0.0,0.0,0.0,4.0,0.0,0.0,0.0,0.0,4.242640687119286,0.0,0.0,0.0,0.0,0.0,0.0,0.0,0.0,0.0,0.0,0.0,0.0,1.7899999999999998,0.0,0.0,0.0,1.0,0.0,0.0,0.0,1.0,0.0,0.0,0.0,0.0,9.23,3.321928094887362,1.9375,2.875,2.875,0.0,0.5259999999999999,20.0
C1CCOOC1,2.2458019599999983,0.0,0.0,-0.0160779858214327,-0.0836360468371449,0.0160779858214327,0.0,7.548938071081892,11.838141581169866,16.09740989626244,-0.36072583678243,0.198265911430298,4.48165662981148,6.078189674337555,0.0,0.0,0.0,0.0,0.0,2.0,2.0,0.0,1.0,2.0,0.0,1.0,2.2222222222222223,1.3333333333333333,0.0,0.0,0.0,0.0,0.0,0.0,4.0,0.0,0.0,0.0,0.0,0.0,0.0,0.0,0.0,0.0,0.0,0.0,0.0,0.0,0.0,0.0,0.0,0.0,0.0,0.0,0.0,0.0,0.0,0.0,2.0,0.0,0.0,0.0,0.0,0.0,0.0,0.0,0.0,0.0,0.0,0.0,0.0,0.0,0.0,0.0,0.0,0.0,0.0,0.0,0.0,0.0,0.0,0.0,0.0,0.0,0.0,0.0,0.0,0.0,0.0,0.0,0.0,0.0,0.0,0.0,0.0,0.0,0.0,0.0,0.0,0.0,0.0,2.0,4.0,0.0,0.0,0.0,0.0,3.965406456500188,0.0,0.0,0.0,0.0,0.0,1.0,0.0,0.0,0.0,0.0,0.0,0.0,1.68,0.0,0.0,0.0,1.0,0.0,0.0,0.0,0.0,1.0,0.0,0.0,0.0,18.46,3.584962500721156,1.96875,5.875,5.875,0.0,0.6519999999999999,24.0
C1COCCN1,0.2788896099999998,0.0,0.0,-0.1254106749216492,-0.1127078490262622,0.1134938377448085,0.0,7.134449336817426,11.89293743284898,15.99992294277095,-0.4228587363498244,0.1818775388490885,5.285820858524279,6.148705782733791,1.0,0.0,0.0,0.0,0.0,4.0,0.0,0.0,1.0,2.0,1.0,1.0,2.2222222222222223,1.3333333333333333,0.0,0.0,0.0,0.0,0.0,0.0,4.0,0.0,0.0,0.0,0.0,0.0,0.0,0.0,0.0,0.0,0.0,0.0,0.0,1.0,0.0,0.0,0.0,0.0,0.0,0.0,0.0,0.0,0.0,0.0,1.0,0.0,0.0,0.0,0.0,0.0,0.0,0.0,0.0,0.0,0.0,0.0,0.0,0.0,0.0,0.0,0.0,0.0,0.0,0.0,0.0,0.0,0.0,0.0,0.0,0.0,0.0,0.0,0.0,0.0,0.0,0.0,0.0,0.0,0.0,0.0,0.0,0.0,0.0,0.0,0.0,0.0,0.0,0.0,2.0,0.0,0.0,0.0,0.0,3.3019272488946267,0.0,0.0,0.0,0.0,0.0,0.0,0.0,0.0,0.0,0.0,0.0,0.0,1.68,0.0,0.0,0.0,1.0,0.0,0.0,0.0,0.0,1.0,0.0,0.0,0.0,21.26,3.584962500721156,1.96875,5.875,2.9375,2.9375,-0.5760000000000001,24.0
C1COCCO1,0.0685392399999998,0.0,0.0,-0.181732883068654,-0.181732883068654,0.181732883068654,0.0,7.548938071081892,11.895217504624473,16.00114704641458,-0.4263497533723022,0.2076166044097556,5.080371339179632,5.53360696151866,0.0,0.0,0.0,0.0,0.0,4.0,0.0,0.0,1.0,2.0,0.0,1.0,2.2222222222222223,1.3333333333333333,0.0,0.0,0.0,0.0,0.0,0.0,4.0,0.0,0.0,0.0,0.0,0.0,0.0,0.0,0.0,0.0,0.0,0.0,0.0,0.0,0.0,0.0,0.0,0.0,0.0,0.0,0.0,0.0,0.0,0.0,2.0,0.0,0.0,0.0,0.0,0.0,0.0,0.0,0.0,0.0,0.0,0.0,0.0,0.0,0.0,0.0,0.0,0.0,0.0,0.0,0.0,0.0,0.0,0.0,0.0,0.0,0.0,0.0,0.0,0.0,0.0,0.0,0.0,0.0,0.0,0.0,0.0,0.0,0.0,0.0,0.0,0.0,0.0,0.0,2.0,0.0,0.0,0.0,0.0,3.3019272488946267,0.0,0.0,0.0,0.0,0.0,0.3333333333333333,0.0,0.0,0.0,0.0,0.0,0.0,1.68,0.0,0.0,0.0,1.0,0.0,0.0,0.0,0.0,1.0,0.0,0.0,0.0,18.46,3.584962500721156,1.96875,5.875,5.875,0.0,-0.38,24.0
C=C(C)C(=O)O,0.8355788100000004,1.0,0.0,-0.1129607383318884,0.0317592631388701,-0.0153477143090352,0.0,7.548938071081892,11.74249858161821,16.009787737175667,-0.3773700557072006,0.4058400790008682,3.789684764802362,6.871874302867953,0.0,0.0,2.0,0.0,1.0,1.0,0.0,0.0,0.0,2.0,1.0,0.25,2.2222222222222223,3.0,0.0,0.0,0.0,0.0,1.0,1.0,0.0,0.0,0.0,0.0,0.0,0.0,2.0,0.0,0.0,0.0,0.0,0.0,0.0,0.0,0.0,0.0,0.0,0.0,0.0,0.0,0.0,0.0,1.0,1.0,0.0,0.0,0.0,0.0,0.0,0.0,0.0,0.0,0.0,0.0,0.0,0.0,0.0,0.0,0.0,0.0,0.0,0.0,0.0,0.0,0.0,0.0,0.0,0.0,0.0,0.0,0.0,0.0,0.0,0.0,0.0,0.0,0.0,0.0,0.0,0.0,0.0,0.0,0.0,0.0,0.0,0.0,0.0,5.0,3.0,0.4999999999999999,0.0,2.8284271247461903,0.0,0.0,1.0,0.0,0.0,0.4999999999999999,0.0,0.0,0.0,0.0,0.0,0.0,0.0,0.0,1.68,1.0,0.0,0.0,0.0,0.0,0.0,0.0,0.0,0.0,0.0,0.0,0.0,37.3,3.321928094887362,1.7539409800204089,4.650711828950112,4.650711828950112,0.0,0.3929999999999999,22.0
C=C(C)C(=O)OC,1.357458009999999,0.0,0.0,-0.2027952570554064,0.1186852657222373,-0.06150695304625,0.0070178505625033,8.548938071081892,11.742538672049085,16.010023720784126,-0.381322900441484,0.4063148025890788,4.107276849817902,7.186478279895958,0.0,0.0,2.0,0.0,1.0,1.0,0.0,0.0,0.0,2.0,0.0,0.4,3.061224489795918,2.6666666666666665,0.0,0.0,0.0,0.0,2.0,1.0,0.0,0.0,0.0,0.0,0.0,0.0,2.0,0.0,0.0,0.0,0.0,0.0,0.0,0.0,0.0,0.0,0.0,0.0,0.0,0.0,0.0,0.0,0.0,1.0,1.0,0.0,0.0,0.0,0.0,0.0,0.0,0.0,0.0,0.0,0.0,0.0,0.0,0.0,0.0,0.0,0.0,0.0,0.0,0.0,0.0,0.0,0.0,0.0,0.0,0.0,0.0,0.0,0.0,0.0,0.0,0.0,0.0,0.0,0.0,0.0,0.0,0.0,0.0,0.0,0.0,0.0,0.0,5.0,3.0,0.944940787421155,0.0,3.532775529001442,0.0,0.0,1.0,0.0,0.0,0.0,0.4999999999999999,0.0,0.0,0.0,0.0,0.0,0.0,0.0,1.7899999999999998,2.0,0.0,0.0,0.0,0.0,0.0,0.0,0.0,0.0,0.0,0.0,0.0,26.3,3.584962500721156,1.7864632655260684,5.038666444001462,5.038666444001462,0.0,0.714,26.0
C=C(CC)C(=O)c1ccc(OCC(=O)O)c(Cl)c1Cl,17.239103999999994,1.0,6.0,-0.1993298411658723,-0.2069137251203168,0.1752520368993199,0.0142864125456887,37.52377595786135,11.691936321719952,34.97039415256328,-0.3861204852298842,0.4157362239256615,3.696139976637136,11.143833310575548,0.0,0.0,2.0,6.0,2.0,2.0,1.0,0.0,0.3157894736842105,3.0,1.0,0.2307692307692307,7.695266272189349,4.5,0.0,0.0,0.0,0.0,1.0,1.0,2.0,0.0,0.0,2.0,0.0,0.0,3.0,4.0,0.0,0.0,0.0,0.0,0.0,0.0,0.0,0.0,0.0,0.0,0.0,0.0,0.0,0.0,1.0,2.0,1.0,0.0,0.0,0.0,0.0,0.0,0.0,0.0,0.0,0.0,0.0,0.0,0.0,0.0,0.0,0.0,0.0,0.0,2.0,0.0,0.0,0.0,0.0,0.0,0.0,0.0,0.0,0.0,0.0,0.0,0.0,0.0,0.0,0.0,0.0,0.0,0.0,0.0,0.0,0.0,0.0,0.0,0.0,11.0,,0.3333333333333333,1.9320829551771204,3.451316459767812,0.0,1.701901334924234,7.963811952022753,0.0,0.0,0.5503212081491045,0.7937005259840998,0.0,0.0,0.0,0.0,0.0,0.0,0.0,2.2299999999999995,6.0,0.0,1.0,1.0,1.0,0.0,0.0,0.0,1.0,0.0,0.0,0.0,63.60000000000001,5.247927513443585,1.9352246244817848,15.387109253452367,10.30163682048214,0.0,3.337,90.0
C=C(Cl)Cl,2.849344,0.0,0.0,-0.0317894134908627,0.0032026252192978,0.0,0.0,19.42589981569756,11.789486805487927,34.97090653678426,-0.2450807681090132,0.3318831846054715,5.76184629388562,7.858804246534603,0.0,0.0,2.0,0.0,0.0,0.0,0.0,0.0,0.0,0.0,0.0,0.0,1.3333333333333333,,0.0,0.0,0.0,0.0,0.0,1.0,0.0,0.0,0.0,0.0,0.0,0.0,1.0,0.0,0.0,0.0,0.0,0.0,0.0,0.0,0.0,0.0,0.0,0.0,0.0,0.0,0.0,0.0,0.0,0.0,0.0,0.0,0.0,0.0,0.0,0.0,0.0,0.0,0.0,0.0,0.0,0.0,0.0,0.0,0.0,0.0,0.0,0.0,2.0,0.0,0.0,0.0,0.0,0.0,0.0,0.0,0.0,0.0,0.0,0.0,0.0,0.0,0.0,0.0,0.0,0.0,0.0,0.0,0.0,0.0,0.0,0.0,0.0,2.0,2.0,0.0,0.0,1.0,0.0,0.0,0.0,0.0,0.0,0.0,0.0,0.0,0.0,0.0,0.0,0.0,0.0,0.0,1.46,0.0,0.0,0.0,0.0,0.0,0.0,0.0,0.0,0.0,0.0,0.0,0.0,0.0,2.584962500721156,1.6830127018922194,4.4880338717125845,0.0,0.0,1.933,12.0
C=CC#N,0.5508608399999999,0.0,0.0,-0.0246754563705604,-0.020829883415517,-0.0032704575366196,0.0,4.35998030127648,11.76316031296596,14.050081153992236,-0.4331369141478479,0.3476007541812988,3.515518583818164,5.412056912125593,0.0,0.0,1.0,1.0,0.0,0.0,0.0,0.0,0.0,1.0,0.0,0.0,3.0,4.0,0.0,0.0,0.0,0.0,0.0,1.0,0.0,0.0,1.0,0.0,0.0,0.0,0.0,0.0,0.0,0.0,0.0,0.0,0.0,0.0,0.0,1.0,0.0,0.0,0.0,0.0,0.0,0.0,0.0,0.0,0.0,0.0,0.0,0.0,0.0,0.0,0.0,0.0,0.0,0.0,0.0,0.0,0.0,0.0,0.0,0.0,0.0,0.0,0.0,0.0,0.0,0.0,0.0,0.0,0.0,0.0,0.0,0.0,0.0,0.0,0.0,0.0,0.0,0.0,0.0,0.0,0.0,0.0,0.0,0.0,0.0,0.0,0.0,4.0,3.0,0.0,1.4142135623730951,0.0,0.0,1.0,0.0,0.0,0.0,0.0,0.0,0.0,0.0,0.0,0.0,0.0,0.0,0.0,1.68,0.0,0.0,0.0,0.0,0.0,0.0,0.0,0.0,0.0,0.0,0.0,0.0,23.79,2.584962500721156,1.717830085889911,2.310660171779821,0.0,2.310660171779821,0.3200000000000002,10.0
C=CC(=C)Cl,3.1815856900000017,0.0,0.0,-0.0081307044679455,-0.0044072596893191,-0.0001624408469492,0.0,12.71294990784878,11.734560591495992,34.96937978382829,-0.3170792441468853,0.2738792577428476,5.394992443961937,7.961332023757164,0.0,0.0,2.0,2.0,0.0,0.0,0.0,0.0,0.0,0.0,0.0,0.0,2.25,4.0,0.0,0.0,0.0,0.0,0.0,2.0,0.0,0.0,1.0,0.0,0.0,0.0,1.0,0.0,0.0,0.0,0.0,0.0,0.0,0.0,0.0,0.0,0.0,0.0,0.0,0.0,0.0,0.0,0.0,0.0,0.0,0.0,0.0,0.0,0.0,0.0,0.0,0.0,0.0,0.0,0.0,0.0,0.0,0.0,0.0,0.0,0.0,0.0,1.0,0.0,0.0,0.0,0.0,0.0,0.0,0.0,0.0,0.0,0.0,0.0,0.0,0.0,0.0,0.0,0.0,0.0,0.0,0.0,0.0,0.0,0.0,0.0,0.0,4.0,4.0,0.3333333333333333,1.4142135623730951,1.4142135623730951,0.0,0.0,0.0,0.0,0.0,0.0,0.0,0.0,0.0,0.0,0.0,0.0,0.0,0.0,1.7899999999999998,1.0,0.0,0.0,0.0,0.0,0.0,0.0,0.0,0.0,0.0,0.0,0.0,0.0,3.0,1.739360386416435,2.313052529585142,0.0,0.0,1.689,16.0
C=CC(=O)O,0.2187432899999999,1.0,0.0,-0.1066097532795631,0.010361997580662,-0.0023957960656866,0.0,6.548938071081892,11.76652154026928,16.009787079556233,-0.377290751268343,0.3995286668186526,3.464979817311951,5.625938103896467,0.0,0.0,2.0,1.0,0.0,0.0,0.0,0.0,0.0,2.0,1.0,0.0,2.25,4.0,0.0,0.0,0.0,0.0,0.0,1.0,0.0,0.0,1.0,0.0,0.0,0.0,1.0,0.0,0.0,0.0,0.0,0.0,0.0,0.0,0.0,0.0,0.0,0.0,0.0,0.0,0.0,0.0,1.0,1.0,0.0,0.0,0.0,0.0,0.0,0.0,0.0,0.0,0.0,0.0,0.0,0.0,0.0,0.0,0.0,0.0,0.0,0.0,0.0,0.0,0.0,0.0,0.0,0.0,0.0,0.0,0.0,0.0,0.0,0.0,0.0,0.0,0.0,0.0,0.0,0.0,0.0,0.0,0.0,0.0,0.0,0.0,0.0,5.0,3.0,0.0,1.0,0.4999999999999999,0.0,0.0,0.0,0.0,0.0,0.4999999999999999,0.0,0.0,0.0,0.0,0.0,0.0,0.0,0.0,1.57,1.0,0.0,0.0,0.0,0.0,0.0,0.0,0.0,0.0,0.0,0.0,0.0,37.3,3.0,1.739360386416435,4.626105059170284,4.626105059170284,0.0,0.212,16.0
C=CC(=O)OC,0.5165296899999994,0.0,0.0,-0.1978834080071021,0.09485524582286,-0.0385720105279089,0.0010858937877954,7.548938071081892,11.766569858109298,16.010023038594845,-0.3813305377387452,0.4000112720851332,3.783803794920826,5.970114268364432,0.0,0.0,2.0,1.0,0.0,0.0,0.0,0.0,0.0,2.0,0.0,0.25,3.2,3.0,0.0,0.0,0.0,0.0,1.0,1.0,0.0,0.0,1.0,0.0,0.0,0.0,1.0,0.0,0.0,0.0,0.0,0.0,0.0,0.0,0.0,0.0,0.0,0.0,0.0,0.0,0.0,0.0,0.0,1.0,1.0,0.0,0.0,0.0,0.0,0.0,0.0,0.0,0.0,0.0,0.0,0.0,0.0,0.0,0.0,0.0,0.0,0.0,0.0,0.0,0.0,0.0,0.0,0.0,0.0,0.0,0.0,0.0,0.0,0.0,0.0,0.0,0.0,0.0,0.0,0.0,0.0,0.0,0.0,0.0,0.0,0.0,0.0,5.0,3.0,0.25,1.1547005383792517,0.9999999999999998,0.0,0.0,0.0,0.0,0.0,0.0,0.4999999999999999,0.0,0.0,0.0,0.0,0.0,0.0,0.0,1.68,2.0,0.0,0.0,0.0,0.0,0.0,0.0,0.0,0.0,0.0,0.0,0.0,26.3,3.321928094887362,1.779308466033326,5.017663252224342,5.017663252224342,0.0,0.5329999999999999,20.0
C=CC(=O)OCC,1.1395562500000005,0.0,0.0,-0.18397363565766,0.0750105707681812,-0.0217447996998791,-0.0059406423412208,8.548938071081892,11.76656900958162,16.009870613252538,-0.3775166746240027,0.4002701973847198,3.942638888766851,6.20124069613769,0.0,0.0,2.0,1.0,0.0,2.0,0.0,0.0,0.0,2.0,0.0,0.4,4.166666666666667,3.84,0.0,0.0,0.0,0.0,1.0,1.0,1.0,0.0,1.0,0.0,0.0,0.0,1.0,0.0,0.0,0.0,0.0,0.0,0.0,0.0,0.0,0.0,0.0,0.0,0.0,0.0,0.0,0.0,0.0,1.0,1.0,0.0,0.0,0.0,0.0,0.0,0.0,0.0,0.0,0.0,0.0,0.0,0.0,0.0,0.0,0.0,0.0,0.0,0.0,0.0,0.0,0.0,0.0,0.0,0.0,0.0,0.0,0.0,0.0,0.0,0.0,0.0,0.0,0.0,0.0,0.0,0.0,0.0,0.0,0.0,0.0,0.0,0.0,5.0,3.0,0.1999999999999999,2.0,0.8164965809277259,0.0,0.3333333333333333,0.0,0.0,0.0,0.0,0.4999999999999999,0.0,0.0,0.0,0.0,0.0,0.0,0.0,1.7899999999999998,3.0,0.0,0.0,0.0,0.0,0.0,0.0,0.0,0.0,0.0,0.0,0.0,26.3,3.584962500721156,1.809339318322692,5.198627658495493,5.198627658495493,0.0,0.956,24.0
C=CC(=O)OCC(CC)CCCC,13.952466090000003,0.0,0.0,-0.1845593070026944,0.0773177518423653,-0.0247793797551178,-0.0034572976699054,14.548938071081892,11.766568243373118,16.00987379344217,-0.3770002472667285,0.4004166993604127,4.210171327758237,8.98521184307155,0.0,0.0,2.0,1.0,0.0,3.0,4.0,0.0,0.0,2.0,0.0,0.7272727272727273,8.591715976331361,7.100591715976331,0.0,0.0,0.0,0.0,2.0,1.0,5.0,0.0,1.0,0.0,1.0,0.0,1.0,0.0,0.0,0.0,0.0,0.0,0.0,0.0,0.0,0.0,0.0,0.0,0.0,0.0,0.0,0.0,0.0,1.0,1.0,0.0,0.0,0.0,0.0,0.0,0.0,0.0,0.0,0.0,0.0,0.0,0.0,0.0,0.0,0.0,0.0,0.0,0.0,0.0,0.0,0.0,0.0,0.0,0.0,0.0,0.0,0.0,0.0,0.0,0.0,0.0,0.0,0.0,0.0,0.0,0.0,0.0,0.0,0.0,0.0,0.0,0.0,5.0,7.0,0.4149132666831218,4.996348853767224,1.5981771308421011,0.0,5.2324496401603104,0.3333333333333333,0.0,0.0,0.0,0.4999999999999999,0.0,0.0,0.0,0.0,0.0,0.0,0.0,2.45,8.0,0.0,0.0,0.0,0.0,0.0,0.0,0.0,0.0,0.0,0.0,0.0,26.3,4.584962500721156,1.8841732931820707,5.388177437725302,5.388177437725302,0.0,3.887,50.0
C=CC(=O)OCCCC,4.191846759999999,0.0,0.0,-0.184270479846102,0.0762014876823447,-0.0233153303826928,-0.0046557893674217,10.548938071081892,11.76656886270587,16.009871552865587,-0.377149273308371,0.4003181270321717,4.061609205877243,6.687142605785664,0.0,0.0,2.0,1.0,0.0,2.0,2.0,0.0,0.0,2.0,0.0,0.5714285714285714,6.125,5.877551020408164,0.0,0.0,0.0,0.0,1.0,1.0,3.0,0.0,1.0,0.0,0.0,0.0,1.0,0.0,0.0,0.0,0.0,0.0,0.0,0.0,0.0,0.0,0.0,0.0,0.0,0.0,0.0,0.0,0.0,1.0,1.0,0.0,0.0,0.0,0.0,0.0,0.0,0.0,0.0,0.0,0.0,0.0,0.0,0.0,0.0,0.0,0.0,0.0,0.0,0.0,0.0,0.0,0.0,0.0,0.0,0.0,0.0,0.0,0.0,0.0,0.0,0.0,0.0,0.0,0.0,0.0,0.0,0.0,0.0,0.0,0.0,0.0,0.0,5.0,4.0,0.1428571428571428,2.809664852122232,0.6324555320336759,0.0,2.701599969404812,0.0,0.0,0.0,0.0,0.4999999999999999,0.0,0.0,0.0,0.0,0.0,0.0,0.0,2.01,5.0,0.0,0.0,0.0,0.0,0.0,0.0,0.0,0.0,0.0,0.0,0.0,26.3,4.0,1.8508353947003344,5.334350963198856,5.334350963198856,0.0,1.883,32.0
C=CC=O,0.2653280099999999,0.0,0.0,-0.0556201117390474,-0.0122001171813808,-0.0010367648742716,0.0,4.774469035540946,11.766805489421095,16.005933499625666,-0.3890734880871462,0.2743674540083587,3.213891913843532,5.378849317851146,0.0,0.0,2.0,1.0,0.0,0.0,0.0,0.0,0.0,1.0,0.0,0.0,3.0,4.0,0.0,0.0,0.0,0.0,0.0,1.0,0.0,0.0,2.0,0.0,0.0,0.0,0.0,0.0,0.0,0.0,0.0,0.0,0.0,0.0,0.0,0.0,0.0,0.0,0.0,0.0,0.0,0.0,0.0,1.0,0.0,0.0,0.0,0.0,0.0,0.0,0.0,0.0,0.0,0.0,0.0,0.0,0.0,0.0,0.0,0.0,0.0,0.0,0.0,0.0,0.0,0.0,0.0,0.0,0.0,0.0,0.0,0.0,0.0,0.0,0.0,0.0,0.0,0.0,0.0,0.0,0.0,0.0,0.0,0.0,0.0,0.0,0.0,4.0,3.0,0.0,1.4142135623730951,0.0,0.0,1.0,0.0,0.0,0.0,0.0,0.0,0.0,0.0,0.0,0.0,0.0,0.0,0.0,1.68,1.0,0.0,0.0,0.0,0.0,0.0,0.0,0.0,0.0,0.0,0.0,0.0,17.07,2.584962500721156,1.717830085889911,2.310660171779821,2.310660171779821,0.0,0.293,10.0
C=CCO,0.0669774400000002,0.0,0.0,-0.0430506275710028,-0.0024956936427095,0.0004725975007321,0.0,4.774469035540946,11.76753013520731,15.997945073336094,-0.4194166396425578,0.1860901645024304,3.714466506865364,5.477150030761439,0.0,0.0,1.0,1.0,0.0,1.0,0.0,0.0,0.0,1.0,1.0,0.3333333333333333,3.0,4.0,0.0,0.0,0.0,0.0,0.0,1.0,1.0,0.0,1.0,0.0,0.0,0.0,0.0,0.0,0.0,0.0,0.0,0.0,0.0,0.0,0.0,0.0,0.0,0.0,0.0,0.0,0.0,0.0,1.0,0.0,0.0,0.0,0.0,0.0,0.0,0.0,0.0,0.0,0.0,0.0,0.0,0.0,0.0,0.0,0.0,0.0,0.0,0.0,0.0,0.0,0.0,0.0,0.0,0.0,0.0,0.0,0.0,0.0,0.0,0.0,0.0,0.0,0.0,0.0,0.0,0.0,0.0,0.0,0.0,0.0,0.0,0.0,0.0,2.0,3.0,0.0,1.4142135623730951,0.0,0.0,1.0,0.0,0.0,0.0,0.0,0.0,0.0,0.0,0.0,0.0,0.0,0.0,0.0,1.68,1.0,0.0,0.0,0.0,0.0,0.0,0.0,0.0,0.0,0.0,0.0,0.0,20.23,2.584962500721156,1.717830085889911,2.310660171779821,2.310660171779821,0.0,0.1159999999999999,10.0
C=CCOc1ccccc1OCC(O)CNC(C)C,4.983609759999991,0.0,6.0,-0.1933780166917844,-0.1986181971767112,0.2219348394241409,-0.0137607205628363,21.68338740789932,11.70022540459253,16.001789509049875,-0.4162966383572871,0.3524426354766611,5.061462496423696,8.963946504904019,1.0,0.0,1.0,7.0,0.0,5.0,2.0,0.0,0.3157894736842105,2.0,2.0,0.4666666666666667,9.833648393194707,7.3728,0.0,0.0,0.0,0.0,2.0,1.0,3.0,0.0,1.0,4.0,2.0,0.0,0.0,2.0,0.0,0.0,0.0,0.0,0.0,1.0,0.0,0.0,0.0,0.0,0.0,0.0,0.0,0.0,1.0,0.0,2.0,0.0,0.0,0.0,0.0,0.0,0.0,0.0,0.0,0.0,0.0,0.0,0.0,0.0,0.0,0.0,0.0,0.0,0.0,0.0,0.0,0.0,0.0,0.0,0.0,0.0,0.0,0.0,0.0,0.0,0.0,0.0,0.0,0.0,0.0,0.0,0.0,0.0,0.0,0.0,0.0,0.0,0.0,8.0,3.0,0.454280148208035,3.7823244816741206,2.6122446837563817,0.0,7.9930560763117375,1.7710301384923586,0.0,0.0,0.0,0.4714045207910317,0.3333333333333333,0.0,0.0,0.0,0.0,0.0,0.0,2.67,9.0,0.0,1.0,1.0,1.0,0.0,0.0,0.0,1.0,0.0,0.0,0.0,50.72,5.247927513443585,1.961172293743228,11.467781099833584,8.596018169818425,2.8717629300151613,2.024,84.0
C=CCc1ccc(O)c(OC)c1,6.52342681,0.0,6.0,-0.103525605192621,-0.0580437722807319,0.0903032771157843,-0.0405659062338547,13.548938071081892,11.692698284439883,16.00092827415766,-0.4063564724132407,0.3534692633042834,4.853561317249635,8.917892743989979,0.0,0.0,1.0,6.0,1.0,0.0,1.0,0.0,0.5,1.0,1.0,0.2,4.888888888888889,2.7777777777777777,0.0,0.0,0.0,0.0,1.0,1.0,1.0,0.0,1.0,3.0,0.0,0.0,0.0,3.0,0.0,0.0,0.0,0.0,0.0,0.0,0.0,0.0,0.0,0.0,0.0,0.0,0.0,0.0,1.0,0.0,1.0,0.0,0.0,0.0,0.0,0.0,0.0,0.0,0.0,0.0,0.0,0.0,0.0,0.0,0.0,0.0,0.0,0.0,0.0,0.0,0.0,0.0,0.0,0.0,0.0,0.0,0.0,0.0,0.0,0.0,0.0,0.0,0.0,0.0,0.0,0.0,0.0,0.0,0.0,0.0,0.0,0.0,0.0,8.0,,0.1428571428571428,2.8448590323312564,1.6688179349970051,0.0,4.556553777464422,1.6509636244473134,0.0,0.0,0.0,0.3333333333333333,0.0,0.0,0.0,0.0,0.0,0.0,0.0,2.34,3.0,0.0,1.0,1.0,1.0,0.0,0.0,0.0,1.0,0.0,0.0,0.0,29.46,4.584962500721156,1.9522776681651093,5.304497096633204,5.304497096633204,0.0,2.556000000000001,54.0
C=CCc1ccccc1OCC(O)CNC(C)C,6.969072009999997,0.0,6.0,-0.1102941696613608,-0.1406754737913114,0.0629945926638875,0.0895712419964483,19.90891837235837,11.69302277241395,16.000463599326554,-0.416478726029192,0.3109722932673855,5.119121679355263,9.50736060039351,1.0,0.0,1.0,6.0,1.0,4.0,3.0,0.0,0.3333333333333333,2.0,2.0,0.4666666666666667,8.991735537190083,6.666666666666667,0.0,0.0,0.0,0.0,2.0,1.0,3.0,0.0,1.0,4.0,2.0,0.0,0.0,2.0,0.0,0.0,0.0,0.0,0.0,1.0,0.0,0.0,0.0,0.0,0.0,0.0,0.0,0.0,1.0,0.0,1.0,0.0,0.0,0.0,0.0,0.0,0.0,0.0,0.0,0.0,0.0,0.0,0.0,0.0,0.0,0.0,0.0,0.0,0.0,0.0,0.0,0.0,0.0,0.0,0.0,0.0,0.0,0.0,0.0,0.0,0.0,0.0,0.0,0.0,0.0,0.0,0.0,0.0,0.0,0.0,0.0,0.0,0.0,7.0,,0.4814111366353723,4.012064506410195,2.778326635588418,0.0,8.837925069618473,1.7710301384923586,0.0,0.0,0.0,0.3333333333333333,0.0,0.0,0.0,0.0,0.0,0.0,0.0,2.78,8.0,0.0,1.0,1.0,1.0,0.0,0.0,0.0,1.0,0.0,0.0,0.0,41.49,5.169925001442312,1.9586629459782832,8.44940071115045,5.577817873175209,2.871582837975237,2.8440000000000003,80.0
C=COC(C)=O,0.01108809,0.0,0.0,-0.1497240575524523,0.0409824801644065,-0.0115832205917225,-0.0046212611003712,7.548938071081892,11.788812063180838,16.009874346263633,-0.3728820359265115,0.3813272862418423,3.581926926951788,5.63603485591177,0.0,0.0,3.0,0.0,0.0,1.0,0.0,0.0,0.0,2.0,0.0,0.25,3.2,5.333333333333333,0.0,0.0,0.0,0.0,1.0,1.0,0.0,0.0,1.0,0.0,0.0,0.0,1.0,0.0,0.0,0.0,0.0,0.0,0.0,0.0,0.0,0.0,0.0,0.0,0.0,0.0,0.0,0.0,0.0,1.0,1.0,0.0,0.0,0.0,0.0,0.0,0.0,0.0,0.0,0.0,0.0,0.0,0.0,0.0,0.0,0.0,0.0,0.0,0.0,0.0,0.0,0.0,0.0,0.0,0.0,0.0,0.0,0.0,0.0,0.0,0.0,0.0,0.0,0.0,0.0,0.0,0.0,0.0,0.0,0.0,0.0,0.0,0.0,5.0,2.0,0.25,1.1547005383792517,1.1547005383792517,0.0,0.0,0.0,0.0,0.0,0.0,0.4999999999999999,0.0,0.0,0.0,0.0,0.0,0.0,0.0,1.68,2.0,0.0,0.0,0.0,0.0,0.0,0.0,0.0,0.0,0.0,0.0,0.0,26.3,3.321928094887362,1.7798629157231376,5.080776528297735,5.080776528297735,0.0,0.694,20.0
C=O,0.78163281,0.0,0.0,-0.0784795806602739,0.0,0.0,0.0,2.774469035540946,11.988991302004736,16.005923317995265,-0.394532110757527,0.1945529043609282,2.1249439634677643,2.696056036532237,0.0,0.0,0.0,0.0,0.0,0.0,0.0,0.0,0.0,1.0,0.0,0.0,0.0,0.0,0.0,0.0,0.0,0.0,0.0,1.0,0.0,0.0,0.0,0.0,0.0,0.0,0.0,0.0,0.0,0.0,0.0,0.0,0.0,0.0,0.0,0.0,0.0,0.0,0.0,0.0,0.0,0.0,0.0,1.0,0.0,0.0,0.0,0.0,0.0,0.0,0.0,0.0,0.0,0.0,0.0,0.0,0.0,0.0,0.0,0.0,0.0,0.0,0.0,0.0,0.0,0.0,0.0,0.0,0.0,0.0,0.0,0.0,0.0,0.0,0.0,0.0,0.0,0.0,0.0,0.0,0.0,0.0,0.0,0.0,0.0,0.0,0.0,1.0,0.0,0.0,0.0,0.0,0.0,0.0,0.0,0.0,0.0,0.0,0.0,0.0,0.0,0.0,0.0,0.0,0.0,0.0,1.46,0.0,0.0,0.0,0.0,0.0,0.0,0.0,0.0,0.0,0.0,0.0,0.0,17.07,1.0,1.5,2.0,2.0,0.0,0.0209999999999999,2.0
CC#N,0.0019891599999999,0.0,0.0,-0.0162379679527549,-0.0351814183541907,0.0,0.0,3.3599803012764804,11.86539120700143,14.0501018258916,-0.443880501020806,0.3194193604820773,3.0862612328590764,4.193555663420465,0.0,0.0,0.0,0.0,0.0,1.0,0.0,0.0,0.0,1.0,0.0,1.0,2.0,0.0,0.0,0.0,0.0,0.0,1.0,0.0,0.0,0.0,0.0,0.0,0.0,0.0,0.0,0.0,0.0,0.0,0.0,0.0,0.0,0.0,0.0,1.0,0.0,0.0,0.0,0.0,0.0,0.0,0.0,0.0,0.0,0.0,0.0,0.0,0.0,0.0,0.0,0.0,0.0,0.0,0.0,0.0,0.0,0.0,0.0,0.0,0.0,0.0,0.0,0.0,0.0,0.0,0.0,0.0,0.0,0.0,0.0,0.0,0.0,0.0,0.0,0.0,0.0,0.0,0.0,0.0,0.0,0.0,0.0,0.0,0.0,0.0,0.0,1.0,2.0,0.0,1.0,0.0,0.0,0.0,0.0,0.0,0.0,0.0,0.0,0.0,0.0,0.0,0.0,0.0,0.0,0.0,1.5699999999999998,0.0,0.0,0.0,0.0,0.0,0.0,0.0,0.0,0.0,0.0,0.0,0.0,23.79,2.0,1.638071187457698,2.2071067811865475,0.0,2.2071067811865475,0.031,6.0
CC(=O)/C=C/c1ccccc1,3.564921609999998,0.0,6.0,-0.0304692840861755,-0.0305662372319985,-0.00064869904722,-2.216194058102271e-05,11.774469035540946,11.688887727817502,16.00594673839757,-0.3888733147432249,0.316209817101009,4.261736773199155,8.857871249734634,0.0,0.0,0.0,8.0,1.0,1.0,0.0,0.0,0.5454545454545454,1.0,0.0,0.1,4.792899408284024,3.78698224852071,0.0,0.0,0.0,0.0,1.0,0.0,0.0,0.0,2.0,5.0,0.0,0.0,1.0,1.0,0.0,0.0,0.0,0.0,0.0,0.0,0.0,0.0,0.0,0.0,0.0,0.0,0.0,0.0,0.0,1.0,0.0,0.0,0.0,0.0,0.0,0.0,0.0,0.0,0.0,0.0,0.0,0.0,0.0,0.0,0.0,0.0,0.0,0.0,0.0,0.0,0.0,0.0,0.0,0.0,0.0,0.0,0.0,0.0,0.0,0.0,0.0,0.0,0.0,0.0,0.0,0.0,0.0,0.0,0.0,0.0,0.0,0.0,0.0,10.0,,0.0,1.552997083161171,0.9999999999999998,0.0,9.563073857754226,0.3333333333333333,0.0,0.0,0.0,0.0,0.0,0.0,0.0,0.0,0.0,0.0,0.0,2.45,2.0,0.0,1.0,1.0,1.0,0.0,0.0,0.0,1.0,0.0,0.0,0.0,17.07,4.459431618637298,1.9580342953034109,2.38846170380142,2.38846170380142,0.0,2.171,48.0
CC(=O)C(Cl)(Cl)Cl,2.057216489999999,0.0,0.0,-0.0819427821552855,-0.1257865140412719,0.0690556822254079,0.0,30.91331875908729,11.846138992488484,34.9724334180427,-0.3760956299397166,0.4518676018470682,4.9393488986883245,10.541480293259202,0.0,0.0,0.0,1.0,0.0,2.0,0.0,0.2886751345948129,0.0,1.0,0.0,0.6666666666666666,1.851851851851852,2.6666666666666665,0.0,0.0,0.0,0.0,1.0,0.0,0.0,0.0,0.0,0.0,0.0,0.0,1.0,0.0,0.0,0.0,0.0,0.0,0.0,0.0,0.0,0.0,0.0,0.0,0.0,0.0,0.0,0.0,0.0,1.0,0.0,0.0,0.0,0.0,0.0,0.0,0.0,0.0,0.0,0.0,0.0,0.0,0.0,0.0,0.0,0.0,0.0,0.0,3.0,0.0,0.0,0.0,0.0,0.0,0.0,0.0,0.0,0.0,0.0,0.0,0.0,0.0,0.0,0.0,0.0,0.0,0.0,0.0,0.0,0.0,0.0,0.0,0.0,1.0,3.0,0.0,0.0,1.0,0.4999999999999999,0.0,0.0,1.0,0.0,0.0,0.0,0.0,0.0,0.0,0.0,0.0,0.0,0.0,1.35,1.0,0.0,0.0,0.0,0.0,0.0,0.0,0.0,0.0,0.0,0.0,0.0,17.07,3.584962500721156,1.7561507202189932,9.260362971081843,2.327350269189626,0.0,1.2950000000000002,30.0
CC(=O)C(Cl)Cl,0.8943484899999997,0.0,0.0,-0.0590423726298939,-0.1159700587765258,0.0552995650345884,0.0,22.20036885123851,11.846252961470936,34.970906575418255,-0.3823038006510512,0.3702247704419957,4.447726705471504,8.587324370089156,0.0,0.0,0.0,1.0,0.0,2.0,0.0,0.0,0.0,1.0,0.0,0.6666666666666666,2.2222222222222223,3.0,0.0,0.0,0.0,0.0,1.0,0.0,0.0,0.0,0.0,0.0,1.0,0.0,1.0,0.0,0.0,0.0,0.0,0.0,0.0,0.0,0.0,0.0,0.0,0.0,0.0,0.0,0.0,0.0,0.0,1.0,0.0,0.0,0.0,0.0,0.0,0.0,0.0,0.0,0.0,0.0,0.0,0.0,0.0,0.0,0.0,0.0,0.0,0.0,2.0,0.0,0.0,0.0,0.0,0.0,0.0,0.0,0.0,0.0,0.0,0.0,0.0,0.0,0.0,0.0,0.0,0.0,0.0,0.0,0.0,0.0,0.0,0.0,0.0,1.0,3.0,0.0,0.0,1.4142135623730951,0.0,0.0,1.0,0.0,0.0,0.0,0.0,0.0,0.0,0.0,0.0,0.0,0.0,0.0,1.46,1.0,0.0,0.0,0.0,0.0,0.0,0.0,0.0,0.0,0.0,0.0,0.0,17.07,3.321928094887362,1.7539409800204089,6.976067743425167,2.3253559144750566,0.0,0.8360000000000001,22.0
CC(=O)C1(O)CCC2C3CC=C4CC(=O)CCC4(C)C3CCC21C,5.873352249999971,0.0,0.0,-0.0581139373384836,-0.1462988406730528,0.0416993256842394,0.0123194090088838,26.32340710662284,11.715052945177751,16.007351852201122,-0.4103054849342339,0.3490802030355233,4.756031290260824,12.551150898300566,0.0,0.0,0.0,3.0,1.0,3.0,8.0,0.3219752754296894,0.7083333333333334,3.0,1.0,0.8095238095238095,5.497283950617284,2.1980968858131487,0.0,0.0,0.0,0.0,3.0,0.0,8.0,0.0,1.0,0.0,3.0,0.0,3.0,0.0,0.0,0.0,0.0,0.0,0.0,0.0,0.0,0.0,0.0,0.0,0.0,0.0,0.0,0.0,1.0,2.0,0.0,0.0,0.0,0.0,0.0,0.0,0.0,0.0,0.0,0.0,0.0,0.0,0.0,0.0,0.0,0.0,0.0,0.0,0.0,0.0,0.0,0.0,0.0,0.0,0.0,0.0,0.0,0.0,0.0,0.0,0.0,0.0,0.0,0.0,0.0,0.0,0.0,0.0,0.0,0.0,0.0,0.0,0.0,2.0,,0.520020955762976,6.223670913984212,4.609436381925604,3.1524323982955447,10.5026299094428,4.643316712339544,6.706373757284563,1.1052094495921163,0.4341268110716201,0.0,0.0,0.0,0.0,0.0,0.0,0.0,0.0,3.44,1.0,0.0,0.0,1.0,0.0,0.0,0.0,1.0,3.0,0.0,0.0,0.0,54.37,5.754887502163469,2.0476722241320187,7.479134687826743,7.479134687826743,0.0,2.822,144.0
CC(=O)C1CCC2C3CC=C4CC(=O)CCC4(C)C3CCC12C,9.979280999999984,0.0,0.0,-0.0489903331398582,-0.0796183123418442,0.0049572200474788,0.011659752520615,24.54893807108189,11.715057193688915,16.00706513642848,-0.3933198316490057,0.3099496634825757,4.755106815989855,12.534848186476884,0.0,0.0,0.0,3.0,1.0,3.0,8.0,0.2357022603955158,0.7391304347826086,2.0,0.0,0.8095238095238095,5.5,2.2892819979188346,0.0,0.0,0.0,0.0,3.0,0.0,8.0,0.0,1.0,0.0,4.0,0.0,3.0,0.0,0.0,0.0,0.0,0.0,0.0,0.0,0.0,0.0,0.0,0.0,0.0,0.0,0.0,0.0,0.0,2.0,0.0,0.0,0.0,0.0,0.0,0.0,0.0,0.0,0.0,0.0,0.0,0.0,0.0,0.0,0.0,0.0,0.0,0.0,0.0,0.0,0.0,0.0,0.0,0.0,0.0,0.0,0.0,0.0,0.0,0.0,0.0,0.0,0.0,0.0,0.0,0.0,0.0,0.0,0.0,0.0,0.0,0.0,0.0,2.0,,0.520020955762976,6.223670913984212,5.61549547378607,2.112473971090738,10.5026299094428,6.496457355542058,5.80205850268521,0.25,0.0909090909090909,0.0,0.0,0.0,0.0,0.0,0.0,0.0,0.0,3.55,1.0,0.0,0.0,1.0,0.0,0.0,0.0,1.0,3.0,0.0,0.0,0.0,34.14,5.700439718141093,2.059974954669276,4.967199433903025,4.967199433903025,0.0,4.613,136.0
CC(=O)C1CCC2C3CC=C4CC(O)(O)CCC4(C)C3CCC12C,6.64299075999999,0.0,0.0,-0.0870185893211457,-0.0587289325919714,0.0070708091601569,0.016849319027059,26.32340710662284,11.715122988813482,16.00647793897892,-0.4100868247209646,0.3078705347284405,4.978313232967703,12.609300573400542,0.0,0.0,0.0,2.0,1.0,3.0,9.0,0.4857022603955159,0.7083333333333334,3.0,2.0,0.8571428571428571,5.497283950617284,2.4814453125,0.0,0.0,0.0,0.0,3.0,0.0,8.0,0.0,1.0,0.0,4.0,0.0,2.0,0.0,0.0,0.0,0.0,0.0,0.0,0.0,0.0,0.0,0.0,0.0,0.0,0.0,0.0,0.0,2.0,1.0,0.0,0.0,0.0,0.0,0.0,0.0,0.0,0.0,0.0,0.0,0.0,0.0,0.0,0.0,0.0,0.0,0.0,0.0,0.0,0.0,0.0,0.0,0.0,0.0,0.0,0.0,0.0,0.0,0.0,0.0,0.0,0.0,0.0,0.0,0.0,0.0,0.0,0.0,0.0,0.0,0.0,0.0,0.0,2.0,,0.520020955762976,6.223670913984212,5.322852378602722,2.364027853796019,10.5026299094428,5.562043627607422,6.248478948725789,0.6850067105944414,0.4814111366353723,0.0,0.0,0.0,0.0,0.0,0.0,0.0,0.0,3.44,1.0,0.0,0.0,1.0,0.0,0.0,0.0,1.0,3.0,0.0,0.0,0.0,57.53,5.754887502163469,2.0479292836414067,7.372340789095235,7.372340789095235,0.0,4.255000000000001,144.0
CC(=O)C1CCC2C3CC=C4CC(O)CCC4(C)C3CCC12C,12.144528009999998,0.0,0.0,-0.047134535205167,-0.0596397387285584,0.0041309636980736,0.0111689697025092,24.54893807108189,11.715161341004528,16.0060957123635,-0.4208466033983885,0.3036894341995139,4.977851830782269,12.55263837311473,0.0,0.0,0.0,2.0,1.0,3.0,9.0,0.2357022603955158,0.7391304347826086,2.0,1.0,0.8571428571428571,5.5,2.2892819979188346,0.0,0.0,0.0,0.0,3.0,0.0,8.0,0.0,1.0,0.0,5.0,0.0,2.0,0.0,0.0,0.0,0.0,0.0,0.0,0.0,0.0,0.0,0.0,0.0,0.0,0.0,0.0,0.0,1.0,1.0,0.0,0.0,0.0,0.0,0.0,0.0,0.0,0.0,0.0,0.0,0.0,0.0,0.0,0.0,0.0,0.0,0.0,0.0,0.0,0.0,0.0,0.0,0.0,0.0,0.0,0.0,0.0,0.0,0.0,0.0,0.0,0.0,0.0,0.0,0.0,0.0,0.0,0.0,0.0,0.0,0.0,0.0,0.0,2.0,,0.520020955762976,6.223670913984212,5.61549547378607,2.112473971090738,10.5026299094428,6.496457355542058,5.80205850268521,0.25,0.0909090909090909,0.0,0.0,0.0,0.0,0.0,0.0,0.0,0.0,3.55,1.0,0.0,0.0,1.0,0.0,0.0,0.0,1.0,3.0,0.0,0.0,0.0,37.3,5.700439718141093,2.059974954669276,4.967199433903025,4.967199433903025,0.0,4.833,136.0
CC(=O)C=Cc1ccccc1,3.564921609999998,0.0,6.0,-0.0304692840861755,-0.0305662372319985,-0.00064869904722,-2.216194058102271e-05,11.774469035540946,11.688887727817502,16.00594673839757,-0.3888733147432249,0.316209817101009,4.261736773199155,8.857871249734634,0.0,0.0,0.0,8.0,1.0,1.0,0.0,0.0,0.5454545454545454,1.0,0.0,0.1,4.792899408284024,3.78698224852071,0.0,0.0,0.0,0.0,1.0,0.0,0.0,0.0,2.0,5.0,0.0,0.0,1.0,1.0,0.0,0.0,0.0,0.0,0.0,0.0,0.0,0.0,0.0,0.0,0.0,0.0,0.0,0.0,0.0,1.0,0.0,0.0,0.0,0.0,0.0,0.0,0.0,0.0,0.0,0.0,0.0,0.0,0.0,0.0,0.0,0.0,0.0,0.0,0.0,0.0,0.0,0.0,0.0,0.0,0.0,0.0,0.0,0.0,0.0,0.0,0.0,0.0,0.0,0.0,0.0,0.0,0.0,0.0,0.0,0.0,0.0,0.0,0.0,10.0,,0.0,1.552997083161171,0.9999999999999998,0.0,9.563073857754226,0.3333333333333333,0.0,0.0,0.0,0.0,0.0,0.0,0.0,0.0,0.0,0.0,0.0,2.45,2.0,0.0,1.0,1.0,1.0,0.0,0.0,0.0,1.0,0.0,0.0,0.0,17.07,4.459431618637298,1.9580342953034109,2.38846170380142,2.38846170380142,0.0,2.171,48.0
CC(=O)CC(C)(C)O,0.00727609,0.0,0.0,-0.0280647794259228,-0.0522850829172058,-0.054286176209274,0.0355681774144013,9.548938071081892,11.799075635993908,16.006091214727142,-0.4196157087054826,0.3000931463176364,4.155216519206198,7.914953289026149,0.0,0.0,0.0,1.0,0.0,3.0,1.0,0.3535533905932737,0.0,2.0,1.0,0.8333333333333334,2.52,7.2,0.0,0.0,0.0,0.0,3.0,0.0,1.0,0.0,0.0,0.0,0.0,0.0,1.0,0.0,0.0,0.0,0.0,0.0,0.0,0.0,0.0,0.0,0.0,0.0,0.0,0.0,0.0,0.0,1.0,1.0,0.0,0.0,0.0,0.0,0.0,0.0,0.0,0.0,0.0,0.0,0.0,0.0,0.0,0.0,0.0,0.0,0.0,0.0,0.0,0.0,0.0,0.0,0.0,0.0,0.0,0.0,0.0,0.0,0.0,0.0,0.0,0.0,0.0,0.0,0.0,0.0,0.0,0.0,0.0,0.0,0.0,0.0,0.0,1.0,5.0,0.944940787421155,1.5000000000000004,1.4422495703074083,2.080083823051904,0.0,0.0,0.4999999999999999,0.0,0.25,0.0,0.0,0.0,0.0,0.0,0.0,0.0,0.0,1.9,2.0,0.0,0.0,0.0,0.0,0.0,0.0,0.0,0.0,0.0,0.0,0.0,37.3,3.807354922057604,1.7848850930451057,4.686998008530481,4.686998008530481,0.0,0.183,34.0
CC(=O)CCC(C)C,2.5188864099999977,0.0,0.0,-0.0234892539768532,-0.0351933602498753,-0.0017309786236132,-0.0001007904527519,8.774469035540946,11.799223429567904,16.00594569717414,-0.3938299293489684,0.2879881695681058,4.095921155014645,7.598456601954965,0.0,0.0,0.0,1.0,0.0,3.0,2.0,0.0,0.0,1.0,0.0,0.8571428571428571,3.9375,7.2,0.0,0.0,0.0,0.0,3.0,0.0,2.0,0.0,0.0,0.0,1.0,0.0,1.0,0.0,0.0,0.0,0.0,0.0,0.0,0.0,0.0,0.0,0.0,0.0,0.0,0.0,0.0,0.0,0.0,1.0,0.0,0.0,0.0,0.0,0.0,0.0,0.0,0.0,0.0,0.0,0.0,0.0,0.0,0.0,0.0,0.0,0.0,0.0,0.0,0.0,0.0,0.0,0.0,0.0,0.0,0.0,0.0,0.0,0.0,0.0,0.0,0.0,0.0,0.0,0.0,0.0,0.0,0.0,0.0,0.0,0.0,0.0,0.0,1.0,6.0,0.814325284978472,2.449489742783178,3.000000000000001,0.0,1.0,0.3333333333333333,0.0,0.0,0.0,0.0,0.0,0.0,0.0,0.0,0.0,0.0,0.0,2.12,3.0,0.0,0.0,0.0,0.0,0.0,0.0,0.0,0.0,0.0,0.0,0.0,17.07,3.807354922057604,1.812740088920523,2.367905071104257,2.367905071104257,0.0,2.084,30.0
CC(=O)N(C)C,0.1766520900000006,0.0,0.0,-0.1297881709048715,0.0665733024547273,-0.0364734743502636,0.0,7.134449336817426,11.881851398329708,16.00595516523563,-0.3861727847822042,0.3294406090950881,4.011437631562412,6.84619440860088,0.0,0.0,1.0,0.0,0.0,1.0,0.0,0.0,0.0,2.0,0.0,0.75,2.2222222222222223,3.0,0.0,0.0,0.0,0.0,3.0,0.0,0.0,0.0,0.0,0.0,0.0,0.0,1.0,0.0,0.0,0.0,0.0,0.0,0.0,0.0,0.0,0.0,0.0,0.0,1.0,0.0,0.0,0.0,0.0,1.0,0.0,0.0,0.0,0.0,0.0,0.0,0.0,0.0,0.0,0.0,0.0,0.0,0.0,0.0,0.0,0.0,0.0,0.0,0.0,0.0,0.0,0.0,0.0,0.0,0.0,0.0,0.0,0.0,0.0,0.0,0.0,0.0,0.0,0.0,0.0,0.0,0.0,0.0,0.0,0.0,0.0,0.0,0.0,3.0,2.0,1.144714242553332,0.0,1.8898815748423097,0.0,0.0,0.0,0.0,0.0,0.0,0.0,0.0,0.0,0.0,0.0,0.0,0.0,0.0,1.68,1.0,0.0,0.0,0.0,0.0,0.0,0.0,0.0,0.0,0.0,0.0,0.0,20.31,3.321928094887362,1.7539409800204089,5.198289965647393,2.3253559144750566,2.872934051172336,-0.148,22.0
CC(=O)Nc1ccc2c(c1)Cc1ccccc1-2,6.82985956,0.0,12.0,-0.0817765706951548,0.0086039056066902,-0.0010041876119836,-0.0151752792637722,18.134449336817426,11.677589019505922,16.005958337119445,-0.3785148970660978,0.3360884361164009,4.272845632960744,10.240301260679267,0.0,0.0,1.0,8.0,4.0,1.0,1.0,0.0,0.7647058823529411,2.0,1.0,0.1333333333333333,4.938271604938271,2.419753086419753,0.0,0.0,0.0,0.0,1.0,0.0,1.0,0.0,0.0,7.0,0.0,0.0,1.0,5.0,0.0,0.0,0.0,0.0,0.0,1.0,0.0,0.0,0.0,0.0,0.0,0.0,0.0,0.0,0.0,1.0,0.0,0.0,0.0,0.0,0.0,0.0,0.0,0.0,0.0,0.0,0.0,0.0,0.0,0.0,0.0,0.0,0.0,0.0,0.0,0.0,0.0,0.0,0.0,0.0,0.0,0.0,0.0,0.0,0.0,0.0,0.0,0.0,0.0,0.0,0.0,0.0,0.0,0.0,0.0,0.0,0.0,0.0,0.0,15.0,2.0,0.0,1.2694093949249037,1.4816472483523164,0.0,9.728373140088966,5.9316613030206975,0.0,0.0,0.0,0.0,0.0,0.0,0.0,0.0,0.0,0.0,0.0,2.89,2.0,0.0,2.0,1.0,2.0,0.0,0.0,1.0,2.0,0.0,0.0,0.0,29.1,5.247927513443585,2.069437753599506,5.3779725167485735,2.404258550225996,2.973713966522577,3.16,92.0
CC(=O)Nc1ccn([C@@H]2O[C@H](CO)[C@H](O)[C@@H]2O)c(=O)n1,5.78787364000001,0.0,0.0,-0.4420306644861863,0.0533868710326198,-0.148914339242722,0.199812631367714,25.726755117075115,11.77244376942008,16.00853428080664,-0.4196045827086181,0.4368408985246147,4.250767652227334,9.705375683317016,0.0,0.0,3.0,1.0,0.0,3.0,3.0,0.0,0.55,9.0,4.0,0.5454545454545454,6.84,3.621301775147929,0.0,0.0,0.0,0.0,1.0,0.0,1.0,0.0,0.0,2.0,4.0,0.0,1.0,1.0,0.0,0.0,0.0,0.0,0.0,1.0,0.0,0.0,0.0,1.0,0.0,0.0,1.0,0.0,3.0,2.0,1.0,0.0,0.0,0.0,0.0,0.0,0.0,0.0,0.0,0.0,0.0,0.0,0.0,0.0,0.0,0.0,0.0,0.0,0.0,0.0,0.0,0.0,0.0,0.0,0.0,0.0,0.0,0.0,0.0,0.0,0.0,0.0,0.0,0.0,0.0,0.0,0.0,0.0,0.0,0.0,0.0,0.0,0.0,10.0,5.0,0.0,0.5129927840030091,1.4279175760677918,0.0,0.9654893846056296,6.731509870620803,0.0,0.0,1.631489567264962,1.2932046449294663,0.0,0.0,0.0,0.0,0.4999999999999999,0.7071067811865476,0.0,1.68,4.0,0.0,1.0,2.0,1.0,0.0,0.0,1.0,1.0,0.0,0.0,0.0,131.69,5.392317422778761,1.984280270465568,25.06646870016042,15.587089475764776,9.479379224395654,-2.1220000000000008,102.0
CC(=O)O,0.05285401,1.0,0.0,-0.0910121789036756,-0.006287025058177,0.0,0.0,5.548938071081892,11.883032947405674,16.00978849391737,-0.3824914082052971,0.3760104230040896,3.057775846584889,4.453651334941144,0.0,0.0,1.0,0.0,0.0,1.0,0.0,0.0,0.0,2.0,1.0,0.5,1.3333333333333333,,0.0,0.0,0.0,0.0,1.0,0.0,0.0,0.0,0.0,0.0,0.0,0.0,1.0,0.0,0.0,0.0,0.0,0.0,0.0,0.0,0.0,0.0,0.0,0.0,0.0,0.0,0.0,0.0,1.0,1.0,0.0,0.0,0.0,0.0,0.0,0.0,0.0,0.0,0.0,0.0,0.0,0.0,0.0,0.0,0.0,0.0,0.0,0.0,0.0,0.0,0.0,0.0,0.0,0.0,0.0,0.0,0.0,0.0,0.0,0.0,0.0,0.0,0.0,0.0,0.0,0.0,0.0,0.0,0.0,0.0,0.0,0.0,0.0,2.0,2.0,0.0,0.0,1.0,0.0,0.0,0.0,0.0,0.0,0.4999999999999999,0.0,0.0,0.0,0.0,0.0,0.0,0.0,0.0,1.46,0.0,0.0,0.0,0.0,0.0,0.0,0.0,0.0,0.0,0.0,0.0,0.0,37.3,2.584962500721156,1.6830127018922194,4.4880338717125845,4.4880338717125845,0.0,-0.08,12.0
CC(=O)OC(C)(C)C,0.907065759999998,0.0,0.0,-0.147773700560213,0.0218530424815801,0.009032966244192,-0.0145125339648809,9.548938071081892,11.809276869814438,16.00987618583273,-0.3808016597281905,0.3777785939093653,3.8573936397144175,7.90443051416749,0.0,0.0,1.0,0.0,0.0,4.0,0.0,0.3535533905932737,0.0,2.0,0.0,0.8333333333333334,2.52,7.2,0.0,0.0,0.0,0.0,4.0,0.0,0.0,0.0,0.0,0.0,0.0,0.0,1.0,0.0,0.0,0.0,0.0,0.0,0.0,0.0,0.0,0.0,0.0,0.0,0.0,0.0,0.0,0.0,0.0,1.0,1.0,0.0,0.0,0.0,0.0,0.0,0.0,0.0,0.0,0.0,0.0,0.0,0.0,0.0,0.0,0.0,0.0,0.0,0.0,0.0,0.0,0.0,0.0,0.0,0.0,0.0,0.0,0.0,0.0,0.0,0.0,0.0,0.0,0.0,0.0,0.0,0.0,0.0,0.0,0.0,0.0,0.0,0.0,3.0,3.0,2.121320343559643,0.0,1.7547653506033234,3.0393427426063697,0.0,0.0,0.4999999999999999,0.0,0.0,0.4999999999999999,0.0,0.0,0.0,0.0,0.0,0.0,0.0,1.9,2.0,0.0,0.0,0.0,0.0,0.0,0.0,0.0,0.0,0.0,0.0,0.0,26.3,3.807354922057604,1.7848850930451057,5.118255483989886,5.118255483989886,0.0,1.541,34.0
CC(=O)OCC(=O)C12OC(C)(C)OC1CC1C3CC(F)C4=CC(=O)C=CC4(C)C3(F)C(O)CC12C,1.7103408399999926,0.0,0.0,-0.435688167439233,-0.1786478800526971,0.214273165290879,-0.0903170390919063,43.42537152687193,11.703967564003008,19.001179032881907,-0.4158967652095275,0.3955834062941049,3.8870605064378,13.312881017180317,0.0,0.0,1.0,5.0,1.0,6.0,7.0,0.5963830436641439,0.5714285714285714,7.0,1.0,0.7307692307692307,8.248162174203609,3.412998725615136,0.0,0.0,0.0,0.0,5.0,0.0,4.0,0.0,3.0,0.0,5.0,0.0,4.0,0.0,0.0,0.0,0.0,0.0,0.0,0.0,0.0,0.0,0.0,0.0,0.0,0.0,0.0,0.0,1.0,3.0,3.0,0.0,2.0,0.0,0.0,0.0,0.0,0.0,0.0,0.0,0.0,0.0,0.0,0.0,0.0,0.0,0.0,0.0,0.0,0.0,0.0,0.0,0.0,0.0,0.0,0.0,0.0,0.0,0.0,0.0,0.0,0.0,0.0,0.0,0.0,0.0,0.0,0.0,0.0,0.0,0.0,0.0,0.0,6.0,,1.5565830705053187,6.1498726896763305,8.631350265933735,6.386715134908839,4.959872870242769,9.004148098040899,14.038371825943566,3.3253611738025457,0.7370339550671334,2.182810589825999,0.8772053214638599,0.0,0.0,0.0,0.0,0.0,0.0,3.33,4.0,0.0,0.0,1.0,0.0,0.0,0.0,2.0,3.0,0.0,0.0,0.0,99.13,6.285402218862249,2.027744779001455,24.26929605239228,19.08458980667172,0.0,1.893,212.0
CC(=O)OCC(=O)[C@@]12OC(C)(C)OC1C[C@H]1[C@@H]3CC(F)C4=CC(=O)C=C[C@]4(C)C3(F)C(O)C[C@@]12C,1.7103408399999926,0.0,0.0,-0.435688167439233,-0.1786478800526971,0.214273165290879,-0.0903170390919063,43.42537152687193,11.703967564003008,19.001179032881907,-0.4158967652095275,0.3955834062941049,3.8870605064378,13.312881017180317,0.0,0.0,1.0,5.0,1.0,6.0,7.0,0.5963830436641439,0.5714285714285714,7.0,1.0,0.7307692307692307,8.248162174203609,3.412998725615136,0.0,0.0,0.0,0.0,5.0,0.0,4.0,0.0,3.0,0.0,5.0,0.0,4.0,0.0,0.0,0.0,0.0,0.0,0.0,0.0,0.0,0.0,0.0,0.0,0.0,0.0,0.0,0.0,1.0,3.0,3.0,0.0,2.0,0.0,0.0,0.0,0.0,0.0,0.0,0.0,0.0,0.0,0.0,0.0,0.0,0.0,0.0,0.0,0.0,0.0,0.0,0.0,0.0,0.0,0.0,0.0,0.0,0.0,0.0,0.0,0.0,0.0,0.0,0.0,0.0,0.0,0.0,0.0,0.0,0.0,0.0,0.0,0.0,6.0,,1.5565830705053187,6.1498726896763305,8.631350265933735,6.386715134908839,4.959872870242769,9.004148098040899,14.038371825943566,3.3253611738025457,0.7370339550671334,2.182810589825999,0.8772053214638599,0.0,0.0,0.0,0.0,0.0,0.0,3.33,4.0,0.0,0.0,1.0,0.0,0.0,0.0,2.0,3.0,0.0,0.0,0.0,99.13,6.285402218862249,2.027744779001455,24.26929605239228,19.08458980667172,0.0,1.893,212.0
CC(=O)OCC(=O)[C@@]12OC(C)(C)O[C@@H]1C[C@H]1[C@@H]3C[C@H](F)C4=CC(=O)C=C[C@]4(C)[C@@]3(F)[C@@H](O)C[C@@]12C,1.7103408399999926,0.0,0.0,-0.435688167439233,-0.1786478800526971,0.214273165290879,-0.0903170390919063,43.42537152687193,11.703967564003008,19.001179032881907,-0.4158967652095275,0.3955834062941049,3.8870605064378,13.312881017180317,0.0,0.0,1.0,5.0,1.0,6.0,7.0,0.5963830436641439,0.5714285714285714,7.0,1.0,0.7307692307692307,8.248162174203609,3.412998725615136,0.0,0.0,0.0,0.0,5.0,0.0,4.0,0.0,3.0,0.0,5.0,0.0,4.0,0.0,0.0,0.0,0.0,0.0,0.0,0.0,0.0,0.0,0.0,0.0,0.0,0.0,0.0,0.0,1.0,3.0,3.0,0.0,2.0,0.0,0.0,0.0,0.0,0.0,0.0,0.0,0.0,0.0,0.0,0.0,0.0,0.0,0.0,0.0,0.0,0.0,0.0,0.0,0.0,0.0,0.0,0.0,0.0,0.0,0.0,0.0,0.0,0.0,0.0,0.0,0.0,0.0,0.0,0.0,0.0,0.0,0.0,0.0,0.0,6.0,,1.5565830705053187,6.1498726896763305,8.631350265933735,6.386715134908839,4.959872870242769,9.004148098040899,14.038371825943566,3.3253611738025457,0.7370339550671334,2.182810589825999,0.8772053214638599,0.0,0.0,0.0,0.0,0.0,0.0,3.33,4.0,0.0,0.0,1.0,0.0,0.0,0.0,2.0,3.0,0.0,0.0,0.0,99.13,6.285402218862249,2.027744779001455,24.26929605239228,19.08458980667172,0.0,1.893,212.0
CC(=O)OCCC(C)C,2.5651225600000003,0.0,0.0,-0.1653612124360887,0.0505734909178751,-0.0156601841554914,-0.0045813614764046,10.548938071081892,11.806386974684298,16.009873412551016,-0.3819803065058635,0.3768733418194408,3.698426608274649,7.4347666516761715,0.0,0.0,1.0,0.0,0.0,4.0,1.0,0.0,0.0,2.0,0.0,0.8571428571428571,4.839506172839506,8.0,0.0,0.0,0.0,0.0,3.0,0.0,2.0,0.0,0.0,0.0,1.0,0.0,1.0,0.0,0.0,0.0,0.0,0.0,0.0,0.0,0.0,0.0,0.0,0.0,0.0,0.0,0.0,0.0,0.0,1.0,1.0,0.0,0.0,0.0,0.0,0.0,0.0,0.0,0.0,0.0,0.0,0.0,0.0,0.0,0.0,0.0,0.0,0.0,0.0,0.0,0.0,0.0,0.0,0.0,0.0,0.0,0.0,0.0,0.0,0.0,0.0,0.0,0.0,0.0,0.0,0.0,0.0,0.0,0.0,0.0,0.0,0.0,0.0,3.0,4.0,0.7211247851537042,2.1822472719434427,2.683281572999748,0.0,1.0,0.25,0.0,0.0,0.0,0.4999999999999999,0.0,0.0,0.0,0.0,0.0,0.0,0.0,2.01,4.0,0.0,0.0,0.0,0.0,0.0,0.0,0.0,0.0,0.0,0.0,0.0,26.3,4.0,1.8331444277671625,5.224562611277743,5.224562611277743,0.0,2.099,34.0
CC(=O)OC[C@]12C[C@H](OC(=O)CC(C)C)C(C)=C[C@H]1O[C@@H]1[C@H](O)[C@@H](OC(C)=O)[C@@]2(C)[C@]12CO2,0.9739716100000042,0.0,0.0,-0.6120412513600465,0.0353431173041631,-0.0454044364162709,-0.0120392253049399,39.970221319868514,11.724730453992214,16.0156892403681,-0.4152183491418115,0.3893250583722512,4.1186586187615255,13.833719650968082,0.0,0.0,3.0,1.0,1.0,8.0,7.0,0.2165063509461097,0.4242424242424242,9.0,1.0,0.7916666666666666,9.141498216409037,4.081632653061225,0.0,0.0,0.0,0.0,6.0,0.0,4.0,0.0,1.0,0.0,6.0,0.0,4.0,0.0,0.0,0.0,0.0,0.0,0.0,0.0,0.0,0.0,0.0,0.0,0.0,0.0,0.0,0.0,1.0,3.0,5.0,0.0,0.0,0.0,0.0,0.0,0.0,0.0,0.0,0.0,0.0,0.0,0.0,0.0,0.0,0.0,0.0,0.0,0.0,0.0,0.0,0.0,0.0,0.0,0.0,0.0,0.0,0.0,0.0,0.0,0.0,0.0,0.0,0.0,0.0,0.0,0.0,0.0,0.0,0.0,0.0,0.0,0.0,3.0,,1.9750472709370512,5.765917689122666,11.661676471235744,3.796849812808777,2.43184912628668,10.67223652587868,9.887669617971772,2.381101577952299,0.7368062997280773,3.901057117907248,2.1699594852188557,0.0,0.0,0.0,0.0,0.0,0.0,3.1099999999999994,9.0,0.0,0.0,1.0,0.0,1.0,0.0,1.0,2.0,1.0,0.0,0.0,120.89,6.169925001442312,1.999040244979581,25.00263586759687,25.00263586759687,0.0,1.692,188.0
CC(=O)Oc1ccc(O)cc1,1.769698089999999,0.0,6.0,-0.1578500707525514,0.0314962313848001,-0.0129401412047101,-0.0478283887328844,13.323407106622838,11.700151585280764,16.010062367622826,-0.399003214945307,0.3833484144473879,3.867962429523169,7.866313459937038,0.0,0.0,1.0,6.0,0.0,1.0,0.0,0.0,0.5454545454545454,2.0,1.0,0.125,4.13265306122449,3.26530612244898,0.0,0.0,0.0,0.0,1.0,0.0,0.0,0.0,0.0,4.0,0.0,0.0,1.0,2.0,0.0,0.0,0.0,0.0,0.0,0.0,0.0,0.0,0.0,0.0,0.0,0.0,0.0,0.0,1.0,1.0,1.0,0.0,0.0,0.0,0.0,0.0,0.0,0.0,0.0,0.0,0.0,0.0,0.0,0.0,0.0,0.0,0.0,0.0,0.0,0.0,0.0,0.0,0.0,0.0,0.0,0.0,0.0,0.0,0.0,0.0,0.0,0.0,0.0,0.0,0.0,0.0,0.0,0.0,0.0,0.0,0.0,0.0,0.0,10.0,2.0,0.0,0.894427190999916,1.144714242553332,0.0,3.3019272488946267,0.9654893846056296,0.0,0.0,0.1428571428571428,0.6324555320336759,0.0,0.0,0.0,0.0,0.0,0.0,0.0,2.01,2.0,0.0,1.0,1.0,1.0,0.0,0.0,0.0,1.0,0.0,0.0,0.0,46.53,4.459431618637298,1.9447815369026504,7.8459199888316435,7.8459199888316435,0.0,1.401,50.0
CC(=O)Oc1ccccc1C(=O)O,1.4450444099999993,1.0,6.0,-0.238026044590675,0.0552420860340457,-0.1157663082556487,0.1759251664320244,16.097876142163784,11.694350926117377,16.011919331342995,-0.375256355947143,0.426856585048308,3.964916937466557,8.781781413768602,0.0,0.0,2.0,5.0,1.0,1.0,0.0,0.0,0.4615384615384615,3.0,1.0,0.1111111111111111,5.024221453287197,3.324099722991689,0.0,0.0,0.0,0.0,1.0,0.0,0.0,0.0,0.0,4.0,0.0,0.0,2.0,2.0,0.0,0.0,0.0,0.0,0.0,0.0,0.0,0.0,0.0,0.0,0.0,0.0,0.0,0.0,1.0,2.0,1.0,0.0,0.0,0.0,0.0,0.0,0.0,0.0,0.0,0.0,0.0,0.0,0.0,0.0,0.0,0.0,0.0,0.0,0.0,0.0,0.0,0.0,0.0,0.0,0.0,0.0,0.0,0.0,0.0,0.0,0.0,0.0,0.0,0.0,0.0,0.0,0.0,0.0,0.0,0.0,0.0,0.0,0.0,12.0,,0.0,0.8082062018706493,1.437216447852337,0.0,3.965406456500188,3.1473451902649443,0.0,0.0,0.7211247851537042,0.944940787421155,0.0,0.0,0.0,0.0,0.0,0.0,0.0,2.01,3.0,0.0,1.0,1.0,1.0,0.0,0.0,0.0,1.0,0.0,0.0,0.0,63.60000000000001,4.700439718141093,1.9424680908757912,10.192410268816388,10.192410268816388,0.0,1.4220000000000002,60.0
CC(=O)[C@@]1(O)CC[C@H]2[C@@H]3CCC4=CC(=O)CC[C@]4(C)[C@H]3CC[C@@]21C,8.093456009999977,0.0,0.0,-0.0681503438210981,-0.1299360730414309,0.046933272408359,-0.0070074450600352,26.32340710662284,11.71579705510139,16.00735193945493,-0.4103043286526427,0.3496182970818895,4.798429175743593,12.550900799578178,0.0,0.0,0.0,3.0,1.0,3.0,8.0,0.3219752754296894,0.7083333333333334,3.0,1.0,0.8095238095238095,5.497283950617284,2.1980968858131487,0.0,0.0,0.0,0.0,3.0,0.0,8.0,0.0,1.0,0.0,3.0,0.0,3.0,0.0,0.0,0.0,0.0,0.0,0.0,0.0,0.0,0.0,0.0,0.0,0.0,0.0,0.0,0.0,1.0,2.0,0.0,0.0,0.0,0.0,0.0,0.0,0.0,0.0,0.0,0.0,0.0,0.0,0.0,0.0,0.0,0.0,0.0,0.0,0.0,0.0,0.0,0.0,0.0,0.0,0.0,0.0,0.0,0.0,0.0,0.0,0.0,0.0,0.0,0.0,0.0,0.0,0.0,0.0,0.0,0.0,0.0,0.0,0.0,4.0,,0.520020955762976,6.223670913984212,4.609436381925604,3.1524323982955447,10.5026299094428,4.643316712339544,6.706373757284563,1.1052094495921163,0.4341268110716201,0.0,0.0,0.0,0.0,0.0,0.0,0.0,0.0,3.44,1.0,0.0,0.0,1.0,0.0,0.0,0.0,1.0,3.0,0.0,0.0,0.0,54.37,5.754887502163469,2.0476722241320187,7.479134687826743,7.479134687826743,0.0,3.035,144.0
CC(=O)[C@H]1CC[C@H]2[C@@H]3CC=C4CC(O)(O)CC[C@]4(C)[C@H]3CC[C@]12C,6.64299075999999,0.0,0.0,-0.0870185893211457,-0.0587289325919714,0.0070708091601569,0.016849319027059,26.32340710662284,11.715122988813482,16.00647793897892,-0.4100868247209646,0.3078705347284405,4.978313232967703,12.609300573400542,0.0,0.0,0.0,2.0,1.0,3.0,9.0,0.4857022603955159,0.7083333333333334,3.0,2.0,0.8571428571428571,5.497283950617284,2.4814453125,0.0,0.0,0.0,0.0,3.0,0.0,8.0,0.0,1.0,0.0,4.0,0.0,2.0,0.0,0.0,0.0,0.0,0.0,0.0,0.0,0.0,0.0,0.0,0.0,0.0,0.0,0.0,0.0,2.0,1.0,0.0,0.0,0.0,0.0,0.0,0.0,0.0,0.0,0.0,0.0,0.0,0.0,0.0,0.0,0.0,0.0,0.0,0.0,0.0,0.0,0.0,0.0,0.0,0.0,0.0,0.0,0.0,0.0,0.0,0.0,0.0,0.0,0.0,0.0,0.0,0.0,0.0,0.0,0.0,0.0,0.0,0.0,0.0,2.0,,0.520020955762976,6.223670913984212,5.322852378602722,2.364027853796019,10.5026299094428,5.562043627607422,6.248478948725789,0.6850067105944414,0.4814111366353723,0.0,0.0,0.0,0.0,0.0,0.0,0.0,0.0,3.44,1.0,0.0,0.0,1.0,0.0,0.0,0.0,1.0,3.0,0.0,0.0,0.0,57.53,5.754887502163469,2.0479292836414067,7.372340789095235,7.372340789095235,0.0,4.255000000000001,144.0
CC(=O)[C@H]1CC[C@H]2[C@@H]3CC=C4CC(O)CC(O)[C@]4(C)[C@H]3CC[C@]12C,5.103984639999983,0.0,0.0,-0.0610178883303413,-0.0673856700183574,-0.0503245199736947,0.0535885835961534,26.32340710662284,11.715076943089429,16.00627696136212,-0.4211500818388964,0.3049032382133051,4.979697800447077,12.779889949914692,0.0,0.0,0.0,2.0,1.0,3.0,9.0,0.2140761750626955,0.7083333333333334,3.0,2.0,0.8571428571428571,5.75,2.333333333333333,0.0,0.0,0.0,0.0,3.0,0.0,7.0,0.0,1.0,0.0,6.0,0.0,2.0,0.0,0.0,0.0,0.0,0.0,0.0,0.0,0.0,0.0,0.0,0.0,0.0,0.0,0.0,0.0,2.0,1.0,0.0,0.0,0.0,0.0,0.0,0.0,0.0,0.0,0.0,0.0,0.0,0.0,0.0,0.0,0.0,0.0,0.0,0.0,0.0,0.0,0.0,0.0,0.0,0.0,0.0,0.0,0.0,0.0,0.0,0.0,0.0,0.0,0.0,0.0,0.0,0.0,0.0,0.0,0.0,0.0,0.0,0.0,0.0,2.0,,0.520020955762976,5.56960107712564,6.257333400008993,2.112473971090738,8.057010538956353,8.634404972251165,6.694323055189747,0.25,0.4085289703216219,0.0,0.0,0.0,0.0,0.0,0.0,0.0,0.0,3.44,1.0,0.0,0.0,1.0,0.0,0.0,0.0,1.0,3.0,0.0,0.0,0.0,57.53,5.754887502163469,2.050746921589347,7.50841322444977,7.50841322444977,0.0,3.1699999999999995,142.0
CC(=O)[C@H]1CC[C@H]2[C@@H]3CC=C4C[C@@H](O)CC[C@]4(C)[C@H]3CC[C@]12C,12.144528009999998,0.0,0.0,-0.047134535205167,-0.0596397387285584,0.0041309636980736,0.0111689697025092,24.54893807108189,11.715161341004528,16.0060957123635,-0.4208466033983885,0.3036894341995139,4.977851830782269,12.55263837311473,0.0,0.0,0.0,2.0,1.0,3.0,9.0,0.2357022603955158,0.7391304347826086,2.0,1.0,0.8571428571428571,5.5,2.2892819979188346,0.0,0.0,0.0,0.0,3.0,0.0,8.0,0.0,1.0,0.0,5.0,0.0,2.0,0.0,0.0,0.0,0.0,0.0,0.0,0.0,0.0,0.0,0.0,0.0,0.0,0.0,0.0,0.0,1.0,1.0,0.0,0.0,0.0,0.0,0.0,0.0,0.0,0.0,0.0,0.0,0.0,0.0,0.0,0.0,0.0,0.0,0.0,0.0,0.0,0.0,0.0,0.0,0.0,0.0,0.0,0.0,0.0,0.0,0.0,0.0,0.0,0.0,0.0,0.0,0.0,0.0,0.0,0.0,0.0,0.0,0.0,0.0,0.0,2.0,,0.520020955762976,6.223670913984212,5.61549547378607,2.112473971090738,10.5026299094428,6.496457355542058,5.80205850268521,0.25,0.0909090909090909,0.0,0.0,0.0,0.0,0.0,0.0,0.0,0.0,3.55,1.0,0.0,0.0,1.0,0.0,0.0,0.0,1.0,3.0,0.0,0.0,0.0,37.3,5.700439718141093,2.059974954669276,4.967199433903025,4.967199433903025,0.0,4.833,136.0
CC(=O)[C@H]1CC[C@H]2[C@@H]3CCC4=CC(=O)CC(O)[C@]4(C)[C@H]3CC[C@]12C,6.830382249999994,0.0,0.0,-0.0675754271068354,-0.0771734422236505,-0.0536184109016225,0.0414703376395155,26.32340710662284,11.715698660515647,16.00731940964275,-0.4191460574757198,0.3318611425190902,4.856599647019543,12.761658024105271,0.0,0.0,0.0,3.0,1.0,3.0,8.0,0.2140761750626955,0.7083333333333334,3.0,1.0,0.8095238095238095,5.75,2.333333333333333,0.0,0.0,0.0,0.0,3.0,0.0,7.0,0.0,1.0,0.0,5.0,0.0,3.0,0.0,0.0,0.0,0.0,0.0,0.0,0.0,0.0,0.0,0.0,0.0,0.0,0.0,0.0,0.0,1.0,2.0,0.0,0.0,0.0,0.0,0.0,0.0,0.0,0.0,0.0,0.0,0.0,0.0,0.0,0.0,0.0,0.0,0.0,0.0,0.0,0.0,0.0,0.0,0.0,0.0,0.0,0.0,0.0,0.0,0.0,0.0,0.0,0.0,0.0,0.0,0.0,0.0,0.0,0.0,0.0,0.0,0.0,0.0,0.0,4.0,,0.520020955762976,5.56960107712564,6.257333400008993,2.112473971090738,8.057010538956353,8.634404972251165,6.694323055189747,0.25,0.4085289703216219,0.0,0.0,0.0,0.0,0.0,0.0,0.0,0.0,3.44,1.0,0.0,0.0,1.0,0.0,0.0,0.0,1.0,3.0,0.0,0.0,0.0,54.370000000000005,5.754887502163469,2.050746921589347,7.50841322444977,7.50841322444977,0.0,3.163,142.0
CC(=O)[C@H]1CC[C@H]2[C@@H]3CCC4=CC(=O)CC[C@]4(C)[C@H]3CC[C@]12C,12.819264159999976,0.0,0.0,-0.0590032890836547,-0.0630386724700458,0.0112256913673593,-0.0067632489066633,24.54893807108189,11.71580015397342,16.007065217946902,-0.3932229206144274,0.3229807504516376,4.797504334077731,12.534665424274731,0.0,0.0,0.0,3.0,1.0,3.0,8.0,0.2357022603955158,0.7391304347826086,2.0,0.0,0.8095238095238095,5.5,2.2892819979188346,0.0,0.0,0.0,0.0,3.0,0.0,8.0,0.0,1.0,0.0,4.0,0.0,3.0,0.0,0.0,0.0,0.0,0.0,0.0,0.0,0.0,0.0,0.0,0.0,0.0,0.0,0.0,0.0,0.0,2.0,0.0,0.0,0.0,0.0,0.0,0.0,0.0,0.0,0.0,0.0,0.0,0.0,0.0,0.0,0.0,0.0,0.0,0.0,0.0,0.0,0.0,0.0,0.0,0.0,0.0,0.0,0.0,0.0,0.0,0.0,0.0,0.0,0.0,0.0,0.0,0.0,0.0,0.0,0.0,0.0,0.0,0.0,0.0,4.0,,0.520020955762976,6.223670913984212,5.61549547378607,2.112473971090738,10.5026299094428,6.496457355542058,5.80205850268521,0.25,0.0909090909090909,0.0,0.0,0.0,0.0,0.0,0.0,0.0,0.0,3.55,1.0,0.0,0.0,1.0,0.0,0.0,0.0,1.0,3.0,0.0,0.0,0.0,34.14,5.700439718141093,2.059974954669276,4.967199433903025,4.967199433903025,0.0,4.8260000000000005,136.0
CC(=O)c1ccccc1,2.46458601,0.0,6.0,-0.0308603164457507,-0.0294300221116201,-0.0012517350604112,-4.489619362804041e-05,9.774469035540946,11.693757204730485,16.00594621170905,-0.3880341136949287,0.3322407764363883,4.4188855357884735,8.340993472393787,0.0,0.0,0.0,6.0,1.0,1.0,0.0,0.0,0.6666666666666666,1.0,0.0,0.125,3.239669421487603,2.0,0.0,0.0,0.0,0.0,1.0,0.0,0.0,0.0,0.0,5.0,0.0,0.0,1.0,1.0,0.0,0.0,0.0,0.0,0.0,0.0,0.0,0.0,0.0,0.0,0.0,0.0,0.0,0.0,0.0,1.0,0.0,0.0,0.0,0.0,0.0,0.0,0.0,0.0,0.0,0.0,0.0,0.0,0.0,0.0,0.0,0.0,0.0,0.0,0.0,0.0,0.0,0.0,0.0,0.0,0.0,0.0,0.0,0.0,0.0,0.0,0.0,0.0,0.0,0.0,0.0,0.0,0.0,0.0,0.0,0.0,0.0,0.0,0.0,8.0,,0.0,1.341230759999709,1.4142135623730951,0.0,6.083643418932058,1.0,0.0,0.0,0.0,0.0,0.0,0.0,0.0,0.0,0.0,0.0,0.0,2.23,1.0,0.0,1.0,1.0,1.0,0.0,0.0,0.0,1.0,0.0,0.0,0.0,17.07,4.169925001442312,1.9476238212508197,2.407582445263709,2.407582445263709,0.0,1.899,40.0
CC(C(=O)O)c1ccc(-c2ccccc2)c(F)c1,13.363411359999995,1.0,12.0,-0.1118374080637491,-0.0143849754075891,0.0215459004039644,0.0169909286901008,21.05098221012454,11.67517369226928,19.00013760570576,-0.3805108943900639,0.3922378640676675,4.224467876021364,9.776567795752308,0.0,0.0,1.0,9.0,3.0,1.0,0.0,0.0,0.6666666666666666,2.0,1.0,0.1333333333333333,6.437869822485207,3.526170798898072,0.0,0.0,0.0,0.0,1.0,0.0,0.0,0.0,0.0,8.0,1.0,0.0,1.0,4.0,0.0,0.0,0.0,0.0,0.0,0.0,0.0,0.0,0.0,0.0,0.0,0.0,0.0,0.0,1.0,1.0,0.0,0.0,1.0,0.0,0.0,0.0,0.0,0.0,0.0,0.0,0.0,0.0,0.0,0.0,0.0,0.0,0.0,0.0,0.0,0.0,0.0,0.0,0.0,0.0,0.0,0.0,0.0,0.0,0.0,0.0,0.0,0.0,0.0,0.0,0.0,0.0,0.0,0.0,0.0,0.0,0.0,0.0,0.0,12.0,,0.0,1.4197924224040217,2.144261316715227,0.0,9.972207146555276,6.120463943040977,0.0,0.0,0.4999999999999999,0.0,0.0,0.0,0.0,0.0,0.0,0.0,0.0,2.78,3.0,0.0,2.0,2.0,2.0,0.0,0.0,0.0,2.0,0.0,0.0,0.0,37.3,5.247927513443585,1.9995846677416904,7.333606462749429,4.766061538489106,0.0,3.764,90.0
CC(C(=O)O)c1ccc2c(c1)Cc1cccnc1O2,9.150624999999994,1.0,12.0,-0.2214396884199009,0.0829106512657167,-0.0655279557463041,0.0360374370411624,21.68338740789932,11.685918828487733,16.0100200179928,-0.3846902777014772,0.3917093937243027,4.268451353961813,9.87960814926304,0.0,0.0,3.0,6.0,3.0,1.0,1.0,0.0,0.7368421052631579,3.0,1.0,0.2,5.78,2.88,0.0,0.0,0.0,0.0,1.0,0.0,1.0,0.0,0.0,6.0,1.0,0.0,1.0,5.0,0.0,0.0,0.0,0.0,0.0,0.0,0.0,0.0,0.0,1.0,0.0,0.0,0.0,0.0,1.0,1.0,1.0,0.0,0.0,0.0,0.0,0.0,0.0,0.0,0.0,0.0,0.0,0.0,0.0,0.0,0.0,0.0,0.0,0.0,0.0,0.0,0.0,0.0,0.0,0.0,0.0,0.0,0.0,0.0,0.0,0.0,0.0,0.0,0.0,0.0,0.0,0.0,0.0,0.0,0.0,0.0,0.0,0.0,0.0,13.0,,0.0,1.370423345595428,2.194498488744578,0.0,6.643494673586935,7.478012285100988,0.0,0.0,0.4999999999999999,0.2857142857142857,0.0,0.0,0.0,0.0,0.0,0.0,0.0,2.67,2.0,0.0,2.0,1.0,2.0,0.0,0.0,0.0,3.0,0.0,0.0,0.0,59.42,5.392317422778761,2.0559111286863883,11.05877201259846,7.956382030881698,3.102389981716754,2.353,102.0
CC(C(=O)O)c1cccc(C(=O)c2ccccc2)c1,11.128228809999994,1.0,12.0,-0.1313481542278784,-0.0263055129870995,-0.0032466596520155,0.0388145575726102,21.32340710662284,11.683719399801118,16.010313799219535,-0.3823254317709073,0.392143651701399,4.271994423700846,9.974244522712194,0.0,0.0,1.0,10.0,3.0,1.0,0.0,0.0,0.6842105263157895,3.0,1.0,0.125,7.135802469135802,3.986159169550173,0.0,0.0,0.0,0.0,1.0,0.0,0.0,0.0,0.0,9.0,1.0,0.0,2.0,3.0,0.0,0.0,0.0,0.0,0.0,0.0,0.0,0.0,0.0,0.0,0.0,0.0,0.0,0.0,1.0,2.0,0.0,0.0,0.0,0.0,0.0,0.0,0.0,0.0,0.0,0.0,0.0,0.0,0.0,0.0,0.0,0.0,0.0,0.0,0.0,0.0,0.0,0.0,0.0,0.0,0.0,0.0,0.0,0.0,0.0,0.0,0.0,0.0,0.0,0.0,0.0,0.0,0.0,0.0,0.0,0.0,0.0,0.0,0.0,14.0,,0.0,1.6186147803338975,2.144261316715227,0.0,11.20509868850126,6.120463943040977,0.0,0.0,0.6506976368304991,0.0,0.0,0.0,0.0,0.0,0.0,0.0,0.0,2.89,4.0,0.0,2.0,2.0,2.0,0.0,0.0,0.0,2.0,0.0,0.0,0.0,54.37,5.321928094887363,1.9977037106395568,7.346462544748189,7.346462544748189,0.0,3.2170000000000005,94.0
CC(C(=O)OC[C@H]1OC(O)[C@@H](O)[C@@H](O)[C@@H]1O)c1ccc(-c2ccccc2)c(F)c1,3.0667014400000063,0.0,12.0,-0.3137851644911386,-0.2337053033771731,0.1623471254976828,-0.1548071945860457,35.923327387829275,11.675174250919538,19.000140327400224,-0.4196750307003214,0.3943214942508247,4.760272584474286,9.818173344566672,0.0,0.0,1.0,9.0,3.0,3.0,4.0,0.0,0.7586206896551724,7.0,4.0,0.3809523809523809,10.543388429752063,5.626634958382877,0.0,0.0,0.0,0.0,1.0,0.0,1.0,0.0,0.0,8.0,6.0,0.0,1.0,4.0,0.0,0.0,0.0,0.0,0.0,0.0,0.0,0.0,0.0,0.0,0.0,0.0,0.0,0.0,4.0,1.0,2.0,0.0,1.0,0.0,0.0,0.0,0.0,0.0,0.0,0.0,0.0,0.0,0.0,0.0,0.0,0.0,0.0,0.0,0.0,0.0,0.0,0.0,0.0,0.0,0.0,0.0,0.0,0.0,0.0,0.0,0.0,0.0,0.0,0.0,0.0,0.0,0.0,0.0,0.0,0.0,0.0,0.0,0.0,12.0,,0.0,1.6592479167665444,2.67674162490252,0.0,10.22419753768573,13.417682992681875,0.0,0.0,2.135063976967522,2.731817138505806,0.3333333333333333,0.0,0.0,0.0,0.0,0.0,0.0,2.89,6.0,0.0,2.0,3.0,2.0,0.0,0.0,0.0,3.0,0.0,0.0,0.0,116.45000000000002,5.954196310386876,2.0084610724232843,21.169806894202445,18.599141526276423,0.0,2.4579999999999997,150.0
CC(C(=O)OC[C@H]1OC(O)[C@@H](O)[C@@H](O)[C@@H]1O)c1cccc(C(=O)c2ccccc2)c1,2.049192250000001,0.0,12.0,-0.3332848749458784,-0.2454677026774649,0.1389155431611138,-0.1272457134274626,36.19575228432757,11.683720020004532,16.012408093743286,-0.4196750422751422,0.3943372883090561,4.761752713023729,10.132059962667904,0.0,0.0,1.0,10.0,3.0,3.0,4.0,0.0,0.7666666666666667,8.0,4.0,0.3636363636363636,11.227654320987654,6.081011203677105,0.0,0.0,0.0,0.0,1.0,0.0,1.0,0.0,0.0,9.0,6.0,0.0,2.0,3.0,0.0,0.0,0.0,0.0,0.0,0.0,0.0,0.0,0.0,0.0,0.0,0.0,0.0,0.0,4.0,2.0,2.0,0.0,0.0,0.0,0.0,0.0,0.0,0.0,0.0,0.0,0.0,0.0,0.0,0.0,0.0,0.0,0.0,0.0,0.0,0.0,0.0,0.0,0.0,0.0,0.0,0.0,0.0,0.0,0.0,0.0,0.0,0.0,0.0,0.0,0.0,0.0,0.0,0.0,0.0,0.0,0.0,0.0,0.0,14.0,,0.0,1.8586811478223388,2.67674162490252,0.0,11.76435820584328,13.417682992681875,0.0,0.0,2.4272364380088503,2.8562711316286538,0.3333333333333333,0.0,0.0,0.0,0.0,0.0,0.0,3.0,7.0,0.0,2.0,3.0,2.0,0.0,0.0,0.0,3.0,0.0,0.0,0.0,133.52,6.0,2.006978822579269,21.1805987522728,21.1805987522728,0.0,1.911,154.0
CC(C(=O)OC[C@H]1OC(O)[C@H](O)[C@@H](O)[C@@H]1O)c1ccc(-c2ccccc2)c(F)c1,3.0667014400000063,0.0,12.0,-0.3137851644911386,-0.2337053033771731,0.1623471254976828,-0.1548071945860457,35.923327387829275,11.675174250919538,19.000140327400224,-0.4196750307003214,0.3943214942508247,4.760272584474286,9.818173344566672,0.0,0.0,1.0,9.0,3.0,3.0,4.0,0.0,0.7586206896551724,7.0,4.0,0.3809523809523809,10.543388429752063,5.626634958382877,0.0,0.0,0.0,0.0,1.0,0.0,1.0,0.0,0.0,8.0,6.0,0.0,1.0,4.0,0.0,0.0,0.0,0.0,0.0,0.0,0.0,0.0,0.0,0.0,0.0,0.0,0.0,0.0,4.0,1.0,2.0,0.0,1.0,0.0,0.0,0.0,0.0,0.0,0.0,0.0,0.0,0.0,0.0,0.0,0.0,0.0,0.0,0.0,0.0,0.0,0.0,0.0,0.0,0.0,0.0,0.0,0.0,0.0,0.0,0.0,0.0,0.0,0.0,0.0,0.0,0.0,0.0,0.0,0.0,0.0,0.0,0.0,0.0,12.0,,0.0,1.6592479167665444,2.67674162490252,0.0,10.22419753768573,13.417682992681875,0.0,0.0,2.135063976967522,2.731817138505806,0.3333333333333333,0.0,0.0,0.0,0.0,0.0,0.0,2.89,6.0,0.0,2.0,3.0,2.0,0.0,0.0,0.0,3.0,0.0,0.0,0.0,116.45000000000002,5.954196310386876,2.0084610724232843,21.169806894202445,18.599141526276423,0.0,2.4579999999999997,150.0
CC(C(=O)OC[C@H]1OC(O)[C@H](O)[C@@H](O)[C@@H]1O)c1cccc(C(=O)c2ccccc2)c1,2.049192250000001,0.0,12.0,-0.3332848749458784,-0.2454677026774649,0.1389155431611138,-0.1272457134274626,36.19575228432757,11.683720020004532,16.012408093743286,-0.4196750422751422,0.3943372883090561,4.761752713023729,10.132059962667904,0.0,0.0,1.0,10.0,3.0,3.0,4.0,0.0,0.7666666666666667,8.0,4.0,0.3636363636363636,11.227654320987654,6.081011203677105,0.0,0.0,0.0,0.0,1.0,0.0,1.0,0.0,0.0,9.0,6.0,0.0,2.0,3.0,0.0,0.0,0.0,0.0,0.0,0.0,0.0,0.0,0.0,0.0,0.0,0.0,0.0,0.0,4.0,2.0,2.0,0.0,0.0,0.0,0.0,0.0,0.0,0.0,0.0,0.0,0.0,0.0,0.0,0.0,0.0,0.0,0.0,0.0,0.0,0.0,0.0,0.0,0.0,0.0,0.0,0.0,0.0,0.0,0.0,0.0,0.0,0.0,0.0,0.0,0.0,0.0,0.0,0.0,0.0,0.0,0.0,0.0,0.0,14.0,,0.0,1.8586811478223388,2.67674162490252,0.0,11.76435820584328,13.417682992681875,0.0,0.0,2.4272364380088503,2.8562711316286538,0.3333333333333333,0.0,0.0,0.0,0.0,0.0,0.0,3.0,7.0,0.0,2.0,3.0,2.0,0.0,0.0,0.0,3.0,0.0,0.0,0.0,133.52,6.0,2.006978822579269,21.1805987522728,21.1805987522728,0.0,1.911,154.0
CC(C)(C)NCC(O)COc1cccc2c1C[C@H](O)[C@H](O)C2,1.3142329599999971,0.0,6.0,-0.1320637341327981,-0.2370142215882659,0.1125777513258443,0.0124020762097422,25.457856443440264,11.68657854985552,16.00195421642053,-0.4218175062691491,0.322578925882066,5.153324156777023,10.089764948417985,1.0,0.0,0.0,4.0,2.0,5.0,5.0,0.3535533905932737,0.4545454545454545,4.0,4.0,0.6470588235294118,7.7134986225895315,5.551497443389335,0.0,0.0,0.0,0.0,3.0,0.0,4.0,0.0,0.0,3.0,3.0,0.0,0.0,3.0,0.0,0.0,0.0,0.0,0.0,1.0,0.0,0.0,0.0,0.0,0.0,0.0,0.0,0.0,3.0,0.0,1.0,0.0,0.0,0.0,0.0,0.0,0.0,0.0,0.0,0.0,0.0,0.0,0.0,0.0,0.0,0.0,0.0,0.0,0.0,0.0,0.0,0.0,0.0,0.0,0.0,0.0,0.0,0.0,0.0,0.0,0.0,0.0,0.0,0.0,0.0,0.0,0.0,0.0,0.0,0.0,0.0,0.0,0.0,7.0,3.0,1.5000000000000004,2.9298028676170924,2.313619678986685,3.0,6.258764189770795,5.669746481494515,0.8950914528857917,0.0,0.5000000000000001,0.6694329500821695,0.0,0.0,0.0,0.0,0.0,0.0,0.0,2.78,6.0,0.0,1.0,1.0,1.0,0.0,0.0,0.0,2.0,0.0,0.0,0.0,81.95,5.523561956057013,1.9856230330055369,13.545817743928987,10.669197439162488,2.8766203047665035,1.1659999999999997,112.0
CC(C)(C)NC[C@H](O)COc1nsnc1N1CCOCC1,1.2717072899999984,0.0,5.0,-0.3787834493084318,-0.1905906734037579,0.3770652958572025,-0.1216535180202769,30.89108135017877,11.808131686566256,31.974576510057307,-0.4221729672734192,0.4144286174756539,5.226679907878101,10.296519347179654,1.0,0.0,2.0,0.0,0.0,9.0,1.0,0.3535533905932737,0.5238095238095238,6.0,2.0,0.8461538461538461,8.022222222222222,5.950413223140496,0.0,0.0,0.0,0.0,3.0,0.0,6.0,0.0,0.0,0.0,1.0,0.0,0.0,2.0,0.0,0.0,0.0,0.0,0.0,1.0,0.0,0.0,0.0,2.0,1.0,0.0,0.0,0.0,1.0,0.0,2.0,0.0,0.0,0.0,0.0,0.0,0.0,0.0,0.0,0.0,0.0,0.0,0.0,0.0,0.0,1.0,0.0,0.0,0.0,0.0,0.0,0.0,0.0,0.0,0.0,0.0,0.0,0.0,0.0,0.0,0.0,0.0,0.0,0.0,0.0,0.0,0.0,0.0,0.0,0.0,0.0,0.0,0.0,7.0,3.0,1.5000000000000004,2.392175658249121,1.4819259510187868,3.0,4.190133451868675,1.3103706971044482,0.5984084805885755,0.0,0.0,0.3849001794597506,0.1666666666666666,0.0,0.0,0.0,0.6850067105944414,0.8630543739971821,0.0,2.01,7.0,0.0,1.0,2.0,1.0,0.0,0.0,1.0,1.0,0.0,0.0,0.0,107.98,5.459431618637297,1.9920093884483665,24.14379281551697,8.590092246546101,12.499150959328988,1.277,104.0
CC(C)(C)O,0.3286728899999986,0.0,0.0,-0.0160443919408497,-0.0193052299317816,0.0,0.0,5.774469035540946,11.809058534647816,15.997953368412102,-0.4211039563625199,0.2199313418238043,4.576367599051691,6.88415914246179,0.0,0.0,0.0,0.0,0.0,3.0,0.0,0.5,0.0,1.0,1.0,1.0,1.0,,0.0,0.0,0.0,0.0,3.0,0.0,0.0,0.0,0.0,0.0,0.0,0.0,0.0,0.0,0.0,0.0,0.0,0.0,0.0,0.0,0.0,0.0,0.0,0.0,0.0,0.0,0.0,0.0,1.0,0.0,0.0,0.0,0.0,0.0,0.0,0.0,0.0,0.0,0.0,0.0,0.0,0.0,0.0,0.0,0.0,0.0,0.0,0.0,0.0,0.0,0.0,0.0,0.0,0.0,0.0,0.0,0.0,0.0,0.0,0.0,0.0,0.0,0.0,0.0,0.0,0.0,0.0,0.0,0.0,0.0,0.0,0.0,0.0,0.0,3.0,1.5000000000000004,0.0,0.0,3.0,0.0,0.0,0.0,0.0,0.0,0.0,0.0,0.0,0.0,0.0,0.0,0.0,0.0,1.7899999999999998,0.0,0.0,0.0,0.0,0.0,0.0,0.0,0.0,0.0,0.0,0.0,0.0,20.23,3.0,1.7,2.25,2.25,0.0,0.8009999999999999,20.0
CC(C)(C)c1ccc(O)c(O)c1,7.266259360000004,0.0,6.0,-0.0265330938683261,-0.0644964446115095,0.0304370689040044,0.0060952983698641,13.548938071081892,11.690205360654655,15.999129346883429,-0.4030250864164145,0.3534155968166654,4.903300189560454,9.719610225823082,0.0,0.0,0.0,5.0,1.0,3.0,0.0,0.2886751345948129,0.5,2.0,2.0,0.4,3.3950617283950617,2.4930747922437675,0.0,0.0,0.0,0.0,3.0,0.0,0.0,0.0,0.0,3.0,0.0,0.0,0.0,3.0,0.0,0.0,0.0,0.0,0.0,0.0,0.0,0.0,0.0,0.0,0.0,0.0,0.0,0.0,2.0,0.0,0.0,0.0,0.0,0.0,0.0,0.0,0.0,0.0,0.0,0.0,0.0,0.0,0.0,0.0,0.0,0.0,0.0,0.0,0.0,0.0,0.0,0.0,0.0,0.0,0.0,0.0,0.0,0.0,0.0,0.0,0.0,0.0,0.0,0.0,0.0,0.0,0.0,0.0,0.0,0.0,0.0,0.0,0.0,8.0,,1.5000000000000004,2.7256808892482094,2.6316159643915795,3.0,1.6509636244473134,1.6509636244473134,1.3103706971044482,0.0,0.3333333333333333,0.0,0.0,0.0,0.0,0.0,0.0,0.0,0.0,2.34,1.0,0.0,1.0,1.0,1.0,0.0,0.0,0.0,1.0,0.0,0.0,0.0,40.46,4.584962500721156,1.917175521550922,5.00888944691091,5.00888944691091,0.0,3.1880000000000006,60.0
CC(C)(C)c1ccccc1O,8.779368999999996,0.0,6.0,-0.0200012308218982,-0.0029712349679241,-0.0018271169000725,-0.0021296210286524,11.774469035540946,11.690475974682846,15.997956607738548,-0.3999829575213232,0.3122099503737378,5.375945548013252,9.761142920045035,0.0,0.0,0.0,5.0,1.0,3.0,0.0,0.2886751345948129,0.5454545454545454,1.0,1.0,0.4,3.1640625,2.2145328719723185,0.0,0.0,0.0,0.0,3.0,0.0,0.0,0.0,0.0,4.0,0.0,0.0,0.0,2.0,0.0,0.0,0.0,0.0,0.0,0.0,0.0,0.0,0.0,0.0,0.0,0.0,0.0,0.0,1.0,0.0,0.0,0.0,0.0,0.0,0.0,0.0,0.0,0.0,0.0,0.0,0.0,0.0,0.0,0.0,0.0,0.0,0.0,0.0,0.0,0.0,0.0,0.0,0.0,0.0,0.0,0.0,0.0,0.0,0.0,0.0,0.0,0.0,0.0,0.0,0.0,0.0,0.0,0.0,0.0,0.0,0.0,0.0,0.0,7.0,,1.5000000000000004,3.0487964889276884,2.449489742783178,3.0,3.965406456500188,1.0,1.4142135623730951,0.0,0.0,0.0,0.0,0.0,0.0,0.0,0.0,0.0,0.0,2.45,1.0,0.0,1.0,1.0,1.0,0.0,0.0,0.0,1.0,0.0,0.0,0.0,20.23,4.459431618637298,1.9232449688518287,2.518653584960852,2.518653584960852,0.0,3.222000000000001,54.0
CC(C)(c1cc(Br)c(O)c(Br)c1)c1cc(Br)c(O)c(Br)c1,45.177217960000014,0.0,12.0,-0.0330206261685935,-0.1158632774631476,0.0473113379227495,0.0185161075491297,195.5813012363435,11.682748513942506,78.92152876700133,-0.3898530329184317,0.3859626127027838,6.427738383826476,13.088075066746825,0.0,0.0,0.0,10.0,2.0,2.0,0.0,0.1666666666666666,0.6190476190476191,2.0,2.0,0.2,6.2456747404844295,3.347107438016529,0.0,0.0,0.0,0.0,2.0,0.0,0.0,0.0,0.0,4.0,0.0,0.0,0.0,8.0,0.0,0.0,0.0,0.0,0.0,0.0,0.0,0.0,0.0,0.0,0.0,0.0,0.0,0.0,2.0,0.0,0.0,0.0,0.0,0.0,0.0,0.0,0.0,0.0,0.0,0.0,0.0,0.0,0.0,0.0,0.0,0.0,0.0,0.0,0.0,0.0,0.0,0.0,0.0,0.0,0.0,0.0,0.0,0.0,0.0,0.0,0.0,0.0,0.0,0.0,4.0,0.0,0.0,0.0,0.0,0.0,0.0,0.0,0.0,7.0,,0.4999999999999999,2.666666666666667,4.4987306015227935,2.0,1.88988157484231,8.664419560622242,3.265986323710904,0.0,0.0999999999999999,0.0,0.0,0.0,0.0,0.0,0.0,0.0,0.0,2.45,2.0,2.0,2.0,2.0,2.0,0.0,0.0,0.0,2.0,0.0,0.0,0.0,40.46,5.459431618637297,1.964732704306252,15.051793327528944,4.999399454742769,0.0,7.714,112.0
CC(C)(c1ccc(O)cc1)c1ccc(O)cc1,13.896492840000002,0.0,12.0,-0.0363869480151586,-0.0228597113781487,0.0003791055744419,0.0169616636578818,18.54893807108189,11.682788818830891,15.999021256257626,-0.4003393504891753,0.3150966060126131,4.844900521286632,11.52278778168064,0.0,0.0,0.0,10.0,2.0,2.0,0.0,0.1666666666666666,0.7647058823529411,2.0,2.0,0.2,5.325443786982248,3.0625,0.0,0.0,0.0,0.0,2.0,0.0,0.0,0.0,0.0,8.0,0.0,0.0,0.0,4.0,0.0,0.0,0.0,0.0,0.0,0.0,0.0,0.0,0.0,0.0,0.0,0.0,0.0,0.0,2.0,0.0,0.0,0.0,0.0,0.0,0.0,0.0,0.0,0.0,0.0,0.0,0.0,0.0,0.0,0.0,0.0,0.0,0.0,0.0,0.0,0.0,0.0,0.0,0.0,0.0,0.0,0.0,0.0,0.0,0.0,0.0,0.0,0.0,0.0,0.0,0.0,0.0,0.0,0.0,0.0,0.0,0.0,0.0,0.0,7.0,,0.4999999999999999,4.618802153517007,2.5298221281347035,2.0,8.691901917570458,1.5326188647871062,2.0,0.0,0.0999999999999999,0.0,0.0,0.0,0.0,0.0,0.0,0.0,0.0,2.89,2.0,0.0,2.0,2.0,2.0,0.0,0.0,0.0,2.0,0.0,0.0,0.0,40.46,5.169925001442312,1.992619804584227,5.031858743343748,5.031858743343748,0.0,4.522000000000001,88.0
CC(C)(c1ccc(OCC2CO2)cc1)c1ccc(OCC2CO2)cc1,13.414638760000006,0.0,12.0,-0.2909919460380585,-0.176663878065417,0.1666927617586253,0.0018645810525648,28.097876142163784,11.6828364142588,16.00338878541941,-0.4056533929488249,0.3192879166598136,4.710963743098852,11.66212656266255,0.0,0.0,0.0,10.0,2.0,6.0,2.0,0.1666666666666666,0.92,2.0,0.0,0.4285714285714285,7.935,5.041666666666667,0.0,0.0,0.0,0.0,2.0,0.0,4.0,0.0,0.0,8.0,2.0,0.0,0.0,4.0,0.0,0.0,0.0,0.0,0.0,0.0,0.0,0.0,0.0,0.0,0.0,0.0,0.0,0.0,0.0,0.0,4.0,0.0,0.0,0.0,0.0,0.0,0.0,0.0,0.0,0.0,0.0,0.0,0.0,0.0,0.0,0.0,0.0,0.0,0.0,0.0,0.0,0.0,0.0,0.0,0.0,0.0,0.0,0.0,0.0,0.0,0.0,0.0,0.0,0.0,0.0,0.0,0.0,0.0,0.0,0.0,0.0,0.0,0.0,7.0,,0.4999999999999999,5.255258316002157,2.7849533001676674,2.0,13.625357463232138,2.7287381726216258,1.9759012680250485,0.0,0.0,0.0,0.7593518422752366,0.0,0.0,0.0,0.0,0.0,0.0,3.33,8.0,0.0,2.0,4.0,2.0,2.0,0.0,0.0,2.0,0.0,0.0,0.0,43.52,5.807354922057604,2.021588129801082,11.628624029215027,11.628624029215027,0.0,4.4380000000000015,136.0
CC(C)=CCC/C(C)=C/CO,8.608942810000002,0.0,0.0,-0.048186221322493,-0.0136644266303027,0.0233661858686133,-0.0025550420074401,11.774469035540946,11.727930905625067,15.997947044056218,-0.4192686823924808,0.2242173642034275,4.196648083447886,8.554128237375174,0.0,0.0,0.0,2.0,2.0,4.0,2.0,0.0,0.0,1.0,1.0,0.6,6.694214876033058,7.901234567901234,0.0,0.0,0.0,0.0,3.0,0.0,3.0,0.0,2.0,0.0,0.0,0.0,2.0,0.0,0.0,0.0,0.0,0.0,0.0,0.0,0.0,0.0,0.0,0.0,0.0,0.0,0.0,0.0,1.0,0.0,0.0,0.0,0.0,0.0,0.0,0.0,0.0,0.0,0.0,0.0,0.0,0.0,0.0,0.0,0.0,0.0,0.0,0.0,0.0,0.0,0.0,0.0,0.0,0.0,0.0,0.0,0.0,0.0,0.0,0.0,0.0,0.0,0.0,0.0,0.0,0.0,0.0,0.0,0.0,0.0,0.0,0.0,0.0,2.0,8.0,0.7211247851537042,4.282910726134384,2.683281572999748,0.0,4.508797713853318,0.25,0.0,0.0,0.0,0.0,0.0,0.0,0.0,0.0,0.0,0.0,0.0,2.45,4.0,0.0,0.0,0.0,0.0,0.0,0.0,0.0,0.0,0.0,0.0,0.0,20.23,4.321928094887363,1.8623742455245391,2.4044093210821025,2.4044093210821025,0.0,2.524,42.0
CC(C)=O,0.0595360000000001,0.0,0.0,-0.0228747392119322,-0.0382376550212491,0.0,0.0,4.774469035540946,11.83959292341987,16.00594615378202,-0.3952114583176212,0.2856334948913063,3.459833954463704,5.2015230424138,0.0,0.0,0.0,1.0,0.0,2.0,0.0,0.0,0.0,1.0,0.0,0.6666666666666666,1.3333333333333333,,0.0,0.0,0.0,0.0,2.0,0.0,0.0,0.0,0.0,0.0,0.0,0.0,1.0,0.0,0.0,0.0,0.0,0.0,0.0,0.0,0.0,0.0,0.0,0.0,0.0,0.0,0.0,0.0,0.0,1.0,0.0,0.0,0.0,0.0,0.0,0.0,0.0,0.0,0.0,0.0,0.0,0.0,0.0,0.0,0.0,0.0,0.0,0.0,0.0,0.0,0.0,0.0,0.0,0.0,0.0,0.0,0.0,0.0,0.0,0.0,0.0,0.0,0.0,0.0,0.0,0.0,0.0,0.0,0.0,0.0,0.0,0.0,0.0,1.0,3.0,0.4999999999999999,0.0,2.0,0.0,0.0,0.0,0.0,0.0,0.0,0.0,0.0,0.0,0.0,0.0,0.0,0.0,0.0,1.68,0.0,0.0,0.0,0.0,0.0,0.0,0.0,0.0,0.0,0.0,0.0,0.0,17.07,2.584962500721156,1.6830127018922194,2.2440169358562927,2.2440169358562927,0.0,0.185,12.0
CC(C)CC(C)O,2.56,0.0,0.0,-0.0234343835724403,-0.0138924622365243,-0.0004642727532577,-3.462788933317579e-05,7.774469035540946,11.801110876735402,15.997949638127803,-0.4216407568894496,0.1950815644181981,4.576408360402617,7.50090709662213,0.0,0.0,0.0,0.0,0.0,3.0,2.0,0.0,0.0,1.0,1.0,1.0,3.061224489795918,6.0,0.0,0.0,0.0,0.0,3.0,0.0,1.0,0.0,0.0,0.0,2.0,0.0,0.0,0.0,0.0,0.0,0.0,0.0,0.0,0.0,0.0,0.0,0.0,0.0,0.0,0.0,0.0,0.0,1.0,0.0,0.0,0.0,0.0,0.0,0.0,0.0,0.0,0.0,0.0,0.0,0.0,0.0,0.0,0.0,0.0,0.0,0.0,0.0,0.0,0.0,0.0,0.0,0.0,0.0,0.0,0.0,0.0,0.0,0.0,0.0,0.0,0.0,0.0,0.0,0.0,0.0,0.0,0.0,0.0,0.0,0.0,0.0,0.0,0.0,5.0,0.944940787421155,1.5000000000000004,3.4641016151377557,0.0,0.0,0.4999999999999999,0.0,0.0,0.0,0.0,0.0,0.0,0.0,0.0,0.0,0.0,0.0,2.01,2.0,0.0,0.0,0.0,0.0,0.0,0.0,0.0,0.0,0.0,0.0,0.0,20.23,3.584962500721156,1.787023204897657,2.353722018894524,2.353722018894524,0.0,1.819,26.0
CC(C)CCC(=O)O,2.563841439999997,1.0,0.0,-0.0930834544171535,0.0016620113529794,-0.0042767298723391,-0.0002182207967932,9.548938071081892,11.802248687662908,16.009788512379316,-0.3815472397565586,0.3768292466373355,3.698241209848886,7.479553594371428,0.0,0.0,1.0,0.0,0.0,2.0,2.0,0.0,0.0,2.0,1.0,0.8333333333333334,3.9375,7.2,0.0,0.0,0.0,0.0,2.0,0.0,2.0,0.0,0.0,0.0,1.0,0.0,1.0,0.0,0.0,0.0,0.0,0.0,0.0,0.0,0.0,0.0,0.0,0.0,0.0,0.0,0.0,0.0,1.0,1.0,0.0,0.0,0.0,0.0,0.0,0.0,0.0,0.0,0.0,0.0,0.0,0.0,0.0,0.0,0.0,0.0,0.0,0.0,0.0,0.0,0.0,0.0,0.0,0.0,0.0,0.0,0.0,0.0,0.0,0.0,0.0,0.0,0.0,0.0,0.0,0.0,0.0,0.0,0.0,0.0,0.0,0.0,0.0,2.0,5.0,0.4999999999999999,1.6329931618554518,2.0,0.0,1.0,0.3333333333333333,0.0,0.0,0.4999999999999999,0.0,0.0,0.0,0.0,0.0,0.0,0.0,0.0,1.9,3.0,0.0,0.0,0.0,0.0,0.0,0.0,0.0,0.0,0.0,0.0,0.0,37.3,3.807354922057604,1.812740088920523,4.735810142208514,4.735810142208514,0.0,1.819,30.0
CC(C)CCO,1.4945062500000008,0.0,0.0,-0.0336340157393982,-0.007458413840861,-0.0005660959284984,-4.136419845145502e-05,6.774469035540946,11.8063621718266,15.99794557390649,-0.4231099178391936,0.1684814488595732,3.9456613760334185,7.164095759718268,0.0,0.0,0.0,0.0,0.0,3.0,1.0,0.0,0.0,1.0,1.0,1.0,3.2,5.333333333333333,0.0,0.0,0.0,0.0,2.0,0.0,2.0,0.0,0.0,0.0,1.0,0.0,0.0,0.0,0.0,0.0,0.0,0.0,0.0,0.0,0.0,0.0,0.0,0.0,0.0,0.0,0.0,0.0,1.0,0.0,0.0,0.0,0.0,0.0,0.0,0.0,0.0,0.0,0.0,0.0,0.0,0.0,0.0,0.0,0.0,0.0,0.0,0.0,0.0,0.0,0.0,0.0,0.0,0.0,0.0,0.0,0.0,0.0,0.0,0.0,0.0,0.0,0.0,0.0,0.0,0.0,0.0,0.0,0.0,0.0,0.0,0.0,0.0,0.0,4.0,0.4999999999999999,1.6329931618554518,2.0,0.0,1.0,0.0,0.0,0.0,0.0,0.0,0.0,0.0,0.0,0.0,0.0,0.0,0.0,1.9,2.0,0.0,0.0,0.0,0.0,0.0,0.0,0.0,0.0,0.0,0.0,0.0,20.23,3.321928094887362,1.779862915723137,2.3716644057438945,2.3716644057438945,0.0,1.359,20.0
CC(C)CO,0.6952224400000001,0.0,0.0,-0.0340047207770867,-0.0063515516040079,-0.0012406572937438,0.0,5.774469035540946,11.815634021272096,15.997945337760385,-0.4229418011339652,0.174868780508233,3.945660719621839,6.646635551048946,0.0,0.0,0.0,0.0,0.0,3.0,0.0,0.0,0.0,1.0,1.0,1.0,2.25,4.0,0.0,0.0,0.0,0.0,2.0,0.0,1.0,0.0,0.0,0.0,1.0,0.0,0.0,0.0,0.0,0.0,0.0,0.0,0.0,0.0,0.0,0.0,0.0,0.0,0.0,0.0,0.0,0.0,1.0,0.0,0.0,0.0,0.0,0.0,0.0,0.0,0.0,0.0,0.0,0.0,0.0,0.0,0.0,0.0,0.0,0.0,0.0,0.0,0.0,0.0,0.0,0.0,0.0,0.0,0.0,0.0,0.0,0.0,0.0,0.0,0.0,0.0,0.0,0.0,0.0,0.0,0.0,0.0,0.0,0.0,0.0,0.0,0.0,0.0,3.0,0.4999999999999999,0.9999999999999998,2.0,0.0,0.0,0.0,0.0,0.0,0.0,0.0,0.0,0.0,0.0,0.0,0.0,0.0,0.0,1.7899999999999998,1.0,0.0,0.0,0.0,0.0,0.0,0.0,0.0,0.0,0.0,0.0,0.0,20.23,3.0,1.7393603864164349,2.3291152491146936,2.3291152491146936,0.0,0.579,16.0
CC(C)Cc1ccc(C(C)C(=O)O)cc1,12.83144041000002,1.0,6.0,-0.0910228075023466,-0.0071397875589397,-0.0047943222800258,-0.0024374729244622,16.548938071081892,11.687399154635786,16.00979249065038,-0.3807799556956333,0.3902566073316454,4.217239101245149,9.33339621442115,0.0,0.0,1.0,4.0,2.0,3.0,1.0,0.0,0.4,2.0,1.0,0.4615384615384615,5.915,4.1652892561983474,0.0,0.0,0.0,0.0,3.0,0.0,1.0,0.0,0.0,4.0,2.0,0.0,1.0,2.0,0.0,0.0,0.0,0.0,0.0,0.0,0.0,0.0,0.0,0.0,0.0,0.0,0.0,0.0,1.0,1.0,0.0,0.0,0.0,0.0,0.0,0.0,0.0,0.0,0.0,0.0,0.0,0.0,0.0,0.0,0.0,0.0,0.0,0.0,0.0,0.0,0.0,0.0,0.0,0.0,0.0,0.0,0.0,0.0,0.0,0.0,0.0,0.0,0.0,0.0,0.0,0.0,0.0,0.0,0.0,0.0,0.0,0.0,0.0,6.0,,0.5952753944880748,3.919629443022256,4.290961840741611,0.0,4.883593419305869,3.3865457448640486,0.0,0.0,0.4999999999999999,0.0,0.0,0.0,0.0,0.0,0.0,0.0,0.0,2.6699999999999995,4.0,0.0,1.0,1.0,1.0,0.0,0.0,0.0,1.0,0.0,0.0,0.0,37.3,4.906890595608519,1.9388863955495172,4.76481125037276,4.76481125037276,0.0,3.641000000000001,70.0
CC(C)Cc1ccc(C(C)C(=O)OC[C@H]2OC(O)[C@@H](O)[C@@H](O)[C@@H]2O)cc1,2.8146772900000068,0.0,6.0,-0.2929586688593178,-0.2262822083523307,0.1376552665564648,-0.1659210961609941,31.421283248786622,11.6874006810841,16.011454007893327,-0.4196750408973916,0.3920760059211315,4.760050901953994,9.716599022410492,0.0,0.0,1.0,4.0,2.0,5.0,5.0,0.0,0.6153846153846154,7.0,4.0,0.631578947368421,9.97229916897507,5.9972838388411045,0.0,0.0,0.0,0.0,3.0,0.0,2.0,0.0,0.0,4.0,7.0,0.0,1.0,2.0,0.0,0.0,0.0,0.0,0.0,0.0,0.0,0.0,0.0,0.0,0.0,0.0,0.0,0.0,4.0,1.0,2.0,0.0,0.0,0.0,0.0,0.0,0.0,0.0,0.0,0.0,0.0,0.0,0.0,0.0,0.0,0.0,0.0,0.0,0.0,0.0,0.0,0.0,0.0,0.0,0.0,0.0,0.0,0.0,0.0,0.0,0.0,0.0,0.0,0.0,0.0,0.0,0.0,0.0,0.0,0.0,0.0,0.0,0.0,6.0,,0.5952753944880748,4.217046697705537,5.050877038220771,0.0,5.145513940964438,10.68411559505861,0.0,0.0,2.135063976967522,2.731817138505806,0.3333333333333333,0.0,0.0,0.0,0.0,0.0,0.0,2.78,7.0,0.0,1.0,2.0,1.0,0.0,0.0,0.0,2.0,0.0,0.0,0.0,116.45000000000002,5.754887502163469,1.9744566208390533,18.5979984577318,18.5979984577318,0.0,2.335,130.0
CC(C)Cc1ccc(C(C)C(=O)OC[C@H]2OC(O)[C@H](O)[C@@H](O)[C@@H]2O)cc1,2.8146772900000068,0.0,6.0,-0.2929586688593178,-0.2262822083523307,0.1376552665564648,-0.1659210961609941,31.421283248786622,11.6874006810841,16.011454007893327,-0.4196750408973916,0.3920760059211315,4.760050901953994,9.716599022410492,0.0,0.0,1.0,4.0,2.0,5.0,5.0,0.0,0.6153846153846154,7.0,4.0,0.631578947368421,9.97229916897507,5.9972838388411045,0.0,0.0,0.0,0.0,3.0,0.0,2.0,0.0,0.0,4.0,7.0,0.0,1.0,2.0,0.0,0.0,0.0,0.0,0.0,0.0,0.0,0.0,0.0,0.0,0.0,0.0,0.0,0.0,4.0,1.0,2.0,0.0,0.0,0.0,0.0,0.0,0.0,0.0,0.0,0.0,0.0,0.0,0.0,0.0,0.0,0.0,0.0,0.0,0.0,0.0,0.0,0.0,0.0,0.0,0.0,0.0,0.0,0.0,0.0,0.0,0.0,0.0,0.0,0.0,0.0,0.0,0.0,0.0,0.0,0.0,0.0,0.0,0.0,6.0,,0.5952753944880748,4.217046697705537,5.050877038220771,0.0,5.145513940964438,10.68411559505861,0.0,0.0,2.135063976967522,2.731817138505806,0.3333333333333333,0.0,0.0,0.0,0.0,0.0,0.0,2.78,7.0,0.0,1.0,2.0,1.0,0.0,0.0,0.0,2.0,0.0,0.0,0.0,116.45000000000002,5.754887502163469,1.9744566208390533,18.5979984577318,18.5979984577318,0.0,2.335,130.0
CC(C)N,0.00619369,0.0,0.0,-0.0084447885612755,-0.0051125400555782,0.0,0.0,4.35998030127648,11.84217327795487,14.009145870948911,-0.3686736396749441,0.1479342682620319,4.75731743811715,6.24535463305539,1.0,0.0,0.0,0.0,0.0,2.0,1.0,0.0,0.0,1.0,1.0,1.0,1.3333333333333333,,0.0,0.0,0.0,0.0,2.0,0.0,0.0,0.0,0.0,0.0,1.0,0.0,0.0,0.0,0.0,0.0,1.0,0.0,0.0,0.0,0.0,0.0,0.0,0.0,0.0,0.0,0.0,0.0,0.0,0.0,0.0,0.0,0.0,0.0,0.0,0.0,0.0,0.0,0.0,0.0,0.0,0.0,0.0,0.0,0.0,0.0,0.0,0.0,0.0,0.0,0.0,0.0,0.0,0.0,0.0,0.0,0.0,0.0,0.0,0.0,0.0,0.0,0.0,0.0,0.0,0.0,0.0,0.0,0.0,0.0,0.0,0.0,0.0,0.0,3.0,0.4999999999999999,0.0,2.0,0.0,0.0,0.0,0.0,0.0,0.0,0.0,0.0,0.0,0.0,0.0,0.0,0.0,0.0,1.68,0.0,0.0,0.0,0.0,0.0,0.0,0.0,0.0,0.0,0.0,0.0,0.0,26.02,2.584962500721156,1.6830127018922194,2.2440169358562927,0.0,2.2440169358562927,0.317,12.0
CC(C)NCC(O)COc1ccc(CC(N)=O)cc1,0.4475610000000017,0.0,6.0,-0.166060160450965,-0.1755332510616491,0.0945249473803964,0.1038617849216051,22.0433677091758,11.693878877722424,16.006356578470683,-0.4167862616056493,0.3381352010531945,4.2010433770925,8.764104412976259,1.0,0.0,1.0,5.0,1.0,4.0,3.0,0.0,0.3157894736842105,4.0,3.0,0.5,9.03125,8.0,0.0,0.0,0.0,0.0,2.0,0.0,3.0,0.0,0.0,4.0,2.0,0.0,1.0,2.0,0.0,0.0,1.0,0.0,0.0,1.0,0.0,0.0,0.0,0.0,0.0,0.0,0.0,0.0,1.0,1.0,1.0,0.0,0.0,0.0,0.0,0.0,0.0,0.0,0.0,0.0,0.0,0.0,0.0,0.0,0.0,0.0,0.0,0.0,0.0,0.0,0.0,0.0,0.0,0.0,0.0,0.0,0.0,0.0,0.0,0.0,0.0,0.0,0.0,0.0,0.0,0.0,0.0,0.0,0.0,0.0,0.0,0.0,0.0,7.0,,0.4999999999999999,1.9891987952172288,1.971206599678401,0.0,6.857230682034217,2.048145734495446,0.0,0.0,0.0999999999999999,0.4364357804719846,0.0,0.0,0.0909090909090909,0.0,0.0,0.0,0.0,2.45,8.0,0.0,1.0,1.0,1.0,0.0,0.0,0.0,1.0,0.0,0.0,0.0,84.57999999999998,5.247927513443585,1.951940212896173,13.237876290650332,7.967349985010065,5.270526305640261,0.4610000000000001,86.0
CC(C)NCC(O)COc1ccc(COCCOC(C)C)cc1,4.1265859600000026,0.0,6.0,-0.2908496059985559,-0.2469672056480572,0.2790288383268032,-0.013338693865624,26.457856443440264,11.694647311389929,16.002931564635073,-0.423564749250079,0.306977788432976,5.063813192659064,8.600401823962553,1.0,0.0,0.0,5.0,1.0,9.0,3.0,0.0,0.2608695652173913,4.0,2.0,0.6666666666666666,12.375,11.224489795918368,0.0,0.0,0.0,0.0,4.0,0.0,5.0,0.0,0.0,4.0,3.0,0.0,0.0,2.0,0.0,0.0,0.0,0.0,0.0,1.0,0.0,0.0,0.0,0.0,0.0,0.0,0.0,0.0,1.0,0.0,3.0,0.0,0.0,0.0,0.0,0.0,0.0,0.0,0.0,0.0,0.0,0.0,0.0,0.0,0.0,0.0,0.0,0.0,0.0,0.0,0.0,0.0,0.0,0.0,0.0,0.0,0.0,0.0,0.0,0.0,0.0,0.0,0.0,0.0,0.0,0.0,0.0,0.0,0.0,0.0,0.0,0.0,0.0,7.0,,0.7202920768089438,4.655812048581373,3.308156576891605,0.0,9.738821031673131,1.6108032458840975,0.0,0.0,0.0,0.4367902323681495,0.5503212081491045,0.0,0.0,0.0,0.0,0.0,0.0,2.89,12.0,1.0,1.0,1.0,1.0,0.0,0.0,0.0,1.0,0.0,0.0,0.0,59.95,5.523561956057013,1.960656815144728,14.348598605157727,11.477249561875707,2.871349043282022,2.1630000000000003,102.0
CC(C)NCC(O)COc1cccc2[nH]ccc12,3.7075502500000086,0.0,10.0,-0.1240846596626114,-0.1489888500969834,0.0570238120220929,0.1192994709440941,20.26889867363485,11.679774205187236,16.000464265097314,-0.4165461615540981,0.3561116500232836,5.116354132315765,9.44947529065745,1.0,0.0,1.0,6.0,1.0,4.0,2.0,0.0,0.5,2.0,3.0,0.4285714285714285,6.9632,4.266666666666667,0.0,0.0,0.0,0.0,2.0,0.0,2.0,0.0,0.0,5.0,2.0,0.0,0.0,1.0,2.0,0.0,0.0,0.0,0.0,1.0,1.0,0.0,0.0,0.0,0.0,0.0,0.0,0.0,1.0,0.0,1.0,0.0,0.0,0.0,0.0,0.0,0.0,0.0,0.0,0.0,0.0,0.0,0.0,0.0,0.0,0.0,0.0,0.0,0.0,0.0,0.0,0.0,0.0,0.0,0.0,0.0,0.0,0.0,0.0,0.0,0.0,0.0,0.0,0.0,0.0,0.0,0.0,0.0,0.0,0.0,0.0,0.0,0.0,10.0,,0.4999999999999999,1.9532019117447283,2.1832420853927026,0.0,6.38078170495976,3.102671683933338,0.0,0.0,0.0,0.3333333333333333,0.0,0.0,0.0,0.0,0.1249999999999999,0.0,0.0,2.56,6.0,0.0,2.0,1.0,1.0,0.0,0.0,1.0,1.0,0.0,0.0,0.0,57.28,5.247927513443585,2.006528467786444,11.539406010764091,5.593239319892158,5.946166690871946,1.9150000000000005,88.0
CC(C)NCC(O)COc1cccc2ccccc12,6.453632160000002,0.0,11.0,-0.1086971369429447,-0.1492942766357972,0.0837591181825621,0.0775375231389236,20.90891837235837,11.655679261866991,16.000464214793023,-0.4165222236066179,0.347041016244645,5.12968282784805,9.854071381230094,1.0,0.0,0.0,8.0,2.0,4.0,2.0,0.0,0.5263157894736842,2.0,2.0,0.375,7.695266272189349,4.795005202913631,0.0,0.0,0.0,0.0,2.0,0.0,2.0,0.0,0.0,7.0,2.0,0.0,0.0,1.0,2.0,0.0,0.0,0.0,0.0,1.0,0.0,0.0,0.0,0.0,0.0,0.0,0.0,0.0,1.0,0.0,1.0,0.0,0.0,0.0,0.0,0.0,0.0,0.0,0.0,0.0,0.0,0.0,0.0,0.0,0.0,0.0,0.0,0.0,0.0,0.0,0.0,0.0,0.0,0.0,0.0,0.0,0.0,0.0,0.0,0.0,0.0,0.0,0.0,0.0,0.0,0.0,0.0,0.0,0.0,0.0,0.0,0.0,0.0,11.0,3.0,0.4999999999999999,2.307569786335917,2.1832420853927026,0.0,10.991418438850388,3.102671683933338,0.0,0.0,0.0,0.3333333333333333,0.0,0.0,0.0,0.0,0.0,0.0,0.0,2.89,6.0,0.0,2.0,1.0,1.0,0.0,0.0,0.0,2.0,0.0,0.0,0.0,41.49,5.321928094887363,2.011489304375335,8.471428513124144,5.59905411758531,2.872374395538838,3.0280000000000005,92.0
CC(C)NCC(O)c1ccc(NS(C)(=O)=O)cc1,0.2444313600000005,0.0,6.0,-0.1428776587041372,-0.0563912847951396,0.0591468065789192,-0.0052198538562155,27.171120747625807,11.693557301291758,31.97875281543931,-0.4144701854602886,0.4093052615191437,5.58841300144222,10.059386038239303,1.0,0.0,0.0,5.0,1.0,3.0,2.0,0.3535533905932737,0.3333333333333333,5.0,3.0,0.5,6.9632,6.666666666666667,0.0,0.0,0.0,0.0,3.0,0.0,1.0,0.0,0.0,4.0,2.0,0.0,0.0,2.0,0.0,0.0,0.0,0.0,0.0,2.0,0.0,0.0,0.0,0.0,0.0,0.0,0.0,0.0,1.0,2.0,0.0,0.0,0.0,0.0,0.0,0.0,0.0,0.0,0.0,0.0,0.0,0.0,0.0,0.0,0.0,0.0,0.0,1.0,0.0,0.0,0.0,0.0,0.0,0.0,0.0,0.0,0.0,0.0,0.0,0.0,0.0,0.0,0.0,0.0,0.0,0.0,0.0,0.0,0.0,0.0,0.0,0.0,0.0,10.0,,0.4814111366353723,2.792106303472752,2.840950740464948,0.0,4.251415002085969,1.8948485120271368,0.0,0.0,0.5952753944880748,0.0,0.0,0.0,0.0,0.0,0.1428571428571428,0.0,0.0,2.12,6.0,0.0,1.0,1.0,1.0,0.0,0.0,0.0,1.0,0.0,0.0,0.0,86.81,5.169925001442312,1.936341571379887,16.339602937250213,7.271563589201683,5.8355853608271495,1.051,86.0
CC(C)Nc1ccccc1,5.593225000000001,0.0,6.0,-0.0207075905144518,-0.0077449559619938,0.0035321652135152,0.0011091237559697,10.35998030127648,11.70026608652971,14.01313301374717,-0.3757547683592518,0.2712037671241378,5.821010737467713,8.642315835567345,0.0,0.0,0.0,6.0,0.0,2.0,1.0,0.0,0.6,1.0,1.0,0.3333333333333333,4.0,3.111111111111111,0.0,0.0,0.0,0.0,2.0,0.0,0.0,0.0,0.0,5.0,1.0,0.0,0.0,1.0,0.0,0.0,0.0,0.0,0.0,1.0,0.0,0.0,0.0,0.0,0.0,0.0,0.0,0.0,0.0,0.0,0.0,0.0,0.0,0.0,0.0,0.0,0.0,0.0,0.0,0.0,0.0,0.0,0.0,0.0,0.0,0.0,0.0,0.0,0.0,0.0,0.0,0.0,0.0,0.0,0.0,0.0,0.0,0.0,0.0,0.0,0.0,0.0,0.0,0.0,0.0,0.0,0.0,0.0,0.0,0.0,0.0,0.0,0.0,7.0,3.0,0.4999999999999999,2.10842303171375,2.309401076758504,0.0,6.083643418932058,0.4999999999999999,0.0,0.0,0.0,0.0,0.0,0.0,0.0,0.0,0.0,0.0,0.0,2.3400000000000003,2.0,0.0,1.0,1.0,1.0,0.0,0.0,0.0,1.0,0.0,0.0,0.0,12.03,4.321928094887363,1.9535122962644131,2.933734435052091,0.0,2.933734435052091,2.551,44.0
CC(C)O,0.13564489,0.0,0.0,-0.0231238285291088,-0.014805796446551,0.0,0.0,4.774469035540946,11.84350409042689,15.997949296691145,-0.4223616404601595,0.1808945220827997,3.945571896878617,5.631712513004857,0.0,0.0,0.0,0.0,0.0,2.0,1.0,0.0,0.0,1.0,1.0,1.0,1.3333333333333333,,0.0,0.0,0.0,0.0,2.0,0.0,0.0,0.0,0.0,0.0,1.0,0.0,0.0,0.0,0.0,0.0,0.0,0.0,0.0,0.0,0.0,0.0,0.0,0.0,0.0,0.0,0.0,0.0,1.0,0.0,0.0,0.0,0.0,0.0,0.0,0.0,0.0,0.0,0.0,0.0,0.0,0.0,0.0,0.0,0.0,0.0,0.0,0.0,0.0,0.0,0.0,0.0,0.0,0.0,0.0,0.0,0.0,0.0,0.0,0.0,0.0,0.0,0.0,0.0,0.0,0.0,0.0,0.0,0.0,0.0,0.0,0.0,0.0,0.0,3.0,0.4999999999999999,0.0,2.0,0.0,0.0,0.0,0.0,0.0,0.0,0.0,0.0,0.0,0.0,0.0,0.0,0.0,0.0,1.68,0.0,0.0,0.0,0.0,0.0,0.0,0.0,0.0,0.0,0.0,0.0,0.0,20.23,2.584962500721156,1.6830127018922194,2.2440169358562927,2.2440169358562927,0.0,0.384,12.0
CC(C)OCCO,0.0563587599999998,0.0,0.0,-0.1048344917305506,-0.116024737638209,0.113386658418145,-0.0112438905732841,8.548938071081892,11.843720173213065,16.00045191248346,-0.4248984086342202,0.1980715553740445,3.747917314848144,6.631961219187257,0.0,0.0,0.0,0.0,0.0,4.0,1.0,0.0,0.0,2.0,1.0,1.0,4.166666666666667,6.0,0.0,0.0,0.0,0.0,2.0,0.0,2.0,0.0,0.0,0.0,1.0,0.0,0.0,0.0,0.0,0.0,0.0,0.0,0.0,0.0,0.0,0.0,0.0,0.0,0.0,0.0,0.0,0.0,1.0,0.0,1.0,0.0,0.0,0.0,0.0,0.0,0.0,0.0,0.0,0.0,0.0,0.0,0.0,0.0,0.0,0.0,0.0,0.0,0.0,0.0,0.0,0.0,0.0,0.0,0.0,0.0,0.0,0.0,0.0,0.0,0.0,0.0,0.0,0.0,0.0,0.0,0.0,0.0,0.0,0.0,0.0,0.0,0.0,0.0,3.0,0.4999999999999999,1.1547005383792517,2.0,0.0,1.0,0.0,0.0,0.0,0.0,0.3333333333333333,0.0,0.0,0.0,0.0,0.0,0.0,0.0,1.7899999999999998,3.0,0.0,0.0,0.0,0.0,0.0,0.0,0.0,0.0,0.0,0.0,0.0,29.46,3.584962500721156,1.810052182209592,5.199368490610026,5.199368490610026,0.0,0.194,24.0
CC(C)[C@H](NC(=O)[C@@H]1CCCN1C(=O)[C@H](C)NC(=O)[C@H](C)N)C(=O)O,0.2375587600000007,1.0,0.0,-0.3831004589913236,-0.1058436555487671,0.4001671735209205,-0.5448014117894734,30.31226638281065,11.804645589853893,16.0117424928248,-0.3802729644104883,0.4025477399255397,4.3857896178827085,10.376188779710558,1.0,0.0,4.0,0.0,0.0,5.0,6.0,0.0,0.2,9.0,4.0,0.75,10.36408163265306,6.585034013605442,0.0,0.0,0.0,0.0,4.0,0.0,3.0,0.0,0.0,0.0,5.0,0.0,4.0,0.0,0.0,0.0,1.0,0.0,0.0,2.0,0.0,0.0,0.0,0.0,1.0,0.0,0.0,0.0,1.0,4.0,0.0,0.0,0.0,0.0,0.0,0.0,0.0,0.0,0.0,0.0,0.0,0.0,0.0,0.0,0.0,0.0,0.0,0.0,0.0,0.0,0.0,0.0,0.0,0.0,0.0,0.0,0.0,0.0,0.0,0.0,0.0,0.0,0.0,0.0,0.0,0.0,0.0,0.0,0.0,0.0,0.0,0.0,0.0,3.0,5.0,0.858374218932557,1.9062660932487796,8.006436491348289,0.0,2.381101577952299,9.675890118960732,0.0,0.0,1.625936069823241,0.0,0.0,0.0,0.3849001794597506,0.1666666666666666,0.1666666666666666,0.6666666666666667,0.0,2.2299999999999995,10.0,0.0,0.0,1.0,0.0,0.0,0.0,1.0,0.0,0.0,0.0,0.0,141.82999999999998,5.643856189774724,1.9254662959125703,24.04191716454732,12.346283201985194,11.695633962562097,-2.85,120.0
CC(C)[N+](=O)[O-],1.0355097600000005,0.0,0.0,0.0076460020420236,-0.0234689950949691,-0.0169752055468819,0.0,7.908918372358372,11.842645810530886,16.023606437726492,-0.3134855675502704,0.2750556748342673,3.247427520518275,6.35907833272163,0.0,0.0,0.0,0.0,0.0,2.0,1.0,0.0,0.0,0.0,0.0,1.0,2.2222222222222223,3.0,0.0,0.0,0.0,0.0,2.0,0.0,0.0,0.0,0.0,0.0,1.0,0.0,0.0,0.0,0.0,0.0,0.0,0.0,0.0,0.0,0.0,0.0,0.0,0.0,0.0,1.0,0.0,0.0,0.0,1.0,0.0,0.0,0.0,0.0,0.0,0.0,0.0,0.0,0.0,0.0,0.0,0.0,0.0,0.0,0.0,0.0,0.0,0.0,0.0,0.0,0.0,0.0,0.0,0.0,0.0,0.0,0.0,0.0,0.0,0.0,0.0,0.0,0.0,0.0,0.0,0.0,0.0,0.0,0.0,0.0,0.0,0.0,0.0,2.0,3.0,0.4999999999999999,0.0,2.0,0.0,0.0,0.0,0.0,0.0,0.4999999999999999,0.0,0.0,0.0,0.0,0.0,0.0,0.0,0.0,1.46,1.0,0.0,0.0,0.0,0.0,0.0,0.0,0.0,0.0,0.0,0.0,0.0,43.14,3.321928094887362,1.7539409800204089,7.523645880122447,4.650711828950112,2.872934051172336,1.131,22.0
CC(C)c1ccccc1,9.145785639999998,0.0,6.0,-0.0001271625994815,-0.0003216282272232,-7.639128789424141e-05,-4.381541425365944e-06,9.0,11.692750769005244,12.312715163081132,-0.3631488578603611,0.2581494663934695,6.0664061427157785,8.812420900003698,0.0,0.0,0.0,5.0,1.0,2.0,0.0,0.0,0.6666666666666666,0.0,0.0,0.3333333333333333,3.239669421487603,2.0,0.0,0.0,0.0,0.0,2.0,0.0,0.0,0.0,0.0,5.0,1.0,0.0,0.0,1.0,0.0,0.0,0.0,0.0,0.0,0.0,0.0,0.0,0.0,0.0,0.0,0.0,0.0,0.0,0.0,0.0,0.0,0.0,0.0,0.0,0.0,0.0,0.0,0.0,0.0,0.0,0.0,0.0,0.0,0.0,0.0,0.0,0.0,0.0,0.0,0.0,0.0,0.0,0.0,0.0,0.0,0.0,0.0,0.0,0.0,0.0,0.0,0.0,0.0,0.0,0.0,0.0,0.0,0.0,0.0,0.0,0.0,0.0,0.0,6.0,,0.4999999999999999,2.682461519999418,2.8284271247461903,0.0,6.083643418932058,1.0,0.0,0.0,0.0,0.0,0.0,0.0,0.0,0.0,0.0,0.0,0.0,2.45,1.0,0.0,1.0,1.0,1.0,0.0,0.0,0.0,1.0,0.0,0.0,0.0,0.0,4.169925001442312,1.9476238212508197,0.0,0.0,0.0,3.427000000000001,40.0
CC(CO[N+](=O)[O-])O[N+](=O)[O-],0.2213702500000003,0.0,0.0,-0.1641632977586593,0.0914440852136402,0.0235715166112425,-0.1469629099222346,16.366774815798635,11.850111935818877,16.0329433930582,-0.2926410163204792,0.3321993161788761,2.834742254430232,6.767627368430684,0.0,0.0,0.0,0.0,0.0,2.0,1.0,0.0,0.0,0.0,0.0,1.0,5.625,7.901234567901234,0.0,0.0,0.0,0.0,1.0,0.0,1.0,0.0,0.0,0.0,1.0,0.0,0.0,0.0,0.0,0.0,0.0,0.0,0.0,0.0,0.0,0.0,0.0,0.0,0.0,2.0,0.0,0.0,0.0,2.0,2.0,0.0,0.0,0.0,0.0,0.0,0.0,0.0,0.0,0.0,0.0,0.0,0.0,0.0,0.0,0.0,0.0,0.0,0.0,0.0,0.0,0.0,0.0,0.0,0.0,0.0,0.0,0.0,0.0,0.0,0.0,0.0,0.0,0.0,0.0,0.0,0.0,0.0,0.0,0.0,0.0,0.0,0.0,4.0,3.0,0.0,0.4999999999999999,1.0,0.0,0.0,0.0,0.0,0.0,1.3013952736609982,2.5298221281347035,0.3333333333333333,0.0,0.0,0.0,0.0,0.0,0.1999999999999999,0.91,5.0,0.0,0.0,0.0,0.0,0.0,0.0,0.0,0.0,0.0,0.0,0.0,104.74,4.321928094887363,1.8472550738703084,21.128302916030893,15.208007989594607,5.920294926436281,1.1559999999999997,44.0
CC(Cl)(Cl)Cl,4.11805849,0.0,0.0,-0.0756512576563392,0.0150057305441287,0.0,0.0,28.138849723546343,11.889225081947568,34.972433139176694,-0.2028681888632476,0.372351757812646,6.562716097434736,9.753029574249634,0.0,0.0,0.0,0.0,0.0,2.0,0.0,0.5,0.0,0.0,0.0,1.0,1.0,,0.0,0.0,0.0,0.0,1.0,0.0,0.0,0.0,0.0,0.0,0.0,0.0,0.0,0.0,0.0,0.0,0.0,0.0,0.0,0.0,0.0,0.0,0.0,0.0,0.0,0.0,0.0,0.0,0.0,0.0,0.0,0.0,0.0,0.0,0.0,0.0,0.0,0.0,0.0,0.0,0.0,0.0,0.0,0.0,0.0,0.0,0.0,0.0,3.0,0.0,0.0,0.0,0.0,0.0,0.0,0.0,0.0,0.0,0.0,0.0,0.0,0.0,0.0,0.0,0.0,0.0,0.0,0.0,0.0,0.0,0.0,0.0,0.0,0.0,2.0,0.0,0.0,0.0,1.0,0.0,0.0,0.0,0.0,0.0,0.0,0.0,0.0,0.0,0.0,0.0,0.0,0.0,1.35,0.0,0.0,0.0,0.0,0.0,0.0,0.0,0.0,0.0,0.0,0.0,0.0,0.0,3.0,1.7,6.75,0.0,0.0,2.4690000000000003,20.0
CC(Cl)CCl,3.56945449,0.0,0.0,-0.0215894699149241,-0.0465281706664648,0.0210432114643059,0.0,20.42589981569756,11.851462956339796,34.970391551781184,-0.2375954978084989,0.2302663555180423,5.413616915329782,8.087266760532533,0.0,0.0,0.0,0.0,0.0,2.0,1.0,0.0,0.0,0.0,0.0,1.0,2.25,4.0,0.0,0.0,0.0,0.0,1.0,0.0,1.0,0.0,0.0,0.0,1.0,0.0,0.0,0.0,0.0,0.0,0.0,0.0,0.0,0.0,0.0,0.0,0.0,0.0,0.0,0.0,0.0,0.0,0.0,0.0,0.0,0.0,0.0,0.0,0.0,0.0,0.0,0.0,0.0,0.0,0.0,0.0,0.0,0.0,0.0,0.0,0.0,0.0,2.0,0.0,0.0,0.0,0.0,0.0,0.0,0.0,0.0,0.0,0.0,0.0,0.0,0.0,0.0,0.0,0.0,0.0,0.0,0.0,0.0,0.0,0.0,0.0,0.0,0.0,3.0,0.0,0.4999999999999999,1.0,0.0,0.0,0.0,0.0,0.0,0.0,0.0,0.0,0.0,0.0,0.0,0.0,0.0,0.0,1.57,1.0,0.0,0.0,0.0,0.0,0.0,0.0,0.0,0.0,0.0,0.0,0.0,0.0,3.0,1.7393603864164349,4.642167778699836,0.0,0.0,2.037,16.0
CC(Cl)Cl,1.5647508100000005,0.0,0.0,-0.0488885494785118,0.0045238564969339,0.0,0.0,19.42589981569756,11.889483984343828,34.97090638949004,-0.2204285596824553,0.259713674882406,5.584065007707423,7.798626682025207,0.0,0.0,0.0,0.0,0.0,2.0,0.0,0.0,0.0,0.0,0.0,1.0,1.3333333333333333,,0.0,0.0,0.0,0.0,1.0,0.0,0.0,0.0,0.0,0.0,1.0,0.0,0.0,0.0,0.0,0.0,0.0,0.0,0.0,0.0,0.0,0.0,0.0,0.0,0.0,0.0,0.0,0.0,0.0,0.0,0.0,0.0,0.0,0.0,0.0,0.0,0.0,0.0,0.0,0.0,0.0,0.0,0.0,0.0,0.0,0.0,0.0,0.0,2.0,0.0,0.0,0.0,0.0,0.0,0.0,0.0,0.0,0.0,0.0,0.0,0.0,0.0,0.0,0.0,0.0,0.0,0.0,0.0,0.0,0.0,0.0,0.0,0.0,0.0,2.0,0.0,0.0,1.0,0.0,0.0,0.0,0.0,0.0,0.0,0.0,0.0,0.0,0.0,0.0,0.0,0.0,0.0,1.46,0.0,0.0,0.0,0.0,0.0,0.0,0.0,0.0,0.0,0.0,0.0,0.0,0.0,2.584962500721156,1.6830127018922194,4.4880338717125845,0.0,0.0,1.816,12.0
CC(N)Cc1ccccc1,2.6719171599999965,0.0,6.0,-0.0071453903899109,-0.0102679603277093,0.0014676081531192,0.0008896955833861,10.35998030127648,11.694102296123436,14.009146562705876,-0.3687458370060943,0.2570958439280605,5.549579884792959,8.769790448093868,1.0,0.0,0.0,5.0,1.0,1.0,2.0,0.0,0.6,1.0,1.0,0.3333333333333333,4.0,3.111111111111111,0.0,0.0,0.0,0.0,1.0,0.0,1.0,0.0,0.0,5.0,1.0,0.0,0.0,1.0,0.0,0.0,1.0,0.0,0.0,0.0,0.0,0.0,0.0,0.0,0.0,0.0,0.0,0.0,0.0,0.0,0.0,0.0,0.0,0.0,0.0,0.0,0.0,0.0,0.0,0.0,0.0,0.0,0.0,0.0,0.0,0.0,0.0,0.0,0.0,0.0,0.0,0.0,0.0,0.0,0.0,0.0,0.0,0.0,0.0,0.0,0.0,0.0,0.0,0.0,0.0,0.0,0.0,0.0,0.0,0.0,0.0,0.0,0.0,6.0,,0.0,1.460868229065865,1.1547005383792517,0.0,7.732315986074721,0.4999999999999999,0.0,0.0,0.0,0.0,0.0,0.0,0.0,0.0,0.0,0.0,0.0,2.3400000000000003,2.0,0.0,1.0,1.0,1.0,0.0,0.0,0.0,1.0,0.0,0.0,0.0,26.02,4.321928094887363,1.9535122962644131,2.3948352842888494,0.0,2.3948352842888494,1.762,44.0
CC(O)C(C)O,0.0202777599999999,0.0,0.0,-0.0332380108861925,-0.0836360468371449,0.0332380108861925,0.0,7.548938071081892,11.82776430753856,15.999081259976489,-0.4232675465707763,0.2416537948279898,4.377964226198745,6.575884425620121,0.0,0.0,0.0,0.0,0.0,2.0,2.0,0.0,0.0,2.0,2.0,1.0,2.2222222222222223,3.0,0.0,0.0,0.0,0.0,2.0,0.0,0.0,0.0,0.0,0.0,2.0,0.0,0.0,0.0,0.0,0.0,0.0,0.0,0.0,0.0,0.0,0.0,0.0,0.0,0.0,0.0,0.0,0.0,2.0,0.0,0.0,0.0,0.0,0.0,0.0,0.0,0.0,0.0,0.0,0.0,0.0,0.0,0.0,0.0,0.0,0.0,0.0,0.0,0.0,0.0,0.0,0.0,0.0,0.0,0.0,0.0,0.0,0.0,0.0,0.0,0.0,0.0,0.0,0.0,0.0,0.0,0.0,0.0,0.0,0.0,0.0,0.0,0.0,0.0,4.0,0.3333333333333333,0.0,2.8284271247461903,0.0,0.0,1.0,0.0,0.0,0.3333333333333333,0.0,0.0,0.0,0.0,0.0,0.0,0.0,0.0,1.68,1.0,0.0,0.0,0.0,0.0,0.0,0.0,0.0,0.0,0.0,0.0,0.0,40.46,3.321928094887362,1.7539409800204089,4.650711828950112,4.650711828950112,0.0,-0.288,22.0
CC(O)COC(=O)c1cccnc1,0.1390544100000001,0.0,6.0,-0.2319056992417732,0.0116483096973707,-0.044985304397341,0.0867548026407006,15.68338740789932,11.727014929530672,16.010067266624777,-0.4180439093269039,0.4198469963919989,4.434282093546261,8.358001827048767,0.0,0.0,3.0,2.0,1.0,2.0,1.0,0.0,0.4615384615384615,4.0,1.0,0.3333333333333333,5.671875,4.1522491349480966,0.0,0.0,0.0,0.0,1.0,0.0,1.0,0.0,0.0,4.0,1.0,0.0,1.0,1.0,0.0,0.0,0.0,0.0,0.0,0.0,0.0,0.0,0.0,1.0,0.0,0.0,0.0,0.0,1.0,1.0,1.0,0.0,0.0,0.0,0.0,0.0,0.0,0.0,0.0,0.0,0.0,0.0,0.0,0.0,0.0,0.0,0.0,0.0,0.0,0.0,0.0,0.0,0.0,0.0,0.0,0.0,0.0,0.0,0.0,0.0,0.0,0.0,0.0,0.0,0.0,0.0,0.0,0.0,0.0,0.0,0.0,0.0,0.0,9.0,5.0,0.0,0.9503113136252108,1.1052094495921163,0.0,3.925136389583283,1.3103706971044482,0.0,0.0,0.1999999999999999,0.8164965809277259,0.0,0.0,0.0,0.0,0.0,0.0,0.0,2.01,4.0,0.0,1.0,1.0,1.0,0.0,0.0,0.0,1.0,0.0,0.0,0.0,59.42,4.700439718141093,1.950713520992828,10.846476904983458,7.848143608485774,2.9983332964976825,0.4569999999999999,58.0
CC/C=C/C/C=C/C/C=C/CCCCCCCC(=O)O,35.357294440000004,1.0,0.0,-0.0974713100822212,-0.0044029365623877,0.0036640206770099,-0.002066927895804,21.54893807108189,11.734295046420634,16.009795000029783,-0.3815622440937576,0.3769583647769219,3.6989903831199342,8.083009732006543,0.0,0.0,1.0,6.0,0.0,1.0,10.0,0.0,0.0,2.0,1.0,0.6111111111111112,17.05263157894737,19.058823529411764,0.0,0.0,0.0,0.0,1.0,0.0,10.0,0.0,6.0,0.0,0.0,0.0,1.0,0.0,0.0,0.0,0.0,0.0,0.0,0.0,0.0,0.0,0.0,0.0,0.0,0.0,0.0,0.0,1.0,1.0,0.0,0.0,0.0,0.0,0.0,0.0,0.0,0.0,0.0,0.0,0.0,0.0,0.0,0.0,0.0,0.0,0.0,0.0,0.0,0.0,0.0,0.0,0.0,0.0,0.0,0.0,0.0,0.0,0.0,0.0,0.0,0.0,0.0,0.0,0.0,0.0,0.0,0.0,0.0,0.0,0.0,0.0,0.0,2.0,18.0,0.0,2.352779665665871,0.0588235294117647,0.0,27.40821232851985,0.0,0.0,0.0,0.4999999999999999,0.0,0.0,0.0,0.0,0.0,0.0,0.0,0.0,3.22,13.0,2.0,0.0,0.0,0.0,0.0,0.0,0.0,0.0,0.0,0.0,0.0,37.3,5.247927513443585,1.9330777066152889,4.764172033029732,4.764172033029732,0.0,7.537999999999999,76.0
CC/C=C\C/C=C\C/C=C\CCCCCCCC(=O)O,35.357294440000004,1.0,0.0,-0.0974713100822212,-0.0044029365623877,0.0036640206770099,-0.002066927895804,21.54893807108189,11.734295046420634,16.009795000029783,-0.3815622440937576,0.3769583647769219,3.6989903831199342,8.083009732006543,0.0,0.0,1.0,6.0,0.0,1.0,10.0,0.0,0.0,2.0,1.0,0.6111111111111112,17.05263157894737,19.058823529411764,0.0,0.0,0.0,0.0,1.0,0.0,10.0,0.0,6.0,0.0,0.0,0.0,1.0,0.0,0.0,0.0,0.0,0.0,0.0,0.0,0.0,0.0,0.0,0.0,0.0,0.0,0.0,0.0,1.0,1.0,0.0,0.0,0.0,0.0,0.0,0.0,0.0,0.0,0.0,0.0,0.0,0.0,0.0,0.0,0.0,0.0,0.0,0.0,0.0,0.0,0.0,0.0,0.0,0.0,0.0,0.0,0.0,0.0,0.0,0.0,0.0,0.0,0.0,0.0,0.0,0.0,0.0,0.0,0.0,0.0,0.0,0.0,0.0,2.0,18.0,0.0,2.352779665665871,0.0588235294117647,0.0,27.40821232851985,0.0,0.0,0.0,0.4999999999999999,0.0,0.0,0.0,0.0,0.0,0.0,0.0,0.0,3.22,13.0,2.0,0.0,0.0,0.0,0.0,0.0,0.0,0.0,0.0,0.0,0.0,37.3,5.247927513443585,1.9330777066152889,4.764172033029732,4.764172033029732,0.0,7.537999999999999,76.0
CC1(C)O[C@@H]2C[C@H]3[C@@H]4CCC5=CC(=O)C=C[C@]5(C)[C@@]4(F)[C@@H](O)C[C@]3(C)[C@]2(C(=O)CO)O1,1.1894083599999914,0.0,0.0,-0.2671132553004092,-0.2737758232482289,0.1569228789369033,0.0805455137873587,37.14885835228833,11.7040304024733,19.00013991394688,-0.4160232864211182,0.3886151470573015,4.694516466247701,13.18671737513348,0.0,0.0,0.0,5.0,1.0,5.0,7.0,0.5963830436641439,0.6451612903225806,6.0,2.0,0.75,6.780435366836872,2.6060941828254847,0.0,0.0,0.0,0.0,4.0,0.0,5.0,0.0,3.0,0.0,4.0,0.0,3.0,0.0,0.0,0.0,0.0,0.0,0.0,0.0,0.0,0.0,0.0,0.0,0.0,0.0,0.0,0.0,2.0,2.0,2.0,0.0,1.0,0.0,0.0,0.0,0.0,0.0,0.0,0.0,0.0,0.0,0.0,0.0,0.0,0.0,0.0,0.0,0.0,0.0,0.0,0.0,0.0,0.0,0.0,0.0,0.0,0.0,0.0,0.0,0.0,0.0,0.0,0.0,0.0,0.0,0.0,0.0,0.0,0.0,0.0,0.0,0.0,6.0,,1.114851112203573,6.074254692598206,6.048855042469709,5.9432637987486405,7.098323376798651,5.851085878768621,12.29286975804507,3.3253611738025457,0.8586394358205235,1.4822567097169526,0.4999999999999999,0.0,0.0,0.0,0.0,0.0,0.0,3.33,2.0,0.0,0.0,1.0,0.0,0.0,0.0,2.0,3.0,0.0,0.0,0.0,93.06,6.129283016944966,2.0421816946513207,18.7758492025309,16.17193133871031,0.0,1.2240000000000006,192.0
CC12CCC(=O)C=C1CCC1C2C(=O)CC2(C)C1CCC2(O)C(=O)CO,1.0695696399999972,0.0,0.0,-0.1044777807234201,-0.2095146515732087,0.0653763235260846,0.0167195141846138,29.87234517770473,11.715681486460763,16.00895940045677,-0.4144409891773457,0.3709025015777092,4.529471067192806,12.645026667267688,0.0,0.0,0.0,4.0,1.0,3.0,7.0,0.3219752754296894,0.6538461538461539,5.0,2.0,0.7619047619047619,6.25,2.4860198911615687,0.0,0.0,0.0,0.0,2.0,0.0,8.0,0.0,1.0,0.0,3.0,0.0,4.0,0.0,0.0,0.0,0.0,0.0,0.0,0.0,0.0,0.0,0.0,0.0,0.0,0.0,0.0,0.0,2.0,3.0,0.0,0.0,0.0,0.0,0.0,0.0,0.0,0.0,0.0,0.0,0.0,0.0,0.0,0.0,0.0,0.0,0.0,0.0,0.0,0.0,0.0,0.0,0.0,0.0,0.0,0.0,0.0,0.0,0.0,0.0,0.0,0.0,0.0,0.0,0.0,0.0,0.0,0.0,0.0,0.0,0.0,0.0,0.0,4.0,,0.1666666666666666,4.439191750381925,3.9971965059329175,2.3189837636060755,9.15236923260434,6.86643562625151,8.003868130077175,1.1052094495921163,1.642784601307477,0.0,0.0,0.0,0.0,0.0,0.0,0.0,0.0,3.22,2.0,0.0,0.0,1.0,0.0,0.0,0.0,1.0,3.0,0.0,0.0,0.0,91.67,5.857980995127573,2.037393458018632,12.555494826861665,12.555494826861665,0.0,0.14,154.0
CC12CCC(=O)C=C1CCC1C2C(O)CC2(C)C(C(=O)CO)CCC12,3.811865759999999,0.0,0.0,-0.1066251558315651,-0.1493701573506289,0.074538216553277,0.0335310145000958,28.097876142163784,11.71577102556534,16.007649860834032,-0.420849572835882,0.3328205648590071,4.47283882716336,12.670727896242816,0.0,0.0,0.0,3.0,1.0,3.0,8.0,0.2357022603955158,0.68,4.0,2.0,0.8095238095238095,6.269629629629629,2.587658721318779,0.0,0.0,0.0,0.0,2.0,0.0,8.0,0.0,1.0,0.0,5.0,0.0,3.0,0.0,0.0,0.0,0.0,0.0,0.0,0.0,0.0,0.0,0.0,0.0,0.0,0.0,0.0,0.0,2.0,2.0,0.0,0.0,0.0,0.0,0.0,0.0,0.0,0.0,0.0,0.0,0.0,0.0,0.0,0.0,0.0,0.0,0.0,0.0,0.0,0.0,0.0,0.0,0.0,0.0,0.0,0.0,0.0,0.0,0.0,0.0,0.0,0.0,0.0,0.0,0.0,0.0,0.0,0.0,0.0,0.0,0.0,0.0,0.0,4.0,,0.1666666666666666,4.439191750381925,4.574516361730896,1.788854381999832,9.15236923260434,9.050330552353277,6.788339317661063,0.25,0.8586394358205235,0.0,0.0,0.0,0.0,0.0,0.0,0.0,0.0,3.33,2.0,0.0,0.0,1.0,0.0,0.0,0.0,1.0,3.0,0.0,0.0,0.0,74.6,5.807354922057604,2.048491868907839,10.040739157761111,10.040739157761111,0.0,1.7040000000000004,146.0
CC12CCC(=O)C=C1CCC1C2C(O)CC2(C)C1CCC2(O)C(=O)CO,1.480845609999997,0.0,0.0,-0.1060955236903801,-0.1986756221521034,0.065021802553856,0.022407200586738,29.87234517770473,11.715767938626248,16.008038345579344,-0.4209105902236762,0.3691729105606501,4.531797162046236,12.688531314232584,0.0,0.0,0.0,3.0,1.0,3.0,8.0,0.3219752754296894,0.6538461538461539,5.0,3.0,0.8095238095238095,6.25,2.4860198911615687,0.0,0.0,0.0,0.0,2.0,0.0,8.0,0.0,1.0,0.0,4.0,0.0,3.0,0.0,0.0,0.0,0.0,0.0,0.0,0.0,0.0,0.0,0.0,0.0,0.0,0.0,0.0,0.0,3.0,2.0,0.0,0.0,0.0,0.0,0.0,0.0,0.0,0.0,0.0,0.0,0.0,0.0,0.0,0.0,0.0,0.0,0.0,0.0,0.0,0.0,0.0,0.0,0.0,0.0,0.0,0.0,0.0,0.0,0.0,0.0,0.0,0.0,0.0,0.0,0.0,0.0,0.0,0.0,0.0,0.0,0.0,0.0,0.0,4.0,,0.1666666666666666,4.439191750381925,3.9971965059329175,2.3189837636060755,9.15236923260434,6.86643562625151,8.003868130077175,1.1052094495921163,1.642784601307477,0.0,0.0,0.0,0.0,0.0,0.0,0.0,0.0,3.22,2.0,0.0,0.0,1.0,0.0,0.0,0.0,1.0,3.0,0.0,0.0,0.0,94.83,5.857980995127573,2.037393458018632,12.555494826861665,12.555494826861665,0.0,0.5530000000000004,154.0
CC12CCC(=O)C=C1CCC1C2C(O)CC2(C)C1CCC2(O)C(=O)COC(=O)CCC(N)=O,0.6621076899999989,0.0,0.0,-0.2956263032981585,-0.0967355099974656,0.0768117700896977,-0.2383136507967729,38.7812635500631,11.71576791522923,16.01270408507132,-0.4208734422159229,0.3870165933293962,4.000507692370547,12.70428748360854,0.0,0.0,2.0,3.0,1.0,3.0,10.0,0.3219752754296894,0.5151515151515151,8.0,3.0,0.76,9.465066174207449,4.3895747599451305,0.0,0.0,0.0,0.0,2.0,0.0,10.0,0.0,1.0,0.0,4.0,0.0,5.0,0.0,0.0,0.0,1.0,0.0,0.0,0.0,0.0,0.0,0.0,0.0,0.0,0.0,0.0,0.0,2.0,4.0,1.0,0.0,0.0,0.0,0.0,0.0,0.0,0.0,0.0,0.0,0.0,0.0,0.0,0.0,0.0,0.0,0.0,0.0,0.0,0.0,0.0,0.0,0.0,0.0,0.0,0.0,0.0,0.0,0.0,0.0,0.0,0.0,0.0,0.0,0.0,0.0,0.0,0.0,0.0,0.0,0.0,0.0,0.0,4.0,,0.1666666666666666,4.668109230604797,4.151320348141912,2.3189837636060755,11.153213165993016,7.924486724405033,8.265927573882603,1.1052094495921163,1.952004189983381,1.290945263310367,0.0,0.0,0.0,0.0,0.0,0.0,0.0,3.33,7.0,0.0,0.0,1.0,0.0,0.0,0.0,1.0,3.0,0.0,0.0,0.0,143.99,6.169925001442312,2.0189108958317274,20.456302770168936,18.07697992928699,2.379322840881961,-0.4939999999999996,186.0
CC12CCC(=O)C=C1CCC1C2C(O)CC2(C)C1CCC2(O)C(=O)COC(=O)CCCCCC(=O)O,7.75344025,1.0,0.0,-0.3413444128486308,-0.1231048864255196,0.0903908091742568,-0.016290344942103,42.19575228432757,11.715767891077958,16.014342338314165,-0.4208794275617516,0.387332808197712,3.696868346174127,12.70608399687185,0.0,0.0,2.0,3.0,1.0,3.0,13.0,0.3219752754296894,0.4722222222222222,8.0,3.0,0.7857142857142857,11.238888888888887,5.406462585034014,0.0,0.0,0.0,0.0,2.0,0.0,13.0,0.0,1.0,0.0,4.0,0.0,5.0,0.0,0.0,0.0,0.0,0.0,0.0,0.0,0.0,0.0,0.0,0.0,0.0,0.0,0.0,0.0,3.0,4.0,1.0,0.0,0.0,0.0,0.0,0.0,0.0,0.0,0.0,0.0,0.0,0.0,0.0,0.0,0.0,0.0,0.0,0.0,0.0,0.0,0.0,0.0,0.0,0.0,0.0,0.0,0.0,0.0,0.0,0.0,0.0,0.0,0.0,0.0,0.0,0.0,0.0,0.0,0.0,0.0,0.0,0.0,0.0,4.0,,0.1666666666666666,4.880270992529751,4.0386423446762825,2.3189837636060755,15.956366042981086,7.384198564458237,7.995449860263553,1.1052094495921163,2.4161971741781625,1.3031735420871409,0.0,0.0,0.0,0.0,0.0,0.0,0.0,3.66,10.0,1.0,0.0,1.0,0.0,0.0,0.0,1.0,3.0,0.0,0.0,0.0,138.2,6.285402218862249,2.017300670218789,20.48363407411717,20.48363407411717,0.0,1.5190000000000006,198.0
CC12CCC(=O)C=C1CCC1C2C(O)CC2(C=O)C(C(=O)CO)CCC12,1.2499240000000018,0.0,0.0,-0.1428134122310245,-0.1240630475584953,0.1029241832163823,-0.1296114533354548,29.87234517770473,11.715807703554685,16.008923900210082,-0.4207915351812802,0.3396398939479709,4.48217328098413,12.681942478627551,0.0,0.0,1.0,3.0,1.0,2.0,8.0,0.2011844635310912,0.6538461538461539,5.0,2.0,0.7619047619047619,6.805293005671078,2.703673469387755,0.0,0.0,0.0,0.0,1.0,0.0,8.0,0.0,2.0,0.0,5.0,0.0,3.0,0.0,0.0,0.0,0.0,0.0,0.0,0.0,0.0,0.0,0.0,0.0,0.0,0.0,0.0,0.0,2.0,3.0,0.0,0.0,0.0,0.0,0.0,0.0,0.0,0.0,0.0,0.0,0.0,0.0,0.0,0.0,0.0,0.0,0.0,0.0,0.0,0.0,0.0,0.0,0.0,0.0,0.0,0.0,0.0,0.0,0.0,0.0,0.0,0.0,0.0,0.0,0.0,0.0,0.0,0.0,0.0,0.0,0.0,0.0,0.0,4.0,,0.0,2.457606667196251,2.265327594494314,0.894427190999916,11.281305056387968,9.050330552353277,6.788339317661063,0.25,1.4989481914158802,0.0,0.0,0.0,0.0,0.0,0.0,0.0,0.0,3.22,3.0,0.0,0.0,1.0,0.0,0.0,0.0,1.0,3.0,0.0,0.0,0.0,91.67,5.857980995127573,2.048112669987196,12.567203815482914,12.567203815482914,0.0,0.257,150.0
CC12CCC(=O)C=C1CCC1C2CCC2(C)C(C(=O)CO)CCC12,9.745635239999988,0.0,0.0,-0.0840232114330337,-0.1423432354117165,0.0635254322362575,-0.0094572108896062,26.32340710662284,11.71580142143132,16.007349944864554,-0.4147430803143928,0.3318951081686199,4.465468758264608,12.538703729289406,0.0,0.0,0.0,3.0,1.0,3.0,8.0,0.2357022603955158,0.7083333333333334,3.0,1.0,0.8095238095238095,6.020551649540292,2.4814453125,0.0,0.0,0.0,0.0,2.0,0.0,9.0,0.0,1.0,0.0,4.0,0.0,3.0,0.0,0.0,0.0,0.0,0.0,0.0,0.0,0.0,0.0,0.0,0.0,0.0,0.0,0.0,0.0,1.0,2.0,0.0,0.0,0.0,0.0,0.0,0.0,0.0,0.0,0.0,0.0,0.0,0.0,0.0,0.0,0.0,0.0,0.0,0.0,0.0,0.0,0.0,0.0,0.0,0.0,0.0,0.0,0.0,0.0,0.0,0.0,0.0,0.0,0.0,0.0,0.0,0.0,0.0,0.0,0.0,0.0,0.0,0.0,0.0,4.0,,0.1666666666666666,5.083304550052069,3.9158973933228873,1.788854381999832,11.851238241525406,6.496457355542058,5.80205850268521,0.25,0.4085289703216219,0.0,0.0,0.0,0.0,0.0,0.0,0.0,0.0,3.44,2.0,0.0,0.0,1.0,0.0,0.0,0.0,1.0,3.0,0.0,0.0,0.0,54.370000000000005,5.754887502163469,2.0575677985795493,7.45582311671801,7.45582311671801,0.0,3.789,140.0
CC12CCC(=O)C=C1CCC1C2CCC2(C)C(O)CCC12,11.110888889999991,0.0,0.0,-0.0591351052649278,-0.0415756908319676,0.0123802355695142,-0.0049497764864583,22.54893807108189,11.715833785921657,16.006093367713508,-0.4206287815229256,0.3212488987766514,4.794413458804759,12.481372036058586,0.0,0.0,0.0,2.0,1.0,2.0,9.0,0.2357022603955158,0.8095238095238095,2.0,1.0,0.8421052631578947,4.746877054569362,1.9262782401902496,0.0,0.0,0.0,0.0,2.0,0.0,8.0,0.0,1.0,0.0,4.0,0.0,2.0,0.0,0.0,0.0,0.0,0.0,0.0,0.0,0.0,0.0,0.0,0.0,0.0,0.0,0.0,0.0,1.0,1.0,0.0,0.0,0.0,0.0,0.0,0.0,0.0,0.0,0.0,0.0,0.0,0.0,0.0,0.0,0.0,0.0,0.0,0.0,0.0,0.0,0.0,0.0,0.0,0.0,0.0,0.0,0.0,0.0,0.0,0.0,0.0,0.0,0.0,0.0,0.0,0.0,0.0,0.0,0.0,0.0,0.0,0.0,0.0,4.0,,0.1666666666666666,4.763321281219133,3.4982700604631765,1.788854381999832,10.5026299094428,5.026097724552823,5.282134177669156,0.25,0.0999999999999999,0.0,0.0,0.0,0.0,0.0,0.0,0.0,0.0,3.33,0.0,0.0,0.0,1.0,0.0,0.0,0.0,1.0,3.0,0.0,0.0,0.0,37.3,5.584962500721157,2.0721425234379645,5.084655603010419,5.084655603010419,0.0,3.6350000000000007,126.0
CC12CCC(=O)C=C1CCC1C2CCC2(C)C1CCC2(O)C(=O)CO,5.694427689999987,0.0,0.0,-0.0850523080005117,-0.1990287260872995,0.0450732318150218,0.0266724473632946,28.097876142163784,11.715798374477227,16.00768509722899,-0.4144302376413698,0.3686410140515747,4.524428085222836,12.555009445106938,0.0,0.0,0.0,3.0,1.0,3.0,8.0,0.3219752754296894,0.68,4.0,2.0,0.8095238095238095,6.0,2.370612244897959,0.0,0.0,0.0,0.0,2.0,0.0,9.0,0.0,1.0,0.0,3.0,0.0,3.0,0.0,0.0,0.0,0.0,0.0,0.0,0.0,0.0,0.0,0.0,0.0,0.0,0.0,0.0,0.0,2.0,2.0,0.0,0.0,0.0,0.0,0.0,0.0,0.0,0.0,0.0,0.0,0.0,0.0,0.0,0.0,0.0,0.0,0.0,0.0,0.0,0.0,0.0,0.0,0.0,0.0,0.0,0.0,0.0,0.0,0.0,0.0,0.0,0.0,0.0,0.0,0.0,0.0,0.0,0.0,0.0,0.0,0.0,0.0,0.0,4.0,,0.1666666666666666,5.083304550052069,3.3388750165881267,2.3189837636060755,11.851238241525406,4.643316712339544,6.706373757284563,1.1052094495921163,0.9969464817210032,0.0,0.0,0.0,0.0,0.0,0.0,0.0,0.0,3.33,2.0,0.0,0.0,1.0,0.0,0.0,0.0,1.0,3.0,0.0,0.0,0.0,74.6,5.807354922057604,2.0456639229832336,9.973563608765724,9.973563608765724,0.0,2.427,148.0
CC12CCC(CC1=O)C2(C)C,3.747321639999993,0.0,0.0,-0.0253007357635033,-0.0258152820092541,-0.0074046224906688,-0.0005494834601722,11.774469035540946,11.761851574038872,16.00594514226442,-0.3912577067654037,0.3177290188338173,5.032527852421408,10.640978534719943,0.0,0.0,0.0,1.0,0.0,3.0,3.0,0.2463996399133722,0.6363636363636364,1.0,0.0,0.9,1.836734693877551,0.6659729448491155,0.0,0.0,0.0,0.0,3.0,0.0,3.0,0.0,0.0,0.0,1.0,0.0,1.0,0.0,0.0,0.0,0.0,0.0,0.0,0.0,0.0,0.0,0.0,0.0,0.0,0.0,0.0,0.0,0.0,1.0,0.0,0.0,0.0,0.0,0.0,0.0,0.0,0.0,0.0,0.0,0.0,0.0,0.0,0.0,0.0,0.0,0.0,0.0,0.0,0.0,0.0,0.0,0.0,0.0,0.0,0.0,0.0,0.0,0.0,0.0,0.0,0.0,0.0,0.0,0.0,0.0,0.0,0.0,0.0,0.0,0.0,0.0,0.0,1.0,,1.144714242553332,3.138245755929644,2.449489742783178,4.242640687119286,1.6509636244473134,0.4999999999999999,2.8284271247461903,1.0,0.0,0.0,0.0,0.0,0.0,0.0,0.0,0.0,0.0,2.45,0.0,0.0,0.0,1.0,0.0,0.0,0.0,2.0,1.0,0.0,0.0,0.0,17.07,4.584962500721156,1.9793895761206,2.5216561082749203,2.5216561082749203,0.0,2.127,66.0
CC12CCC3c4ccc(O)cc4CCC3C1CC(O)C2O,8.098577639999986,0.0,6.0,-0.0536386796213978,-0.092738201961694,0.041556983775008,0.011274242482834,23.32340710662284,11.685035373148898,16.00013008261358,-0.4218536009234734,0.3114069820796135,5.033750284175071,11.595531003358502,0.0,0.0,0.0,4.0,2.0,1.0,7.0,0.1178511301977579,0.8095238095238095,3.0,3.0,0.6666666666666666,5.0,2.066326530612245,0.0,0.0,0.0,0.0,1.0,0.0,5.0,0.0,0.0,3.0,5.0,0.0,0.0,3.0,0.0,0.0,0.0,0.0,0.0,0.0,0.0,0.0,0.0,0.0,0.0,0.0,0.0,0.0,3.0,0.0,0.0,0.0,0.0,0.0,0.0,0.0,0.0,0.0,0.0,0.0,0.0,0.0,0.0,0.0,0.0,0.0,0.0,0.0,0.0,0.0,0.0,0.0,0.0,0.0,0.0,0.0,0.0,0.0,0.0,0.0,0.0,0.0,0.0,0.0,0.0,0.0,0.0,0.0,0.0,0.0,0.0,0.0,0.0,7.0,,0.0,1.8836870760260955,2.166547775355553,1.0,8.559689041667726,9.742566755462722,3.1617412604678483,0.0,0.4481404746557165,0.0,0.0,0.0,0.0,0.0,0.0,0.0,0.0,3.11,0.0,0.0,1.0,1.0,1.0,0.0,0.0,1.0,3.0,0.0,0.0,0.0,60.69,5.584962500721157,2.0772950432398734,7.617498982703744,7.617498982703744,0.0,3.631,124.0
CC12CCC3c4ccc(O)cc4CCC3C1CCC2=O,14.237038239999997,0.0,6.0,-0.0442158892269089,-0.0393483250588228,0.0009193035458432,0.0080365301647787,21.54893807108189,11.68503464819442,16.006093422860143,-0.400562376482619,0.3198068870312008,5.032537449915873,11.505736719463211,0.0,0.0,0.0,5.0,2.0,1.0,6.0,0.1178511301977579,0.85,2.0,1.0,0.6111111111111112,4.75,1.9608401566393732,0.0,0.0,0.0,0.0,1.0,0.0,6.0,0.0,0.0,3.0,3.0,0.0,1.0,3.0,0.0,0.0,0.0,0.0,0.0,0.0,0.0,0.0,0.0,0.0,0.0,0.0,0.0,0.0,1.0,1.0,0.0,0.0,0.0,0.0,0.0,0.0,0.0,0.0,0.0,0.0,0.0,0.0,0.0,0.0,0.0,0.0,0.0,0.0,0.0,0.0,0.0,0.0,0.0,0.0,0.0,0.0,0.0,0.0,0.0,0.0,0.0,0.0,0.0,0.0,0.0,0.0,0.0,0.0,0.0,0.0,0.0,0.0,0.0,7.0,,0.0,2.202594807212814,1.8403081227010007,1.0,10.5026299094428,7.762009630236172,2.6751236219107266,0.0,0.0999999999999999,0.0,0.0,0.0,0.0,0.0,0.0,0.0,0.0,3.22,0.0,0.0,1.0,1.0,1.0,0.0,0.0,1.0,3.0,0.0,0.0,0.0,37.3,5.523561956057013,2.088349803559617,5.093016508400799,5.093016508400799,0.0,3.625,118.0
CC12CCC3c4ccc(O)cc4CCC3C1CCC2O,14.536681289999986,0.0,6.0,-0.0433522181576011,-0.0250234428781001,0.005731973847931,0.007936967223582,21.54893807108189,11.685035381856498,15.999019076986333,-0.4203072874187135,0.3103384664141484,5.032831601008996,11.526251207624563,0.0,0.0,0.0,4.0,2.0,1.0,7.0,0.1178511301977579,0.85,2.0,2.0,0.6666666666666666,4.75,1.9608401566393732,0.0,0.0,0.0,0.0,1.0,0.0,6.0,0.0,0.0,3.0,4.0,0.0,0.0,3.0,0.0,0.0,0.0,0.0,0.0,0.0,0.0,0.0,0.0,0.0,0.0,0.0,0.0,0.0,2.0,0.0,0.0,0.0,0.0,0.0,0.0,0.0,0.0,0.0,0.0,0.0,0.0,0.0,0.0,0.0,0.0,0.0,0.0,0.0,0.0,0.0,0.0,0.0,0.0,0.0,0.0,0.0,0.0,0.0,0.0,0.0,0.0,0.0,0.0,0.0,0.0,0.0,0.0,0.0,0.0,0.0,0.0,0.0,0.0,7.0,,0.0,2.202594807212814,1.8403081227010007,1.0,10.5026299094428,7.762009630236172,2.6751236219107266,0.0,0.0999999999999999,0.0,0.0,0.0,0.0,0.0,0.0,0.0,0.0,3.22,0.0,0.0,1.0,1.0,1.0,0.0,0.0,1.0,3.0,0.0,0.0,0.0,40.46,5.523561956057013,2.088349803559617,5.093016508400799,5.093016508400799,0.0,4.232,118.0
CC1=C2C(=CO[C@H](C)[C@H]2C)C(=O)C(C(=O)O)=C1O,0.303380639999999,1.0,0.0,-0.1814367795305985,0.0431049233572812,-0.3850028896493169,0.3691055180083494,21.87234517770473,11.684005387755423,16.01090544648355,-0.4030284492546487,0.4560991029537219,4.551820256667529,11.415267487071594,0.0,0.0,2.0,2.0,4.0,3.0,1.0,0.0,0.5555555555555556,5.0,2.0,0.3846153846153846,5.174791914387634,2.2843545508625818,0.0,0.0,0.0,0.0,3.0,0.0,0.0,0.0,1.0,0.0,2.0,0.0,7.0,0.0,0.0,0.0,0.0,0.0,0.0,0.0,0.0,0.0,0.0,0.0,0.0,0.0,0.0,0.0,2.0,2.0,1.0,0.0,0.0,0.0,0.0,0.0,0.0,0.0,0.0,0.0,0.0,0.0,0.0,0.0,0.0,0.0,0.0,0.0,0.0,0.0,0.0,0.0,0.0,0.0,0.0,0.0,0.0,0.0,0.0,0.0,0.0,0.0,0.0,0.0,0.0,0.0,0.0,0.0,0.0,0.0,0.0,0.0,0.0,13.0,,0.7663094323935531,0.8254818122236568,8.84905310102706,0.0,0.0,16.508144644472406,0.0,0.0,1.6836930724640595,0.7377879464668811,0.0,0.0,0.0,0.0,0.0,0.0,0.0,2.34,1.0,0.0,0.0,1.0,0.0,0.0,0.0,0.0,2.0,0.0,0.0,0.0,83.83000000000001,5.247927513443585,1.9762002846899585,12.942467455773745,12.942467455773745,0.0,1.62,96.0
CC1=CC(=O)C(C(C)C)=CC1=O,4.035277439999998,0.0,0.0,-0.0834356624905698,0.0040173953327163,0.0018921684292359,-0.1271359930269751,13.548938071081892,11.707437117802192,16.00705875786722,-0.3869803883913135,0.3785684689223378,5.012685298102106,9.65392967579664,0.0,0.0,0.0,4.0,2.0,3.0,0.0,0.0,0.5,2.0,0.0,0.4,3.8062283737024223,2.25,0.0,0.0,0.0,0.0,3.0,0.0,0.0,0.0,2.0,0.0,1.0,0.0,4.0,0.0,0.0,0.0,0.0,0.0,0.0,0.0,0.0,0.0,0.0,0.0,0.0,0.0,0.0,0.0,0.0,2.0,0.0,0.0,0.0,0.0,0.0,0.0,0.0,0.0,0.0,0.0,0.0,0.0,0.0,0.0,0.0,0.0,0.0,0.0,0.0,0.0,0.0,0.0,0.0,0.0,0.0,0.0,0.0,0.0,0.0,0.0,0.0,0.0,0.0,0.0,0.0,0.0,0.0,0.0,0.0,0.0,0.0,0.0,0.0,8.0,,0.7211247851537042,1.9441612972396656,5.757779244560663,0.0,0.3333333333333333,5.085675264759766,0.0,0.0,0.1999999999999999,0.0,0.0,0.0,0.0,0.0,0.0,0.0,0.0,2.34,1.0,0.0,0.0,1.0,0.0,0.0,0.0,0.0,1.0,0.0,0.0,0.0,34.14,4.584962500721156,1.923059135406138,5.024738928098462,5.024738928098462,0.0,1.102,58.0
CC1=CC(=O)CC(C)(C)C1,4.225491359999993,0.0,0.0,-0.0354303111530109,-0.0288949118483297,0.0151210744482925,-0.0129277407711398,10.774469035540946,11.72559355344704,16.00594478268426,-0.3880991849553359,0.3195153114298406,4.743744884394943,9.580878438507266,0.0,0.0,0.0,2.0,1.0,3.0,2.0,0.25,0.6,1.0,0.0,0.6666666666666666,2.56,2.2857142857142856,0.0,0.0,0.0,0.0,3.0,0.0,2.0,0.0,1.0,0.0,0.0,0.0,2.0,0.0,0.0,0.0,0.0,0.0,0.0,0.0,0.0,0.0,0.0,0.0,0.0,0.0,0.0,0.0,0.0,1.0,0.0,0.0,0.0,0.0,0.0,0.0,0.0,0.0,0.0,0.0,0.0,0.0,0.0,0.0,0.0,0.0,0.0,0.0,0.0,0.0,0.0,0.0,0.0,0.0,0.0,0.0,0.0,0.0,0.0,0.0,0.0,0.0,0.0,0.0,0.0,0.0,0.0,0.0,0.0,0.0,0.0,0.0,0.0,4.0,,0.944940787421155,3.571652366928449,2.401873910352005,2.080083823051904,1.5000000000000004,0.4999999999999999,0.9999999999999998,0.0,0.0,0.0,0.0,0.0,0.0,0.0,0.0,0.0,0.0,2.3400000000000003,0.0,0.0,0.0,1.0,0.0,0.0,0.0,0.0,1.0,0.0,0.0,0.0,17.07,4.321928094887363,1.9155750973558228,2.492519830029996,2.492519830029996,0.0,1.982,50.0
CC1CC2C3CC=C4CC(=O)C=CC4(C)C3(F)C(O)CC2(C)C1(O)C(=O)CO,1.4893761599999995,0.0,0.0,-0.1083113123015066,-0.2816191196330875,0.136006089508913,0.0558852248563834,33.37438931674738,11.706183351110626,19.000139233352087,-0.4162089978358571,0.3738626985342747,4.611183012474695,12.866149786551729,0.0,0.0,0.0,5.0,1.0,4.0,5.0,0.3707908118985982,0.6071428571428571,5.0,3.0,0.7272727272727273,6.497686009255963,2.395124716553288,0.0,0.0,0.0,0.0,3.0,0.0,5.0,0.0,3.0,0.0,4.0,0.0,3.0,0.0,0.0,0.0,0.0,0.0,0.0,0.0,0.0,0.0,0.0,0.0,0.0,0.0,0.0,0.0,3.0,2.0,0.0,0.0,1.0,0.0,0.0,0.0,0.0,0.0,0.0,0.0,0.0,0.0,0.0,0.0,0.0,0.0,0.0,0.0,0.0,0.0,0.0,0.0,0.0,0.0,0.0,0.0,0.0,0.0,0.0,0.0,0.0,0.0,0.0,0.0,0.0,0.0,0.0,0.0,0.0,0.0,0.0,0.0,0.0,4.0,,0.5436901865014462,5.518316351003365,5.616384888140059,4.069655060674348,7.098323376798651,5.851085878768621,11.125685095016234,2.406851949670727,1.642784601307477,0.0,0.0,0.0,0.0,0.0,0.0,0.0,0.0,3.22,2.0,0.0,0.0,1.0,0.0,0.0,0.0,1.0,3.0,0.0,0.0,0.0,94.83,5.954196310386876,2.020088512107481,15.115391514626143,12.51575877053998,0.0,0.9620000000000012,168.0
CC1CC2C3CCC4=CC(=O)C=CC4(C)C3(F)C(O)CC2(C)C1(O)C(=O)CO,2.695507239999998,0.0,0.0,-0.1211406178428484,-0.2650551752788842,0.1444053512753871,0.0406800447386543,33.37438931674738,11.704030113171406,19.000139233355355,-0.4162084118776374,0.3748518149831532,4.610522843976814,12.855292685121352,0.0,0.0,0.0,5.0,1.0,4.0,5.0,0.3707908118985982,0.6071428571428571,5.0,3.0,0.7272727272727273,6.497686009255963,2.395124716553288,0.0,0.0,0.0,0.0,3.0,0.0,5.0,0.0,3.0,0.0,4.0,0.0,3.0,0.0,0.0,0.0,0.0,0.0,0.0,0.0,0.0,0.0,0.0,0.0,0.0,0.0,0.0,0.0,3.0,2.0,0.0,0.0,1.0,0.0,0.0,0.0,0.0,0.0,0.0,0.0,0.0,0.0,0.0,0.0,0.0,0.0,0.0,0.0,0.0,0.0,0.0,0.0,0.0,0.0,0.0,0.0,0.0,0.0,0.0,0.0,0.0,0.0,0.0,0.0,0.0,0.0,0.0,0.0,0.0,0.0,0.0,0.0,0.0,6.0,,0.5436901865014462,5.518316351003365,5.616384888140059,4.069655060674348,7.098323376798651,5.851085878768621,11.125685095016234,2.406851949670727,1.642784601307477,0.0,0.0,0.0,0.0,0.0,0.0,0.0,0.0,3.22,2.0,0.0,0.0,1.0,0.0,0.0,0.0,1.0,3.0,0.0,0.0,0.0,94.83,5.954196310386876,2.020088512107481,15.115391514626143,12.51575877053998,0.0,1.1380000000000012,168.0
CC1CCCCC1,8.934121,0.0,0.0,0.0,0.0,0.0,0.0,7.0,11.788461047752737,12.216313982824422,-0.2617078219695263,0.1662798967197299,5.834219798547799,7.84797806294978,0.0,0.0,0.0,0.0,0.0,1.0,5.0,0.0,0.8571428571428571,0.0,0.0,1.0,2.34375,1.5,0.0,0.0,0.0,0.0,1.0,0.0,5.0,0.0,0.0,0.0,1.0,0.0,0.0,0.0,0.0,0.0,0.0,0.0,0.0,0.0,0.0,0.0,0.0,0.0,0.0,0.0,0.0,0.0,0.0,0.0,0.0,0.0,0.0,0.0,0.0,0.0,0.0,0.0,0.0,0.0,0.0,0.0,0.0,0.0,0.0,0.0,0.0,0.0,0.0,0.0,0.0,0.0,0.0,0.0,0.0,0.0,0.0,0.0,0.0,0.0,0.0,0.0,0.0,0.0,0.0,0.0,0.0,0.0,0.0,0.0,0.0,0.0,0.0,0.0,,0.0,1.8505358624357668,1.0,0.0,6.083643418932058,0.0,0.0,0.0,0.0,0.0,0.0,0.0,0.0,0.0,0.0,0.0,0.0,2.23,0.0,0.0,0.0,1.0,0.0,0.0,0.0,0.0,1.0,0.0,0.0,0.0,0.0,3.807354922057604,1.9538321886337693,0.0,0.0,0.0,3.922,30.0
CC1CO1,0.06081156,0.0,0.0,-0.081198838230976,-0.0062401005507696,0.0,0.0,4.774469035540946,11.851707512056052,16.00004646494973,-0.4079144932753503,0.234540211006165,4.164951338103307,5.254980764820247,0.0,0.0,0.0,0.0,0.0,2.0,1.0,0.0,0.75,1.0,0.0,1.0,0.48,0.4444444444444444,0.0,0.0,0.0,0.0,1.0,0.0,1.0,0.0,0.0,0.0,1.0,0.0,0.0,0.0,0.0,0.0,0.0,0.0,0.0,0.0,0.0,0.0,0.0,0.0,0.0,0.0,0.0,0.0,0.0,0.0,1.0,0.0,0.0,0.0,0.0,0.0,0.0,0.0,0.0,0.0,0.0,0.0,0.0,0.0,0.0,0.0,0.0,0.0,0.0,0.0,0.0,0.0,0.0,0.0,0.0,0.0,0.0,0.0,0.0,0.0,0.0,0.0,0.0,0.0,0.0,0.0,0.0,0.0,0.0,0.0,0.0,0.0,0.0,0.0,3.0,0.0,0.4999999999999999,1.0,0.0,0.0,0.0,0.0,0.0,0.0,0.0,0.0,0.0,0.0,0.0,0.0,0.0,0.0,1.68,0.0,0.0,0.0,1.0,0.0,1.0,0.0,0.0,0.0,0.0,0.0,0.0,12.53,3.0,1.7939671471086076,2.632592492955735,2.632592492955735,0.0,0.2700000000000001,18.0
CC=O,0.0333062499999999,0.0,0.0,-0.0432371461794464,-0.023507821984097,0.0,0.0,3.774469035540946,11.884555688493728,16.005934724508563,-0.3947725794212737,0.2450443582032798,2.8036989100196124,4.083592360085297,0.0,0.0,1.0,0.0,0.0,1.0,0.0,0.0,0.0,1.0,0.0,0.5,2.0,0.0,0.0,0.0,0.0,0.0,1.0,0.0,0.0,0.0,1.0,0.0,0.0,0.0,0.0,0.0,0.0,0.0,0.0,0.0,0.0,0.0,0.0,0.0,0.0,0.0,0.0,0.0,0.0,0.0,0.0,1.0,0.0,0.0,0.0,0.0,0.0,0.0,0.0,0.0,0.0,0.0,0.0,0.0,0.0,0.0,0.0,0.0,0.0,0.0,0.0,0.0,0.0,0.0,0.0,0.0,0.0,0.0,0.0,0.0,0.0,0.0,0.0,0.0,0.0,0.0,0.0,0.0,0.0,0.0,0.0,0.0,0.0,0.0,0.0,1.0,2.0,0.0,1.0,0.0,0.0,0.0,0.0,0.0,0.0,0.0,0.0,0.0,0.0,0.0,0.0,0.0,0.0,0.0,1.5699999999999998,0.0,0.0,0.0,0.0,0.0,0.0,0.0,0.0,0.0,0.0,0.0,0.0,17.07,2.0,1.638071187457698,2.2071067811865475,2.2071067811865475,0.0,0.3340000000000001,6.0
CCBr,1.7953320100000003,0.0,0.0,-0.011837535549349,-0.0028172601558426,0.0,0.0,46.25809079131541,11.889911336396242,78.91851793775173,-0.2139352332632495,0.1376534805901227,5.418134665044037,7.000062612701483,0.0,0.0,0.0,0.0,0.0,2.0,0.0,0.0,0.0,0.0,0.0,1.0,2.0,0.0,0.0,0.0,0.0,0.0,1.0,0.0,1.0,0.0,0.0,0.0,0.0,0.0,0.0,0.0,0.0,0.0,0.0,0.0,0.0,0.0,0.0,0.0,0.0,0.0,0.0,0.0,0.0,0.0,0.0,0.0,0.0,0.0,0.0,0.0,0.0,0.0,0.0,0.0,0.0,0.0,0.0,0.0,0.0,0.0,0.0,0.0,0.0,0.0,0.0,0.0,0.0,0.0,0.0,0.0,0.0,0.0,0.0,0.0,0.0,0.0,0.0,0.0,0.0,0.0,1.0,0.0,0.0,0.0,0.0,0.0,0.0,0.0,0.0,0.0,2.0,0.0,1.0,0.0,0.0,0.0,0.0,0.0,0.0,0.0,0.0,0.0,0.0,0.0,0.0,0.0,0.0,0.0,1.5699999999999998,0.0,0.0,0.0,0.0,0.0,0.0,0.0,0.0,0.0,0.0,0.0,0.0,0.0,2.0,1.638071187457698,2.2071067811865475,0.0,0.0,1.736,6.0
CCC(=O)N(c1ccccc1)C1(COC)CCN(CCc2cccs2)CC1,10.43936100000001,0.0,11.0,-0.2620191585652655,0.0013695292611313,0.0777799726910329,-0.1181328670082953,35.39665171208486,11.700250676530953,31.974325756987447,-0.4292012066039581,0.3413403196127907,5.031462894992807,12.55852898185492,1.0,0.0,2.0,9.0,0.0,5.0,4.0,0.1020620726159657,0.7407407407407407,4.0,0.0,0.5,10.683760683760685,5.538461538461538,0.0,0.0,0.0,0.0,2.0,0.0,8.0,0.0,0.0,8.0,0.0,0.0,1.0,2.0,0.0,0.0,0.0,0.0,0.0,0.0,0.0,0.0,0.0,0.0,2.0,0.0,0.0,0.0,0.0,1.0,1.0,0.0,0.0,0.0,0.0,0.0,0.0,0.0,0.0,0.0,0.0,0.0,0.0,0.0,0.0,1.0,0.0,0.0,0.0,0.0,0.0,0.0,0.0,0.0,0.0,0.0,0.0,0.0,0.0,0.0,0.0,0.0,0.0,0.0,0.0,0.0,0.0,0.0,0.0,0.0,0.0,0.0,0.0,9.0,6.0,0.1428571428571428,5.230489748220335,1.1720311817797333,0.5773502691896258,25.77833585804592,0.5952753944880748,1.040041911525952,0.0,0.0,0.1999999999999999,0.0,0.0,0.0,0.0,0.0,0.0,0.25,3.33,9.0,0.0,2.0,3.0,2.0,0.0,0.0,1.0,2.0,0.0,0.0,0.0,61.02,5.857980995127573,2.0278089872026794,15.260869177333753,5.2753892864980365,6.976885274312143,2.801,136.0
CCC(=O)O,0.1909689999999998,1.0,0.0,-0.0930286054492757,0.001771393206843,-0.0046791407251645,0.0,6.548938071081892,11.84860664969797,16.00978692323333,-0.3816405786562215,0.3764111243687907,3.379186608845404,5.55545682477058,0.0,0.0,1.0,0.0,0.0,1.0,1.0,0.0,0.0,2.0,1.0,0.6666666666666666,2.25,4.0,0.0,0.0,0.0,0.0,1.0,0.0,1.0,0.0,0.0,0.0,0.0,0.0,1.0,0.0,0.0,0.0,0.0,0.0,0.0,0.0,0.0,0.0,0.0,0.0,0.0,0.0,0.0,0.0,1.0,1.0,0.0,0.0,0.0,0.0,0.0,0.0,0.0,0.0,0.0,0.0,0.0,0.0,0.0,0.0,0.0,0.0,0.0,0.0,0.0,0.0,0.0,0.0,0.0,0.0,0.0,0.0,0.0,0.0,0.0,0.0,0.0,0.0,0.0,0.0,0.0,0.0,0.0,0.0,0.0,0.0,0.0,0.0,0.0,2.0,3.0,0.0,1.0,0.4999999999999999,0.0,0.0,0.0,0.0,0.0,0.4999999999999999,0.0,0.0,0.0,0.0,0.0,0.0,0.0,0.0,1.57,1.0,0.0,0.0,0.0,0.0,0.0,0.0,0.0,0.0,0.0,0.0,0.0,37.3,3.0,1.739360386416435,4.626105059170284,4.626105059170284,0.0,0.173,16.0
CCC(=O)OCC(=O)[C@@]1(O)CC[C@H]2[C@@H]3CCC4=CC(=O)CC[C@]4(C)[C@H]3[C@@H](O)C[C@@]21C,5.120716409999979,0.0,0.0,-0.2482662582205344,-0.124830484325489,0.0917854967212315,-0.030923952526252,34.64681421324568,11.715767924879232,16.011798939405207,-0.4208621060495897,0.3837292458646015,4.1634268013436255,12.70078952832674,0.0,0.0,1.0,3.0,1.0,4.0,9.0,0.3219752754296894,0.5666666666666667,6.0,2.0,0.7916666666666666,8.093983624065503,3.4792899408284024,0.0,0.0,0.0,0.0,3.0,0.0,9.0,0.0,1.0,0.0,4.0,0.0,4.0,0.0,0.0,0.0,0.0,0.0,0.0,0.0,0.0,0.0,0.0,0.0,0.0,0.0,0.0,0.0,2.0,3.0,1.0,0.0,0.0,0.0,0.0,0.0,0.0,0.0,0.0,0.0,0.0,0.0,0.0,0.0,0.0,0.0,0.0,0.0,0.0,0.0,0.0,0.0,0.0,0.0,0.0,0.0,0.0,0.0,0.0,0.0,0.0,0.0,0.0,0.0,0.0,0.0,0.0,0.0,0.0,0.0,0.0,0.0,0.0,4.0,,0.3605623925768521,5.790691773465865,4.958695587878593,2.4151020349252867,9.940522205007822,7.435960624908306,8.311647286686254,1.1052094495921163,1.439386736743368,1.0916210426963513,0.0,0.0,0.0,0.0,0.0,0.0,0.0,3.4399999999999995,5.0,0.0,0.0,1.0,0.0,0.0,0.0,1.0,3.0,0.0,0.0,0.0,100.90000000000002,6.044394119358453,2.026546473676556,15.598242932904874,15.598242932904874,0.0,1.117,172.0
CCC(=O)OCC(=O)[C@@]1(OC(=O)CC)[C@@H](C)C[C@H]2[C@@H]3CCC4=CC(=O)C=C[C@]4(C)C3(F)[C@@H](O)C[C@@]21C,13.941262439999976,0.0,0.0,-0.4045208740661623,-0.1424652434376873,0.2157296460410995,-0.0608448309473092,42.92332738782928,11.704030271560212,19.000140906003136,-0.4158830760846085,0.3954171455992398,4.220398554467504,13.622770282308355,0.0,0.0,2.0,5.0,1.0,6.0,7.0,0.3463830436641438,0.4722222222222222,7.0,1.0,0.7142857142857143,10.19400352733686,4.139322916666667,0.0,0.0,0.0,0.0,5.0,0.0,7.0,0.0,3.0,0.0,4.0,0.0,5.0,0.0,0.0,0.0,0.0,0.0,0.0,0.0,0.0,0.0,0.0,0.0,0.0,0.0,0.0,0.0,1.0,4.0,2.0,0.0,1.0,0.0,0.0,0.0,0.0,0.0,0.0,0.0,0.0,0.0,0.0,0.0,0.0,0.0,0.0,0.0,0.0,0.0,0.0,0.0,0.0,0.0,0.0,0.0,0.0,0.0,0.0,0.0,0.0,0.0,0.0,0.0,0.0,0.0,0.0,0.0,0.0,0.0,0.0,0.0,0.0,6.0,,1.3592605101023143,8.954992015130616,8.920894742498414,4.765468299831897,8.881895443770356,8.260985617524769,12.305718775711249,2.406851949670727,1.2617340394849967,2.120384255545978,0.25,0.0,0.0,0.0,0.0,0.0,0.0,3.66,8.0,1.0,0.0,1.0,0.0,0.0,0.0,1.0,3.0,0.0,0.0,0.0,106.97,6.285402218862249,2.0073576146152736,21.155950367250437,18.55389727667861,0.0,2.6950000000000007,204.0
CCC(C)=O,0.1788444100000001,0.0,0.0,-0.0234593266249029,-0.0351546282308421,-0.0019117118581721,0.0,5.774469035540946,11.825960996453343,16.005944824765997,-0.3939765290817237,0.2871993719628346,3.7784757142850265,5.981103998715269,0.0,0.0,0.0,1.0,0.0,2.0,1.0,0.0,0.0,1.0,0.0,0.75,2.25,4.0,0.0,0.0,0.0,0.0,2.0,0.0,1.0,0.0,0.0,0.0,0.0,0.0,1.0,0.0,0.0,0.0,0.0,0.0,0.0,0.0,0.0,0.0,0.0,0.0,0.0,0.0,0.0,0.0,0.0,1.0,0.0,0.0,0.0,0.0,0.0,0.0,0.0,0.0,0.0,0.0,0.0,0.0,0.0,0.0,0.0,0.0,0.0,0.0,0.0,0.0,0.0,0.0,0.0,0.0,0.0,0.0,0.0,0.0,0.0,0.0,0.0,0.0,0.0,0.0,0.0,0.0,0.0,0.0,0.0,0.0,0.0,0.0,0.0,1.0,4.0,0.3333333333333333,1.4142135623730951,1.4142135623730951,0.0,0.0,0.0,0.0,0.0,0.0,0.0,0.0,0.0,0.0,0.0,0.0,0.0,0.0,1.7899999999999998,1.0,0.0,0.0,0.0,0.0,0.0,0.0,0.0,0.0,0.0,0.0,0.0,17.07,3.0,1.739360386416435,2.313052529585142,2.313052529585142,0.0,0.438,16.0
CCC(C)O,0.795663999999999,0.0,0.0,-0.0234284217375778,-0.0138715158906118,-0.0005263836843493,0.0,5.774469035540946,11.828769928314204,15.99794908036194,-0.4217401408090948,0.1870867987046295,4.261168654209735,6.278223218485268,0.0,0.0,0.0,0.0,0.0,2.0,2.0,0.0,0.0,1.0,1.0,1.0,2.25,4.0,0.0,0.0,0.0,0.0,2.0,0.0,1.0,0.0,0.0,0.0,1.0,0.0,0.0,0.0,0.0,0.0,0.0,0.0,0.0,0.0,0.0,0.0,0.0,0.0,0.0,0.0,0.0,0.0,1.0,0.0,0.0,0.0,0.0,0.0,0.0,0.0,0.0,0.0,0.0,0.0,0.0,0.0,0.0,0.0,0.0,0.0,0.0,0.0,0.0,0.0,0.0,0.0,0.0,0.0,0.0,0.0,0.0,0.0,0.0,0.0,0.0,0.0,0.0,0.0,0.0,0.0,0.0,0.0,0.0,0.0,0.0,0.0,0.0,0.0,4.0,0.3333333333333333,1.4142135623730951,1.4142135623730951,0.0,0.0,0.0,0.0,0.0,0.0,0.0,0.0,0.0,0.0,0.0,0.0,0.0,0.0,1.7899999999999998,1.0,0.0,0.0,0.0,0.0,0.0,0.0,0.0,0.0,0.0,0.0,0.0,20.23,3.0,1.739360386416435,2.313052529585142,2.313052529585142,0.0,0.742,16.0
CCC(C)OC(C)=O,1.6156952099999986,0.0,0.0,-0.1551702676863112,0.0350322972386828,-0.0029744556460763,-0.0093177874189534,9.548938071081892,11.82892641563682,16.009874437933554,-0.3811822241808079,0.3772905304803928,3.7779453146599393,7.280384881794012,0.0,0.0,1.0,0.0,0.0,3.0,2.0,0.0,0.0,2.0,0.0,0.8333333333333334,3.9375,5.0,0.0,0.0,0.0,0.0,3.0,0.0,1.0,0.0,0.0,0.0,1.0,0.0,1.0,0.0,0.0,0.0,0.0,0.0,0.0,0.0,0.0,0.0,0.0,0.0,0.0,0.0,0.0,0.0,0.0,1.0,1.0,0.0,0.0,0.0,0.0,0.0,0.0,0.0,0.0,0.0,0.0,0.0,0.0,0.0,0.0,0.0,0.0,0.0,0.0,0.0,0.0,0.0,0.0,0.0,0.0,0.0,0.0,0.0,0.0,0.0,0.0,0.0,0.0,0.0,0.0,0.0,0.0,0.0,0.0,0.0,0.0,0.0,0.0,3.0,4.0,0.7663094323935531,1.5000000000000004,2.94168275343288,0.0,0.0,0.4999999999999999,0.0,0.0,0.0,0.4999999999999999,0.0,0.0,0.0,0.0,0.0,0.0,0.0,1.9,3.0,0.0,0.0,0.0,0.0,0.0,0.0,0.0,0.0,0.0,0.0,0.0,26.3,3.807354922057604,1.8120792781780937,5.173349110161363,5.173349110161363,0.0,1.4820000000000002,30.0
CCC(C)c1ccccc1O,10.323368999999994,0.0,6.0,-0.0200013402302363,-0.0026225979332869,-0.0029205486844377,-0.0013903405041733,11.774469035540946,11.692378597307153,15.99795660383854,-0.4000271034186218,0.3093678595801896,5.297233197118426,9.370887738337732,0.0,0.0,0.0,5.0,1.0,2.0,1.0,0.0,0.5454545454545454,1.0,1.0,0.4,4.13265306122449,2.2145328719723185,0.0,0.0,0.0,0.0,2.0,0.0,1.0,0.0,0.0,4.0,1.0,0.0,0.0,2.0,0.0,0.0,0.0,0.0,0.0,0.0,0.0,0.0,0.0,0.0,0.0,0.0,0.0,0.0,1.0,0.0,0.0,0.0,0.0,0.0,0.0,0.0,0.0,0.0,0.0,0.0,0.0,0.0,0.0,0.0,0.0,0.0,0.0,0.0,0.0,0.0,0.0,0.0,0.0,0.0,0.0,0.0,0.0,0.0,0.0,0.0,0.0,0.0,0.0,0.0,0.0,0.0,0.0,0.0,0.0,0.0,0.0,0.0,0.0,7.0,,0.3333333333333333,2.8448590323312564,2.6207413942088964,0.0,4.508797713853318,2.381101577952299,0.0,0.0,0.0,0.0,0.0,0.0,0.0,0.0,0.0,0.0,0.0,2.45,2.0,0.0,1.0,1.0,1.0,0.0,0.0,0.0,1.0,0.0,0.0,0.0,20.23,4.459431618637298,1.9439398258736496,2.5260972863702094,2.5260972863702094,0.0,3.379000000000001,50.0
CCC1(C2=CCCCC2)C(=O)NC(=O)NC1=O,3.039792249999998,0.0,0.0,-0.2391970699581758,0.193902410983553,-0.4231097623397498,0.2451898275285855,20.0433677091758,11.72262287560889,16.008218365815452,-0.3716602749673747,0.4204258475644632,4.426962331986049,12.062465719924912,0.0,0.0,2.0,1.0,1.0,1.0,5.0,0.0680413817439771,0.7058823529411765,5.0,2.0,0.5833333333333334,5.325443786982248,2.2907231555880205,0.0,0.0,0.0,0.0,1.0,0.0,5.0,0.0,1.0,0.0,0.0,0.0,4.0,0.0,0.0,0.0,0.0,0.0,0.0,2.0,0.0,0.0,0.0,0.0,0.0,0.0,0.0,0.0,0.0,3.0,0.0,0.0,0.0,0.0,0.0,0.0,0.0,0.0,0.0,0.0,0.0,0.0,0.0,0.0,0.0,0.0,0.0,0.0,0.0,0.0,0.0,0.0,0.0,0.0,0.0,0.0,0.0,0.0,0.0,0.0,0.0,0.0,0.0,0.0,0.0,0.0,0.0,0.0,0.0,0.0,0.0,0.0,0.0,8.0,,0.0,1.6397691447073577,1.1734823157245244,0.4999999999999999,6.945629181536277,2.672696154421018,3.0393427426063697,0.0,0.75,0.0,0.0,0.0,0.0,0.0,0.4999999999999999,0.0,0.0,2.2300000000000004,2.0,0.0,0.0,2.0,0.0,0.0,0.0,0.0,2.0,0.0,0.0,0.0,75.27000000000001,5.169925001442312,1.9949421764225503,13.541685084041772,7.601106462422806,5.940578621618976,1.6069999999999998,88.0
CCC1(CC)C(=O)NC(=O)NC1=O,0.5545780899999979,0.0,0.0,-0.2386142712882256,0.2276905083175653,-0.4560293264130692,0.2397622098811825,16.0433677091758,11.781755576939164,16.00821473672432,-0.3721905900647188,0.4142223697072995,4.331146229827987,10.53876902094791,0.0,0.0,2.0,0.0,0.0,2.0,2.0,0.0833333333333333,0.4615384615384615,5.0,2.0,0.625,4.022160664819944,1.7751479289940828,0.0,0.0,0.0,0.0,2.0,0.0,2.0,0.0,0.0,0.0,0.0,0.0,3.0,0.0,0.0,0.0,0.0,0.0,0.0,2.0,0.0,0.0,0.0,0.0,0.0,0.0,0.0,0.0,0.0,3.0,0.0,0.0,0.0,0.0,0.0,0.0,0.0,0.0,0.0,0.0,0.0,0.0,0.0,0.0,0.0,0.0,0.0,0.0,0.0,0.0,0.0,0.0,0.0,0.0,0.0,0.0,0.0,0.0,0.0,0.0,0.0,0.0,0.0,0.0,0.0,0.0,0.0,0.0,0.0,0.0,0.0,0.0,0.0,8.0,5.0,0.25,2.309401076758504,1.6868653306034986,0.9999999999999998,0.4999999999999999,1.5000000000000004,2.080083823051904,0.0,0.75,0.0,0.0,0.0,0.0,0.0,0.4999999999999999,0.0,0.0,1.7899999999999998,2.0,0.0,0.0,1.0,0.0,0.0,0.0,0.0,1.0,0.0,0.0,0.0,75.27000000000001,4.700439718141093,1.9241837544571776,13.446238116832989,7.54465109611478,5.901587020718214,0.4329999999999997,64.0
CCC1(CCC(C)C)C(=O)NC(=O)NC1=O,3.643899209999996,0.0,0.0,-0.2386147795594361,0.2276870048604795,-0.4560393326971266,0.2397961659453696,19.0433677091758,11.778437662230711,16.008217390442386,-0.3721872789314061,0.4143997851949352,4.370711022496542,11.167312641525632,0.0,0.0,2.0,0.0,0.0,3.0,3.0,0.0833333333333333,0.375,5.0,2.0,0.7272727272727273,5.55765595463138,3.029726516052319,0.0,0.0,0.0,0.0,3.0,0.0,3.0,0.0,0.0,0.0,1.0,0.0,3.0,0.0,0.0,0.0,0.0,0.0,0.0,2.0,0.0,0.0,0.0,0.0,0.0,0.0,0.0,0.0,0.0,3.0,0.0,0.0,0.0,0.0,0.0,0.0,0.0,0.0,0.0,0.0,0.0,0.0,0.0,0.0,0.0,0.0,0.0,0.0,0.0,0.0,0.0,0.0,0.0,0.0,0.0,0.0,0.0,0.0,0.0,0.0,0.0,0.0,0.0,0.0,0.0,0.0,0.0,0.0,0.0,0.0,0.0,0.0,0.0,8.0,7.0,0.7211247851537042,3.2068918534148367,3.230921165987769,0.944940787421155,1.6509636244473134,1.9827032282500945,2.309401076758504,0.0,0.75,0.0,0.0,0.0,0.0,0.0,0.4999999999999999,0.0,0.0,2.12,4.0,0.0,0.0,1.0,0.0,0.0,0.0,0.0,1.0,0.0,0.0,0.0,75.27000000000001,5.0,1.9286786739641484,13.501622792616429,7.577410252855365,5.924212539761078,2.079,78.0
CCC1(c2ccccc2)C(=O)NC(=O)NC1=O,1.7442484899999982,0.0,6.0,-0.2330265137541602,0.2075274733098523,-0.4440525305297788,0.2330601966265189,20.0433677091758,11.691587266536017,16.00821846124755,-0.3719285374241384,0.42196945533638,4.411051085901627,11.809298703338964,0.0,0.0,2.0,5.0,1.0,1.0,1.0,0.0680413817439771,0.7058823529411765,5.0,2.0,0.25,5.325443786982248,2.2907231555880205,0.0,0.0,0.0,0.0,1.0,0.0,1.0,0.0,0.0,5.0,0.0,0.0,3.0,1.0,0.0,0.0,0.0,0.0,0.0,2.0,0.0,0.0,0.0,0.0,0.0,0.0,0.0,0.0,0.0,3.0,0.0,0.0,0.0,0.0,0.0,0.0,0.0,0.0,0.0,0.0,0.0,0.0,0.0,0.0,0.0,0.0,0.0,0.0,0.0,0.0,0.0,0.0,0.0,0.0,0.0,0.0,0.0,0.0,0.0,0.0,0.0,0.0,0.0,0.0,0.0,0.0,0.0,0.0,0.0,0.0,0.0,0.0,0.0,8.0,,0.0,1.6397691447073577,1.1734823157245244,0.4999999999999999,6.945629181536277,2.672696154421018,3.0393427426063697,0.0,0.75,0.0,0.0,0.0,0.0,0.0,0.4999999999999999,0.0,0.0,2.2300000000000004,2.0,0.0,1.0,2.0,1.0,0.0,0.0,0.0,2.0,0.0,0.0,0.0,75.27000000000001,5.169925001442312,1.9949421764225503,13.541685084041772,7.601106462422806,5.940578621618976,1.3170000000000004,88.0
CCCC(=O)O,0.7978062399999994,1.0,0.0,-0.0930831142976811,0.0016647263466184,-0.0042709711996712,-0.0002393483905239,7.548938071081892,11.83232824079731,16.009787445482583,-0.3815396350071099,0.3766789653652727,3.5389244630883185,6.204781361581047,0.0,0.0,1.0,0.0,0.0,1.0,2.0,0.0,0.0,2.0,1.0,0.75,3.2,5.333333333333333,0.0,0.0,0.0,0.0,1.0,0.0,2.0,0.0,0.0,0.0,0.0,0.0,1.0,0.0,0.0,0.0,0.0,0.0,0.0,0.0,0.0,0.0,0.0,0.0,0.0,0.0,0.0,0.0,1.0,1.0,0.0,0.0,0.0,0.0,0.0,0.0,0.0,0.0,0.0,0.0,0.0,0.0,0.0,0.0,0.0,0.0,0.0,0.0,0.0,0.0,0.0,0.0,0.0,0.0,0.0,0.0,0.0,0.0,0.0,0.0,0.0,0.0,0.0,0.0,0.0,0.0,0.0,0.0,0.0,0.0,0.0,0.0,0.0,2.0,4.0,0.0,1.4142135623730951,0.3333333333333333,0.0,1.0,0.0,0.0,0.0,0.4999999999999999,0.0,0.0,0.0,0.0,0.0,0.0,0.0,0.0,1.68,2.0,0.0,0.0,0.0,0.0,0.0,0.0,0.0,0.0,0.0,0.0,0.0,37.3,3.321928094887362,1.7798629157231376,4.695140652899132,4.695140652899132,0.0,0.7419999999999999,20.0
CCCC(C)(O)C1CC23C=CC1(OC)C1Oc4c(O)ccc5c4C12CCN(C)C3C5,6.924792249999983,0.0,6.0,-0.2318985432403615,-0.1509069544959432,0.2121349005060075,-0.1479360950920568,33.457856443440264,11.681741748718173,16.002734929275135,-0.4199207567863532,0.3744771112281937,5.591202291551184,14.508800636880858,1.0,0.0,0.0,6.0,2.0,3.0,7.0,0.418551827312847,0.6666666666666666,4.0,2.0,0.68,6.315555555555555,2.159779614325069,0.0,0.0,0.0,0.0,4.0,0.0,6.0,0.0,2.0,2.0,3.0,0.0,0.0,4.0,0.0,0.0,0.0,0.0,0.0,0.0,0.0,0.0,0.0,0.0,1.0,0.0,0.0,0.0,2.0,0.0,2.0,0.0,0.0,0.0,0.0,0.0,0.0,0.0,0.0,0.0,0.0,0.0,0.0,0.0,0.0,0.0,0.0,0.0,0.0,0.0,0.0,0.0,0.0,0.0,0.0,0.0,0.0,0.0,0.0,0.0,0.0,0.0,0.0,0.0,0.0,0.0,0.0,0.0,0.0,0.0,0.0,0.0,0.0,8.0,,0.9333792783589504,8.119137204687721,5.362377374532873,4.126211755974082,11.014268139017158,8.204062081758076,11.229280134726505,2.6207413942088964,0.1249999999999999,0.9182995386645731,0.3333333333333333,0.0,0.0,0.0,0.0,0.0,0.0,3.66,4.0,0.0,1.0,1.0,1.0,0.0,0.0,1.0,6.0,0.0,0.0,0.0,62.16,6.129283016944966,2.09822132717663,14.542256991425742,11.189091321651471,3.353165669774318,1.949,190.0
CCCC(C)=O,0.7728168099999986,0.0,0.0,-0.0234890130674057,-0.0351916874305026,-0.0017286805867946,-0.0001114539838957,6.774469035540946,11.818835826626916,16.005945110705145,-0.3938347376625017,0.2876099277167945,3.9373117146822114,6.58931901289642,0.0,0.0,0.0,1.0,0.0,2.0,2.0,0.0,0.0,1.0,0.0,0.8,3.2,5.333333333333333,0.0,0.0,0.0,0.0,2.0,0.0,2.0,0.0,0.0,0.0,0.0,0.0,1.0,0.0,0.0,0.0,0.0,0.0,0.0,0.0,0.0,0.0,0.0,0.0,0.0,0.0,0.0,0.0,0.0,1.0,0.0,0.0,0.0,0.0,0.0,0.0,0.0,0.0,0.0,0.0,0.0,0.0,0.0,0.0,0.0,0.0,0.0,0.0,0.0,0.0,0.0,0.0,0.0,0.0,0.0,0.0,0.0,0.0,0.0,0.0,0.0,0.0,0.0,0.0,0.0,0.0,0.0,0.0,0.0,0.0,0.0,0.0,0.0,1.0,5.0,0.25,2.1491398636470835,1.1547005383792517,0.0,1.0,0.0,0.0,0.0,0.0,0.0,0.0,0.0,0.0,0.0,0.0,0.0,0.0,1.9,2.0,0.0,0.0,0.0,0.0,0.0,0.0,0.0,0.0,0.0,0.0,0.0,17.07,3.321928094887362,1.7798629157231376,2.347570326449566,2.347570326449566,0.0,1.007,20.0
CCCCC(=O)O,1.8208803599999992,1.0,0.0,-0.0930832861747627,0.0016633517846163,-0.0042738880213649,-0.0002286500310967,8.548938071081892,11.823337121695312,16.009787976896444,-0.381540273877914,0.3767322845371109,3.6186285710973465,6.658276870745081,0.0,0.0,1.0,0.0,0.0,1.0,3.0,0.0,0.0,2.0,1.0,0.8,4.166666666666667,6.0,0.0,0.0,0.0,0.0,1.0,0.0,3.0,0.0,0.0,0.0,0.0,0.0,1.0,0.0,0.0,0.0,0.0,0.0,0.0,0.0,0.0,0.0,0.0,0.0,0.0,0.0,0.0,0.0,1.0,1.0,0.0,0.0,0.0,0.0,0.0,0.0,0.0,0.0,0.0,0.0,0.0,0.0,0.0,0.0,0.0,0.0,0.0,0.0,0.0,0.0,0.0,0.0,0.0,0.0,0.0,0.0,0.0,0.0,0.0,0.0,0.0,0.0,0.0,0.0,0.0,0.0,0.0,0.0,0.0,0.0,0.0,0.0,0.0,2.0,5.0,0.0,1.6509636244473134,0.25,0.0,2.381101577952299,0.0,0.0,0.0,0.4999999999999999,0.0,0.0,0.0,0.0,0.0,0.0,0.0,0.0,1.7899999999999998,3.0,0.0,0.0,0.0,0.0,0.0,0.0,0.0,0.0,0.0,0.0,0.0,37.3,3.584962500721156,1.810052182209592,4.729658449763558,4.729658449763558,0.0,1.311,24.0
CCCCC(=O)OC1(C(=O)CO)C(C)CC2C3CCC4=CC(=O)C=CC4(C)C3(F)C(O)CC21C,12.961440039999982,0.0,0.0,-0.2624042830055887,-0.2175807255665882,0.1859855845294378,-0.0003916399015698,40.14885835228833,11.704030277210617,19.00014037618193,-0.4160077000480535,0.3905798430794038,4.773194782009536,13.519825479391224,0.0,0.0,1.0,5.0,1.0,5.0,8.0,0.3463830436641438,0.5,6.0,2.0,0.7407407407407407,9.386666666666668,3.670250896057348,0.0,0.0,0.0,0.0,4.0,0.0,8.0,0.0,3.0,0.0,4.0,0.0,4.0,0.0,0.0,0.0,0.0,0.0,0.0,0.0,0.0,0.0,0.0,0.0,0.0,0.0,0.0,0.0,2.0,3.0,1.0,0.0,1.0,0.0,0.0,0.0,0.0,0.0,0.0,0.0,0.0,0.0,0.0,0.0,0.0,0.0,0.0,0.0,0.0,0.0,0.0,0.0,0.0,0.0,0.0,0.0,0.0,0.0,0.0,0.0,0.0,0.0,0.0,0.0,0.0,0.0,0.0,0.0,0.0,0.0,0.0,0.0,0.0,6.0,,0.8440590552175525,8.332559478969126,6.829496458499315,4.196257447180849,10.858640909711562,7.201861316306457,12.005461295019328,2.406851949670727,1.4231664409336209,1.2109710340837223,0.0,0.0,0.0,0.0,0.0,0.0,0.0,3.66,7.0,0.0,0.0,1.0,0.0,0.0,0.0,1.0,3.0,0.0,0.0,0.0,100.90000000000002,6.20945336562895,2.012765414391951,18.208666656733502,15.606811632922744,0.0,2.840000000000001,194.0
CCCCC(=O)O[C@]1(C(=O)CO)[C@@H](C)C[C@H]2[C@@H]3CCC4=CC(=O)C=C[C@]4(C)[C@@]3(F)[C@@H](O)C[C@@]21C,12.961440039999982,0.0,0.0,-0.2624042830055887,-0.2175807255665882,0.1859855845294378,-0.0003916399015698,40.14885835228833,11.704030277210617,19.00014037618193,-0.4160077000480535,0.3905798430794038,4.773194782009536,13.519825479391224,0.0,0.0,1.0,5.0,1.0,5.0,8.0,0.3463830436641438,0.5,6.0,2.0,0.7407407407407407,9.386666666666668,3.670250896057348,0.0,0.0,0.0,0.0,4.0,0.0,8.0,0.0,3.0,0.0,4.0,0.0,4.0,0.0,0.0,0.0,0.0,0.0,0.0,0.0,0.0,0.0,0.0,0.0,0.0,0.0,0.0,0.0,2.0,3.0,1.0,0.0,1.0,0.0,0.0,0.0,0.0,0.0,0.0,0.0,0.0,0.0,0.0,0.0,0.0,0.0,0.0,0.0,0.0,0.0,0.0,0.0,0.0,0.0,0.0,0.0,0.0,0.0,0.0,0.0,0.0,0.0,0.0,0.0,0.0,0.0,0.0,0.0,0.0,0.0,0.0,0.0,0.0,6.0,,0.8440590552175525,8.332559478969126,6.829496458499315,4.196257447180849,10.858640909711562,7.201861316306457,12.005461295019328,2.406851949670727,1.4231664409336209,1.2109710340837223,0.0,0.0,0.0,0.0,0.0,0.0,0.0,3.66,7.0,0.0,0.0,1.0,0.0,0.0,0.0,1.0,3.0,0.0,0.0,0.0,100.90000000000002,6.20945336562895,2.012765414391951,18.208666656733502,15.606811632922744,0.0,2.840000000000001,194.0
CCCCC(C)=O,1.78302609,0.0,0.0,-0.0234891349548948,-0.035192535787245,-0.00172984664299,-0.0001060455311032,7.774469035540946,11.814465882144347,16.00594540280568,-0.393828233783245,0.2877235685028251,4.016641549188227,6.942438930715893,0.0,0.0,0.0,1.0,0.0,2.0,3.0,0.0,0.0,1.0,0.0,0.8333333333333334,4.166666666666667,6.0,0.0,0.0,0.0,0.0,2.0,0.0,3.0,0.0,0.0,0.0,0.0,0.0,1.0,0.0,0.0,0.0,0.0,0.0,0.0,0.0,0.0,0.0,0.0,0.0,0.0,0.0,0.0,0.0,0.0,1.0,0.0,0.0,0.0,0.0,0.0,0.0,0.0,0.0,0.0,0.0,0.0,0.0,0.0,0.0,0.0,0.0,0.0,0.0,0.0,0.0,0.0,0.0,0.0,0.0,0.0,0.0,0.0,0.0,0.0,0.0,0.0,0.0,0.0,0.0,0.0,0.0,0.0,0.0,0.0,0.0,0.0,0.0,0.0,1.0,6.0,0.1999999999999999,2.6207413942088964,0.9999999999999998,0.0,2.381101577952299,0.0,0.0,0.0,0.0,0.0,0.0,0.0,0.0,0.0,0.0,0.0,0.0,2.01,3.0,0.0,0.0,0.0,0.0,0.0,0.0,0.0,0.0,0.0,0.0,0.0,17.07,3.584962500721156,1.810052182209592,2.364829224881779,2.364829224881779,0.0,1.576,24.0
CCCCC(CC)CO,7.068153959999999,0.0,0.0,-0.0340108711232604,-0.0063788387631888,-0.0011655277768195,-4.080069032151877e-05,9.774469035540946,11.799657316914807,15.997946446492016,-0.4228126548703533,0.1845895474860812,4.379447696826642,8.378105271919273,0.0,0.0,0.0,0.0,0.0,3.0,4.0,0.0,0.0,1.0,1.0,1.0,6.125,4.5,0.0,0.0,0.0,0.0,2.0,0.0,5.0,0.0,0.0,0.0,1.0,0.0,0.0,0.0,0.0,0.0,0.0,0.0,0.0,0.0,0.0,0.0,0.0,0.0,0.0,0.0,0.0,0.0,1.0,0.0,0.0,0.0,0.0,0.0,0.0,0.0,0.0,0.0,0.0,0.0,0.0,0.0,0.0,0.0,0.0,0.0,0.0,0.0,0.0,0.0,0.0,0.0,0.0,0.0,0.0,0.0,0.0,0.0,0.0,0.0,0.0,0.0,0.0,0.0,0.0,0.0,0.0,0.0,0.0,0.0,0.0,0.0,0.0,0.0,7.0,0.1666666666666666,3.604654325043382,0.7071067811865476,0.0,4.610539557408639,0.0,0.0,0.0,0.0,0.0,0.0,0.0,0.0,0.0,0.0,0.0,0.0,2.23,5.0,0.0,0.0,0.0,0.0,0.0,0.0,0.0,0.0,0.0,0.0,0.0,20.23,4.0,1.8515785947459904,2.424039190491862,2.424039190491862,0.0,2.855,32.0
CCCCC(CC)COC(=O)c1ccccc1C(=O)OCC(CC)CCCC,57.36547600000004,0.0,6.0,-0.3643958576687451,0.1960511173459276,-0.0354537728682325,-0.3221826605927831,31.097876142163784,11.688625449285796,16.012008201905896,-0.3776507439928812,0.436876738786676,5.063514005960503,9.997110965100184,0.0,0.0,2.0,4.0,2.0,6.0,8.0,0.0,0.2142857142857142,4.0,0.0,0.6666666666666666,15.78892733564014,10.05353955978584,0.0,0.0,0.0,0.0,4.0,0.0,10.0,0.0,0.0,4.0,2.0,0.0,2.0,2.0,0.0,0.0,0.0,0.0,0.0,0.0,0.0,0.0,0.0,0.0,0.0,0.0,0.0,0.0,0.0,2.0,2.0,0.0,0.0,0.0,0.0,0.0,0.0,0.0,0.0,0.0,0.0,0.0,0.0,0.0,0.0,0.0,0.0,0.0,0.0,0.0,0.0,0.0,0.0,0.0,0.0,0.0,0.0,0.0,0.0,0.0,0.0,0.0,0.0,0.0,0.0,0.0,0.0,0.0,0.0,0.0,0.0,0.0,0.0,12.0,,0.5445089655244744,8.308520058304264,3.5320818155693305,0.0,16.3074637616075,5.008288542409694,0.0,0.0,0.1999999999999999,1.2649110640673518,0.1999999999999999,0.0,0.0,0.0,0.0,0.0,0.0,3.66,16.0,2.0,1.0,1.0,1.0,0.0,0.0,0.0,1.0,0.0,0.0,0.0,52.60000000000001,5.807354922057604,1.9616899265736265,11.148884120308216,11.148884120308216,0.0,8.601999999999999,124.0
CCCCC/C=C/C=C/C(=O)NCC(C)C,15.666555610000003,0.0,0.0,-0.1068047264760328,0.0408101182970994,-0.0214361239894469,-0.0058769706482814,17.134449336817426,11.728043229347811,16.005956383240594,-0.3743185447135367,0.3533153482830809,4.748211169733121,8.092580894777862,0.0,0.0,1.0,4.0,0.0,4.0,4.0,0.0,0.0,2.0,1.0,0.6428571428571429,11.484375,13.0,0.0,0.0,0.0,0.0,3.0,0.0,5.0,0.0,4.0,0.0,1.0,0.0,1.0,0.0,0.0,0.0,0.0,0.0,0.0,1.0,0.0,0.0,0.0,0.0,0.0,0.0,0.0,0.0,0.0,1.0,0.0,0.0,0.0,0.0,0.0,0.0,0.0,0.0,0.0,0.0,0.0,0.0,0.0,0.0,0.0,0.0,0.0,0.0,0.0,0.0,0.0,0.0,0.0,0.0,0.0,0.0,0.0,0.0,0.0,0.0,0.0,0.0,0.0,0.0,0.0,0.0,0.0,0.0,0.0,0.0,0.0,0.0,0.0,7.0,10.0,0.430674364248144,4.562157336047581,1.7320508075688774,0.0,11.862102512148654,0.3333333333333333,0.0,0.0,0.0,0.0,0.0,0.0,0.0,0.0,0.0,0.0,0.0,2.78,9.0,0.0,0.0,0.0,0.0,0.0,0.0,0.0,0.0,0.0,0.0,0.0,29.1,4.906890595608519,1.9051758771482896,5.422165836427446,2.505436917985949,2.916728918441496,4.468999999999999,62.0
CCCCC1(CC)C(=O)NC(=O)NC1=O,2.7459804100000014,0.0,0.0,-0.2386147791657276,0.2276870111125329,-0.4560392883391821,0.2397962980231448,18.0433677091758,11.780601001327222,16.008216501415525,-0.3721876011028011,0.4143470418435504,4.360820449014194,11.01004358106792,0.0,0.0,2.0,0.0,0.0,2.0,4.0,0.0833333333333333,0.4,5.0,2.0,0.7,5.365079365079365,2.571428571428572,0.0,0.0,0.0,0.0,2.0,0.0,4.0,0.0,0.0,0.0,0.0,0.0,3.0,0.0,0.0,0.0,0.0,0.0,0.0,2.0,0.0,0.0,0.0,0.0,0.0,0.0,0.0,0.0,0.0,3.0,0.0,0.0,0.0,0.0,0.0,0.0,0.0,0.0,0.0,0.0,0.0,0.0,0.0,0.0,0.0,0.0,0.0,0.0,0.0,0.0,0.0,0.0,0.0,0.0,0.0,0.0,0.0,0.0,0.0,0.0,0.0,0.0,0.0,0.0,0.0,0.0,0.0,0.0,0.0,0.0,0.0,0.0,0.0,8.0,7.0,0.1666666666666666,3.1345912997933354,1.3451668516247228,0.7071067811865476,3.1473451902649443,1.5000000000000004,2.080083823051904,0.0,0.75,0.0,0.0,0.0,0.0,0.0,0.4999999999999999,0.0,0.0,2.01,4.0,0.0,0.0,1.0,0.0,0.0,0.0,0.0,1.0,0.0,0.0,0.0,75.27000000000001,4.906890595608519,1.9350064490938257,13.498517107062511,7.575573289139158,5.922943817923362,1.5709999999999995,72.0
CCCCCC(=O)Nc1ccn([C@@H]2O[C@H](CO)[C@H](O)[C@@H]2O)c(=O)n1,0.1371220899999988,0.0,0.0,-0.4432861231138637,0.059314466728464,-0.1538551889314839,0.2021121710353849,29.72675511707512,11.77244324835485,16.00853866840359,-0.4196069393724597,0.436925367779865,4.310796526071979,9.74064648665211,0.0,0.0,3.0,1.0,0.0,3.0,7.0,0.0,0.4583333333333333,9.0,4.0,0.6666666666666666,9.629757785467127,5.25,0.0,0.0,0.0,0.0,1.0,0.0,5.0,0.0,0.0,2.0,4.0,0.0,1.0,1.0,0.0,0.0,0.0,0.0,0.0,1.0,0.0,0.0,0.0,1.0,0.0,0.0,1.0,0.0,3.0,2.0,1.0,0.0,0.0,0.0,0.0,0.0,0.0,0.0,0.0,0.0,0.0,0.0,0.0,0.0,0.0,0.0,0.0,0.0,0.0,0.0,0.0,0.0,0.0,0.0,0.0,0.0,0.0,0.0,0.0,0.0,0.0,0.0,0.0,0.0,0.0,0.0,0.0,0.0,0.0,0.0,0.0,0.0,0.0,10.0,6.0,0.0,1.6552333011296536,0.7361865353735253,0.0,5.081704100841752,6.731509870620803,0.0,0.0,1.631489567264962,1.2932046449294663,0.0,0.0,0.0,0.0,0.4999999999999999,0.7071067811865476,0.0,2.12,8.0,0.0,1.0,2.0,1.0,0.0,0.0,1.0,1.0,0.0,0.0,0.0,131.69,5.643856189774724,1.986663563039592,25.31385486191764,15.722078098407591,9.591776763510056,-0.1620000000000002,118.0
CCCCCC(=O)O,3.2601913599999985,1.0,0.0,-0.0930832862913919,0.0016633497318888,-0.004273905163668,-0.0002286879367153,9.548938071081892,11.817743769246311,16.009788508785242,-0.3815392781443074,0.3767507278667991,3.658445464133283,6.984100335599622,0.0,0.0,1.0,0.0,0.0,1.0,4.0,0.0,0.0,2.0,1.0,0.8333333333333334,5.142857142857143,7.2,0.0,0.0,0.0,0.0,1.0,0.0,4.0,0.0,0.0,0.0,0.0,0.0,1.0,0.0,0.0,0.0,0.0,0.0,0.0,0.0,0.0,0.0,0.0,0.0,0.0,0.0,0.0,0.0,1.0,1.0,0.0,0.0,0.0,0.0,0.0,0.0,0.0,0.0,0.0,0.0,0.0,0.0,0.0,0.0,0.0,0.0,0.0,0.0,0.0,0.0,0.0,0.0,0.0,0.0,0.0,0.0,0.0,0.0,0.0,0.0,0.0,0.0,0.0,0.0,0.0,0.0,0.0,0.0,0.0,0.0,0.0,0.0,0.0,2.0,6.0,0.0,1.8072040072196895,0.1999999999999999,0.0,3.965406456500188,0.0,0.0,0.0,0.4999999999999999,0.0,0.0,0.0,0.0,0.0,0.0,0.0,0.0,1.9,4.0,0.0,0.0,0.0,0.0,0.0,0.0,0.0,0.0,0.0,0.0,0.0,37.3,3.807354922057604,1.8332448957539136,4.74691734819577,4.74691734819577,0.0,1.88,28.0
CCCCCC(=O)OCC(=O)C1(O)CCC2C3CC=C4CC(=O)CCC4(C)C3C(O)CC21C,10.304742009999988,0.0,0.0,-0.2380575765300948,-0.1401952969804123,0.0894480307783227,-0.0169640278713199,37.64681421324568,11.715019333725271,16.011803070318475,-0.4208667627736516,0.3839689464082004,4.440626629004269,12.713533112049308,0.0,0.0,1.0,3.0,1.0,4.0,12.0,0.3219752754296894,0.5151515151515151,6.0,2.0,0.8148148148148148,9.806122448979592,4.3895747599451305,0.0,0.0,0.0,0.0,3.0,0.0,12.0,0.0,1.0,0.0,4.0,0.0,4.0,0.0,0.0,0.0,0.0,0.0,0.0,0.0,0.0,0.0,0.0,0.0,0.0,0.0,0.0,0.0,2.0,3.0,1.0,0.0,0.0,0.0,0.0,0.0,0.0,0.0,0.0,0.0,0.0,0.0,0.0,0.0,0.0,0.0,0.0,0.0,0.0,0.0,0.0,0.0,0.0,0.0,0.0,0.0,0.0,0.0,0.0,0.0,0.0,0.0,0.0,0.0,0.0,0.0,0.0,0.0,0.0,0.0,0.0,0.0,0.0,3.0,,0.3010067189543957,6.565138476363173,4.383373866522072,2.160335480328162,14.22165158893276,7.435960624908306,8.311647286686254,1.1052094495921163,1.439386736743368,1.0916210426963513,0.0,0.0,0.0,0.0,0.0,0.0,0.0,3.77,8.0,0.0,0.0,1.0,0.0,0.0,0.0,1.0,3.0,0.0,0.0,0.0,100.90000000000002,6.169925001442312,2.023950932378462,15.707722378659682,15.707722378659682,0.0,2.611,184.0
CCCCCC(=O)OCC(=O)[C@@]1(O)CC[C@H]2[C@@H]3CCC4=CC(=O)CC[C@]4(C)[C@H]3[C@@H](O)C[C@@]21C,13.187792249999983,0.0,0.0,-0.2483207779276164,-0.1249232501827249,0.0922672658318162,-0.0313759465173763,37.64681421324568,11.71576790020084,16.01180312909588,-0.420864797093217,0.3841268934276265,4.440461043203586,12.705172687687387,0.0,0.0,1.0,3.0,1.0,4.0,12.0,0.3219752754296894,0.5151515151515151,6.0,2.0,0.8148148148148148,9.806122448979592,4.3895747599451305,0.0,0.0,0.0,0.0,3.0,0.0,12.0,0.0,1.0,0.0,4.0,0.0,4.0,0.0,0.0,0.0,0.0,0.0,0.0,0.0,0.0,0.0,0.0,0.0,0.0,0.0,0.0,0.0,2.0,3.0,1.0,0.0,0.0,0.0,0.0,0.0,0.0,0.0,0.0,0.0,0.0,0.0,0.0,0.0,0.0,0.0,0.0,0.0,0.0,0.0,0.0,0.0,0.0,0.0,0.0,0.0,0.0,0.0,0.0,0.0,0.0,0.0,0.0,0.0,0.0,0.0,0.0,0.0,0.0,0.0,0.0,0.0,0.0,4.0,,0.3010067189543957,6.565138476363173,4.383373866522072,2.160335480328162,14.22165158893276,7.435960624908306,8.311647286686254,1.1052094495921163,1.439386736743368,1.0916210426963513,0.0,0.0,0.0,0.0,0.0,0.0,0.0,3.77,8.0,0.0,0.0,1.0,0.0,0.0,0.0,1.0,3.0,0.0,0.0,0.0,100.90000000000002,6.169925001442312,2.023950932378462,15.707722378659682,15.707722378659682,0.0,2.8240000000000007,184.0
CCCCCC(C)=O,3.20947225,0.0,0.0,-0.0234891350628934,-0.0351925374369876,-0.0017298586472595,-0.0001060628002786,8.774469035540946,11.811616128287246,16.005945695187727,-0.3938263039857579,0.2877706245389446,4.056287116488347,7.191340425833136,0.0,0.0,0.0,1.0,0.0,2.0,4.0,0.0,0.0,1.0,0.0,0.8571428571428571,5.142857142857143,7.2,0.0,0.0,0.0,0.0,2.0,0.0,4.0,0.0,0.0,0.0,0.0,0.0,1.0,0.0,0.0,0.0,0.0,0.0,0.0,0.0,0.0,0.0,0.0,0.0,0.0,0.0,0.0,0.0,0.0,1.0,0.0,0.0,0.0,0.0,0.0,0.0,0.0,0.0,0.0,0.0,0.0,0.0,0.0,0.0,0.0,0.0,0.0,0.0,0.0,0.0,0.0,0.0,0.0,0.0,0.0,0.0,0.0,0.0,0.0,0.0,0.0,0.0,0.0,0.0,0.0,0.0,0.0,0.0,0.0,0.0,0.0,0.0,0.0,1.0,7.0,0.1666666666666666,2.9557379384290847,0.894427190999916,0.0,3.965406456500188,0.0,0.0,0.0,0.0,0.0,0.0,0.0,0.0,0.0,0.0,0.0,0.0,2.12,4.0,0.0,0.0,0.0,0.0,0.0,0.0,0.0,0.0,0.0,0.0,0.0,17.07,3.807354922057604,1.8332448957539136,2.373458674097885,2.373458674097885,0.0,2.145,28.0
CCCCCC(C)O,5.1103123599999964,0.0,0.0,-0.0234314403075555,-0.0138821922519198,-0.0004950319995505,-1.7107308383175754e-05,8.774469035540946,11.812769839449658,15.99794991440092,-0.421674793596042,0.1900571469256872,4.537016206519776,7.241657827802488,0.0,0.0,0.0,0.0,0.0,2.0,5.0,0.0,0.0,1.0,1.0,1.0,5.142857142857143,7.2,0.0,0.0,0.0,0.0,2.0,0.0,4.0,0.0,0.0,0.0,1.0,0.0,0.0,0.0,0.0,0.0,0.0,0.0,0.0,0.0,0.0,0.0,0.0,0.0,0.0,0.0,0.0,0.0,1.0,0.0,0.0,0.0,0.0,0.0,0.0,0.0,0.0,0.0,0.0,0.0,0.0,0.0,0.0,0.0,0.0,0.0,0.0,0.0,0.0,0.0,0.0,0.0,0.0,0.0,0.0,0.0,0.0,0.0,0.0,0.0,0.0,0.0,0.0,0.0,0.0,0.0,0.0,0.0,0.0,0.0,0.0,0.0,0.0,0.0,7.0,0.1666666666666666,2.9557379384290847,0.894427190999916,0.0,3.965406456500188,0.0,0.0,0.0,0.0,0.0,0.0,0.0,0.0,0.0,0.0,0.0,0.0,2.12,4.0,0.0,0.0,0.0,0.0,0.0,0.0,0.0,0.0,0.0,0.0,0.0,20.23,3.807354922057604,1.8332448957539136,2.373458674097885,2.373458674097885,0.0,2.449,28.0
CCCCCCC(=O)O,5.115739239999994,1.0,0.0,-0.0930832862914087,0.0016633497312809,-0.0042739051747434,-0.0002286880313408,10.548938071081892,11.81405675652414,16.009789040960595,-0.381541993759534,0.3767647296409557,3.678345682875184,7.21671554068474,0.0,0.0,1.0,0.0,0.0,1.0,5.0,0.0,0.0,2.0,1.0,0.8571428571428571,6.125,8.0,0.0,0.0,0.0,0.0,1.0,0.0,5.0,0.0,0.0,0.0,0.0,0.0,1.0,0.0,0.0,0.0,0.0,0.0,0.0,0.0,0.0,0.0,0.0,0.0,0.0,0.0,0.0,0.0,1.0,1.0,0.0,0.0,0.0,0.0,0.0,0.0,0.0,0.0,0.0,0.0,0.0,0.0,0.0,0.0,0.0,0.0,0.0,0.0,0.0,0.0,0.0,0.0,0.0,0.0,0.0,0.0,0.0,0.0,0.0,0.0,0.0,0.0,0.0,0.0,0.0,0.0,0.0,0.0,0.0,0.0,0.0,0.0,0.0,2.0,7.0,0.0,1.919259748186888,0.1666666666666666,0.0,5.6762400186093895,0.0,0.0,0.0,0.4999999999999999,0.0,0.0,0.0,0.0,0.0,0.0,0.0,0.0,2.01,5.0,0.0,0.0,0.0,0.0,0.0,0.0,0.0,0.0,0.0,0.0,0.0,37.3,4.0,1.8515284568125985,4.755546797411876,4.755546797411876,0.0,2.449,32.0
CCCCCCCC(=O)O,7.387524000000003,1.0,0.0,-0.0930832862914087,0.0016633497312809,-0.0042739051747445,-0.0002286880313613,11.548938071081892,11.811460291693985,16.009789573418093,-0.3815437897432063,0.3767780654917366,3.688293733897031,7.384526488512398,0.0,0.0,1.0,0.0,0.0,1.0,6.0,0.0,0.0,2.0,1.0,0.875,7.111111111111111,9.142857142857142,0.0,0.0,0.0,0.0,1.0,0.0,6.0,0.0,0.0,0.0,0.0,0.0,1.0,0.0,0.0,0.0,0.0,0.0,0.0,0.0,0.0,0.0,0.0,0.0,0.0,0.0,0.0,0.0,1.0,1.0,0.0,0.0,0.0,0.0,0.0,0.0,0.0,0.0,0.0,0.0,0.0,0.0,0.0,0.0,0.0,0.0,0.0,0.0,0.0,0.0,0.0,0.0,0.0,0.0,0.0,0.0,0.0,0.0,0.0,0.0,0.0,0.0,0.0,0.0,0.0,0.0,0.0,0.0,0.0,0.0,0.0,0.0,0.0,2.0,8.0,0.0,2.0041451295984074,0.1428571428571428,0.0,7.473424936522629,0.0,0.0,0.0,0.4999999999999999,0.0,0.0,0.0,0.0,0.0,0.0,0.0,0.0,2.12,6.0,0.0,0.0,0.0,0.0,0.0,0.0,0.0,0.0,0.0,0.0,0.0,37.3,4.169925001442312,1.8662654583954423,4.7598615220199285,4.7598615220199285,0.0,3.018,36.0
CCCCCCCC(=O)OCC(=O)C1(O)CCC2C3CC=C4CC(=O)CCC4(C)C3C(O)CC21C,16.995006249999967,0.0,0.0,-0.2380575765301195,-0.1401952969812599,0.0894480307633881,-0.0169640279943218,39.64681421324568,11.715019311684005,16.01180587524171,-0.4208684754055652,0.3840611797446401,4.470284139917931,12.71516526612299,0.0,0.0,1.0,3.0,1.0,4.0,14.0,0.3219752754296894,0.4857142857142857,6.0,2.0,0.8275862068965517,11.00653983353151,5.053853970097257,0.0,0.0,0.0,0.0,3.0,0.0,14.0,0.0,1.0,0.0,4.0,0.0,4.0,0.0,0.0,0.0,0.0,0.0,0.0,0.0,0.0,0.0,0.0,0.0,0.0,0.0,0.0,0.0,2.0,3.0,1.0,0.0,0.0,0.0,0.0,0.0,0.0,0.0,0.0,0.0,0.0,0.0,0.0,0.0,0.0,0.0,0.0,0.0,0.0,0.0,0.0,0.0,0.0,0.0,0.0,0.0,0.0,0.0,0.0,0.0,0.0,0.0,0.0,0.0,0.0,0.0,0.0,0.0,0.0,0.0,0.0,0.0,0.0,3.0,,0.2730696372252257,6.857485060018652,4.132501229006723,2.039841295497027,17.782731438082184,7.435960624908306,8.311647286686254,1.1052094495921163,1.439386736743368,1.0916210426963513,0.0,0.0,0.0,0.0,0.0,0.0,0.0,3.99,10.0,0.0,0.0,1.0,0.0,0.0,0.0,1.0,3.0,0.0,0.0,0.0,100.90000000000002,6.247927513443585,2.0225638991757937,15.71945231927627,15.71945231927627,0.0,3.749,192.0
CCCCCCCC(=O)OCC(=O)[C@@]1(O)CC[C@H]2[C@@H]3CCC4=CC(=O)CC[C@]4(C)[C@H]3[C@@H](O)C[C@@]21C,20.647027209999965,0.0,0.0,-0.248320777927641,-0.1249232501835725,0.0922672658168816,-0.0313759466403782,39.64681421324568,11.715767883922164,16.011805934065197,-0.4208665127194088,0.3842219968100169,4.470118628359863,12.7062217121474,0.0,0.0,1.0,3.0,1.0,4.0,14.0,0.3219752754296894,0.4857142857142857,6.0,2.0,0.8275862068965517,11.00653983353151,5.053853970097257,0.0,0.0,0.0,0.0,3.0,0.0,14.0,0.0,1.0,0.0,4.0,0.0,4.0,0.0,0.0,0.0,0.0,0.0,0.0,0.0,0.0,0.0,0.0,0.0,0.0,0.0,0.0,0.0,2.0,3.0,1.0,0.0,0.0,0.0,0.0,0.0,0.0,0.0,0.0,0.0,0.0,0.0,0.0,0.0,0.0,0.0,0.0,0.0,0.0,0.0,0.0,0.0,0.0,0.0,0.0,0.0,0.0,0.0,0.0,0.0,0.0,0.0,0.0,0.0,0.0,0.0,0.0,0.0,0.0,0.0,0.0,0.0,0.0,4.0,,0.2730696372252257,6.857485060018652,4.132501229006723,2.039841295497027,17.782731438082184,7.435960624908306,8.311647286686254,1.1052094495921163,1.439386736743368,1.0916210426963513,0.0,0.0,0.0,0.0,0.0,0.0,0.0,3.99,10.0,0.0,0.0,1.0,0.0,0.0,0.0,1.0,3.0,0.0,0.0,0.0,100.90000000000002,6.247927513443585,2.0225638991757937,15.71945231927627,15.71945231927627,0.0,3.962,192.0
CCCCCCCC/C=C\CCCCCCCC(=O)O,46.72269316,1.0,0.0,-0.0934732691581377,-0.0001950520760096,-0.003916025315522,9.557159372407218e-05,21.54893807108189,11.750748927539512,16.009794942377415,-0.3815634156785921,0.3769292922877188,3.698896411725765,7.953191453047624,0.0,0.0,1.0,2.0,0.0,1.0,14.0,0.0,0.0,2.0,1.0,0.8333333333333334,17.05263157894737,19.058823529411764,0.0,0.0,0.0,0.0,1.0,0.0,14.0,0.0,2.0,0.0,0.0,0.0,1.0,0.0,0.0,0.0,0.0,0.0,0.0,0.0,0.0,0.0,0.0,0.0,0.0,0.0,0.0,0.0,1.0,1.0,0.0,0.0,0.0,0.0,0.0,0.0,0.0,0.0,0.0,0.0,0.0,0.0,0.0,0.0,0.0,0.0,0.0,0.0,0.0,0.0,0.0,0.0,0.0,0.0,0.0,0.0,0.0,0.0,0.0,0.0,0.0,0.0,0.0,0.0,0.0,0.0,0.0,0.0,0.0,0.0,0.0,0.0,0.0,2.0,18.0,0.0,2.352779665665871,0.0588235294117647,0.0,27.40821232851985,0.0,0.0,0.0,0.4999999999999999,0.0,0.0,0.0,0.0,0.0,0.0,0.0,0.0,3.22,15.0,2.0,0.0,0.0,0.0,0.0,0.0,0.0,0.0,0.0,0.0,0.0,37.3,5.247927513443585,1.9330777066152889,4.764172033029732,4.764172033029732,0.0,8.192000000000004,76.0
CCCCCCCCC(N)C(=O)N(C)[C@@H](C)C(=O)N[C@@H](C)C(=O)N1CCC[C@H]1C(=O)N[C@H](C(=O)O)C(C)C,6.917426009999991,1.0,0.0,-0.5111312498254725,-0.0975526842842083,0.5436312944213697,-0.7593173847507235,44.44671571962808,11.804642893799164,16.012624427556457,-0.38079751483286,0.4035736503308737,4.386819864144347,10.41871306416381,1.0,0.0,5.0,0.0,0.0,6.0,14.0,0.0,0.131578947368421,11.0,4.0,0.8148148148148148,18.43598615916955,11.800208116545264,0.0,0.0,0.0,0.0,6.0,0.0,10.0,0.0,0.0,0.0,6.0,0.0,5.0,0.0,0.0,0.0,1.0,0.0,0.0,2.0,0.0,0.0,0.0,0.0,2.0,0.0,0.0,0.0,1.0,5.0,0.0,0.0,0.0,0.0,0.0,0.0,0.0,0.0,0.0,0.0,0.0,0.0,0.0,0.0,0.0,0.0,0.0,0.0,0.0,0.0,0.0,0.0,0.0,0.0,0.0,0.0,0.0,0.0,0.0,0.0,0.0,0.0,0.0,0.0,0.0,0.0,0.0,0.0,0.0,0.0,0.0,0.0,0.0,3.0,10.0,1.611845610549608,6.831167924606149,10.92751864738229,0.0,9.006102280618517,12.277902605007016,0.0,0.0,2.0946573319561086,0.0,0.0,0.0,0.2357022603955158,0.3849001794597506,0.1666666666666666,1.0131142475354569,0.1666666666666666,3.22,20.0,3.0,0.0,1.0,0.0,0.0,0.0,1.0,0.0,0.0,0.0,0.0,162.14,6.247927513443585,1.9363758024491573,29.90202771410607,14.88294162011701,15.019086093988992,0.7619999999999996,178.0
CCCCCCCCC=CCCCCCCCC(=O)O,46.72269316,1.0,0.0,-0.0934732691581377,-0.0001950520760096,-0.003916025315522,9.557159372407218e-05,21.54893807108189,11.750748927539512,16.009794942377415,-0.3815634156785921,0.3769292922877188,3.698896411725765,7.953191453047624,0.0,0.0,1.0,2.0,0.0,1.0,14.0,0.0,0.0,2.0,1.0,0.8333333333333334,17.05263157894737,19.058823529411764,0.0,0.0,0.0,0.0,1.0,0.0,14.0,0.0,2.0,0.0,0.0,0.0,1.0,0.0,0.0,0.0,0.0,0.0,0.0,0.0,0.0,0.0,0.0,0.0,0.0,0.0,0.0,0.0,1.0,1.0,0.0,0.0,0.0,0.0,0.0,0.0,0.0,0.0,0.0,0.0,0.0,0.0,0.0,0.0,0.0,0.0,0.0,0.0,0.0,0.0,0.0,0.0,0.0,0.0,0.0,0.0,0.0,0.0,0.0,0.0,0.0,0.0,0.0,0.0,0.0,0.0,0.0,0.0,0.0,0.0,0.0,0.0,0.0,2.0,18.0,0.0,2.352779665665871,0.0588235294117647,0.0,27.40821232851985,0.0,0.0,0.0,0.4999999999999999,0.0,0.0,0.0,0.0,0.0,0.0,0.0,0.0,3.22,15.0,2.0,0.0,0.0,0.0,0.0,0.0,0.0,0.0,0.0,0.0,0.0,37.3,5.247927513443585,1.9330777066152889,4.764172033029732,4.764172033029732,0.0,8.192000000000004,76.0
CCCCCCCCCCC(N)C(=O)N(C)[C@@H](C)C(=O)N[C@@H](C)C(=O)N1CCC[C@H]1C(=O)N[C@H](C(=O)O)C(C)C,12.54930625,1.0,0.0,-0.5111312498254725,-0.0975526842842083,0.5436312944213697,-0.7593173847507235,46.44671571962808,11.804642481188072,16.01262773756097,-0.3807977031937122,0.4036477677887485,4.386819815289338,10.418734330961014,1.0,0.0,5.0,0.0,0.0,6.0,16.0,0.0,0.125,11.0,4.0,0.8275862068965517,20.048415806336774,13.0439453125,0.0,0.0,0.0,0.0,6.0,0.0,12.0,0.0,0.0,0.0,6.0,0.0,5.0,0.0,0.0,0.0,1.0,0.0,0.0,2.0,0.0,0.0,0.0,0.0,2.0,0.0,0.0,0.0,1.0,5.0,0.0,0.0,0.0,0.0,0.0,0.0,0.0,0.0,0.0,0.0,0.0,0.0,0.0,0.0,0.0,0.0,0.0,0.0,0.0,0.0,0.0,0.0,0.0,0.0,0.0,0.0,0.0,0.0,0.0,0.0,0.0,0.0,0.0,0.0,0.0,0.0,0.0,0.0,0.0,0.0,0.0,0.0,0.0,3.0,12.0,1.5465404783627492,7.5011486160756515,10.682362860426814,0.0,12.671995780510631,12.277902605007016,0.0,0.0,2.0946573319561086,0.0,0.0,0.0,0.2357022603955158,0.3849001794597506,0.1666666666666666,1.0131142475354569,0.1666666666666666,3.4400000000000004,22.0,3.0,0.0,1.0,0.0,0.0,0.0,1.0,0.0,0.0,0.0,0.0,162.14,6.321928094887363,1.93955409657352,29.9032800569654,14.883221858759349,15.020058198206002,1.8999999999999968,186.0
CCCCCCCCCCCCOCC1CO1,22.51692304,0.0,0.0,-0.1671542808188543,-0.077620229010904,0.0906437521327363,-0.0187781931696731,18.54893807108189,11.80631574174046,16.001158843762095,-0.4219737577198468,0.2616782274204525,4.598596549614141,7.734808467145538,0.0,0.0,0.0,0.0,0.0,4.0,11.0,0.0,0.1764705882352941,2.0,0.0,1.0,11.11111111111111,10.85121107266436,0.0,0.0,0.0,0.0,1.0,0.0,13.0,0.0,0.0,0.0,1.0,0.0,0.0,0.0,0.0,0.0,0.0,0.0,0.0,0.0,0.0,0.0,0.0,0.0,0.0,0.0,0.0,0.0,0.0,0.0,2.0,0.0,0.0,0.0,0.0,0.0,0.0,0.0,0.0,0.0,0.0,0.0,0.0,0.0,0.0,0.0,0.0,0.0,0.0,0.0,0.0,0.0,0.0,0.0,0.0,0.0,0.0,0.0,0.0,0.0,0.0,0.0,0.0,0.0,0.0,0.0,0.0,0.0,0.0,0.0,0.0,0.0,0.0,0.0,12.0,0.0,2.254667775230246,0.0714285714285714,0.0,19.496357596655294,0.0,0.0,0.0,0.0,0.0,0.3333333333333333,0.0,0.0,0.0,0.0,0.0,0.0,2.89,13.0,2.0,0.0,1.0,0.0,1.0,0.0,0.0,0.0,0.0,0.0,0.0,21.76,5.08746284125034,1.948360484838871,5.73300235654402,5.73300235654402,0.0,5.5589999999999975,70.0
CCCCCCCCN1CCCC1=O,8.931729960000013,0.0,0.0,-0.1186598880649396,0.0628950849970645,-0.0383428613517054,-0.0025936239968066,15.134449336817427,11.81168505292315,16.00595586469028,-0.3803172649423383,0.3330419411488975,4.544885995851685,8.53507182799041,0.0,0.0,1.0,0.0,0.0,3.0,8.0,0.0,0.3571428571428571,2.0,0.0,0.9166666666666666,7.3125,4.888888888888889,0.0,0.0,0.0,0.0,1.0,0.0,10.0,0.0,0.0,0.0,0.0,0.0,1.0,0.0,0.0,0.0,0.0,0.0,0.0,0.0,0.0,0.0,0.0,0.0,1.0,0.0,0.0,0.0,0.0,1.0,0.0,0.0,0.0,0.0,0.0,0.0,0.0,0.0,0.0,0.0,0.0,0.0,0.0,0.0,0.0,0.0,0.0,0.0,0.0,0.0,0.0,0.0,0.0,0.0,0.0,0.0,0.0,0.0,0.0,0.0,0.0,0.0,0.0,0.0,0.0,0.0,0.0,0.0,0.0,0.0,0.0,0.0,0.0,3.0,8.0,0.0,2.159398003039996,0.1111111111111111,0.0,13.999196762061642,0.0,0.0,0.0,0.0,0.0,0.0,0.0,0.0,0.0,0.0,0.0,0.0,2.56,7.0,0.0,0.0,1.0,0.0,0.0,0.0,1.0,0.0,0.0,0.0,0.0,20.31,4.807354922057604,1.9625980327653652,5.878914696652299,2.5202007509232374,3.358713945729062,3.456,60.0
CCCCCCCCN1CCCCCC1=O,15.217801,0.0,0.0,-0.1210640979325153,0.0556143125418637,-0.0236606127473177,-0.0074584635246912,17.134449336817426,11.811683081017716,16.005956453150088,-0.3810229367507613,0.3319179280221188,4.909522489064381,9.250843299360016,0.0,0.0,1.0,0.0,0.0,3.0,10.0,0.0,0.4375,2.0,0.0,0.9285714285714286,9.074074074074074,6.37,0.0,0.0,0.0,0.0,1.0,0.0,12.0,0.0,0.0,0.0,0.0,0.0,1.0,0.0,0.0,0.0,0.0,0.0,0.0,0.0,0.0,0.0,0.0,0.0,1.0,0.0,0.0,0.0,0.0,1.0,0.0,0.0,0.0,0.0,0.0,0.0,0.0,0.0,0.0,0.0,0.0,0.0,0.0,0.0,0.0,0.0,0.0,0.0,0.0,0.0,0.0,0.0,0.0,0.0,0.0,0.0,0.0,0.0,0.0,0.0,0.0,0.0,0.0,0.0,0.0,0.0,0.0,0.0,0.0,0.0,0.0,0.0,0.0,3.0,8.0,0.0,2.243329382753384,0.1111111111111111,0.0,18.52583199429154,0.0,0.0,0.0,0.0,0.0,0.0,0.0,0.0,0.0,0.0,0.0,0.0,2.78,7.0,0.0,0.0,1.0,0.0,0.0,0.0,0.0,0.0,1.0,0.0,0.0,20.31,5.0,1.9759413906193437,5.957870260054072,2.5463864376212206,3.411483822432852,4.171999999999999,68.0
CCCCCCCCOC(=O)c1ccc(O)cc1,20.89861225000001,0.0,6.0,-0.2023526941790155,0.0776419413249504,-0.0071447909608467,-0.007989732912759,20.32340710662284,11.694352242525913,16.010061382912873,-0.3990748137016812,0.4153913979239469,4.667857577405588,8.631914130824239,0.0,0.0,1.0,5.0,1.0,2.0,6.0,0.0,0.3333333333333333,3.0,1.0,0.5333333333333333,9.868480725623582,7.258979206049149,0.0,0.0,0.0,0.0,1.0,0.0,7.0,0.0,0.0,4.0,0.0,0.0,1.0,2.0,0.0,0.0,0.0,0.0,0.0,0.0,0.0,0.0,0.0,0.0,0.0,0.0,0.0,0.0,1.0,1.0,1.0,0.0,0.0,0.0,0.0,0.0,0.0,0.0,0.0,0.0,0.0,0.0,0.0,0.0,0.0,0.0,0.0,0.0,0.0,0.0,0.0,0.0,0.0,0.0,0.0,0.0,0.0,0.0,0.0,0.0,0.0,0.0,0.0,0.0,0.0,0.0,0.0,0.0,0.0,0.0,0.0,0.0,0.0,10.0,,0.0,2.0856872888384808,0.2847033872200804,0.0,13.840082113021744,1.3103706971044482,0.0,0.0,0.1666666666666666,0.5773502691896258,0.0,0.0,0.0,0.0,0.0,0.0,0.0,2.78,9.0,1.0,1.0,1.0,1.0,0.0,0.0,0.0,1.0,0.0,0.0,0.0,46.53,5.169925001442312,1.9657548094117685,8.057039230762806,8.057039230762806,0.0,5.177999999999999,78.0
CCCCCCCC[C@@H](N)C(=O)N(C)[C@@H](C)C(=O)N[C@@H](C)C(=O)N1CCC[C@H]1C(=O)N[C@H](C(=O)O)C(C)C,6.917426009999991,1.0,0.0,-0.5111312498254725,-0.0975526842842083,0.5436312944213697,-0.7593173847507235,44.44671571962808,11.804642893799164,16.012624427556457,-0.38079751483286,0.4035736503308737,4.386819864144347,10.41871306416381,1.0,0.0,5.0,0.0,0.0,6.0,14.0,0.0,0.131578947368421,11.0,4.0,0.8148148148148148,18.43598615916955,11.800208116545264,0.0,0.0,0.0,0.0,6.0,0.0,10.0,0.0,0.0,0.0,6.0,0.0,5.0,0.0,0.0,0.0,1.0,0.0,0.0,2.0,0.0,0.0,0.0,0.0,2.0,0.0,0.0,0.0,1.0,5.0,0.0,0.0,0.0,0.0,0.0,0.0,0.0,0.0,0.0,0.0,0.0,0.0,0.0,0.0,0.0,0.0,0.0,0.0,0.0,0.0,0.0,0.0,0.0,0.0,0.0,0.0,0.0,0.0,0.0,0.0,0.0,0.0,0.0,0.0,0.0,0.0,0.0,0.0,0.0,0.0,0.0,0.0,0.0,3.0,10.0,1.611845610549608,6.831167924606149,10.92751864738229,0.0,9.006102280618517,12.277902605007016,0.0,0.0,2.0946573319561086,0.0,0.0,0.0,0.2357022603955158,0.3849001794597506,0.1666666666666666,1.0131142475354569,0.1666666666666666,3.22,20.0,3.0,0.0,1.0,0.0,0.0,0.0,1.0,0.0,0.0,0.0,0.0,162.14,6.247927513443585,1.9363758024491573,29.90202771410607,14.88294162011701,15.019086093988992,0.7619999999999996,178.0
CCCCCCCC[C@H](N)C(=O)N(C)[C@@H](C)C(=O)N[C@@H](C)C(=O)N1CCC[C@H]1C(=O)N[C@H](C(=O)O)C(C)C,6.917426009999991,1.0,0.0,-0.5111312498254725,-0.0975526842842083,0.5436312944213697,-0.7593173847507235,44.44671571962808,11.804642893799164,16.012624427556457,-0.38079751483286,0.4035736503308737,4.386819864144347,10.41871306416381,1.0,0.0,5.0,0.0,0.0,6.0,14.0,0.0,0.131578947368421,11.0,4.0,0.8148148148148148,18.43598615916955,11.800208116545264,0.0,0.0,0.0,0.0,6.0,0.0,10.0,0.0,0.0,0.0,6.0,0.0,5.0,0.0,0.0,0.0,1.0,0.0,0.0,2.0,0.0,0.0,0.0,0.0,2.0,0.0,0.0,0.0,1.0,5.0,0.0,0.0,0.0,0.0,0.0,0.0,0.0,0.0,0.0,0.0,0.0,0.0,0.0,0.0,0.0,0.0,0.0,0.0,0.0,0.0,0.0,0.0,0.0,0.0,0.0,0.0,0.0,0.0,0.0,0.0,0.0,0.0,0.0,0.0,0.0,0.0,0.0,0.0,0.0,0.0,0.0,0.0,0.0,3.0,10.0,1.611845610549608,6.831167924606149,10.92751864738229,0.0,9.006102280618517,12.277902605007016,0.0,0.0,2.0946573319561086,0.0,0.0,0.0,0.2357022603955158,0.3849001794597506,0.1666666666666666,1.0131142475354569,0.1666666666666666,3.22,20.0,3.0,0.0,1.0,0.0,0.0,0.0,1.0,0.0,0.0,0.0,0.0,162.14,6.247927513443585,1.9363758024491573,29.90202771410607,14.88294162011701,15.019086093988992,0.7619999999999996,178.0
CCCCCCN1CCCC1=O,4.310606440000002,0.0,0.0,-0.1186598880649396,0.0628950849970649,-0.0383428613516924,-0.0025936239966597,13.134449336817426,11.818196010142556,16.005955276402002,-0.3803150788920446,0.3329983189995344,4.537474850566073,8.50443237696773,0.0,0.0,1.0,0.0,0.0,3.0,6.0,0.0,0.4166666666666667,2.0,0.0,0.9,5.612244897959184,3.515625,0.0,0.0,0.0,0.0,1.0,0.0,8.0,0.0,0.0,0.0,0.0,0.0,1.0,0.0,0.0,0.0,0.0,0.0,0.0,0.0,0.0,0.0,0.0,0.0,1.0,0.0,0.0,0.0,0.0,1.0,0.0,0.0,0.0,0.0,0.0,0.0,0.0,0.0,0.0,0.0,0.0,0.0,0.0,0.0,0.0,0.0,0.0,0.0,0.0,0.0,0.0,0.0,0.0,0.0,0.0,0.0,0.0,0.0,0.0,0.0,0.0,0.0,0.0,0.0,0.0,0.0,0.0,0.0,0.0,0.0,0.0,0.0,0.0,3.0,6.0,0.0,2.050135564073424,0.1428571428571428,0.0,10.082465472450718,0.0,0.0,0.0,0.0,0.0,0.0,0.0,0.0,0.0,0.0,0.0,0.0,2.34,5.0,0.0,0.0,1.0,0.0,0.0,0.0,1.0,0.0,0.0,0.0,0.0,20.31,4.584962500721156,1.9563201874323184,5.872096188674923,2.518987234627222,3.3531089540477,2.318,52.0
CCCCCCOC(=O)c1cccnc1,7.705620810000005,0.0,6.0,-0.2187653494213864,0.0890000582743508,-0.1383671164755819,0.1649486481997795,16.90891837235837,11.727014363741503,16.009875685824543,-0.3949698047876324,0.4196690624053613,4.6037588439103,8.397140162584172,0.0,0.0,3.0,2.0,1.0,2.0,4.0,0.0,0.4,3.0,0.0,0.5,8.186851211072664,5.584487534626039,0.0,0.0,0.0,0.0,1.0,0.0,5.0,0.0,0.0,4.0,0.0,0.0,1.0,1.0,0.0,0.0,0.0,0.0,0.0,0.0,0.0,0.0,0.0,1.0,0.0,0.0,0.0,0.0,0.0,1.0,1.0,0.0,0.0,0.0,0.0,0.0,0.0,0.0,0.0,0.0,0.0,0.0,0.0,0.0,0.0,0.0,0.0,0.0,0.0,0.0,0.0,0.0,0.0,0.0,0.0,0.0,0.0,0.0,0.0,0.0,0.0,0.0,0.0,0.0,0.0,0.0,0.0,0.0,0.0,0.0,0.0,0.0,0.0,9.0,6.0,0.0,1.924629200106784,0.2672612419124244,0.0,9.918727279570176,1.0,0.0,0.0,0.0,0.4999999999999999,0.0,0.0,0.0,0.0,0.0,0.0,0.0,2.45,7.0,0.0,1.0,1.0,1.0,0.0,0.0,0.0,1.0,0.0,0.0,0.0,39.19,4.906890595608519,1.9683940406522156,8.52975929738575,5.52965444945457,3.0001048479311767,3.194,64.0
CCCCCC[C@@H](N)C(=O)N(C)[C@@H](C)C(=O)N[C@@H](C)C(=O)N1CCC[C@H]1C(=O)N[C@H](C(=O)O)C(C)C,2.9504932899999945,1.0,0.0,-0.5111312498254725,-0.0975526842842083,0.5436312944213697,-0.7593173847507235,42.44671571962808,11.804643312143044,16.01262112126391,-0.3807973145269418,0.4035010573483885,4.386818573597262,10.41863419462688,1.0,0.0,5.0,0.0,0.0,6.0,12.0,0.0,0.1388888888888889,11.0,4.0,0.8,16.85131195335277,10.596666666666666,0.0,0.0,0.0,0.0,6.0,0.0,8.0,0.0,0.0,0.0,6.0,0.0,5.0,0.0,0.0,0.0,1.0,0.0,0.0,2.0,0.0,0.0,0.0,0.0,2.0,0.0,0.0,0.0,1.0,5.0,0.0,0.0,0.0,0.0,0.0,0.0,0.0,0.0,0.0,0.0,0.0,0.0,0.0,0.0,0.0,0.0,0.0,0.0,0.0,0.0,0.0,0.0,0.0,0.0,0.0,0.0,0.0,0.0,0.0,0.0,0.0,0.0,0.0,0.0,0.0,0.0,0.0,0.0,0.0,0.0,0.0,0.0,0.0,3.0,8.0,1.6907306308201049,6.00318393649724,11.224151021872943,0.0,5.747723320510771,12.277902605007016,0.0,0.0,2.0946573319561086,0.0,0.0,0.0,0.2357022603955158,0.3849001794597506,0.1666666666666666,1.0131142475354569,0.1666666666666666,3.0,18.0,3.0,0.0,1.0,0.0,0.0,0.0,1.0,0.0,0.0,0.0,0.0,162.14,6.169925001442312,1.9328540837104644,29.89701834266866,14.881820665547652,15.015197677120964,-0.3759999999999999,170.0
CCCCCC[C@H](N)C(=O)N(C)[C@@H](C)C(=O)N[C@@H](C)C(=O)N1CCC[C@H]1C(=O)N[C@H](C(=O)O)C(C)C,2.9504932899999945,1.0,0.0,-0.5111312498254725,-0.0975526842842083,0.5436312944213697,-0.7593173847507235,42.44671571962808,11.804643312143044,16.01262112126391,-0.3807973145269418,0.4035010573483885,4.386818573597262,10.41863419462688,1.0,0.0,5.0,0.0,0.0,6.0,12.0,0.0,0.1388888888888889,11.0,4.0,0.8,16.85131195335277,10.596666666666666,0.0,0.0,0.0,0.0,6.0,0.0,8.0,0.0,0.0,0.0,6.0,0.0,5.0,0.0,0.0,0.0,1.0,0.0,0.0,2.0,0.0,0.0,0.0,0.0,2.0,0.0,0.0,0.0,1.0,5.0,0.0,0.0,0.0,0.0,0.0,0.0,0.0,0.0,0.0,0.0,0.0,0.0,0.0,0.0,0.0,0.0,0.0,0.0,0.0,0.0,0.0,0.0,0.0,0.0,0.0,0.0,0.0,0.0,0.0,0.0,0.0,0.0,0.0,0.0,0.0,0.0,0.0,0.0,0.0,0.0,0.0,0.0,0.0,3.0,8.0,1.6907306308201049,6.00318393649724,11.224151021872943,0.0,5.747723320510771,12.277902605007016,0.0,0.0,2.0946573319561086,0.0,0.0,0.0,0.2357022603955158,0.3849001794597506,0.1666666666666666,1.0131142475354569,0.1666666666666666,3.0,18.0,3.0,0.0,1.0,0.0,0.0,0.0,1.0,0.0,0.0,0.0,0.0,162.14,6.169925001442312,1.9328540837104644,29.89701834266866,14.881820665547652,15.015197677120964,-0.3759999999999999,170.0
CCCCCOC(C)=O,3.2616359999999998,0.0,0.0,-0.1653581178775781,0.0505840235029147,-0.0157026405499717,-0.0045267490186221,10.548938071081892,11.82421278311596,16.009873408201276,-0.3820017069431171,0.3768636190532108,3.678534767059952,6.912593451751455,0.0,0.0,1.0,0.0,0.0,3.0,3.0,0.0,0.0,2.0,0.0,0.8571428571428571,6.125,8.0,0.0,0.0,0.0,0.0,2.0,0.0,4.0,0.0,0.0,0.0,0.0,0.0,1.0,0.0,0.0,0.0,0.0,0.0,0.0,0.0,0.0,0.0,0.0,0.0,0.0,0.0,0.0,0.0,0.0,1.0,1.0,0.0,0.0,0.0,0.0,0.0,0.0,0.0,0.0,0.0,0.0,0.0,0.0,0.0,0.0,0.0,0.0,0.0,0.0,0.0,0.0,0.0,0.0,0.0,0.0,0.0,0.0,0.0,0.0,0.0,0.0,0.0,0.0,0.0,0.0,0.0,0.0,0.0,0.0,0.0,0.0,0.0,0.0,3.0,5.0,0.1428571428571428,2.5764740294461417,0.8164965809277259,0.0,3.965406456500188,0.0,0.0,0.0,0.0,0.4999999999999999,0.0,0.0,0.0,0.0,0.0,0.0,0.0,2.01,5.0,0.0,0.0,0.0,0.0,0.0,0.0,0.0,0.0,0.0,0.0,0.0,26.3,4.0,1.8515284568125985,5.239120383784992,5.239120383784992,0.0,2.16,32.0
CCCCO,0.9422584900000004,0.0,0.0,-0.03363074062737,-0.0074454865045421,-0.000602977955496,-2.0980879328809103e-05,5.774469035540946,11.833719893758053,15.99794529263557,-0.4231420059319439,0.1534735624258829,3.7877013532897537,6.060689764695838,0.0,0.0,0.0,0.0,0.0,2.0,2.0,0.0,0.0,1.0,1.0,1.0,4.0,4.0,0.0,0.0,0.0,0.0,1.0,0.0,3.0,0.0,0.0,0.0,0.0,0.0,0.0,0.0,0.0,0.0,0.0,0.0,0.0,0.0,0.0,0.0,0.0,0.0,0.0,0.0,0.0,0.0,1.0,0.0,0.0,0.0,0.0,0.0,0.0,0.0,0.0,0.0,0.0,0.0,0.0,0.0,0.0,0.0,0.0,0.0,0.0,0.0,0.0,0.0,0.0,0.0,0.0,0.0,0.0,0.0,0.0,0.0,0.0,0.0,0.0,0.0,0.0,0.0,0.0,0.0,0.0,0.0,0.0,0.0,0.0,0.0,0.0,0.0,4.0,0.0,1.6509636244473134,0.0,0.0,2.381101577952299,0.0,0.0,0.0,0.0,0.0,0.0,0.0,0.0,0.0,0.0,0.0,0.0,1.7899999999999998,2.0,0.0,0.0,0.0,0.0,0.0,0.0,0.0,0.0,0.0,0.0,0.0,20.23,3.0,1.769974746830583,2.362436867076458,2.362436867076458,0.0,0.851,14.0
CCCCOC(=O)c1ccc(N)cc1,5.141556249999998,0.0,6.0,-0.190134722322894,0.0813663276274772,-0.0163826279590016,-0.0055585357031717,15.908918372358372,11.694002055288324,16.009875072698968,-0.3771565322913101,0.4148637636280913,4.650292876398875,8.675695579818068,0.0,0.0,1.0,5.0,1.0,2.0,2.0,0.0,0.4285714285714285,3.0,1.0,0.3636363636363636,6.477508650519031,4.38781163434903,0.0,0.0,0.0,0.0,1.0,0.0,3.0,0.0,0.0,4.0,0.0,0.0,1.0,2.0,0.0,0.0,1.0,0.0,0.0,0.0,0.0,0.0,0.0,0.0,0.0,0.0,0.0,0.0,0.0,1.0,1.0,0.0,0.0,0.0,0.0,0.0,0.0,0.0,0.0,0.0,0.0,0.0,0.0,0.0,0.0,0.0,0.0,0.0,0.0,0.0,0.0,0.0,0.0,0.0,0.0,0.0,0.0,0.0,0.0,0.0,0.0,0.0,0.0,0.0,0.0,0.0,0.0,0.0,0.0,0.0,0.0,0.0,0.0,10.0,,0.0,1.715739233222757,0.464158883361278,0.0,6.525200882609978,1.3103706971044482,0.0,0.0,0.0,0.4999999999999999,0.0,0.0,0.0,0.0,0.0,0.0,0.0,2.34,5.0,0.0,1.0,1.0,1.0,0.0,0.0,0.0,1.0,0.0,0.0,0.0,52.32,4.807354922057604,1.9559793837711967,8.014176247562999,5.498265327550904,2.515910920012095,2.4910000000000005,62.0
CCCCOC(=O)c1ccc(O)cc1,7.544360889999998,0.0,6.0,-0.2023526903901561,0.0776419835237341,-0.0071446330849438,-0.0079903377801156,16.323407106622838,11.69435232957986,16.01005879554515,-0.3990698968756997,0.4153176141348072,4.630819723314615,8.59543336229295,0.0,0.0,1.0,5.0,1.0,2.0,2.0,0.0,0.4285714285714285,3.0,1.0,0.3636363636363636,6.477508650519031,4.38781163434903,0.0,0.0,0.0,0.0,1.0,0.0,3.0,0.0,0.0,4.0,0.0,0.0,1.0,2.0,0.0,0.0,0.0,0.0,0.0,0.0,0.0,0.0,0.0,0.0,0.0,0.0,0.0,0.0,1.0,1.0,1.0,0.0,0.0,0.0,0.0,0.0,0.0,0.0,0.0,0.0,0.0,0.0,0.0,0.0,0.0,0.0,0.0,0.0,0.0,0.0,0.0,0.0,0.0,0.0,0.0,0.0,0.0,0.0,0.0,0.0,0.0,0.0,0.0,0.0,0.0,0.0,0.0,0.0,0.0,0.0,0.0,0.0,0.0,10.0,,0.0,1.715739233222757,0.464158883361278,0.0,6.525200882609978,1.3103706971044482,0.0,0.0,0.1666666666666666,0.5773502691896258,0.0,0.0,0.0,0.0,0.0,0.0,0.0,2.34,5.0,0.0,1.0,1.0,1.0,0.0,0.0,0.0,1.0,0.0,0.0,0.0,46.53,4.807354922057604,1.9559793837711967,8.014176247562999,8.014176247562999,0.0,2.9020000000000006,62.0
CCCCOC(=O)c1ccccc1C(=O)OCCCC,17.62488324,0.0,6.0,-0.3638182033534368,0.1938185900703498,-0.0325254738798383,-0.3245664212322069,23.097876142163784,11.688625466175598,16.011999126568565,-0.377819742122374,0.4365841072086979,4.897004620892976,9.77636901223293,0.0,0.0,2.0,4.0,2.0,4.0,4.0,0.0,0.3,4.0,0.0,0.5,10.6875,6.549346016646849,0.0,0.0,0.0,0.0,2.0,0.0,6.0,0.0,0.0,4.0,0.0,0.0,2.0,2.0,0.0,0.0,0.0,0.0,0.0,0.0,0.0,0.0,0.0,0.0,0.0,0.0,0.0,0.0,0.0,2.0,2.0,0.0,0.0,0.0,0.0,0.0,0.0,0.0,0.0,0.0,0.0,0.0,0.0,0.0,0.0,0.0,0.0,0.0,0.0,0.0,0.0,0.0,0.0,0.0,0.0,0.0,0.0,0.0,0.0,0.0,0.0,0.0,0.0,0.0,0.0,0.0,0.0,0.0,0.0,0.0,0.0,0.0,0.0,12.0,,0.0769230769230769,3.5530835926244406,1.2495759747681023,0.0,10.3424241107555,3.965406456500188,0.0,0.0,0.1999999999999999,1.2649110640673518,0.1999999999999999,0.0,0.0,0.0,0.0,0.0,0.0,2.78,10.0,0.0,1.0,1.0,1.0,0.0,0.0,0.0,1.0,0.0,0.0,0.0,52.60000000000001,5.321928094887363,1.9623570180750345,11.039851734798017,11.039851734798017,0.0,4.594000000000001,88.0
CCCCOC(=O)c1cccnc1,3.4726322500000006,0.0,6.0,-0.2187653456325269,0.0890001004731472,-0.1383669585982798,0.1649480433994453,14.908918372358372,11.727014695624977,16.00987457716308,-0.3949688592549603,0.4196341185018079,4.574117742127634,8.367830374266259,0.0,0.0,3.0,2.0,1.0,2.0,2.0,0.0,0.4615384615384615,3.0,0.0,0.4,6.453333333333333,4.1522491349480966,0.0,0.0,0.0,0.0,1.0,0.0,3.0,0.0,0.0,4.0,0.0,0.0,1.0,1.0,0.0,0.0,0.0,0.0,0.0,0.0,0.0,0.0,0.0,1.0,0.0,0.0,0.0,0.0,0.0,1.0,1.0,0.0,0.0,0.0,0.0,0.0,0.0,0.0,0.0,0.0,0.0,0.0,0.0,0.0,0.0,0.0,0.0,0.0,0.0,0.0,0.0,0.0,0.0,0.0,0.0,0.0,0.0,0.0,0.0,0.0,0.0,0.0,0.0,0.0,0.0,0.0,0.0,0.0,0.0,0.0,0.0,0.0,0.0,9.0,5.0,0.0,1.6871114739154744,0.3651483716701106,0.0,6.50517800828668,1.0,0.0,0.0,0.0,0.4999999999999999,0.0,0.0,0.0,0.0,0.0,0.0,0.0,2.23,5.0,0.0,1.0,1.0,1.0,0.0,0.0,0.0,1.0,0.0,0.0,0.0,39.19,4.700439718141093,1.963541489329384,8.494875042763251,5.495723623278729,2.999151419484518,2.056,56.0
CCCCOC(C)O,1.00020001,0.0,0.0,-0.1632982297722247,0.0546109497239631,-0.0095036327073698,-0.0032087412076231,9.548938071081892,11.833774016138872,16.002837295420946,-0.4122555988323455,0.2397195821962355,4.1423462372992095,6.5881433862066014,0.0,0.0,0.0,0.0,0.0,4.0,2.0,0.0,0.0,2.0,1.0,1.0,5.142857142857143,7.2,0.0,0.0,0.0,0.0,2.0,0.0,3.0,0.0,0.0,0.0,1.0,0.0,0.0,0.0,0.0,0.0,0.0,0.0,0.0,0.0,0.0,0.0,0.0,0.0,0.0,0.0,0.0,0.0,1.0,0.0,1.0,0.0,0.0,0.0,0.0,0.0,0.0,0.0,0.0,0.0,0.0,0.0,0.0,0.0,0.0,0.0,0.0,0.0,0.0,0.0,0.0,0.0,0.0,0.0,0.0,0.0,0.0,0.0,0.0,0.0,0.0,0.0,0.0,0.0,0.0,0.0,0.0,0.0,0.0,0.0,0.0,0.0,0.0,0.0,4.0,0.1666666666666666,2.249576847278282,0.894427190999916,0.0,2.381101577952299,0.0,0.0,0.0,0.0,0.4999999999999999,0.0,0.0,0.0,0.0,0.0,0.0,0.0,1.9,4.0,0.0,0.0,0.0,0.0,0.0,0.0,0.0,0.0,0.0,0.0,0.0,29.46,3.807354922057604,1.8332448957539136,5.216499833001097,5.216499833001097,0.0,1.258,28.0
CCCCOCC(C)O,1.4818192899999985,0.0,0.0,-0.1080299687304585,-0.0904289795801563,0.0946077549934327,-0.0195863853385136,10.548938071081892,11.833768937727456,16.00045063327093,-0.424941477149681,0.2217371111039347,4.359442648832052,6.646816634624595,0.0,0.0,0.0,0.0,0.0,4.0,3.0,0.0,0.0,2.0,1.0,1.0,6.125,8.0,0.0,0.0,0.0,0.0,2.0,0.0,4.0,0.0,0.0,0.0,1.0,0.0,0.0,0.0,0.0,0.0,0.0,0.0,0.0,0.0,0.0,0.0,0.0,0.0,0.0,0.0,0.0,0.0,1.0,0.0,1.0,0.0,0.0,0.0,0.0,0.0,0.0,0.0,0.0,0.0,0.0,0.0,0.0,0.0,0.0,0.0,0.0,0.0,0.0,0.0,0.0,0.0,0.0,0.0,0.0,0.0,0.0,0.0,0.0,0.0,0.0,0.0,0.0,0.0,0.0,0.0,0.0,0.0,0.0,0.0,0.0,0.0,0.0,0.0,4.0,0.1428571428571428,2.6358665872816966,0.8164965809277259,0.0,3.1473451902649443,0.0,0.0,0.0,0.0,0.3333333333333333,0.0,0.0,0.0,0.0,0.0,0.0,0.0,2.01,5.0,0.0,0.0,0.0,0.0,0.0,0.0,0.0,0.0,0.0,0.0,0.0,29.46,4.0,1.8515284568125985,5.280988151981704,5.280988151981704,0.0,1.121,32.0
CCCCOCCO,0.7052640399999992,0.0,0.0,-0.1163159018081046,-0.0998470203697644,0.1119260587281075,-0.0236031066002585,9.548938071081892,11.833775096248123,16.000448778519534,-0.4255035660732814,0.1919608856538402,3.728154352971981,6.554981401780848,0.0,0.0,0.0,0.0,0.0,4.0,2.0,0.0,0.0,2.0,1.0,1.0,7.0,7.2,0.0,0.0,0.0,0.0,1.0,0.0,5.0,0.0,0.0,0.0,0.0,0.0,0.0,0.0,0.0,0.0,0.0,0.0,0.0,0.0,0.0,0.0,0.0,0.0,0.0,0.0,0.0,0.0,1.0,0.0,1.0,0.0,0.0,0.0,0.0,0.0,0.0,0.0,0.0,0.0,0.0,0.0,0.0,0.0,0.0,0.0,0.0,0.0,0.0,0.0,0.0,0.0,0.0,0.0,0.0,0.0,0.0,0.0,0.0,0.0,0.0,0.0,0.0,0.0,0.0,0.0,0.0,0.0,0.0,0.0,0.0,0.0,0.0,0.0,4.0,0.0,1.7697645979915575,0.0,0.0,4.508797713853318,0.0,0.0,0.0,0.0,0.3333333333333333,0.0,0.0,0.0,0.0,0.0,0.0,0.0,1.9,5.0,0.0,0.0,0.0,0.0,0.0,0.0,0.0,0.0,0.0,0.0,0.0,29.46,3.807354922057604,1.853888493865254,5.297906518405971,5.297906518405971,0.0,0.661,26.0
CCCCOCCOCCO,0.5025392100000008,0.0,0.0,-0.2074384847196735,-0.1907272985555311,0.2963129044061512,-0.1066200610265539,13.323407106622838,11.83377510528185,16.001743252592956,-0.4257267361822058,0.2019793998157961,3.720708163171776,6.627126125975474,0.0,0.0,0.0,0.0,0.0,6.0,2.0,0.0,0.0,3.0,1.0,1.0,10.0,10.0,0.0,0.0,0.0,0.0,1.0,0.0,7.0,0.0,0.0,0.0,0.0,0.0,0.0,0.0,0.0,0.0,0.0,0.0,0.0,0.0,0.0,0.0,0.0,0.0,0.0,0.0,0.0,0.0,1.0,0.0,2.0,0.0,0.0,0.0,0.0,0.0,0.0,0.0,0.0,0.0,0.0,0.0,0.0,0.0,0.0,0.0,0.0,0.0,0.0,0.0,0.0,0.0,0.0,0.0,0.0,0.0,0.0,0.0,0.0,0.0,0.0,0.0,0.0,0.0,0.0,0.0,0.0,0.0,0.0,0.0,0.0,0.0,0.0,0.0,4.0,0.0,1.8096018842658252,0.0,0.0,6.889031538745116,0.0,0.0,0.0,0.0,0.4714045207910317,0.3333333333333333,0.0,0.0,0.0,0.0,0.0,0.0,2.01,8.0,0.0,0.0,0.0,0.0,0.0,0.0,0.0,0.0,0.0,0.0,0.0,38.69,4.321928094887363,1.8935238389107427,8.28984022482216,8.28984022482216,0.0,0.4710000000000001,38.0
CCCCOCCOCCOC(C)=O,1.1837440000000026,0.0,0.0,-0.344649946571708,-0.1257087989285479,0.3372704266804258,-0.2472852058712278,17.097876142163784,11.833775101589524,16.0103869973895,-0.4247119521894602,0.3771642244294045,3.64176859382947,6.636893222590136,0.0,0.0,1.0,0.0,0.0,7.0,2.0,0.0,0.0,4.0,0.0,0.9,11.076923076923077,13.090909090909092,0.0,0.0,0.0,0.0,2.0,0.0,7.0,0.0,0.0,0.0,0.0,0.0,1.0,0.0,0.0,0.0,0.0,0.0,0.0,0.0,0.0,0.0,0.0,0.0,0.0,0.0,0.0,0.0,0.0,1.0,3.0,0.0,0.0,0.0,0.0,0.0,0.0,0.0,0.0,0.0,0.0,0.0,0.0,0.0,0.0,0.0,0.0,0.0,0.0,0.0,0.0,0.0,0.0,0.0,0.0,0.0,0.0,0.0,0.0,0.0,0.0,0.0,0.0,0.0,0.0,0.0,0.0,0.0,0.0,0.0,0.0,0.0,0.0,3.0,4.0,0.0833333333333333,2.7884691270228217,0.6030226891555274,0.0,6.889031538745116,0.0,0.0,0.0,0.0,0.6962383250419169,0.7937005259840998,0.0,0.0,0.0,0.0,0.0,0.0,2.12,10.0,0.0,0.0,0.0,0.0,0.0,0.0,0.0,0.0,0.0,0.0,0.0,44.760000000000005,4.700439718141093,1.9044015644325287,11.20292211004397,11.20292211004397,0.0,1.2110000000000003,52.0
CCCCOP(=O)(O)OCCCC,3.6008857600000006,1.0,0.0,-0.4903725094270909,0.4053310678464993,-0.1545354096235558,-0.0131782358759769,21.74828994244884,11.833781273864242,30.97884858813696,-0.3652874639315803,0.5481604543719829,2.9071713309006517,6.369935560867221,0.0,0.0,0.0,0.0,0.0,4.0,4.0,0.25,0.0,4.0,1.0,1.0,7.408163265306122,8.333333333333334,0.0,0.0,0.0,0.0,2.0,0.0,6.0,0.0,0.0,0.0,0.0,0.0,0.0,0.0,0.0,0.0,0.0,0.0,0.0,0.0,0.0,0.0,0.0,0.0,0.0,0.0,0.0,0.0,1.0,1.0,2.0,0.0,0.0,0.0,0.0,0.0,0.0,0.0,0.0,0.0,1.0,0.0,0.0,0.0,0.0,0.0,0.0,0.0,0.0,0.0,0.0,0.0,0.0,0.0,0.0,0.0,0.0,0.0,0.0,0.0,0.0,0.0,0.0,0.0,0.0,0.0,0.0,0.0,0.0,0.0,0.0,0.0,0.0,5.0,4.0,0.0999999999999999,3.1556169603414994,0.0,0.0,4.721767570622412,0.0,0.0,0.0,0.4999999999999999,2.0,0.4999999999999999,0.0,0.0,0.0,0.0,0.0,0.0,1.7899999999999998,8.0,0.0,0.0,0.0,0.0,0.0,0.0,0.0,0.0,0.0,0.0,0.0,65.57000000000001,4.584962500721156,1.8777048141814825,14.108487774031367,10.720162559306589,0.0,1.491,52.0
CCCC[C@@H](C)[C@@H](OC(=O)C[C@@H](CC(=O)O)C(=O)O)[C@H](C[C@@H](C)C[C@H](O)CCCC[C@@H](O)C[C@H](O)[C@H](C)N)OC(=O)C[C@@H](CC(=O)O)C(=O)O,5.444755559999998,4.0,0.0,-0.6847774387873476,0.217532194351542,0.1760668894037446,-1.260835660790388,61.97701583439067,11.788483169788812,16.022303807814033,-0.421818309778715,0.4121819997510993,3.924236964734228,11.266703155225647,1.0,0.0,6.0,0.0,0.0,4.0,20.0,0.0,0.0,16.0,8.0,0.8235294117647058,27.5625,24.12296725328581,0.0,0.0,0.0,0.0,4.0,0.0,14.0,0.0,0.0,0.0,10.0,0.0,6.0,0.0,0.0,0.0,1.0,0.0,0.0,0.0,0.0,0.0,0.0,0.0,0.0,0.0,0.0,0.0,7.0,6.0,2.0,0.0,0.0,0.0,0.0,0.0,0.0,0.0,0.0,0.0,0.0,0.0,0.0,0.0,0.0,0.0,0.0,0.0,0.0,0.0,0.0,0.0,0.0,0.0,0.0,0.0,0.0,0.0,0.0,0.0,0.0,0.0,0.0,0.0,0.0,0.0,0.0,0.0,0.0,0.0,0.0,0.0,0.0,3.0,20.0,0.6015173401495981,7.785356385786963,8.438916442950388,0.0,14.258455391021506,18.253632001635083,0.0,0.0,7.883612186753238,3.927700489199355,0.3333333333333333,0.0,0.0,0.0,0.0,0.0,0.0,3.4400000000000004,31.0,4.0,0.0,0.0,0.0,0.0,0.0,0.0,0.0,0.0,0.0,0.0,288.51,6.614709844115208,1.9229956417520568,40.26307966430274,37.89352398608617,2.369555678216596,1.7310000000000014,226.0
CCCCc1ccc(O)cc1,11.678622759999993,0.0,6.0,-0.0182656438134138,-0.0116285865488422,-0.0007783686893819,0.0079177732468064,11.774469035540946,11.69373949316244,15.997956543256294,-0.4002664251547424,0.2996946627156389,4.736187868869958,8.713157218312825,0.0,0.0,0.0,5.0,1.0,1.0,3.0,0.0,0.5454545454545454,1.0,1.0,0.4,4.792899408284024,3.26530612244898,0.0,0.0,0.0,0.0,1.0,0.0,3.0,0.0,0.0,4.0,0.0,0.0,0.0,2.0,0.0,0.0,0.0,0.0,0.0,0.0,0.0,0.0,0.0,0.0,0.0,0.0,0.0,0.0,1.0,0.0,0.0,0.0,0.0,0.0,0.0,0.0,0.0,0.0,0.0,0.0,0.0,0.0,0.0,0.0,0.0,0.0,0.0,0.0,0.0,0.0,0.0,0.0,0.0,0.0,0.0,0.0,0.0,0.0,0.0,0.0,0.0,0.0,0.0,0.0,0.0,0.0,0.0,0.0,0.0,0.0,0.0,0.0,0.0,7.0,,0.0,2.0506848901692853,0.3779644730092272,0.0,8.569953437778901,0.3333333333333333,0.0,0.0,0.0,0.0,0.0,0.0,0.0,0.0,0.0,0.0,0.0,2.45,3.0,0.0,1.0,1.0,1.0,0.0,0.0,0.0,1.0,0.0,0.0,0.0,20.23,4.459431618637298,1.9601971225007888,2.5152985973997937,2.5152985973997937,0.0,3.6550000000000007,48.0
CCCOC(=O)c1ccc(N)cc1,3.2808076900000023,0.0,6.0,-0.1901317256389912,0.0813768131178135,-0.016423823772573,-0.0055038348555057,14.908918372358372,11.694002084880545,16.009874520403553,-0.3771939867436148,0.4148439275081081,4.610777357166855,8.636976082970367,0.0,0.0,1.0,5.0,1.0,2.0,1.0,0.0,0.4615384615384615,3.0,1.0,0.3,5.671875,3.703703703703704,0.0,0.0,0.0,0.0,1.0,0.0,2.0,0.0,0.0,4.0,0.0,0.0,1.0,2.0,0.0,0.0,1.0,0.0,0.0,0.0,0.0,0.0,0.0,0.0,0.0,0.0,0.0,0.0,0.0,1.0,1.0,0.0,0.0,0.0,0.0,0.0,0.0,0.0,0.0,0.0,0.0,0.0,0.0,0.0,0.0,0.0,0.0,0.0,0.0,0.0,0.0,0.0,0.0,0.0,0.0,0.0,0.0,0.0,0.0,0.0,0.0,0.0,0.0,0.0,0.0,0.0,0.0,0.0,0.0,0.0,0.0,0.0,0.0,10.0,,0.0,1.537788070959005,0.552604724796058,0.0,5.03405078222385,1.3103706971044482,0.0,0.0,0.0,0.4999999999999999,0.0,0.0,0.0,0.0,0.0,0.0,0.0,2.23,4.0,0.0,1.0,1.0,1.0,0.0,0.0,0.0,1.0,0.0,0.0,0.0,52.32,4.700439718141093,1.9526034228005664,7.968455732149874,5.453024225983118,2.515431506166756,1.922,58.0
CCCOC(=O)c1ccc(O)cc1,5.246390250000003,0.0,6.0,-0.2023496937062533,0.0776524690140879,-0.0071858288960207,-0.0079356367203197,15.323407106622838,11.694352363066631,16.01005815161849,-0.399069110039943,0.4152970954316049,4.591303336672405,8.556573447575207,0.0,0.0,1.0,5.0,1.0,2.0,1.0,0.0,0.4615384615384615,3.0,1.0,0.3,5.671875,3.703703703703704,0.0,0.0,0.0,0.0,1.0,0.0,2.0,0.0,0.0,4.0,0.0,0.0,1.0,2.0,0.0,0.0,0.0,0.0,0.0,0.0,0.0,0.0,0.0,0.0,0.0,0.0,0.0,0.0,1.0,1.0,1.0,0.0,0.0,0.0,0.0,0.0,0.0,0.0,0.0,0.0,0.0,0.0,0.0,0.0,0.0,0.0,0.0,0.0,0.0,0.0,0.0,0.0,0.0,0.0,0.0,0.0,0.0,0.0,0.0,0.0,0.0,0.0,0.0,0.0,0.0,0.0,0.0,0.0,0.0,0.0,0.0,0.0,0.0,10.0,,0.0,1.537788070959005,0.552604724796058,0.0,5.03405078222385,1.3103706971044482,0.0,0.0,0.1666666666666666,0.5773502691896258,0.0,0.0,0.0,0.0,0.0,0.0,0.0,2.23,4.0,0.0,1.0,1.0,1.0,0.0,0.0,0.0,1.0,0.0,0.0,0.0,46.53,4.700439718141093,1.9526034228005664,7.968455732149874,7.968455732149874,0.0,2.333,58.0
CCCOC(C)O,0.2958272100000011,0.0,0.0,-0.1632953042124205,0.0546207541795212,-0.009546862691161,-0.0031537069621125,8.548938071081892,11.851271999780009,16.002836737611386,-0.4122873257405414,0.2396397626882178,4.102903739933145,6.111934189811237,0.0,0.0,0.0,0.0,0.0,4.0,1.0,0.0,0.0,2.0,1.0,1.0,4.166666666666667,6.0,0.0,0.0,0.0,0.0,2.0,0.0,2.0,0.0,0.0,0.0,1.0,0.0,0.0,0.0,0.0,0.0,0.0,0.0,0.0,0.0,0.0,0.0,0.0,0.0,0.0,0.0,0.0,0.0,1.0,0.0,1.0,0.0,0.0,0.0,0.0,0.0,0.0,0.0,0.0,0.0,0.0,0.0,0.0,0.0,0.0,0.0,0.0,0.0,0.0,0.0,0.0,0.0,0.0,0.0,0.0,0.0,0.0,0.0,0.0,0.0,0.0,0.0,0.0,0.0,0.0,0.0,0.0,0.0,0.0,0.0,0.0,0.0,0.0,0.0,3.0,0.1999999999999999,1.8072040072196895,0.9999999999999998,0.0,1.0,0.0,0.0,0.0,0.0,0.4999999999999999,0.0,0.0,0.0,0.0,0.0,0.0,0.0,1.7899999999999998,3.0,0.0,0.0,0.0,0.0,0.0,0.0,0.0,0.0,0.0,0.0,0.0,29.46,3.584962500721156,1.810052182209592,5.171258731433311,5.171258731433311,0.0,0.6890000000000001,24.0
CCCOCCO,0.1471489599999996,0.0,0.0,-0.1163129896079883,-0.0998374861251522,0.1118808955528984,-0.0235538536226016,8.548938071081892,11.851276526178475,16.0004482775619,-0.425529811760196,0.1916467440142961,3.708388534970853,6.053120104502286,0.0,0.0,0.0,0.0,0.0,4.0,1.0,0.0,0.0,2.0,1.0,1.0,6.0,6.0,0.0,0.0,0.0,0.0,1.0,0.0,4.0,0.0,0.0,0.0,0.0,0.0,0.0,0.0,0.0,0.0,0.0,0.0,0.0,0.0,0.0,0.0,0.0,0.0,0.0,0.0,0.0,0.0,1.0,0.0,1.0,0.0,0.0,0.0,0.0,0.0,0.0,0.0,0.0,0.0,0.0,0.0,0.0,0.0,0.0,0.0,0.0,0.0,0.0,0.0,0.0,0.0,0.0,0.0,0.0,0.0,0.0,0.0,0.0,0.0,0.0,0.0,0.0,0.0,0.0,0.0,0.0,0.0,0.0,0.0,0.0,0.0,0.0,0.0,3.0,0.0,1.5905414575341013,0.0,0.0,2.94168275343288,0.0,0.0,0.0,0.0,0.3333333333333333,0.0,0.0,0.0,0.0,0.0,0.0,0.0,1.7899999999999998,4.0,0.0,0.0,0.0,0.0,0.0,0.0,0.0,0.0,0.0,0.0,0.0,29.46,3.584962500721156,1.8333983967282677,5.254822779142209,5.254822779142209,0.0,0.0919999999999999,22.0
CCCOc1ccc(O)cc1,5.850109690000002,0.0,6.0,-0.0857568877605982,-0.0113624367468026,-0.0058990371290961,-0.0503382113722856,12.548938071081892,11.700151753847598,16.000411321053388,-0.4041786511530849,0.3222727910926087,4.686877295591201,7.940635986226059,0.0,0.0,0.0,6.0,0.0,2.0,1.0,0.0,0.5454545454545454,1.0,1.0,0.3333333333333333,4.792899408284024,3.26530612244898,0.0,0.0,0.0,0.0,1.0,0.0,2.0,0.0,0.0,4.0,0.0,0.0,0.0,2.0,0.0,0.0,0.0,0.0,0.0,0.0,0.0,0.0,0.0,0.0,0.0,0.0,0.0,0.0,1.0,0.0,1.0,0.0,0.0,0.0,0.0,0.0,0.0,0.0,0.0,0.0,0.0,0.0,0.0,0.0,0.0,0.0,0.0,0.0,0.0,0.0,0.0,0.0,0.0,0.0,0.0,0.0,0.0,0.0,0.0,0.0,0.0,0.0,0.0,0.0,0.0,0.0,0.0,0.0,0.0,0.0,0.0,0.0,0.0,8.0,3.0,0.0,1.7203065102465214,0.3779644730092272,0.0,5.688218364190332,0.3333333333333333,0.0,0.0,0.0,0.1999999999999999,0.0,0.0,0.0,0.0,0.0,0.0,0.0,2.23,3.0,0.0,1.0,1.0,1.0,0.0,0.0,0.0,1.0,0.0,0.0,0.0,29.46,4.459431618637298,1.9601971225007888,5.499315341636858,5.499315341636858,0.0,2.312,48.0
CCC[N+](=O)[O-],1.3544304400000005,0.0,0.0,0.0039740537211662,-0.0322081990496466,-0.0084150386291612,-0.0006333879798278,7.908918372358372,11.850770512823338,16.023606154829285,-0.3133477505377959,0.2560215531048611,3.0877196416780417,5.828201136875515,0.0,0.0,0.0,0.0,0.0,2.0,1.0,0.0,0.0,0.0,0.0,1.0,3.2,5.333333333333333,0.0,0.0,0.0,0.0,1.0,0.0,2.0,0.0,0.0,0.0,0.0,0.0,0.0,0.0,0.0,0.0,0.0,0.0,0.0,0.0,0.0,0.0,0.0,0.0,0.0,1.0,0.0,0.0,0.0,1.0,0.0,0.0,0.0,0.0,0.0,0.0,0.0,0.0,0.0,0.0,0.0,0.0,0.0,0.0,0.0,0.0,0.0,0.0,0.0,0.0,0.0,0.0,0.0,0.0,0.0,0.0,0.0,0.0,0.0,0.0,0.0,0.0,0.0,0.0,0.0,0.0,0.0,0.0,0.0,0.0,0.0,0.0,0.0,2.0,3.0,0.0,1.4142135623730951,0.0,0.0,1.0,0.0,0.0,0.0,0.4999999999999999,0.0,0.0,0.0,0.0,0.0,0.0,0.0,0.0,1.46,2.0,0.0,0.0,0.0,0.0,0.0,0.0,0.0,0.0,0.0,0.0,0.0,43.14,3.321928094887362,1.7798629157231376,7.606551194271586,4.695140652899132,2.9114105413724527,0.963,20.0
CCCc1ccccc1,10.423857960000008,0.0,6.0,-0.0002847649462319,-0.0002660800829614,-5.014949930924733e-05,-4.398666819550524e-06,9.0,11.69412221271812,12.311022350168898,-0.3628765913138241,0.2548061752408611,5.278791727611021,8.49567455831659,0.0,0.0,0.0,5.0,1.0,1.0,2.0,0.0,0.6666666666666666,0.0,0.0,0.3333333333333333,3.92,2.3801652892561984,0.0,0.0,0.0,0.0,1.0,0.0,2.0,0.0,0.0,5.0,0.0,0.0,0.0,1.0,0.0,0.0,0.0,0.0,0.0,0.0,0.0,0.0,0.0,0.0,0.0,0.0,0.0,0.0,0.0,0.0,0.0,0.0,0.0,0.0,0.0,0.0,0.0,0.0,0.0,0.0,0.0,0.0,0.0,0.0,0.0,0.0,0.0,0.0,0.0,0.0,0.0,0.0,0.0,0.0,0.0,0.0,0.0,0.0,0.0,0.0,0.0,0.0,0.0,0.0,0.0,0.0,0.0,0.0,0.0,0.0,0.0,0.0,0.0,6.0,,0.0,2.085481946770769,0.3333333333333333,0.0,9.563073857754226,0.0,0.0,0.0,0.0,0.0,0.0,0.0,0.0,0.0,0.0,0.0,0.0,2.45,2.0,0.0,1.0,1.0,1.0,0.0,0.0,0.0,1.0,0.0,0.0,0.0,0.0,4.169925001442312,1.9667317257494783,0.0,0.0,0.0,3.492000000000001,38.0
CCN,0.0892814399999999,0.0,0.0,-0.0119583765389515,-0.0028947573364211,0.0,0.0,3.3599803012764804,11.88715530608524,14.009121153618665,-0.367849866484751,0.0987036144338548,4.122148681572185,4.994524429451602,1.0,0.0,0.0,0.0,0.0,2.0,0.0,0.0,0.0,1.0,1.0,1.0,2.0,0.0,0.0,0.0,0.0,0.0,1.0,0.0,1.0,0.0,0.0,0.0,0.0,0.0,0.0,0.0,0.0,0.0,1.0,0.0,0.0,0.0,0.0,0.0,0.0,0.0,0.0,0.0,0.0,0.0,0.0,0.0,0.0,0.0,0.0,0.0,0.0,0.0,0.0,0.0,0.0,0.0,0.0,0.0,0.0,0.0,0.0,0.0,0.0,0.0,0.0,0.0,0.0,0.0,0.0,0.0,0.0,0.0,0.0,0.0,0.0,0.0,0.0,0.0,0.0,0.0,0.0,0.0,0.0,0.0,0.0,0.0,0.0,0.0,0.0,0.0,2.0,0.0,1.0,0.0,0.0,0.0,0.0,0.0,0.0,0.0,0.0,0.0,0.0,0.0,0.0,0.0,0.0,0.0,1.5699999999999998,0.0,0.0,0.0,0.0,0.0,0.0,0.0,0.0,0.0,0.0,0.0,0.0,26.02,2.0,1.638071187457698,2.2071067811865475,0.0,2.2071067811865475,-0.143,6.0
CCN(C)C,0.4474272099999999,0.0,0.0,-0.066831456365183,0.016122799438122,0.0032915399147255,0.0,5.35998030127648,11.887395382845348,14.020042436474307,-0.3991575549896365,0.1140551711466044,5.0329688881692,6.690875819639848,1.0,0.0,0.0,0.0,0.0,2.0,0.0,0.0,0.0,1.0,0.0,1.0,2.25,4.0,0.0,0.0,0.0,0.0,3.0,0.0,1.0,0.0,0.0,0.0,0.0,0.0,0.0,0.0,0.0,0.0,0.0,0.0,0.0,0.0,0.0,0.0,0.0,0.0,1.0,0.0,0.0,0.0,0.0,0.0,0.0,0.0,0.0,0.0,0.0,0.0,0.0,0.0,0.0,0.0,0.0,0.0,0.0,0.0,0.0,0.0,0.0,0.0,0.0,0.0,0.0,0.0,0.0,0.0,0.0,0.0,0.0,0.0,0.0,0.0,0.0,0.0,0.0,0.0,0.0,0.0,0.0,0.0,0.0,0.0,0.0,0.0,0.0,0.0,2.0,1.144714242553332,1.8898815748423097,0.0,0.0,0.0,0.0,0.0,0.0,0.0,0.0,0.0,0.0,0.0,0.0,0.0,0.0,0.0,1.7899999999999998,1.0,0.0,0.0,0.0,0.0,0.0,0.0,0.0,0.0,0.0,0.0,0.0,3.24,3.0,1.739360386416435,2.851623963437928,0.0,2.851623963437928,0.486,16.0
CCN(CC)C(=O)N1CCN(C)CC1,0.1904449600000001,0.0,0.0,-0.3157206503234542,0.1941543744214033,-0.0121453043522335,-0.164999901890355,15.854409939370388,11.88502553993083,16.005966240124806,-0.3902640165796601,0.3832958910950478,5.263575517183035,9.2525278973899,1.0,0.0,0.0,0.0,0.0,8.0,0.0,0.0,0.4285714285714285,4.0,0.0,0.9,5.777777777777778,3.272727272727273,0.0,0.0,0.0,0.0,3.0,0.0,6.0,0.0,0.0,0.0,0.0,0.0,1.0,0.0,0.0,0.0,0.0,0.0,0.0,0.0,0.0,0.0,0.0,0.0,3.0,0.0,0.0,0.0,0.0,1.0,0.0,0.0,0.0,0.0,0.0,0.0,0.0,0.0,0.0,0.0,0.0,0.0,0.0,0.0,0.0,0.0,0.0,0.0,0.0,0.0,0.0,0.0,0.0,0.0,0.0,0.0,0.0,0.0,0.0,0.0,0.0,0.0,0.0,0.0,0.0,0.0,0.0,0.0,0.0,0.0,0.0,0.0,0.0,4.0,2.0,0.4724703937105774,4.9391115221028326,0.8434326653017493,0.0,5.073734767183264,0.0,0.0,0.0,0.0,0.0,0.0,0.0,0.0,0.0,0.0,0.0,0.9654893846056296,2.12,4.0,0.0,0.0,1.0,0.0,0.0,0.0,0.0,1.0,0.0,0.0,0.0,26.790000000000006,4.807354922057604,1.9441328802999185,12.32805862671412,2.5364340489261377,9.791624577787989,0.123,64.0
CCN(CC)C(=O)c1cccc(C)c1,5.894212840000009,0.0,6.0,-0.136885413674155,0.0705021992938847,-0.0294865145174512,0.009649310529922,15.134449336817426,11.688271940367628,16.00595608028091,-0.3769406986745003,0.3722003149859894,5.361347923314352,9.5149399637533,0.0,0.0,1.0,4.0,2.0,5.0,0.0,0.0,0.4285714285714285,2.0,0.0,0.4166666666666667,5.777777777777778,3.272727272727273,0.0,0.0,0.0,0.0,3.0,0.0,2.0,0.0,0.0,4.0,0.0,0.0,1.0,2.0,0.0,0.0,0.0,0.0,0.0,0.0,0.0,0.0,0.0,0.0,1.0,0.0,0.0,0.0,0.0,1.0,0.0,0.0,0.0,0.0,0.0,0.0,0.0,0.0,0.0,0.0,0.0,0.0,0.0,0.0,0.0,0.0,0.0,0.0,0.0,0.0,0.0,0.0,0.0,0.0,0.0,0.0,0.0,0.0,0.0,0.0,0.0,0.0,0.0,0.0,0.0,0.0,0.0,0.0,0.0,0.0,0.0,0.0,0.0,9.0,,0.516459056608978,4.860800439518931,2.639933136622746,0.0,5.087561571431172,1.6509636244473134,0.0,0.0,0.0,0.0,0.0,0.0,0.0,0.0,0.0,0.0,0.0,2.56,4.0,0.0,1.0,1.0,1.0,0.0,0.0,0.0,1.0,0.0,0.0,0.0,20.31,4.807354922057604,1.944106586839787,5.743104824528442,2.535987862272539,3.2071169622559035,2.852,64.0
CCN(CC)CC,1.8673222499999975,0.0,0.0,-0.0553181057838973,0.0007825203798614,0.0079800346871225,0.0010089282072376,7.35998030127648,11.882842628604267,14.018018960143763,-0.3889156479938773,0.1346869055535468,5.3486835080516535,7.93742972102363,1.0,0.0,0.0,0.0,0.0,6.0,0.0,0.0,0.0,1.0,0.0,1.0,4.166666666666667,2.6666666666666665,0.0,0.0,0.0,0.0,3.0,0.0,3.0,0.0,0.0,0.0,0.0,0.0,0.0,0.0,0.0,0.0,0.0,0.0,0.0,0.0,0.0,0.0,0.0,0.0,1.0,0.0,0.0,0.0,0.0,0.0,0.0,0.0,0.0,0.0,0.0,0.0,0.0,0.0,0.0,0.0,0.0,0.0,0.0,0.0,0.0,0.0,0.0,0.0,0.0,0.0,0.0,0.0,0.0,0.0,0.0,0.0,0.0,0.0,0.0,0.0,0.0,0.0,0.0,0.0,0.0,0.0,0.0,0.0,0.0,0.0,0.0,0.0,0.0,0.0,2.0,0.75,4.326748710922225,0.0,0.0,1.5000000000000004,0.0,0.0,0.0,0.0,0.0,0.0,0.0,0.0,0.0,0.0,0.0,0.0,2.01,3.0,0.0,0.0,0.0,0.0,0.0,0.0,0.0,0.0,0.0,0.0,0.0,3.24,3.584962500721156,1.809885342846032,3.090770275176028,0.0,3.090770275176028,1.332,24.0
CCN(CC)CC(=O)Nc1c(C)cccc1C,8.065032009999996,0.0,6.0,-0.147970193668375,-0.0570564290803879,0.1336654726152899,-0.0453672271769453,18.494429638093905,11.686603848702845,16.00595703828058,-0.382872482542356,0.3498505229912216,5.079514573593655,10.041383064901964,1.0,0.0,1.0,4.0,2.0,7.0,0.0,0.0,0.3529411764705882,3.0,1.0,0.5,7.43801652892562,4.6390532544378695,0.0,0.0,0.0,0.0,4.0,0.0,3.0,0.0,0.0,3.0,0.0,0.0,1.0,3.0,0.0,0.0,0.0,0.0,0.0,1.0,0.0,0.0,0.0,0.0,1.0,0.0,0.0,0.0,0.0,1.0,0.0,0.0,0.0,0.0,0.0,0.0,0.0,0.0,0.0,0.0,0.0,0.0,0.0,0.0,0.0,0.0,0.0,0.0,0.0,0.0,0.0,0.0,0.0,0.0,0.0,0.0,0.0,0.0,0.0,0.0,0.0,0.0,0.0,0.0,0.0,0.0,0.0,0.0,0.0,0.0,0.0,0.0,0.0,9.0,,0.9449407874211548,5.708750313527272,4.444190454418865,0.0,4.026914116436182,3.3019272488946267,0.0,0.0,0.0,0.0,0.0,0.0,0.0,0.0,0.0,0.3333333333333333,0.0,2.67,6.0,0.0,1.0,1.0,1.0,0.0,0.0,0.0,1.0,0.0,0.0,0.0,32.34,5.08746284125034,1.9449931001006784,8.754404089286611,2.526562045211287,6.227842044075327,2.099,78.0
CCN/C(CC)=N/N=C(\CC)NCC,1.1999011600000018,0.0,0.0,-0.0769770647320239,-0.0061549396025661,0.0353287678683213,-0.0613954591096293,15.439921205105923,11.84567574389856,14.12343287080037,-0.3729235753270456,0.2907443060883215,5.258834395507685,8.708581395033391,4.0,0.0,2.0,0.0,0.0,6.0,2.0,0.0,0.0,4.0,2.0,0.8,9.551020408163266,7.04,0.0,0.0,0.0,0.0,4.0,0.0,4.0,0.0,0.0,0.0,0.0,0.0,2.0,0.0,0.0,0.0,0.0,0.0,0.0,2.0,0.0,0.0,2.0,0.0,0.0,0.0,0.0,0.0,0.0,0.0,0.0,0.0,0.0,0.0,0.0,0.0,0.0,0.0,0.0,0.0,0.0,0.0,0.0,0.0,0.0,0.0,0.0,0.0,0.0,0.0,0.0,0.0,0.0,0.0,0.0,0.0,0.0,0.0,0.0,0.0,0.0,0.0,0.0,0.0,0.0,0.0,0.0,0.0,0.0,0.0,0.0,0.0,0.0,6.0,3.0,0.8795107694812946,4.287215558851476,2.1840966901672534,0.0,1.265850472235325,0.3333333333333333,0.0,0.0,0.0,0.0,0.0,0.0,0.0,0.0,2.525064635825322,0.0,0.0,2.12,7.0,0.0,0.0,0.0,0.0,0.0,0.0,0.0,0.0,0.0,0.0,0.0,48.78,4.700439718141093,1.8931647611938176,11.764662521862483,0.0,11.764662521862483,2.596,54.0
CCNCC,0.2321312399999999,0.0,0.0,-0.0351010558081388,-0.0009695204381018,0.0035997280430717,0.0004113490733062,5.35998030127648,11.885271636540306,14.01305642145453,-0.3762602390455649,0.1149862765670104,4.873506439775386,6.12039632713326,1.0,0.0,0.0,0.0,0.0,4.0,0.0,0.0,0.0,1.0,1.0,1.0,4.0,4.0,0.0,0.0,0.0,0.0,2.0,0.0,2.0,0.0,0.0,0.0,0.0,0.0,0.0,0.0,0.0,0.0,0.0,0.0,0.0,1.0,0.0,0.0,0.0,0.0,0.0,0.0,0.0,0.0,0.0,0.0,0.0,0.0,0.0,0.0,0.0,0.0,0.0,0.0,0.0,0.0,0.0,0.0,0.0,0.0,0.0,0.0,0.0,0.0,0.0,0.0,0.0,0.0,0.0,0.0,0.0,0.0,0.0,0.0,0.0,0.0,0.0,0.0,0.0,0.0,0.0,0.0,0.0,0.0,0.0,0.0,0.0,0.0,0.0,0.0,2.0,0.25,2.309401076758504,0.0,0.0,0.4999999999999999,0.0,0.0,0.0,0.0,0.0,0.0,0.0,0.0,0.0,0.0,0.0,0.0,1.7899999999999998,2.0,0.0,0.0,0.0,0.0,0.0,0.0,0.0,0.0,0.0,0.0,0.0,12.03,3.0,1.769974746830583,2.707106781186548,0.0,2.707106781186548,0.67,14.0
CCNc1nc(Cl)nc(NC(C)C)n1,6.429774489999997,0.0,6.0,-0.3755475870399716,0.4452316584402364,-0.3744196836639344,0.1909412545957675,23.512851414231186,11.842564403486286,34.96938020883266,-0.3661356101884682,0.4090511566302532,5.2354608017253135,8.894943496311987,0.0,0.0,0.0,0.0,0.0,4.0,1.0,0.0,0.4285714285714285,5.0,2.0,0.625,5.777777777777778,4.38781163434903,0.0,0.0,0.0,0.0,3.0,0.0,1.0,0.0,0.0,0.0,1.0,0.0,0.0,3.0,0.0,0.0,0.0,0.0,0.0,2.0,0.0,0.0,0.0,3.0,0.0,0.0,0.0,0.0,0.0,0.0,0.0,0.0,0.0,0.0,0.0,0.0,0.0,0.0,0.0,0.0,0.0,0.0,0.0,0.0,0.0,0.0,0.0,0.0,1.0,0.0,0.0,0.0,0.0,0.0,0.0,0.0,0.0,0.0,0.0,0.0,0.0,0.0,0.0,0.0,0.0,0.0,0.0,0.0,0.0,0.0,0.0,0.0,0.0,8.0,3.0,0.5952753944880748,0.8198276497595954,3.46729739680511,0.0,0.0,2.3811015779522995,0.0,0.0,0.0,0.0,0.0,0.0,0.0,0.0,4.061261981781177,0.0,0.0,1.6799999999999995,4.0,0.0,1.0,1.0,1.0,0.0,0.0,0.0,1.0,0.0,0.0,0.0,62.73,4.807354922057604,1.9480628582943376,17.554091220084604,0.0,15.018052780207295,1.664,64.0
CCNc1nc(Cl)nc(NCC)n1,4.657827240000001,0.0,6.0,-0.3788277071640954,0.4509266838278243,-0.3837262445314697,0.2048076598047816,22.512851414231186,11.88750840127061,34.96938016440532,-0.3662202256965312,0.4089240371843831,5.22473224963096,8.615508812221146,0.0,0.0,0.0,0.0,0.0,4.0,0.0,0.0,0.4615384615384615,5.0,2.0,0.5714285714285714,5.671875,3.703703703703704,0.0,0.0,0.0,0.0,2.0,0.0,2.0,0.0,0.0,0.0,0.0,0.0,0.0,3.0,0.0,0.0,0.0,0.0,0.0,2.0,0.0,0.0,0.0,3.0,0.0,0.0,0.0,0.0,0.0,0.0,0.0,0.0,0.0,0.0,0.0,0.0,0.0,0.0,0.0,0.0,0.0,0.0,0.0,0.0,0.0,0.0,0.0,0.0,1.0,0.0,0.0,0.0,0.0,0.0,0.0,0.0,0.0,0.0,0.0,0.0,0.0,0.0,0.0,0.0,0.0,0.0,0.0,0.0,0.0,0.0,0.0,0.0,0.0,8.0,2.0,0.1249999999999999,1.511857892036909,1.422757321796025,0.0,0.1666666666666666,1.5000000000000004,0.0,0.0,0.0,0.0,0.0,0.0,0.0,0.0,4.061261981781177,0.0,0.0,1.5699999999999998,4.0,0.0,1.0,1.0,1.0,0.0,0.0,0.0,1.0,0.0,0.0,0.0,62.73,4.700439718141093,1.9567614978483527,17.51555838644048,0.0,14.98071610898303,1.2040000000000002,58.0
CCO,8.46399999999977e-05,0.0,0.0,-0.0332380108861925,-0.0085800125323799,0.0,0.0,3.774469035540946,11.888543478546955,15.997945233157347,-0.4237922456247935,0.1330937042419181,3.312327124782154,4.393326716428244,0.0,0.0,0.0,0.0,0.0,2.0,0.0,0.0,0.0,1.0,1.0,1.0,2.0,0.0,0.0,0.0,0.0,0.0,1.0,0.0,1.0,0.0,0.0,0.0,0.0,0.0,0.0,0.0,0.0,0.0,0.0,0.0,0.0,0.0,0.0,0.0,0.0,0.0,0.0,0.0,0.0,0.0,1.0,0.0,0.0,0.0,0.0,0.0,0.0,0.0,0.0,0.0,0.0,0.0,0.0,0.0,0.0,0.0,0.0,0.0,0.0,0.0,0.0,0.0,0.0,0.0,0.0,0.0,0.0,0.0,0.0,0.0,0.0,0.0,0.0,0.0,0.0,0.0,0.0,0.0,0.0,0.0,0.0,0.0,0.0,0.0,0.0,0.0,2.0,0.0,1.0,0.0,0.0,0.0,0.0,0.0,0.0,0.0,0.0,0.0,0.0,0.0,0.0,0.0,0.0,0.0,1.5699999999999998,0.0,0.0,0.0,0.0,0.0,0.0,0.0,0.0,0.0,0.0,0.0,0.0,20.23,2.0,1.638071187457698,2.2071067811865475,2.2071067811865475,0.0,-0.076,6.0
CCOC(=O)/C=C\C(=O)OCC,1.41086884,0.0,0.0,-0.3600239407600073,0.1843720964578233,-0.0310546321001367,-0.3204872310121798,15.097876142163784,11.757224085113938,16.011990097853523,-0.3788742032735868,0.4191160723027817,4.209746965741539,7.304416763637336,0.0,0.0,2.0,2.0,0.0,4.0,0.0,0.0,0.0,4.0,0.0,0.5,7.638888888888889,7.43801652892562,0.0,0.0,0.0,0.0,2.0,0.0,2.0,0.0,2.0,0.0,0.0,0.0,2.0,0.0,0.0,0.0,0.0,0.0,0.0,0.0,0.0,0.0,0.0,0.0,0.0,0.0,0.0,0.0,0.0,2.0,2.0,0.0,0.0,0.0,0.0,0.0,0.0,0.0,0.0,0.0,0.0,0.0,0.0,0.0,0.0,0.0,0.0,0.0,0.0,0.0,0.0,0.0,0.0,0.0,0.0,0.0,0.0,0.0,0.0,0.0,0.0,0.0,0.0,0.0,0.0,0.0,0.0,0.0,0.0,0.0,0.0,0.0,0.0,8.0,4.0,0.1111111111111111,2.2493653007613967,0.9428090415820636,0.0,1.8948485120271368,0.3333333333333333,0.0,0.0,0.1999999999999999,1.2649110640673518,0.1999999999999999,0.0,0.0,0.0,0.0,0.0,0.0,1.9,6.0,0.0,0.0,0.0,0.0,0.0,0.0,0.0,0.0,0.0,0.0,0.0,52.60000000000001,4.459431618637298,1.872985760819593,10.613996390725628,10.613996390725628,0.0,1.072,46.0
CCOC(=O)C1(c2ccccc2)CCN(C)CC1,5.980470250000007,0.0,6.0,-0.2224333830114056,0.0828161075820118,-0.0245359647449712,-0.1397168920107085,19.90891837235837,11.691526048197597,16.009877531621996,-0.3926019091984016,0.399390111996311,5.057335990983537,11.969075554432196,1.0,0.0,1.0,5.0,1.0,4.0,2.0,0.0833333333333333,0.6666666666666666,3.0,0.0,0.5333333333333333,6.437869822485207,3.13469387755102,0.0,0.0,0.0,0.0,2.0,0.0,5.0,0.0,0.0,5.0,0.0,0.0,1.0,1.0,0.0,0.0,0.0,0.0,0.0,0.0,0.0,0.0,0.0,0.0,1.0,0.0,0.0,0.0,0.0,1.0,1.0,0.0,0.0,0.0,0.0,0.0,0.0,0.0,0.0,0.0,0.0,0.0,0.0,0.0,0.0,0.0,0.0,0.0,0.0,0.0,0.0,0.0,0.0,0.0,0.0,0.0,0.0,0.0,0.0,0.0,0.0,0.0,0.0,0.0,0.0,0.0,0.0,0.0,0.0,0.0,0.0,0.0,0.0,6.0,,0.1249999999999999,4.15230251462915,0.9089754931739996,0.5,14.16403174131337,0.4999999999999999,2.0,0.0,0.0,0.4999999999999999,0.0,0.0,0.0,0.0,0.0,0.0,0.0,2.78,4.0,0.0,1.0,2.0,1.0,0.0,0.0,0.0,2.0,0.0,0.0,0.0,29.54,5.247927513443585,2.004253774541493,8.627838282643241,5.400024753730551,3.227813528912691,2.63,90.0
CCOC(=O)CC(SP(=S)(OC)OC)C(=O)OCC,3.589509159999998,0.0,0.0,-0.5664190018872327,0.3597582606876873,-0.2145747810680653,-0.4773012193429662,41.552734090430754,11.834917968069009,32.02451511827861,-0.3937508470961516,0.4107069388477873,4.683407416609393,11.639731962646191,0.0,0.0,2.0,0.0,0.0,4.0,2.0,0.1767766952966368,0.0,6.0,0.0,0.8,9.833648393194707,7.3728,0.0,0.0,0.0,0.0,4.0,0.0,3.0,0.0,0.0,0.0,1.0,0.0,2.0,0.0,0.0,0.0,0.0,0.0,0.0,0.0,0.0,0.0,0.0,0.0,0.0,0.0,0.0,0.0,0.0,2.0,4.0,0.0,0.0,0.0,0.0,0.0,0.0,0.0,0.0,0.0,1.0,0.0,0.0,1.0,1.0,0.0,0.0,0.0,0.0,0.0,0.0,0.0,0.0,0.0,0.0,0.0,0.0,0.0,0.0,0.0,0.0,0.0,0.0,0.0,0.0,0.0,0.0,0.0,0.0,0.0,0.0,0.0,0.0,4.0,4.0,0.7937005259840998,2.5845647094440696,2.6002780376788213,0.0,0.6850067105944414,1.6509636244473134,0.0,0.0,0.1999999999999999,1.9222491313078032,1.3155605209829344,0.0,0.0,0.0,0.0,0.0,0.0,1.57,11.0,1.0,0.0,0.0,0.0,0.0,0.0,0.0,0.0,0.0,0.0,0.0,138.26,5.169925001442312,1.89029048457864,25.02362056182432,16.11660637305467,0.0,2.007,82.0
CCOC(=O)c1ccc(N)cc1,1.6579137599999985,0.0,6.0,-0.1898378786837975,0.0801753802873821,-0.0148130695538374,-0.0068562776320722,13.908918372358372,11.694002073410685,16.009874129563475,-0.3774471658663522,0.4148079503019243,4.531726679436133,8.559694069013398,0.0,0.0,1.0,5.0,1.0,2.0,0.0,0.0,0.5,3.0,1.0,0.2222222222222222,4.888888888888889,3.114186851211073,0.0,0.0,0.0,0.0,1.0,0.0,1.0,0.0,0.0,4.0,0.0,0.0,1.0,2.0,0.0,0.0,1.0,0.0,0.0,0.0,0.0,0.0,0.0,0.0,0.0,0.0,0.0,0.0,0.0,1.0,1.0,0.0,0.0,0.0,0.0,0.0,0.0,0.0,0.0,0.0,0.0,0.0,0.0,0.0,0.0,0.0,0.0,0.0,0.0,0.0,0.0,0.0,0.0,0.0,0.0,0.0,0.0,0.0,0.0,0.0,0.0,0.0,0.0,0.0,0.0,0.0,0.0,0.0,0.0,0.0,0.0,0.0,0.0,10.0,,0.0,1.282689390121013,0.6850067105944414,0.0,3.838519496373775,1.3103706971044482,0.0,0.0,0.0,0.4999999999999999,0.0,0.0,0.0,0.0,0.0,0.0,0.0,2.12,3.0,0.0,1.0,1.0,1.0,0.0,0.0,0.0,1.0,0.0,0.0,0.0,52.32,4.584962500721156,1.948675895302378,7.87701470132362,5.362542022847541,2.514472678476077,1.5639999999999998,54.0
CCOC(=O)c1ccc(O)cc1,3.121582239999999,0.0,6.0,-0.2020558467484663,0.0764510364157499,-0.0055750618241831,-0.0092876482561552,14.323407106622838,11.694352352430151,16.01005767418658,-0.3990673509082755,0.4152604665052228,4.512248214345463,8.478994664663755,0.0,0.0,1.0,5.0,1.0,2.0,0.0,0.0,0.5,3.0,1.0,0.2222222222222222,4.888888888888889,3.114186851211073,0.0,0.0,0.0,0.0,1.0,0.0,1.0,0.0,0.0,4.0,0.0,0.0,1.0,2.0,0.0,0.0,0.0,0.0,0.0,0.0,0.0,0.0,0.0,0.0,0.0,0.0,0.0,0.0,1.0,1.0,1.0,0.0,0.0,0.0,0.0,0.0,0.0,0.0,0.0,0.0,0.0,0.0,0.0,0.0,0.0,0.0,0.0,0.0,0.0,0.0,0.0,0.0,0.0,0.0,0.0,0.0,0.0,0.0,0.0,0.0,0.0,0.0,0.0,0.0,0.0,0.0,0.0,0.0,0.0,0.0,0.0,0.0,0.0,10.0,,0.0,1.282689390121013,0.6850067105944414,0.0,3.838519496373775,1.3103706971044482,0.0,0.0,0.1666666666666666,0.5773502691896258,0.0,0.0,0.0,0.0,0.0,0.0,0.0,2.12,3.0,0.0,1.0,1.0,1.0,0.0,0.0,0.0,1.0,0.0,0.0,0.0,46.53,4.584962500721156,1.948675895302378,7.87701470132362,7.87701470132362,0.0,1.975,54.0
CCOC(=O)c1ccccc1C(=O)OCC,5.010434559999999,0.0,6.0,-0.3632245149744292,0.1914367572910157,-0.0293842097409392,-0.3271225106243388,19.097876142163784,11.688625458177912,16.01199489342734,-0.3781967015716565,0.4364485378420263,4.763737171939033,9.599882452824527,0.0,0.0,2.0,4.0,2.0,4.0,0.0,0.0,0.375,4.0,0.0,0.3333333333333333,7.35,4.0768,0.0,0.0,0.0,0.0,2.0,0.0,2.0,0.0,0.0,4.0,0.0,0.0,2.0,2.0,0.0,0.0,0.0,0.0,0.0,0.0,0.0,0.0,0.0,0.0,0.0,0.0,0.0,0.0,0.0,2.0,2.0,0.0,0.0,0.0,0.0,0.0,0.0,0.0,0.0,0.0,0.0,0.0,0.0,0.0,0.0,0.0,0.0,0.0,0.0,0.0,0.0,0.0,0.0,0.0,0.0,0.0,0.0,0.0,0.0,0.0,0.0,0.0,0.0,0.0,0.0,0.0,0.0,0.0,0.0,0.0,0.0,0.0,0.0,12.0,,0.1111111111111111,2.581890526620734,1.8365990773291463,0.0,4.757576788076334,3.965406456500188,0.0,0.0,0.1999999999999999,1.2649110640673518,0.1999999999999999,0.0,0.0,0.0,0.0,0.0,0.0,2.3400000000000003,6.0,0.0,1.0,1.0,1.0,0.0,0.0,0.0,1.0,0.0,0.0,0.0,52.60000000000001,5.0,1.952877957916752,10.764926880229206,10.764926880229206,0.0,2.74,72.0
CCOC(=O)c1cccnc1,0.7807489599999997,0.0,6.0,-0.2184684935679115,0.0878094373853361,-0.136791315861355,0.1637069888508735,12.908918372358372,11.727014958900485,16.009873634534575,-0.3949793465076515,0.419579913336874,4.455513357012232,8.250886539482208,0.0,0.0,3.0,2.0,1.0,2.0,0.0,0.0,0.5454545454545454,3.0,0.0,0.25,4.792899408284024,2.844444444444445,0.0,0.0,0.0,0.0,1.0,0.0,1.0,0.0,0.0,4.0,0.0,0.0,1.0,1.0,0.0,0.0,0.0,0.0,0.0,0.0,0.0,0.0,0.0,1.0,0.0,0.0,0.0,0.0,0.0,1.0,1.0,0.0,0.0,0.0,0.0,0.0,0.0,0.0,0.0,0.0,0.0,0.0,0.0,0.0,0.0,0.0,0.0,0.0,0.0,0.0,0.0,0.0,0.0,0.0,0.0,0.0,0.0,0.0,0.0,0.0,0.0,0.0,0.0,0.0,0.0,0.0,0.0,0.0,0.0,0.0,0.0,0.0,0.0,9.0,5.0,0.0,1.243747281554915,0.5773502691896258,0.0,3.925136389583283,1.0,0.0,0.0,0.0,0.4999999999999999,0.0,0.0,0.0,0.0,0.0,0.0,0.0,2.01,3.0,0.0,1.0,1.0,1.0,0.0,0.0,0.0,1.0,0.0,0.0,0.0,39.19,4.459431618637298,1.9569594879342795,8.355338024273255,5.360000318575366,2.9953377056978847,1.129,48.0
CCOC=O,0.08473921,0.0,0.0,-0.2363162132259502,0.118829855967805,-0.0257544537193709,-0.0090793594948076,6.548938071081892,11.888770118538346,16.009857054902117,-0.3832627127779914,0.3373439099925939,2.884716946039928,5.090999537121101,0.0,0.0,0.0,0.0,0.0,2.0,0.0,0.0,0.0,2.0,0.0,0.6666666666666666,4.0,4.0,0.0,0.0,0.0,0.0,1.0,0.0,1.0,0.0,1.0,0.0,0.0,0.0,0.0,0.0,0.0,0.0,0.0,0.0,0.0,0.0,0.0,0.0,0.0,0.0,0.0,0.0,0.0,0.0,0.0,1.0,1.0,0.0,0.0,0.0,0.0,0.0,0.0,0.0,0.0,0.0,0.0,0.0,0.0,0.0,0.0,0.0,0.0,0.0,0.0,0.0,0.0,0.0,0.0,0.0,0.0,0.0,0.0,0.0,0.0,0.0,0.0,0.0,0.0,0.0,0.0,0.0,0.0,0.0,0.0,0.0,0.0,0.0,0.0,3.0,2.0,0.0,1.1547005383792517,0.0,0.0,0.4999999999999999,0.0,0.0,0.0,0.0,0.4999999999999999,0.0,0.0,0.0,0.0,0.0,0.0,0.0,1.57,2.0,0.0,0.0,0.0,0.0,0.0,0.0,0.0,0.0,0.0,0.0,0.0,26.3,3.0,1.769974746830583,5.069543648263006,5.069543648263006,0.0,0.428,14.0
CCOCC,0.5596536100000001,0.0,0.0,-0.0907856265599645,-0.0042822332792508,0.009856424888512,0.0012004209800224,5.774469035540946,11.887587072655991,15.999923102036169,-0.4264052815216163,0.1485894028053745,4.558885033934168,5.403143699535469,0.0,0.0,0.0,0.0,0.0,4.0,0.0,0.0,0.0,1.0,0.0,1.0,4.0,4.0,0.0,0.0,0.0,0.0,2.0,0.0,2.0,0.0,0.0,0.0,0.0,0.0,0.0,0.0,0.0,0.0,0.0,0.0,0.0,0.0,0.0,0.0,0.0,0.0,0.0,0.0,0.0,0.0,0.0,0.0,1.0,0.0,0.0,0.0,0.0,0.0,0.0,0.0,0.0,0.0,0.0,0.0,0.0,0.0,0.0,0.0,0.0,0.0,0.0,0.0,0.0,0.0,0.0,0.0,0.0,0.0,0.0,0.0,0.0,0.0,0.0,0.0,0.0,0.0,0.0,0.0,0.0,0.0,0.0,0.0,0.0,0.0,0.0,0.0,2.0,0.25,2.309401076758504,0.0,0.0,0.4999999999999999,0.0,0.0,0.0,0.0,0.0,0.0,0.0,0.0,0.0,0.0,0.0,0.0,1.7899999999999998,2.0,0.0,0.0,0.0,0.0,0.0,0.0,0.0,0.0,0.0,0.0,0.0,9.23,3.0,1.769974746830583,2.707106781186548,2.707106781186548,0.0,0.8660000000000001,14.0
CCOCCC(=O)OCC,0.4947715599999997,0.0,0.0,-0.2395463585863651,0.0426940833813724,-0.1704473616987377,0.2621740930447441,12.323407106622838,11.855038135598694,16.010100943762843,-0.4247375992781816,0.3820873819823003,4.035825254159152,6.749442872014144,0.0,0.0,1.0,0.0,0.0,5.0,1.0,0.0,0.0,3.0,0.0,0.8571428571428571,7.111111111111111,7.0,0.0,0.0,0.0,0.0,2.0,0.0,4.0,0.0,0.0,0.0,0.0,0.0,1.0,0.0,0.0,0.0,0.0,0.0,0.0,0.0,0.0,0.0,0.0,0.0,0.0,0.0,0.0,0.0,0.0,1.0,2.0,0.0,0.0,0.0,0.0,0.0,0.0,0.0,0.0,0.0,0.0,0.0,0.0,0.0,0.0,0.0,0.0,0.0,0.0,0.0,0.0,0.0,0.0,0.0,0.0,0.0,0.0,0.0,0.0,0.0,0.0,0.0,0.0,0.0,0.0,0.0,0.0,0.0,0.0,0.0,0.0,0.0,0.0,3.0,3.0,0.1249999999999999,2.4790716092924097,0.5163977794943223,0.0,2.1822472719434427,0.0,0.0,0.0,0.0,0.7071067811865476,0.25,0.0,0.0,0.0,0.0,0.0,0.0,1.9,6.0,0.0,0.0,0.0,0.0,0.0,0.0,0.0,0.0,0.0,0.0,0.0,35.53,4.169925001442312,1.8653298245438852,8.14351981700137,8.14351981700137,0.0,0.7270000000000001,36.0
CCOCCO,0.0196280099999999,0.0,0.0,-0.1160513685832145,-0.1011543185561074,0.1133494699092349,-0.0234927624193773,7.548938071081892,11.888628069915056,16.000448156496624,-0.4258695168448632,0.1910658848887431,3.668846467195719,5.584844513045849,0.0,0.0,0.0,0.0,0.0,4.0,0.0,0.0,0.0,2.0,1.0,1.0,5.0,5.333333333333333,0.0,0.0,0.0,0.0,1.0,0.0,3.0,0.0,0.0,0.0,0.0,0.0,0.0,0.0,0.0,0.0,0.0,0.0,0.0,0.0,0.0,0.0,0.0,0.0,0.0,0.0,0.0,0.0,1.0,0.0,1.0,0.0,0.0,0.0,0.0,0.0,0.0,0.0,0.0,0.0,0.0,0.0,0.0,0.0,0.0,0.0,0.0,0.0,0.0,0.0,0.0,0.0,0.0,0.0,0.0,0.0,0.0,0.0,0.0,0.0,0.0,0.0,0.0,0.0,0.0,0.0,0.0,0.0,0.0,0.0,0.0,0.0,0.0,0.0,2.0,0.0,1.3103706971044482,0.0,0.0,1.6509636244473134,0.0,0.0,0.0,0.0,0.3333333333333333,0.0,0.0,0.0,0.0,0.0,0.0,0.0,1.68,3.0,0.0,0.0,0.0,0.0,0.0,0.0,0.0,0.0,0.0,0.0,0.0,29.46,3.321928094887362,1.8065250715749253,5.168655300614687,5.168655300614687,0.0,-0.266,18.0
CCOCCOC(C)=O,0.0571209999999995,0.0,0.0,-0.2531989857340599,-0.0359141544592673,0.1557798857168958,-0.1590431465222631,11.323407106622838,11.883187709918044,16.010110624875676,-0.4227186995060824,0.3770888096979242,3.628714822324808,6.173720415974749,0.0,0.0,1.0,0.0,0.0,5.0,0.0,0.0,0.0,3.0,0.0,0.8333333333333334,6.125,8.0,0.0,0.0,0.0,0.0,2.0,0.0,3.0,0.0,0.0,0.0,0.0,0.0,1.0,0.0,0.0,0.0,0.0,0.0,0.0,0.0,0.0,0.0,0.0,0.0,0.0,0.0,0.0,0.0,0.0,1.0,2.0,0.0,0.0,0.0,0.0,0.0,0.0,0.0,0.0,0.0,0.0,0.0,0.0,0.0,0.0,0.0,0.0,0.0,0.0,0.0,0.0,0.0,0.0,0.0,0.0,0.0,0.0,0.0,0.0,0.0,0.0,0.0,0.0,0.0,0.0,0.0,0.0,0.0,0.0,0.0,0.0,0.0,0.0,3.0,2.0,0.1428571428571428,1.9441612972396656,0.8164965809277259,0.0,1.6509636244473134,0.0,0.0,0.0,0.0,0.6324555320336759,0.3333333333333333,0.0,0.0,0.0,0.0,0.0,0.0,1.79,5.0,0.0,0.0,0.0,0.0,0.0,0.0,0.0,0.0,0.0,0.0,0.0,35.53,4.0,1.8515284568125985,8.077630375785127,8.077630375785127,0.0,0.474,32.0
CCOCCOCCO,0.0734409999999994,0.0,0.0,-0.2071739763592804,-0.1920353417202945,0.2977230605797523,-0.1066192318999904,11.323407106622838,11.888629482406335,16.001741854478233,-0.4259661128255594,0.2013459935598458,3.7132959881548593,6.156040130543864,0.0,0.0,0.0,0.0,0.0,6.0,0.0,0.0,0.0,3.0,1.0,1.0,8.0,8.0,0.0,0.0,0.0,0.0,1.0,0.0,5.0,0.0,0.0,0.0,0.0,0.0,0.0,0.0,0.0,0.0,0.0,0.0,0.0,0.0,0.0,0.0,0.0,0.0,0.0,0.0,0.0,0.0,1.0,0.0,2.0,0.0,0.0,0.0,0.0,0.0,0.0,0.0,0.0,0.0,0.0,0.0,0.0,0.0,0.0,0.0,0.0,0.0,0.0,0.0,0.0,0.0,0.0,0.0,0.0,0.0,0.0,0.0,0.0,0.0,0.0,0.0,0.0,0.0,0.0,0.0,0.0,0.0,0.0,0.0,0.0,0.0,0.0,0.0,2.0,0.0,1.4404026014039906,0.0,0.0,3.879176139868348,0.0,0.0,0.0,0.0,0.4714045207910317,0.3333333333333333,0.0,0.0,0.0,0.0,0.0,0.0,1.79,6.0,0.0,0.0,0.0,0.0,0.0,0.0,0.0,0.0,0.0,0.0,0.0,38.69,4.0,1.869974170870457,8.163848865543205,8.163848865543205,0.0,-0.456,30.0
CCOP(=S)(OCC)Oc1cc(C)nc(C(C)C)n1,9.925020160000004,0.0,6.0,-0.4590606332299068,0.4139147749779086,-0.3624328941958257,0.2180803257293148,33.821534547910865,11.766710588449996,32.014528834345704,-0.387247355672438,0.4484625385152698,4.981195222871063,9.705715272470291,0.0,0.0,2.0,2.0,0.0,7.0,0.0,0.1767766952966368,0.3157894736842105,4.0,0.0,0.6666666666666666,7.695266272189349,5.479191438763377,0.0,0.0,0.0,0.0,5.0,0.0,2.0,0.0,0.0,1.0,1.0,0.0,0.0,3.0,0.0,0.0,0.0,0.0,0.0,0.0,0.0,0.0,0.0,2.0,0.0,0.0,0.0,0.0,0.0,0.0,3.0,0.0,0.0,0.0,0.0,0.0,0.0,0.0,0.0,0.0,1.0,0.0,0.0,1.0,0.0,0.0,0.0,0.0,0.0,0.0,0.0,0.0,0.0,0.0,0.0,0.0,0.0,0.0,0.0,0.0,0.0,0.0,0.0,0.0,0.0,0.0,0.0,0.0,0.0,0.0,0.0,0.0,0.0,11.0,4.0,1.548719880662477,3.2536689008692194,5.539547180954268,0.0,0.646330407009565,2.94168275343288,0.0,0.0,0.0,0.0,1.5000000000000004,0.0,0.0,0.0,0.4999999999999999,0.0,0.0,2.01,7.0,0.0,1.0,1.0,1.0,0.0,0.0,0.0,1.0,0.0,0.0,0.0,95.37,5.247927513443585,1.940202714788242,20.976713999005945,8.809880223929182,6.104118146407805,3.635,90.0
CCOP(=S)(OCC)Oc1ccc([N+](=O)[O-])cc1,8.426828410000002,0.0,6.0,-0.3479471134018541,0.3083584496822584,-0.193633471362451,-0.0449010786636942,34.01049231771628,11.699898940397466,32.01452879193196,-0.3777948625073274,0.4465086237617314,3.6368564203519664,9.611805626598391,0.0,0.0,0.0,6.0,0.0,4.0,0.0,0.1767766952966368,0.3333333333333333,2.0,0.0,0.4,7.555555555555555,5.267489711934156,0.0,0.0,0.0,0.0,2.0,0.0,2.0,0.0,0.0,4.0,0.0,0.0,0.0,2.0,0.0,0.0,0.0,0.0,0.0,0.0,0.0,0.0,0.0,0.0,0.0,1.0,0.0,0.0,0.0,1.0,3.0,0.0,0.0,0.0,0.0,0.0,0.0,0.0,0.0,0.0,1.0,0.0,0.0,1.0,0.0,0.0,0.0,0.0,0.0,0.0,0.0,0.0,0.0,0.0,0.0,0.0,0.0,0.0,0.0,0.0,0.0,0.0,0.0,0.0,0.0,0.0,0.0,0.0,0.0,0.0,0.0,0.0,0.0,14.0,2.0,0.1666666666666666,2.6399952685864787,0.6324555320336759,0.0,4.34811903578886,0.3333333333333333,0.0,0.0,0.4999999999999999,0.8254818122236567,1.5000000000000004,0.0,0.0,0.0,0.0,0.0,0.0,1.6800000000000002,7.0,0.0,1.0,1.0,1.0,0.0,0.0,0.0,1.0,0.0,0.0,0.0,112.73000000000002,5.169925001442312,1.9452458673233917,22.734892671694563,13.64172557506434,3.031076860946119,3.916000000000001,84.0
CCOP(=S)(OCC)Oc1nc(Cl)c(Cl)cc1Cl,21.15448036,0.0,6.0,-0.4436700418800232,0.3298087895339235,-0.2517535418554099,0.0662044445120872,55.60040397018073,11.736965049897435,34.97140481834424,-0.37512129489264,0.4513746513696512,5.008054678149468,9.93938442287597,0.0,0.0,2.0,3.0,0.0,4.0,0.0,0.1767766952966368,0.3333333333333333,3.0,0.0,0.4444444444444444,6.9632,4.565992865636147,0.0,0.0,0.0,0.0,2.0,0.0,2.0,0.0,0.0,1.0,0.0,0.0,0.0,4.0,0.0,0.0,0.0,0.0,0.0,0.0,0.0,0.0,0.0,1.0,0.0,0.0,0.0,0.0,0.0,0.0,3.0,0.0,0.0,0.0,0.0,0.0,0.0,0.0,0.0,0.0,1.0,0.0,0.0,1.0,0.0,0.0,0.0,0.0,3.0,0.0,0.0,0.0,0.0,0.0,0.0,0.0,0.0,0.0,0.0,0.0,0.0,0.0,0.0,0.0,0.0,0.0,0.0,0.0,0.0,0.0,0.0,0.0,0.0,11.0,5.0,0.1666666666666666,1.8342642523972796,1.2495759747681023,0.0,0.5723571212766659,3.3019272488946267,0.0,0.0,0.0,0.0,1.5000000000000004,0.0,0.0,0.0,0.0,0.0,0.0,1.4600000000000002,6.0,1.0,1.0,1.0,1.0,0.0,0.0,0.0,1.0,0.0,0.0,0.0,82.48,5.169925001442312,1.9359048390548743,25.43013641955144,8.792660038698374,3.022085402153814,5.455,86.0
CCOc1ccc2ccc(=O)oc2c1,4.982716840000001,0.0,6.0,-0.2272305908433632,0.0420885278790969,-0.045348393552921,0.1115368181401369,16.323407106622838,11.68833871141095,16.010107850074917,-0.3997302211006899,0.4103534503864256,4.234206339471535,9.016653848720404,0.0,0.0,1.0,7.0,1.0,2.0,0.0,0.0,0.7142857142857143,1.0,0.0,0.1818181818181818,4.68,2.5344,0.0,0.0,0.0,0.0,1.0,0.0,1.0,0.0,0.0,5.0,0.0,0.0,0.0,1.0,2.0,0.0,0.0,0.0,0.0,0.0,0.0,0.0,0.0,0.0,0.0,0.0,0.0,0.0,0.0,1.0,1.0,1.0,0.0,0.0,0.0,0.0,0.0,0.0,0.0,0.0,0.0,0.0,0.0,0.0,0.0,0.0,0.0,0.0,0.0,0.0,0.0,0.0,0.0,0.0,0.0,0.0,0.0,0.0,0.0,0.0,0.0,0.0,0.0,0.0,0.0,0.0,0.0,0.0,0.0,0.0,0.0,0.0,0.0,12.0,,0.0,1.4777634292681383,0.7984079523098931,0.0,5.205672075078666,2.6207413942088964,0.0,0.0,0.0,0.5773502691896258,0.25,0.0,0.0,0.0,0.0,0.0,0.0,2.34,2.0,0.0,2.0,1.0,1.0,0.0,0.0,0.0,2.0,0.0,0.0,0.0,35.53,4.906890595608519,2.028489525486955,8.54985997547215,8.54985997547215,0.0,2.1120000000000005,70.0
CCc1ccc(O)cc1,6.275024999999998,0.0,6.0,-0.0182580473524633,-0.0116461251262653,-0.000771599366531,0.0079407382263707,9.774469035540946,11.693670457326949,15.997955983352613,-0.4002746591723394,0.2995071284407475,4.706644133058402,8.245809840869184,0.0,0.0,0.0,5.0,1.0,1.0,1.0,0.0,0.6666666666666666,1.0,1.0,0.25,3.239669421487603,2.0,0.0,0.0,0.0,0.0,1.0,0.0,1.0,0.0,0.0,4.0,0.0,0.0,0.0,2.0,0.0,0.0,0.0,0.0,0.0,0.0,0.0,0.0,0.0,0.0,0.0,0.0,0.0,0.0,1.0,0.0,0.0,0.0,0.0,0.0,0.0,0.0,0.0,0.0,0.0,0.0,0.0,0.0,0.0,0.0,0.0,0.0,0.0,0.0,0.0,0.0,0.0,0.0,0.0,0.0,0.0,0.0,0.0,0.0,0.0,0.0,0.0,0.0,0.0,0.0,0.0,0.0,0.0,0.0,0.0,0.0,0.0,0.0,0.0,7.0,,0.0,1.8505358624357668,0.6324555320336759,0.0,4.883593419305869,0.3333333333333333,0.0,0.0,0.0,0.0,0.0,0.0,0.0,0.0,0.0,0.0,0.0,2.23,1.0,0.0,1.0,1.0,1.0,0.0,0.0,0.0,1.0,0.0,0.0,0.0,20.23,4.169925001442312,1.9499549367638096,2.506669148183688,2.506669148183688,0.0,2.5170000000000003,40.0
CCc1cccc2c3c([nH]c12)C(CC)(CC(=O)O)OCC3,13.672985289999994,1.0,10.0,-0.1646799059891422,-0.0565015139903695,-0.0639147806873145,0.0802525885188255,23.68338740789932,11.67190321079714,16.010020845498165,-0.4151493041446209,0.3881832123131637,4.216130597311347,11.379249917450045,0.0,0.0,1.0,5.0,3.0,3.0,4.0,0.1020620726159657,0.6190476190476191,3.0,2.0,0.4705882352941176,6.2456747404844295,2.698875468554769,0.0,0.0,0.0,0.0,2.0,0.0,5.0,0.0,0.0,3.0,0.0,0.0,1.0,3.0,2.0,0.0,0.0,0.0,0.0,0.0,1.0,0.0,0.0,0.0,0.0,0.0,0.0,0.0,1.0,1.0,1.0,0.0,0.0,0.0,0.0,0.0,0.0,0.0,0.0,0.0,0.0,0.0,0.0,0.0,0.0,0.0,0.0,0.0,0.0,0.0,0.0,0.0,0.0,0.0,0.0,0.0,0.0,0.0,0.0,0.0,0.0,0.0,0.0,0.0,0.0,0.0,0.0,0.0,0.0,0.0,0.0,0.0,0.0,9.0,,0.1249999999999999,3.695476161034496,2.8246638262588037,0.5773502691896258,7.799898022208541,6.534047077809358,2.6207413942088964,0.0,0.4999999999999999,0.5,0.0,0.0,0.0,0.0,0.0,0.0,0.0,2.89,4.0,0.0,2.0,1.0,1.0,0.0,0.0,1.0,2.0,0.0,0.0,0.0,62.32000000000001,5.523561956057013,2.0403576517695305,11.115648587260312,7.906973876087735,3.208674711172588,2.771,114.0
CCc1ccccc1,7.686201759999996,0.0,6.0,-0.0002792685459643,-0.0002786496318316,-4.638120955051588e-05,-2.4476735731040225e-06,8.0,11.694059228832142,12.310916518556466,-0.363048596722398,0.2544805398335843,5.439946659288334,8.184304802555577,0.0,0.0,0.0,5.0,1.0,1.0,1.0,0.0,0.75,0.0,0.0,0.25,3.111111111111111,1.8,0.0,0.0,0.0,0.0,1.0,0.0,1.0,0.0,0.0,5.0,0.0,0.0,0.0,1.0,0.0,0.0,0.0,0.0,0.0,0.0,0.0,0.0,0.0,0.0,0.0,0.0,0.0,0.0,0.0,0.0,0.0,0.0,0.0,0.0,0.0,0.0,0.0,0.0,0.0,0.0,0.0,0.0,0.0,0.0,0.0,0.0,0.0,0.0,0.0,0.0,0.0,0.0,0.0,0.0,0.0,0.0,0.0,0.0,0.0,0.0,0.0,0.0,0.0,0.0,0.0,0.0,0.0,0.0,0.0,0.0,0.0,0.0,0.0,6.0,,0.0,2.0041451295984074,0.4999999999999999,0.0,7.732315986074721,0.0,0.0,0.0,0.0,0.0,0.0,0.0,0.0,0.0,0.0,0.0,0.0,2.34,1.0,0.0,1.0,1.0,1.0,0.0,0.0,0.0,1.0,0.0,0.0,0.0,0.0,4.0,1.9615831826636247,0.0,0.0,0.0,2.9230000000000005,34.0
CN(C)C,0.1024640099999998,0.0,0.0,-0.0727357343939801,0.0242452447979934,0.0,0.0,4.35998030127648,11.984021271908876,14.021052728091126,-0.4043487989927557,0.0807657681266872,4.928353742368174,6.056646257631829,1.0,0.0,0.0,0.0,0.0,0.0,0.0,0.0,0.0,1.0,0.0,1.0,1.3333333333333333,,0.0,0.0,0.0,0.0,3.0,0.0,0.0,0.0,0.0,0.0,0.0,0.0,0.0,0.0,0.0,0.0,0.0,0.0,0.0,0.0,0.0,0.0,0.0,0.0,1.0,0.0,0.0,0.0,0.0,0.0,0.0,0.0,0.0,0.0,0.0,0.0,0.0,0.0,0.0,0.0,0.0,0.0,0.0,0.0,0.0,0.0,0.0,0.0,0.0,0.0,0.0,0.0,0.0,0.0,0.0,0.0,0.0,0.0,0.0,0.0,0.0,0.0,0.0,0.0,0.0,0.0,0.0,0.0,0.0,0.0,0.0,0.0,0.0,0.0,0.0,1.5000000000000004,0.0,0.0,0.0,0.0,0.0,0.0,0.0,0.0,0.0,0.0,0.0,0.0,0.0,0.0,0.0,0.0,1.68,0.0,0.0,0.0,0.0,0.0,0.0,0.0,0.0,0.0,0.0,0.0,0.0,3.24,2.584962500721156,1.6830127018922194,2.732050807568877,0.0,2.732050807568877,0.063,12.0
CN(C)C(=O)CCC(=O)OCC(=O)[C@@]1(O)CC[C@H]2[C@@H]3CCC4=CC(=O)CC[C@]4(C)[C@H]3[C@@H](O)C[C@@]21C,1.5018502499999984,0.0,0.0,-0.3665269086681056,-0.0192568970910318,0.0168406547326724,-0.245540678837439,40.7812635500631,11.715767888272616,16.012707218314542,-0.4208715757656736,0.3873565015772809,4.489714964054867,12.707002419474945,0.0,0.0,2.0,3.0,1.0,3.0,10.0,0.3219752754296894,0.4857142857142857,8.0,2.0,0.7777777777777778,10.285,4.818823529411764,0.0,0.0,0.0,0.0,4.0,0.0,10.0,0.0,1.0,0.0,4.0,0.0,5.0,0.0,0.0,0.0,0.0,0.0,0.0,0.0,0.0,0.0,0.0,0.0,1.0,0.0,0.0,0.0,2.0,4.0,1.0,0.0,0.0,0.0,0.0,0.0,0.0,0.0,0.0,0.0,0.0,0.0,0.0,0.0,0.0,0.0,0.0,0.0,0.0,0.0,0.0,0.0,0.0,0.0,0.0,0.0,0.0,0.0,0.0,0.0,0.0,0.0,0.0,0.0,0.0,0.0,0.0,0.0,0.0,0.0,0.0,0.0,0.0,4.0,,0.7229801850972216,6.509735287053611,5.737009325407055,2.270001011093981,11.153213165993016,7.924486724405033,8.265927573882603,1.1052094495921163,1.952004189983381,1.290945263310367,0.0,0.0,0.0,0.0,0.0,0.0,0.0,3.55,8.0,0.0,0.0,1.0,0.0,0.0,0.0,1.0,3.0,0.0,0.0,0.0,121.21,6.247927513443585,2.012819187638521,21.121656683838165,18.170603731976307,2.95105295186185,0.1660000000000002,196.0
CN(C)C(=S)SSC(=S)N(C)C,9.959073639999998,0.0,0.0,-0.1553598912332444,0.0841490653832309,0.0051003114779916,-0.0704878770853719,37.230972756353,11.981512177796493,32.072676297048496,-0.3677262999952234,0.3073283251454234,7.179059402994974,13.59707055289037,0.0,0.0,0.0,0.0,0.0,0.0,0.0,0.0,0.0,2.0,0.0,0.6666666666666666,5.612244897959184,5.325443786982248,0.0,0.0,0.0,0.0,4.0,0.0,0.0,0.0,0.0,0.0,0.0,0.0,2.0,0.0,0.0,0.0,0.0,0.0,0.0,0.0,0.0,0.0,0.0,0.0,2.0,0.0,0.0,0.0,0.0,0.0,0.0,0.0,0.0,0.0,0.0,0.0,0.0,0.0,0.0,0.0,0.0,0.0,0.0,2.0,2.0,0.0,0.0,0.0,0.0,0.0,0.0,0.0,0.0,0.0,0.0,0.0,0.0,0.0,0.0,0.0,0.0,0.0,0.0,0.0,0.0,0.0,0.0,0.0,0.0,0.0,0.0,0.0,0.0,3.0,0.0,1.3013952736609982,0.0,2.5298221281347035,0.0,0.0,0.3333333333333333,0.0,0.0,0.0,0.0,0.0,0.0,0.0,0.0,0.0,0.0,0.1999999999999999,1.46,5.0,0.0,0.0,0.0,0.0,0.0,0.0,0.0,0.0,0.0,0.0,0.0,121.26,4.459431618637298,1.8456022058446933,16.620297705396705,0.0,5.896748645681157,1.5479999999999998,50.0
CN(C)C=O,0.2491008100000004,0.0,0.0,-0.1799577485809755,0.1228948169613662,-0.0526478078279085,0.0,6.134449336817426,11.979747612082,16.005943716712583,-0.3861299613927568,0.2882550082881103,3.3629336732101045,6.201395592010856,0.0,0.0,0.0,0.0,0.0,0.0,0.0,0.0,0.0,2.0,0.0,0.6666666666666666,2.25,4.0,0.0,0.0,0.0,0.0,2.0,0.0,0.0,0.0,1.0,0.0,0.0,0.0,0.0,0.0,0.0,0.0,0.0,0.0,0.0,0.0,0.0,0.0,0.0,0.0,1.0,0.0,0.0,0.0,0.0,1.0,0.0,0.0,0.0,0.0,0.0,0.0,0.0,0.0,0.0,0.0,0.0,0.0,0.0,0.0,0.0,0.0,0.0,0.0,0.0,0.0,0.0,0.0,0.0,0.0,0.0,0.0,0.0,0.0,0.0,0.0,0.0,0.0,0.0,0.0,0.0,0.0,0.0,0.0,0.0,0.0,0.0,0.0,0.0,3.0,0.0,0.4999999999999999,0.9999999999999998,0.0,0.0,0.0,0.0,0.0,0.0,0.0,0.0,0.0,0.0,0.0,0.0,0.0,0.0,0.0,1.57,1.0,0.0,0.0,0.0,0.0,0.0,0.0,0.0,0.0,0.0,0.0,0.0,20.31,3.0,1.7393603864164349,5.180739212552622,2.3291152491146936,2.851623963437928,-0.384,16.0
CN(C)CCC(c1ccc(Cl)cc1)c1ccccn1,13.664851560000004,0.0,12.0,-0.1065347617799245,-0.0042012700757992,-0.0021223292780563,-0.0034517262389224,27.43291051040174,11.692200231199074,34.969380403325026,-0.3991660702168572,0.311090285413119,5.811290656442265,11.377142607342424,1.0,0.0,1.0,9.0,1.0,1.0,1.0,0.0,0.6842105263157895,2.0,0.0,0.3125,7.695266272189349,4.795005202913631,0.0,0.0,0.0,0.0,2.0,0.0,2.0,0.0,0.0,8.0,1.0,0.0,0.0,3.0,0.0,0.0,0.0,0.0,0.0,0.0,0.0,0.0,0.0,1.0,1.0,0.0,0.0,0.0,0.0,0.0,0.0,0.0,0.0,0.0,0.0,0.0,0.0,0.0,0.0,0.0,0.0,0.0,0.0,0.0,0.0,0.0,0.0,0.0,1.0,0.0,0.0,0.0,0.0,0.0,0.0,0.0,0.0,0.0,0.0,0.0,0.0,0.0,0.0,0.0,0.0,0.0,0.0,0.0,0.0,0.0,0.0,0.0,0.0,6.0,,0.4999999999999999,3.6426821768550206,1.5042412372345575,0.0,12.970631738280169,2.701599969404812,0.0,0.0,0.0,0.0,0.0,0.0,0.0,0.0,0.0,0.1999999999999999,0.0,2.89,5.0,0.0,2.0,2.0,2.0,0.0,0.0,0.0,2.0,0.0,0.0,0.0,16.130000000000003,5.321928094887363,2.008172087547465,8.586421358740646,0.0,6.061731999483341,3.238000000000001,92.0
CN(C)c1ccccc1,3.968860839999999,0.0,6.0,-0.0552404500404485,0.0103546893331216,0.0037616967695,0.0003541724279479,9.35998030127648,11.70025425954336,14.020097972204372,-0.3900289231119977,0.2722876369050391,5.897866182431256,8.642238186899938,0.0,0.0,0.0,6.0,0.0,0.0,0.0,0.0,0.6666666666666666,1.0,0.0,0.25,3.239669421487603,2.0,0.0,0.0,0.0,0.0,2.0,0.0,0.0,0.0,0.0,5.0,0.0,0.0,0.0,1.0,0.0,0.0,0.0,0.0,0.0,0.0,0.0,0.0,0.0,0.0,1.0,0.0,0.0,0.0,0.0,0.0,0.0,0.0,0.0,0.0,0.0,0.0,0.0,0.0,0.0,0.0,0.0,0.0,0.0,0.0,0.0,0.0,0.0,0.0,0.0,0.0,0.0,0.0,0.0,0.0,0.0,0.0,0.0,0.0,0.0,0.0,0.0,0.0,0.0,0.0,0.0,0.0,0.0,0.0,0.0,0.0,0.0,0.0,0.0,7.0,0.0,0.4999999999999999,2.682461519999418,0.9999999999999998,0.0,6.083643418932058,0.0,0.0,0.0,0.0,0.0,0.0,0.0,0.0,0.0,0.0,0.0,0.0,2.23,1.0,0.0,1.0,1.0,1.0,0.0,0.0,0.0,1.0,0.0,0.0,0.0,3.24,4.169925001442312,1.9476238212508197,3.0153545802284083,0.0,3.0153545802284083,2.231,40.0
CN(CC=CC#CC(C)(C)C)Cc1cccc2ccccc12,28.46969448999998,0.0,11.0,-0.0769106654867789,0.0230401043817187,-0.01831859822657,0.0177890758833832,22.35998030127648,11.65302276706294,14.019039695570232,-0.4150356801385695,0.3235814893062081,6.275880623177346,10.463732335044313,1.0,2.0,0.0,9.0,3.0,5.0,0.0,0.3535533905932737,0.4545454545454545,1.0,0.0,0.3684210526315789,8.74089490114464,6.57439446366782,0.0,0.0,0.0,0.0,4.0,0.0,2.0,0.0,2.0,7.0,0.0,0.0,0.0,1.0,2.0,0.0,0.0,0.0,0.0,0.0,0.0,0.0,0.0,0.0,1.0,0.0,0.0,0.0,0.0,0.0,0.0,0.0,0.0,0.0,0.0,0.0,0.0,0.0,0.0,0.0,0.0,0.0,0.0,0.0,0.0,0.0,0.0,0.0,0.0,0.0,0.0,0.0,0.0,0.0,0.0,0.0,0.0,0.0,0.0,0.0,0.0,0.0,0.0,0.0,0.0,0.0,0.0,0.0,0.0,0.0,0.0,0.0,0.0,10.0,,1.5,8.124769576141855,1.5208737934830263,2.459152611805057,19.22196322758289,2.381101577952299,0.3347164750410848,0.0,0.0,0.0,0.0,0.0,0.0,0.0,0.0,0.0,0.0,3.66,4.0,1.0,2.0,1.0,1.0,0.0,0.0,0.0,2.0,0.0,0.0,0.0,3.24,5.523561956057013,1.9993992113782064,3.247352824552183,0.0,3.247352824552183,5.888,108.0
CN(Cc1cnc2nc(N)nc(N)c2n1)c1ccc(C(=O)N[C@@H](CCC(=O)O)C(=O)O)cc1,0.1474559999999992,2.0,17.0,-0.5785505778728195,0.032246910447011,0.2013449709193261,-0.1445495779507742,39.75218758791657,11.694068183617398,16.012570192108548,-0.3982192750890226,0.4386738401394501,3.81057186431716,9.875145050164155,0.0,0.0,6.0,7.0,1.0,1.0,3.0,0.0,0.5454545454545454,13.0,5.0,0.25,12.807996668054978,8.0,0.0,0.0,0.0,0.0,1.0,0.0,3.0,0.0,0.0,5.0,1.0,0.0,3.0,5.0,2.0,0.0,2.0,0.0,0.0,1.0,0.0,0.0,0.0,4.0,1.0,0.0,0.0,0.0,2.0,3.0,0.0,0.0,0.0,0.0,0.0,0.0,0.0,0.0,0.0,0.0,0.0,0.0,0.0,0.0,0.0,0.0,0.0,0.0,0.0,0.0,0.0,0.0,0.0,0.0,0.0,0.0,0.0,0.0,0.0,0.0,0.0,0.0,0.0,0.0,0.0,0.0,0.0,0.0,0.0,0.0,0.0,0.0,0.0,12.0,,0.0,1.888548373718357,1.9307390390523969,0.0,6.7802779022811865,9.825224274996092,0.0,0.0,2.087949026012124,0.0,0.0,0.25,2.4486851632548583,0.2886751345948129,2.114419352919148,1.038109116346264,0.0,2.2300000000000004,10.0,1.0,3.0,2.0,2.0,0.0,0.0,0.0,3.0,0.0,0.0,0.0,210.54,6.129283016944966,2.005368704010293,35.91187985694629,12.158485909199245,23.75339394774708,-2.668,168.0
CN/C(=C\[N+](=O)[O-])NCCSCc1ccc(CN(C)C)o1,2.1503289600000013,0.0,5.0,-0.1921578664549483,-0.1280025098801808,0.1588797508937229,-0.0153978949950229,30.89108135017877,11.746124055842436,31.97307351857993,-0.421929728040617,0.3506225607769236,3.5614080040701683,9.835345388480356,1.0,0.0,2.0,4.0,0.0,4.0,0.0,0.0,0.238095238095238,3.0,2.0,0.5384615384615384,10.680473372781066,8.88888888888889,0.0,0.0,0.0,0.0,3.0,0.0,4.0,0.0,1.0,2.0,0.0,0.0,1.0,2.0,0.0,0.0,0.0,0.0,0.0,2.0,0.0,0.0,0.0,0.0,1.0,1.0,0.0,0.0,0.0,1.0,0.0,1.0,0.0,0.0,0.0,0.0,0.0,0.0,0.0,0.0,0.0,0.0,0.0,0.0,1.0,0.0,0.0,0.0,0.0,0.0,0.0,0.0,0.0,0.0,0.0,0.0,0.0,0.0,0.0,0.0,0.0,0.0,0.0,0.0,0.0,0.0,0.0,0.0,0.0,0.0,0.0,0.0,0.0,7.0,6.0,0.430674364248144,3.534260903250207,1.6465164701101374,0.0,5.601275682958293,0.6551853485522243,0.0,0.0,0.4999999999999999,0.1999999999999999,0.0,0.0,0.0,0.0,0.4999999999999999,0.73213398236815,0.0833333333333333,2.01,10.0,0.0,1.0,1.0,1.0,0.0,0.0,1.0,0.0,0.0,0.0,0.0,108.88,5.392317422778761,1.953017961091037,22.645705014473265,7.861877449020024,11.75264664475055,1.282,94.0
CN1C(C(=O)Nc2ccccn2)=C(O)c2ccccc2S1(=O)=O,0.2263856400000005,0.0,12.0,-0.2797071530791321,0.1453831419765956,-0.0614917447356769,-0.2352785554190462,33.30557008444323,11.688595077902647,31.978648300677182,-0.3928405635240966,0.4563143422111818,5.865746214959291,12.318934151660391,0.0,0.0,3.0,10.0,1.0,0.0,0.0,0.1666666666666666,0.782608695652174,7.0,2.0,0.0666666666666666,7.086924762600439,3.3833141099577086,0.0,0.0,0.0,0.0,1.0,0.0,0.0,0.0,0.0,8.0,0.0,0.0,3.0,3.0,0.0,0.0,0.0,0.0,0.0,1.0,0.0,0.0,0.0,1.0,1.0,0.0,0.0,0.0,1.0,3.0,0.0,0.0,0.0,0.0,0.0,0.0,0.0,0.0,0.0,0.0,0.0,0.0,0.0,0.0,0.0,0.0,0.0,1.0,0.0,0.0,0.0,0.0,0.0,0.0,0.0,0.0,0.0,0.0,0.0,0.0,0.0,0.0,0.0,0.0,0.0,0.0,0.0,0.0,0.0,0.0,0.0,0.0,0.0,22.0,,0.0,1.362672263037343,1.8731847975721565,0.0,6.7042230055001895,6.631975707865092,0.0,0.0,1.4509627050731748,0.0,0.0,0.0,0.0,0.0,0.4999999999999999,0.5163977794943223,0.0,2.23,3.0,0.0,3.0,2.0,2.0,0.0,0.0,0.0,3.0,0.0,0.0,0.0,107.98,5.643856189774724,2.022695713794396,22.926388183866333,10.118481631860371,9.337086202582736,2.768,124.0
CN1C2CC(OC(=O)C(CO)c3ccccc3)CC1C1OC12,0.6788112100000003,0.0,6.0,-0.28232529243193,-0.0591355795032486,-0.0837545974771979,0.1133547071089278,25.457856443440264,11.69319781881083,16.01033381016941,-0.4208995158606156,0.3975565592532463,4.74334745210965,9.84502114740538,1.0,0.0,1.0,5.0,1.0,1.0,7.0,0.0,0.8181818181818182,5.0,1.0,0.5882352941176471,6.135865595325055,2.8106508875739644,0.0,0.0,0.0,0.0,1.0,0.0,3.0,0.0,0.0,5.0,6.0,0.0,1.0,1.0,0.0,0.0,0.0,0.0,0.0,0.0,0.0,0.0,0.0,0.0,1.0,0.0,0.0,0.0,1.0,1.0,2.0,0.0,0.0,0.0,0.0,0.0,0.0,0.0,0.0,0.0,0.0,0.0,0.0,0.0,0.0,0.0,0.0,0.0,0.0,0.0,0.0,0.0,0.0,0.0,0.0,0.0,0.0,0.0,0.0,0.0,0.0,0.0,0.0,0.0,0.0,0.0,0.0,0.0,0.0,0.0,0.0,0.0,0.0,6.0,,0.0,1.1276873584008975,2.077314563334398,0.0,8.146093374951603,9.658117896693064,0.0,0.0,0.25,0.8442136252749053,0.1999999999999999,0.0,0.0,0.0,0.0,0.0,0.0,2.78,5.0,0.0,1.0,2.0,1.0,1.0,0.0,1.0,2.0,1.0,0.0,0.0,62.3,5.643856189774724,2.0531743538016745,14.458805867291437,11.144488951374758,3.314316915916678,0.7860000000000001,124.0
CN1C2CCC1CC(OC(=O)C(CO)c1ccccc1)C2,2.9625294400000017,0.0,6.0,-0.2109622951087159,0.0240091849789692,-0.2060173087135723,0.2599776541736742,23.68338740789932,11.693197818974514,16.010065738515827,-0.4208876664651108,0.3973720005458679,4.7437786650284375,9.846660652363102,1.0,0.0,1.0,5.0,1.0,1.0,7.0,0.0,0.8095238095238095,4.0,1.0,0.5882352941176471,7.05078125,3.504597079502434,0.0,0.0,0.0,0.0,1.0,0.0,5.0,0.0,0.0,5.0,4.0,0.0,1.0,1.0,0.0,0.0,0.0,0.0,0.0,0.0,0.0,0.0,0.0,0.0,1.0,0.0,0.0,0.0,1.0,1.0,1.0,0.0,0.0,0.0,0.0,0.0,0.0,0.0,0.0,0.0,0.0,0.0,0.0,0.0,0.0,0.0,0.0,0.0,0.0,0.0,0.0,0.0,0.0,0.0,0.0,0.0,0.0,0.0,0.0,0.0,0.0,0.0,0.0,0.0,0.0,0.0,0.0,0.0,0.0,0.0,0.0,0.0,0.0,6.0,,0.0,1.6743827033084069,1.4335341404317248,0.0,10.911551287899034,5.328173333247939,0.0,0.0,0.25,0.7071067811865476,0.0,0.0,0.0,0.0,0.0,0.0,0.0,2.89,5.0,0.0,1.0,2.0,1.0,0.0,0.0,1.0,2.0,1.0,0.0,0.0,49.77,5.523561956057013,2.0409180426831006,11.415873631400164,8.11594823275409,3.299925398646077,1.8280000000000003,110.0
CN1CCC23c4c5ccc(O)c4OC2C(=O)CCC3C1C5,2.7453176099999936,0.0,6.0,-0.1532658112964424,-0.1652392304078618,0.2054661185694798,-0.1064240306668882,23.68338740789932,11.683332098294644,16.006397656025367,-0.398147179373614,0.3750693866309589,5.1677842499728674,12.883301046802329,1.0,0.0,0.0,5.0,2.0,1.0,6.0,0.0680413817439771,0.8571428571428571,3.0,1.0,0.5882352941176471,4.29506246281975,1.487603305785124,0.0,0.0,0.0,0.0,1.0,0.0,5.0,0.0,0.0,2.0,3.0,0.0,1.0,4.0,0.0,0.0,0.0,0.0,0.0,0.0,0.0,0.0,0.0,0.0,1.0,0.0,0.0,0.0,1.0,1.0,1.0,0.0,0.0,0.0,0.0,0.0,0.0,0.0,0.0,0.0,0.0,0.0,0.0,0.0,0.0,0.0,0.0,0.0,0.0,0.0,0.0,0.0,0.0,0.0,0.0,0.0,0.0,0.0,0.0,0.0,0.0,0.0,0.0,0.0,0.0,0.0,0.0,0.0,0.0,0.0,0.0,0.0,0.0,8.0,,0.0,1.8573538329747523,1.801548726969603,0.25,6.198694710190766,11.72265967861324,4.93099806741505,0.0,0.1666666666666666,0.6666666666666667,0.0,0.0,0.0,0.0,0.0,0.0,0.0,2.89,0.0,0.0,1.0,1.0,1.0,0.0,0.0,1.0,4.0,0.0,0.0,0.0,49.77,5.643856189774724,2.129935858248684,11.730927920171508,8.393727235517899,3.337200684653608,0.6009999999999999,132.0
CN1CCC23c4c5ccc(O)c4OC2C(O)C=CC3C1C5,1.9232142399999932,0.0,6.0,-0.1515009727289674,-0.1633688155432313,0.2105771738074836,-0.072302918911622,23.68338740789932,11.68285936574708,16.001198324235276,-0.4134084527149682,0.3703595842077936,5.454590073487559,13.004908883858697,1.0,0.0,0.0,6.0,2.0,1.0,5.0,0.0680413817439771,0.8571428571428571,3.0,2.0,0.5294117647058824,4.29506246281975,1.487603305785124,0.0,0.0,0.0,0.0,1.0,0.0,3.0,0.0,2.0,2.0,4.0,0.0,0.0,4.0,0.0,0.0,0.0,0.0,0.0,0.0,0.0,0.0,0.0,0.0,1.0,0.0,0.0,0.0,2.0,0.0,1.0,0.0,0.0,0.0,0.0,0.0,0.0,0.0,0.0,0.0,0.0,0.0,0.0,0.0,0.0,0.0,0.0,0.0,0.0,0.0,0.0,0.0,0.0,0.0,0.0,0.0,0.0,0.0,0.0,0.0,0.0,0.0,0.0,0.0,0.0,0.0,0.0,0.0,0.0,0.0,0.0,0.0,0.0,8.0,,0.0,1.8573538329747523,1.801548726969603,0.25,6.198694710190766,11.72265967861324,4.93099806741505,0.0,0.1666666666666666,0.6666666666666667,0.0,0.0,0.0,0.0,0.0,0.0,0.0,2.89,0.0,0.0,1.0,1.0,1.0,0.0,0.0,1.0,4.0,0.0,0.0,0.0,52.93000000000001,5.643856189774724,2.129935858248684,11.730927920171508,8.393727235517899,3.337200684653608,0.49,132.0
CN1CCCC1c1cccnc1,1.544303289999999,0.0,6.0,-0.1052455075143845,0.018927319538828,-0.0330838394082441,0.0803978376249085,12.71996060255296,11.725311941928458,14.02573768302972,-0.4004130845441137,0.2841462192280717,6.212748641191978,9.765316037533829,1.0,0.0,2.0,2.0,1.0,1.0,3.0,0.0,0.9166666666666666,2.0,0.0,0.5,3.8062283737024223,1.859504132231405,0.0,0.0,0.0,0.0,1.0,0.0,3.0,0.0,0.0,4.0,1.0,0.0,0.0,1.0,0.0,0.0,0.0,0.0,0.0,0.0,0.0,0.0,0.0,1.0,1.0,0.0,0.0,0.0,0.0,0.0,0.0,0.0,0.0,0.0,0.0,0.0,0.0,0.0,0.0,0.0,0.0,0.0,0.0,0.0,0.0,0.0,0.0,0.0,0.0,0.0,0.0,0.0,0.0,0.0,0.0,0.0,0.0,0.0,0.0,0.0,0.0,0.0,0.0,0.0,0.0,0.0,0.0,0.0,0.0,0.0,0.0,0.0,0.0,6.0,8.0,0.0,1.9175157240504672,0.8164965809277259,0.0,7.575476425952617,1.0,0.0,0.0,0.0,0.0,0.0,0.0,0.0,0.0,0.0,0.25,0.0,2.34,1.0,0.0,1.0,2.0,1.0,0.0,0.0,1.0,1.0,0.0,0.0,0.0,16.130000000000003,4.700439718141093,2.030067065811578,6.240875609989699,0.0,6.240875609989699,1.13,60.0
CN1CCC[C@H]1c1cccnc1,1.544303289999999,0.0,6.0,-0.1052455075143845,0.018927319538828,-0.0330838394082441,0.0803978376249085,12.71996060255296,11.725311941928458,14.02573768302972,-0.4004130845441137,0.2841462192280717,6.212748641191978,9.765316037533829,1.0,0.0,2.0,2.0,1.0,1.0,3.0,0.0,0.9166666666666666,2.0,0.0,0.5,3.8062283737024223,1.859504132231405,0.0,0.0,0.0,0.0,1.0,0.0,3.0,0.0,0.0,4.0,1.0,0.0,0.0,1.0,0.0,0.0,0.0,0.0,0.0,0.0,0.0,0.0,0.0,1.0,1.0,0.0,0.0,0.0,0.0,0.0,0.0,0.0,0.0,0.0,0.0,0.0,0.0,0.0,0.0,0.0,0.0,0.0,0.0,0.0,0.0,0.0,0.0,0.0,0.0,0.0,0.0,0.0,0.0,0.0,0.0,0.0,0.0,0.0,0.0,0.0,0.0,0.0,0.0,0.0,0.0,0.0,0.0,0.0,0.0,0.0,0.0,0.0,0.0,6.0,8.0,0.0,1.9175157240504672,0.8164965809277259,0.0,7.575476425952617,1.0,0.0,0.0,0.0,0.0,0.0,0.0,0.0,0.0,0.0,0.25,0.0,2.34,1.0,0.0,1.0,2.0,1.0,0.0,0.0,1.0,1.0,0.0,0.0,0.0,16.130000000000003,4.700439718141093,2.030067065811578,6.240875609989699,0.0,6.240875609989699,1.13,60.0
CN1CCN(C(c2ccccc2)c2ccccc2)CC1,12.062423609999987,0.0,12.0,-0.1321717736103415,-0.0441514888966582,0.123585161043793,-0.0546043042007714,20.71996060255296,11.687794990896547,14.02041951239856,-0.3936700951972028,0.2875294056261377,5.921831584849272,12.064608342499128,2.0,0.0,0.0,10.0,2.0,4.0,1.0,0.0,0.95,2.0,0.0,0.3333333333333333,7.319857312722949,3.814404432132964,0.0,0.0,0.0,0.0,1.0,0.0,4.0,0.0,0.0,10.0,1.0,0.0,0.0,2.0,0.0,0.0,0.0,0.0,0.0,0.0,0.0,0.0,0.0,0.0,2.0,0.0,0.0,0.0,0.0,0.0,0.0,0.0,0.0,0.0,0.0,0.0,0.0,0.0,0.0,0.0,0.0,0.0,0.0,0.0,0.0,0.0,0.0,0.0,0.0,0.0,0.0,0.0,0.0,0.0,0.0,0.0,0.0,0.0,0.0,0.0,0.0,0.0,0.0,0.0,0.0,0.0,0.0,0.0,0.0,0.0,0.0,0.0,0.0,6.0,2.0,0.0,2.5070380153758136,0.5313292845913056,0.0,23.74245990171759,2.381101577952299,0.0,0.0,0.0,0.0,0.0,0.0,0.0,0.0,0.0,0.0,0.3333333333333333,3.22,3.0,0.0,2.0,3.0,2.0,0.0,0.0,0.0,3.0,0.0,0.0,0.0,6.48,5.459431618637297,2.0610539834615524,6.718809012396794,0.0,6.718809012396794,2.9910000000000005,102.0
CN1CC[C@]23c4c5ccc(O)c4O[C@H]2C(=O)CC[C@@]3(O)[C@H]1C5,0.605595239999996,0.0,6.0,-0.1550213112000764,-0.186648882021526,0.1983420525373083,-0.1544651049557267,25.457856443440264,11.68329653592155,16.006645005248885,-0.4157430342507158,0.3807815762983108,5.197304556862664,13.119420964508482,1.0,0.0,0.0,5.0,2.0,1.0,6.0,0.1609876377148447,0.8181818181818182,4.0,2.0,0.5882352941176471,4.338842975206612,1.4660493827160497,0.0,0.0,0.0,0.0,1.0,0.0,5.0,0.0,0.0,2.0,2.0,0.0,1.0,4.0,0.0,0.0,0.0,0.0,0.0,0.0,0.0,0.0,0.0,0.0,1.0,0.0,0.0,0.0,2.0,1.0,1.0,0.0,0.0,0.0,0.0,0.0,0.0,0.0,0.0,0.0,0.0,0.0,0.0,0.0,0.0,0.0,0.0,0.0,0.0,0.0,0.0,0.0,0.0,0.0,0.0,0.0,0.0,0.0,0.0,0.0,0.0,0.0,0.0,0.0,0.0,0.0,0.0,0.0,0.0,0.0,0.0,0.0,0.0,8.0,,0.0,1.8573538329747523,1.4904666026077629,0.5773502691896258,6.198694710190766,8.780973944665202,6.88320234726196,1.0,0.5313292845913056,0.9085602964160698,0.0,0.0,0.0,0.0,0.0,0.0,0.0,2.78,0.0,0.0,1.0,1.0,1.0,0.0,0.0,1.0,4.0,0.0,0.0,0.0,70.0,5.700439718141093,2.1124588088383778,14.334504901960583,11.011406516376445,3.323098385584101,-0.309,140.0
CN1CC[C@]23c4c5ccc(O)c4O[C@H]2C(=O)CC[C@H]3[C@H]1C5,2.7453176099999936,0.0,6.0,-0.1532658112964424,-0.1652392304078618,0.2054661185694798,-0.1064240306668882,23.68338740789932,11.683332098294644,16.006397656025367,-0.398147179373614,0.3750693866309589,5.1677842499728674,12.883301046802329,1.0,0.0,0.0,5.0,2.0,1.0,6.0,0.0680413817439771,0.8571428571428571,3.0,1.0,0.5882352941176471,4.29506246281975,1.487603305785124,0.0,0.0,0.0,0.0,1.0,0.0,5.0,0.0,0.0,2.0,3.0,0.0,1.0,4.0,0.0,0.0,0.0,0.0,0.0,0.0,0.0,0.0,0.0,0.0,1.0,0.0,0.0,0.0,1.0,1.0,1.0,0.0,0.0,0.0,0.0,0.0,0.0,0.0,0.0,0.0,0.0,0.0,0.0,0.0,0.0,0.0,0.0,0.0,0.0,0.0,0.0,0.0,0.0,0.0,0.0,0.0,0.0,0.0,0.0,0.0,0.0,0.0,0.0,0.0,0.0,0.0,0.0,0.0,0.0,0.0,0.0,0.0,0.0,8.0,,0.0,1.8573538329747523,1.801548726969603,0.25,6.198694710190766,11.72265967861324,4.93099806741505,0.0,0.1666666666666666,0.6666666666666667,0.0,0.0,0.0,0.0,0.0,0.0,0.0,2.89,0.0,0.0,1.0,1.0,1.0,0.0,0.0,1.0,4.0,0.0,0.0,0.0,49.77,5.643856189774724,2.129935858248684,11.730927920171508,8.393727235517899,3.337200684653608,0.6009999999999999,132.0
CN1CC[C@]23c4c5ccc(O)c4O[C@H]2[C@@H](O)C=C[C@H]3[C@H]1C5,1.9232142399999932,0.0,6.0,-0.1515009727289674,-0.1633688155432313,0.2105771738074836,-0.072302918911622,23.68338740789932,11.68285936574708,16.001198324235276,-0.4134084527149682,0.3703595842077936,5.454590073487559,13.004908883858697,1.0,0.0,0.0,6.0,2.0,1.0,5.0,0.0680413817439771,0.8571428571428571,3.0,2.0,0.5294117647058824,4.29506246281975,1.487603305785124,0.0,0.0,0.0,0.0,1.0,0.0,3.0,0.0,2.0,2.0,4.0,0.0,0.0,4.0,0.0,0.0,0.0,0.0,0.0,0.0,0.0,0.0,0.0,0.0,1.0,0.0,0.0,0.0,2.0,0.0,1.0,0.0,0.0,0.0,0.0,0.0,0.0,0.0,0.0,0.0,0.0,0.0,0.0,0.0,0.0,0.0,0.0,0.0,0.0,0.0,0.0,0.0,0.0,0.0,0.0,0.0,0.0,0.0,0.0,0.0,0.0,0.0,0.0,0.0,0.0,0.0,0.0,0.0,0.0,0.0,0.0,0.0,0.0,8.0,,0.0,1.8573538329747523,1.801548726969603,0.25,6.198694710190766,11.72265967861324,4.93099806741505,0.0,0.1666666666666666,0.6666666666666667,0.0,0.0,0.0,0.0,0.0,0.0,0.0,2.89,0.0,0.0,1.0,1.0,1.0,0.0,0.0,1.0,4.0,0.0,0.0,0.0,52.93000000000001,5.643856189774724,2.129935858248684,11.730927920171508,8.393727235517899,3.337200684653608,0.49,132.0
CN1CC[C@]23c4c5ccc(O)c4O[C@H]2[C@@H](O)CC[C@H]3[C@H]1C5,2.877772959999993,0.0,6.0,-0.1465049843355298,-0.1497764361967361,0.1898119998695196,-0.0805460255499544,23.68338740789932,11.683340138210616,16.001198252682478,-0.4171963788925625,0.3693370582063934,5.447547883850393,12.920258524213152,1.0,0.0,0.0,4.0,2.0,1.0,7.0,0.0680413817439771,0.8571428571428571,3.0,2.0,0.6470588235294118,4.29506246281975,1.487603305785124,0.0,0.0,0.0,0.0,1.0,0.0,5.0,0.0,0.0,2.0,4.0,0.0,0.0,4.0,0.0,0.0,0.0,0.0,0.0,0.0,0.0,0.0,0.0,0.0,1.0,0.0,0.0,0.0,2.0,0.0,1.0,0.0,0.0,0.0,0.0,0.0,0.0,0.0,0.0,0.0,0.0,0.0,0.0,0.0,0.0,0.0,0.0,0.0,0.0,0.0,0.0,0.0,0.0,0.0,0.0,0.0,0.0,0.0,0.0,0.0,0.0,0.0,0.0,0.0,0.0,0.0,0.0,0.0,0.0,0.0,0.0,0.0,0.0,8.0,,0.0,1.8573538329747523,1.801548726969603,0.25,6.198694710190766,11.72265967861324,4.93099806741505,0.0,0.1666666666666666,0.6666666666666667,0.0,0.0,0.0,0.0,0.0,0.0,0.0,2.89,0.0,0.0,1.0,1.0,1.0,0.0,0.0,1.0,4.0,0.0,0.0,0.0,52.93000000000001,5.643856189774724,2.129935858248684,11.730927920171508,8.393727235517899,3.337200684653608,0.7439999999999998,132.0
CN1[C@@H]2CC(OC(=O)[C@H](CO)c3ccccc3)C[C@H]1[C@@H]1O[C@@H]12,0.6788112100000003,0.0,6.0,-0.28232529243193,-0.0591355795032486,-0.0837545974771979,0.1133547071089278,25.457856443440264,11.69319781881083,16.01033381016941,-0.4208995158606156,0.3975565592532463,4.74334745210965,9.84502114740538,1.0,0.0,1.0,5.0,1.0,1.0,7.0,0.0,0.8181818181818182,5.0,1.0,0.5882352941176471,6.135865595325055,2.8106508875739644,0.0,0.0,0.0,0.0,1.0,0.0,3.0,0.0,0.0,5.0,6.0,0.0,1.0,1.0,0.0,0.0,0.0,0.0,0.0,0.0,0.0,0.0,0.0,0.0,1.0,0.0,0.0,0.0,1.0,1.0,2.0,0.0,0.0,0.0,0.0,0.0,0.0,0.0,0.0,0.0,0.0,0.0,0.0,0.0,0.0,0.0,0.0,0.0,0.0,0.0,0.0,0.0,0.0,0.0,0.0,0.0,0.0,0.0,0.0,0.0,0.0,0.0,0.0,0.0,0.0,0.0,0.0,0.0,0.0,0.0,0.0,0.0,0.0,6.0,,0.0,1.1276873584008975,2.077314563334398,0.0,8.146093374951603,9.658117896693064,0.0,0.0,0.25,0.8442136252749053,0.1999999999999999,0.0,0.0,0.0,0.0,0.0,0.0,2.78,5.0,0.0,1.0,2.0,1.0,1.0,0.0,1.0,2.0,1.0,0.0,0.0,62.3,5.643856189774724,2.0531743538016745,14.458805867291437,11.144488951374758,3.314316915916678,0.7860000000000001,124.0
CNC(=C[N+](=O)[O-])NCCSCc1ccc(CN(C)C)o1,2.1503289600000013,0.0,5.0,-0.1921578664549483,-0.1280025098801808,0.1588797508937229,-0.0153978949950229,30.89108135017877,11.746124055842436,31.97307351857993,-0.421929728040617,0.3506225607769236,3.5614080040701683,9.835345388480356,1.0,0.0,2.0,4.0,0.0,4.0,0.0,0.0,0.238095238095238,3.0,2.0,0.5384615384615384,10.680473372781066,8.88888888888889,0.0,0.0,0.0,0.0,3.0,0.0,4.0,0.0,1.0,2.0,0.0,0.0,1.0,2.0,0.0,0.0,0.0,0.0,0.0,2.0,0.0,0.0,0.0,0.0,1.0,1.0,0.0,0.0,0.0,1.0,0.0,1.0,0.0,0.0,0.0,0.0,0.0,0.0,0.0,0.0,0.0,0.0,0.0,0.0,1.0,0.0,0.0,0.0,0.0,0.0,0.0,0.0,0.0,0.0,0.0,0.0,0.0,0.0,0.0,0.0,0.0,0.0,0.0,0.0,0.0,0.0,0.0,0.0,0.0,0.0,0.0,0.0,0.0,7.0,6.0,0.430674364248144,3.534260903250207,1.6465164701101374,0.0,5.601275682958293,0.6551853485522243,0.0,0.0,0.4999999999999999,0.1999999999999999,0.0,0.0,0.0,0.0,0.4999999999999999,0.73213398236815,0.0833333333333333,2.01,10.0,0.0,1.0,1.0,1.0,0.0,0.0,1.0,0.0,0.0,0.0,0.0,108.88,5.392317422778761,1.953017961091037,22.645705014473265,7.861877449020024,11.75264664475055,1.282,94.0
CNC(=C[N+](=O)[O-])NCCSCc1csc(CN(C)C)n1,1.1459702500000066,0.0,5.0,-0.1911201625136174,-0.1069680526183055,0.1464538172682188,-0.0070750457209906,36.60434565436432,11.793193763264382,31.974901477804323,-0.392225842023769,0.3507415796863997,3.564180193590808,10.83213798888482,1.0,0.0,4.0,1.0,0.0,4.0,0.0,0.0,0.238095238095238,4.0,2.0,0.5833333333333334,10.680473372781066,8.88888888888889,0.0,0.0,0.0,0.0,3.0,0.0,4.0,0.0,1.0,1.0,0.0,0.0,1.0,2.0,0.0,0.0,0.0,0.0,0.0,2.0,0.0,0.0,0.0,1.0,1.0,1.0,0.0,0.0,0.0,1.0,0.0,0.0,0.0,0.0,0.0,0.0,0.0,0.0,0.0,0.0,0.0,0.0,0.0,0.0,1.0,1.0,0.0,0.0,0.0,0.0,0.0,0.0,0.0,0.0,0.0,0.0,0.0,0.0,0.0,0.0,0.0,0.0,0.0,0.0,0.0,0.0,0.0,0.0,0.0,0.0,0.0,0.0,0.0,7.0,3.0,0.430674364248144,2.9841190534512165,1.6465164701101374,0.0,3.8597008150897687,0.6551853485522243,0.0,0.0,0.4999999999999999,0.0,0.0,0.0,0.0,0.0,0.6551853485522243,1.1167201151262067,0.0833333333333333,1.7900000000000005,10.0,0.0,1.0,1.0,1.0,0.0,0.0,1.0,0.0,0.0,0.0,0.0,136.87,5.392317422778761,1.953017961091037,25.69956323562183,4.776778440369728,14.837745653400846,1.104,94.0
CNC(=O)Oc1ccccc1OC(C)C,5.306112250000001,0.0,6.0,-0.3271699455564325,0.1309232222510208,0.0406618466430785,-0.1671305814925889,17.683387407899318,11.700225415413646,16.010135883995613,-0.3945592169465846,0.4388840465738244,4.202217283852761,8.922478906052955,0.0,0.0,0.0,6.0,0.0,2.0,1.0,0.0,0.4,2.0,1.0,0.3636363636363636,6.554016620498615,4.571428571428571,0.0,0.0,0.0,0.0,3.0,0.0,0.0,0.0,0.0,4.0,1.0,0.0,1.0,2.0,0.0,0.0,0.0,0.0,0.0,1.0,0.0,0.0,0.0,0.0,0.0,0.0,0.0,0.0,0.0,1.0,2.0,0.0,0.0,0.0,0.0,0.0,0.0,0.0,0.0,0.0,0.0,0.0,0.0,0.0,0.0,0.0,0.0,0.0,0.0,0.0,0.0,0.0,0.0,0.0,0.0,0.0,0.0,0.0,0.0,0.0,0.0,0.0,0.0,0.0,0.0,0.0,0.0,0.0,0.0,0.0,0.0,0.0,0.0,11.0,3.0,0.5952753944880748,2.2792492762021856,3.678713736737548,0.0,3.965406456500188,2.525064635825322,0.0,0.0,0.0,0.6324555320336759,0.3333333333333333,0.0,0.0,0.0,0.0,0.0,0.0,2.23,5.0,0.0,1.0,1.0,1.0,0.0,0.0,0.0,1.0,0.0,0.0,0.0,47.56,4.906890595608519,1.950602780545578,11.139798697439064,8.441998928430039,2.6977997690090283,1.977,68.0
CNC(C)C(O)c1ccccc1,1.5239902500000029,0.0,6.0,-0.0630701881841102,-0.0549691926906978,0.0633070339881255,-0.0216717992647411,13.134449336817426,11.69402625253504,15.99795105086177,-0.4144148726151651,0.2814157455837259,5.404883533213651,9.193087279131994,1.0,0.0,0.0,5.0,1.0,1.0,2.0,0.0,0.5,2.0,2.0,0.4,4.888888888888889,2.7777777777777777,0.0,0.0,0.0,0.0,2.0,0.0,0.0,0.0,0.0,5.0,2.0,0.0,0.0,1.0,0.0,0.0,0.0,0.0,0.0,1.0,0.0,0.0,0.0,0.0,0.0,0.0,0.0,0.0,1.0,0.0,0.0,0.0,0.0,0.0,0.0,0.0,0.0,0.0,0.0,0.0,0.0,0.0,0.0,0.0,0.0,0.0,0.0,0.0,0.0,0.0,0.0,0.0,0.0,0.0,0.0,0.0,0.0,0.0,0.0,0.0,0.0,0.0,0.0,0.0,0.0,0.0,0.0,0.0,0.0,0.0,0.0,0.0,0.0,6.0,,0.3333333333333333,1.914453493889385,2.6207413942088964,0.0,6.083643418932058,2.381101577952299,0.0,0.0,0.0,0.0,0.0,0.0,0.0,0.0,0.0,0.0,0.0,2.34,3.0,0.0,1.0,1.0,1.0,0.0,0.0,0.0,1.0,0.0,0.0,0.0,32.26,4.584962500721156,1.9460842532369864,5.194760984546385,2.5119332884587564,2.6828276960876307,1.388,54.0
CNN,0.8346649600000001,0.0,0.0,-0.0123257849354636,-0.0026773037399056,0.0,0.0,3.719960602552961,11.993964836618252,14.116022486110358,-0.3928639914033801,0.0439202079902266,3.9499722901246006,4.64673320696621,0.0,0.0,0.0,0.0,0.0,0.0,0.0,0.0,0.0,2.0,2.0,1.0,2.0,0.0,0.0,0.0,0.0,0.0,1.0,0.0,0.0,0.0,0.0,0.0,0.0,0.0,0.0,0.0,0.0,0.0,1.0,0.0,0.0,1.0,0.0,0.0,0.0,0.0,0.0,0.0,0.0,0.0,0.0,0.0,0.0,0.0,0.0,0.0,0.0,0.0,0.0,0.0,0.0,0.0,0.0,0.0,0.0,0.0,0.0,0.0,0.0,0.0,0.0,0.0,0.0,0.0,0.0,0.0,0.0,0.0,0.0,0.0,0.0,0.0,0.0,0.0,0.0,0.0,0.0,0.0,0.0,0.0,0.0,0.0,0.0,0.0,0.0,1.0,0.0,0.0,0.0,0.0,0.0,0.0,0.0,0.0,0.0,0.0,0.0,0.0,0.0,1.0,0.0,0.0,0.0,0.0,1.35,0.0,0.0,0.0,0.0,0.0,0.0,0.0,0.0,0.0,0.0,0.0,0.0,38.05,2.0,1.638071187457698,4.621320343559642,0.0,4.621320343559642,-0.79,6.0
CN[C@@H](C)[C@H](O)c1ccccc1,1.5239902500000029,0.0,6.0,-0.0630701881841102,-0.0549691926906978,0.0633070339881255,-0.0216717992647411,13.134449336817426,11.69402625253504,15.99795105086177,-0.4144148726151651,0.2814157455837259,5.404883533213651,9.193087279131994,1.0,0.0,0.0,5.0,1.0,1.0,2.0,0.0,0.5,2.0,2.0,0.4,4.888888888888889,2.7777777777777777,0.0,0.0,0.0,0.0,2.0,0.0,0.0,0.0,0.0,5.0,2.0,0.0,0.0,1.0,0.0,0.0,0.0,0.0,0.0,1.0,0.0,0.0,0.0,0.0,0.0,0.0,0.0,0.0,1.0,0.0,0.0,0.0,0.0,0.0,0.0,0.0,0.0,0.0,0.0,0.0,0.0,0.0,0.0,0.0,0.0,0.0,0.0,0.0,0.0,0.0,0.0,0.0,0.0,0.0,0.0,0.0,0.0,0.0,0.0,0.0,0.0,0.0,0.0,0.0,0.0,0.0,0.0,0.0,0.0,0.0,0.0,0.0,0.0,6.0,,0.3333333333333333,1.914453493889385,2.6207413942088964,0.0,6.083643418932058,2.381101577952299,0.0,0.0,0.0,0.0,0.0,0.0,0.0,0.0,0.0,0.0,0.0,2.34,3.0,0.0,1.0,1.0,1.0,0.0,0.0,0.0,1.0,0.0,0.0,0.0,32.26,4.584962500721156,1.9460842532369864,5.194760984546385,2.5119332884587564,2.6828276960876307,1.388,54.0
CO,0.1281640000000001,0.0,0.0,-0.0475455735317769,0.0,0.0,0.0,2.774469035540946,11.9969734422139,15.9979411777861,-0.425376469352967,0.0588735583589452,2.666419115825281,3.11158088417472,0.0,0.0,0.0,0.0,0.0,0.0,0.0,0.0,0.0,1.0,1.0,1.0,0.0,0.0,0.0,0.0,0.0,0.0,1.0,0.0,0.0,0.0,0.0,0.0,0.0,0.0,0.0,0.0,0.0,0.0,0.0,0.0,0.0,0.0,0.0,0.0,0.0,0.0,0.0,0.0,0.0,0.0,1.0,0.0,0.0,0.0,0.0,0.0,0.0,0.0,0.0,0.0,0.0,0.0,0.0,0.0,0.0,0.0,0.0,0.0,0.0,0.0,0.0,0.0,0.0,0.0,0.0,0.0,0.0,0.0,0.0,0.0,0.0,0.0,0.0,0.0,0.0,0.0,0.0,0.0,0.0,0.0,0.0,0.0,0.0,0.0,0.0,0.0,0.0,0.0,0.0,0.0,0.0,0.0,0.0,0.0,0.0,0.0,0.0,0.0,0.0,0.0,0.0,0.0,0.0,0.0,1.46,0.0,0.0,0.0,0.0,0.0,0.0,0.0,0.0,0.0,0.0,0.0,0.0,20.23,1.0,1.5,2.0,2.0,0.0,-0.499,2.0
COC(=O)CCC(=O)OCC(=O)C1(O)CCC2C3CC=C4CC(=O)CCC4(C)C3C(O)CC21C,1.5512702499999995,0.0,0.0,-0.4040302770130901,-0.0218323469828019,0.021797238755881,-0.2786372495158677,40.19575228432757,11.715019336211537,16.014497427545443,-0.4208763324790698,0.3935373778109014,4.005234102279973,12.711969161728748,0.0,0.0,2.0,3.0,1.0,3.0,10.0,0.3219752754296894,0.5,8.0,2.0,0.7692307692307693,10.045184304399523,4.607925678618087,0.0,0.0,0.0,0.0,3.0,0.0,10.0,0.0,1.0,0.0,4.0,0.0,5.0,0.0,0.0,0.0,0.0,0.0,0.0,0.0,0.0,0.0,0.0,0.0,0.0,0.0,0.0,0.0,2.0,4.0,2.0,0.0,0.0,0.0,0.0,0.0,0.0,0.0,0.0,0.0,0.0,0.0,0.0,0.0,0.0,0.0,0.0,0.0,0.0,0.0,0.0,0.0,0.0,0.0,0.0,0.0,0.0,0.0,0.0,0.0,0.0,0.0,0.0,0.0,0.0,0.0,0.0,0.0,0.0,0.0,0.0,0.0,0.0,3.0,,0.3010067189543957,5.5058851879412485,4.866951837505883,2.160335480328162,11.153213165993016,7.924486724405033,8.265927573882603,1.1052094495921163,1.952004189983381,2.0652817769469314,0.1999999999999999,0.0,0.0,0.0,0.0,0.0,0.0,3.4400000000000004,8.0,0.0,0.0,1.0,0.0,0.0,0.0,1.0,3.0,0.0,0.0,0.0,127.20000000000005,6.20945336562895,2.0181421605125194,20.838877452316943,20.838877452316943,0.0,0.3420000000000002,190.0
COC(=O)CCC(=O)OCC(=O)[C@@]1(O)CC[C@H]2[C@@H]3CCC4=CC(=O)CC[C@]4(C)[C@H]3[C@@H](O)C[C@@]21C,2.778555609999997,0.0,0.0,-0.414293478410613,-0.0065603001851949,0.0246164738031287,-0.2930491685102144,40.19575228432757,11.71576790202426,16.014497489703608,-0.4208743837886005,0.3936831462299685,4.0052133643384495,12.704303771880292,0.0,0.0,2.0,3.0,1.0,3.0,10.0,0.3219752754296894,0.5,8.0,2.0,0.7692307692307693,10.045184304399523,4.607925678618087,0.0,0.0,0.0,0.0,3.0,0.0,10.0,0.0,1.0,0.0,4.0,0.0,5.0,0.0,0.0,0.0,0.0,0.0,0.0,0.0,0.0,0.0,0.0,0.0,0.0,0.0,0.0,0.0,2.0,4.0,2.0,0.0,0.0,0.0,0.0,0.0,0.0,0.0,0.0,0.0,0.0,0.0,0.0,0.0,0.0,0.0,0.0,0.0,0.0,0.0,0.0,0.0,0.0,0.0,0.0,0.0,0.0,0.0,0.0,0.0,0.0,0.0,0.0,0.0,0.0,0.0,0.0,0.0,0.0,0.0,0.0,0.0,0.0,4.0,,0.3010067189543957,5.5058851879412485,4.866951837505883,2.160335480328162,11.153213165993016,7.924486724405033,8.265927573882603,1.1052094495921163,1.952004189983381,2.0652817769469314,0.1999999999999999,0.0,0.0,0.0,0.0,0.0,0.0,3.4400000000000004,8.0,0.0,0.0,1.0,0.0,0.0,0.0,1.0,3.0,0.0,0.0,0.0,127.20000000000005,6.20945336562895,2.0181421605125194,20.838877452316943,20.838877452316943,0.0,0.555,190.0
COC(=O)CCCCCC(=O)OCC(=O)C1(O)CCC2C3CC=C4CC(=O)CCC4(C)C3C(O)CC21C,6.833518810000003,0.0,0.0,-0.4188510719929386,-0.0622186968421991,0.0547461099823809,-0.0006754253918185,43.19575228432757,11.715019303188733,16.01450350688954,-0.4208790928670308,0.3874303697626917,4.014755856187158,12.715237751496533,0.0,0.0,2.0,3.0,1.0,3.0,13.0,0.3219752754296894,0.4594594594594595,8.0,2.0,0.7931034482758621,11.851652781510346,5.626825310978908,0.0,0.0,0.0,0.0,3.0,0.0,13.0,0.0,1.0,0.0,4.0,0.0,5.0,0.0,0.0,0.0,0.0,0.0,0.0,0.0,0.0,0.0,0.0,0.0,0.0,0.0,0.0,0.0,2.0,4.0,2.0,0.0,0.0,0.0,0.0,0.0,0.0,0.0,0.0,0.0,0.0,0.0,0.0,0.0,0.0,0.0,0.0,0.0,0.0,0.0,0.0,0.0,0.0,0.0,0.0,0.0,0.0,0.0,0.0,0.0,0.0,0.0,0.0,0.0,0.0,0.0,0.0,0.0,0.0,0.0,0.0,0.0,0.0,3.0,,0.2613789792873551,6.064545548940492,4.432648121338932,1.9888853863414304,15.956366042981086,7.384198564458237,7.995449860263553,1.1052094495921163,1.770749978638285,1.7581864920772192,0.1249999999999999,0.0,0.0,0.0,0.0,0.0,0.0,3.770000000000001,11.0,2.0,0.0,1.0,0.0,0.0,0.0,1.0,3.0,0.0,0.0,0.0,127.20000000000005,6.321928094887363,2.016651328189345,20.85637677820556,20.85637677820556,0.0,1.6270000000000004,202.0
COC(=O)CCCCCC(=O)OCC(=O)[C@@]1(O)CC[C@H]2[C@@H]3CCC4=CC(=O)CC[C@]4(C)[C@H]3[C@@H](O)C[C@@]21C,9.214260250000002,0.0,0.0,-0.4291142733904607,-0.0469466500445116,0.0575653450358746,-0.0150873440378755,43.19575228432757,11.715767877635315,16.01450356911313,-0.420877148817264,0.3876333997511713,4.014753308059104,12.706272019826269,0.0,0.0,2.0,3.0,1.0,3.0,13.0,0.3219752754296894,0.4594594594594595,8.0,2.0,0.7931034482758621,11.851652781510346,5.626825310978908,0.0,0.0,0.0,0.0,3.0,0.0,13.0,0.0,1.0,0.0,4.0,0.0,5.0,0.0,0.0,0.0,0.0,0.0,0.0,0.0,0.0,0.0,0.0,0.0,0.0,0.0,0.0,0.0,2.0,4.0,2.0,0.0,0.0,0.0,0.0,0.0,0.0,0.0,0.0,0.0,0.0,0.0,0.0,0.0,0.0,0.0,0.0,0.0,0.0,0.0,0.0,0.0,0.0,0.0,0.0,0.0,0.0,0.0,0.0,0.0,0.0,0.0,0.0,0.0,0.0,0.0,0.0,0.0,0.0,0.0,0.0,0.0,0.0,4.0,,0.2613789792873551,6.064545548940492,4.432648121338932,1.9888853863414304,15.956366042981086,7.384198564458237,7.995449860263553,1.1052094495921163,1.770749978638285,1.7581864920772192,0.1249999999999999,0.0,0.0,0.0,0.0,0.0,0.0,3.770000000000001,11.0,2.0,0.0,1.0,0.0,0.0,0.0,1.0,3.0,0.0,0.0,0.0,127.20000000000005,6.321928094887363,2.016651328189345,20.85637677820556,20.85637677820556,0.0,1.84,202.0
COC(=O)Cc1ccc(O)cc1,2.110627840000002,0.0,6.0,-0.1958409174297779,0.0463506050235177,-0.0146810592439225,0.0329859177291846,14.323407106622838,11.69382117856264,16.010209717975545,-0.4001383978671393,0.3846159826514359,4.185173683579944,8.596947114885564,0.0,0.0,1.0,5.0,1.0,0.0,1.0,0.0,0.5,3.0,1.0,0.2222222222222222,4.888888888888889,3.515625,0.0,0.0,0.0,0.0,1.0,0.0,1.0,0.0,0.0,4.0,0.0,0.0,1.0,2.0,0.0,0.0,0.0,0.0,0.0,0.0,0.0,0.0,0.0,0.0,0.0,0.0,0.0,0.0,1.0,1.0,1.0,0.0,0.0,0.0,0.0,0.0,0.0,0.0,0.0,0.0,0.0,0.0,0.0,0.0,0.0,0.0,0.0,0.0,0.0,0.0,0.0,0.0,0.0,0.0,0.0,0.0,0.0,0.0,0.0,0.0,0.0,0.0,0.0,0.0,0.0,0.0,0.0,0.0,0.0,0.0,0.0,0.0,0.0,7.0,,0.0,1.0296680842790196,0.7841369378620653,0.0,4.883593419305869,0.9654893846056296,0.0,0.0,0.1428571428571428,0.5345224838248487,0.0,0.0,0.0,0.0,0.0,0.0,0.0,2.12,3.0,0.0,1.0,1.0,1.0,0.0,0.0,0.0,1.0,0.0,0.0,0.0,46.53,4.584962500721156,1.949061476112328,7.673911051282525,7.673911051282525,0.0,1.364,54.0
COC(=O)Nc1nc2ccccc2[nH]1,2.7251406400000024,0.0,10.0,-0.3803984611885713,0.3089478651466601,-0.3072834873196901,0.2853292965307913,16.628878974911334,11.697671485018931,16.010041690665098,-0.372634448316325,0.440729931235499,4.098976103805596,8.871792927348386,0.0,0.0,0.0,6.0,0.0,0.0,0.0,0.0,0.6428571428571429,4.0,2.0,0.1111111111111111,4.68,2.5344,0.0,0.0,0.0,0.0,1.0,0.0,0.0,0.0,0.0,4.0,0.0,0.0,1.0,1.0,2.0,0.0,0.0,0.0,0.0,1.0,1.0,0.0,0.0,1.0,0.0,0.0,0.0,0.0,0.0,1.0,1.0,0.0,0.0,0.0,0.0,0.0,0.0,0.0,0.0,0.0,0.0,0.0,0.0,0.0,0.0,0.0,0.0,0.0,0.0,0.0,0.0,0.0,0.0,0.0,0.0,0.0,0.0,0.0,0.0,0.0,0.0,0.0,0.0,0.0,0.0,0.0,0.0,0.0,0.0,0.0,0.0,0.0,0.0,13.0,0.0,0.0,0.5345224838248488,0.9709835434146468,0.0,3.965406456500188,2.672696154421018,0.0,0.0,0.0,0.4999999999999999,0.0,0.0,0.0,0.0,1.5000000000000004,0.0,0.0,1.9,3.0,0.0,2.0,1.0,1.0,0.0,0.0,1.0,1.0,0.0,0.0,0.0,67.00999999999999,4.906890595608519,2.0217053304321952,14.441400029682868,5.169484451851822,9.27191557783105,1.663,70.0
COC(=O)c1ccc(N)cc1,0.8813454400000004,0.0,6.0,-0.2037486836948006,0.0999998070823595,-0.0317820087509121,0.0006866405018734,12.908918372358372,11.694002145969526,16.01002658316517,-0.3807773089907807,0.4145602255294472,4.373531008350198,8.405773470215523,0.0,0.0,1.0,5.0,1.0,0.0,0.0,0.0,0.5454545454545454,3.0,1.0,0.125,4.13265306122449,2.5,0.0,0.0,0.0,0.0,1.0,0.0,0.0,0.0,0.0,4.0,0.0,0.0,1.0,2.0,0.0,0.0,1.0,0.0,0.0,0.0,0.0,0.0,0.0,0.0,0.0,0.0,0.0,0.0,0.0,1.0,1.0,0.0,0.0,0.0,0.0,0.0,0.0,0.0,0.0,0.0,0.0,0.0,0.0,0.0,0.0,0.0,0.0,0.0,0.0,0.0,0.0,0.0,0.0,0.0,0.0,0.0,0.0,0.0,0.0,0.0,0.0,0.0,0.0,0.0,0.0,0.0,0.0,0.0,0.0,0.0,0.0,0.0,0.0,10.0,,0.0,0.894427190999916,0.9085602964160698,0.0,3.3019272488946267,1.3103706971044482,0.0,0.0,0.0,0.4999999999999999,0.0,0.0,0.0,0.0,0.0,0.0,0.0,2.01,2.0,0.0,1.0,1.0,1.0,0.0,0.0,0.0,1.0,0.0,0.0,0.0,52.32,4.459431618637298,1.944058476188261,7.694132639671112,5.181577616576391,2.51255502309472,1.141,50.0
COC(=O)c1ccc(O)cc1,2.010724000000001,0.0,6.0,-0.2159666393801718,0.0962759222933982,-0.0225331687012648,-0.0015947765899989,13.323407106622838,11.694352434065468,16.010209322109873,-0.3990802730668685,0.4150136541420476,4.3540395712991335,8.324391893161764,0.0,0.0,1.0,5.0,1.0,0.0,0.0,0.0,0.5454545454545454,3.0,1.0,0.125,4.13265306122449,2.5,0.0,0.0,0.0,0.0,1.0,0.0,0.0,0.0,0.0,4.0,0.0,0.0,1.0,2.0,0.0,0.0,0.0,0.0,0.0,0.0,0.0,0.0,0.0,0.0,0.0,0.0,0.0,0.0,1.0,1.0,1.0,0.0,0.0,0.0,0.0,0.0,0.0,0.0,0.0,0.0,0.0,0.0,0.0,0.0,0.0,0.0,0.0,0.0,0.0,0.0,0.0,0.0,0.0,0.0,0.0,0.0,0.0,0.0,0.0,0.0,0.0,0.0,0.0,0.0,0.0,0.0,0.0,0.0,0.0,0.0,0.0,0.0,0.0,10.0,,0.0,0.894427190999916,0.9085602964160698,0.0,3.3019272488946267,1.3103706971044482,0.0,0.0,0.1666666666666666,0.5773502691896258,0.0,0.0,0.0,0.0,0.0,0.0,0.0,2.01,2.0,0.0,1.0,1.0,1.0,0.0,0.0,0.0,1.0,0.0,0.0,0.0,46.53,4.459431618637298,1.944058476188261,7.694132639671112,7.694132639671112,0.0,1.552,50.0
COC(=O)c1ccccc1C(=O)OC,2.374064639999999,0.0,6.0,-0.39104387422496,0.2311385302852052,-0.0625985552236087,-0.306934174944449,17.097876142163784,11.688625404241,16.012162485149695,-0.3817777045938268,0.4361657896236726,4.585944988245374,9.364715246364025,0.0,0.0,2.0,4.0,2.0,0.0,0.0,0.0,0.4285714285714285,4.0,0.0,0.2,5.777777777777778,2.9943289224952743,0.0,0.0,0.0,0.0,2.0,0.0,0.0,0.0,0.0,4.0,0.0,0.0,2.0,2.0,0.0,0.0,0.0,0.0,0.0,0.0,0.0,0.0,0.0,0.0,0.0,0.0,0.0,0.0,0.0,2.0,2.0,0.0,0.0,0.0,0.0,0.0,0.0,0.0,0.0,0.0,0.0,0.0,0.0,0.0,0.0,0.0,0.0,0.0,0.0,0.0,0.0,0.0,0.0,0.0,0.0,0.0,0.0,0.0,0.0,0.0,0.0,0.0,0.0,0.0,0.0,0.0,0.0,0.0,0.0,0.0,0.0,0.0,0.0,12.0,,0.1428571428571428,1.6164124037412986,2.417100317885414,0.0,3.965406456500188,3.965406456500188,0.0,0.0,0.1999999999999999,1.2649110640673518,0.1999999999999999,0.0,0.0,0.0,0.0,0.0,0.0,2.12,4.0,0.0,1.0,1.0,1.0,0.0,0.0,0.0,1.0,0.0,0.0,0.0,52.60000000000001,4.807354922057604,1.946059721642741,10.398360407470786,10.398360407470786,0.0,1.894,64.0
COC(=O)c1ccccc1O,2.010724000000001,0.0,6.0,-0.2024115981288559,0.1065739446267333,-0.1610038403466041,0.1172308453344811,13.323407106622838,11.69428268023708,16.01021071171665,-0.3962949785933215,0.4253285824434299,4.3984442684638445,8.501953722953981,0.0,0.0,1.0,5.0,1.0,0.0,0.0,0.0,0.5454545454545454,3.0,1.0,0.125,4.13265306122449,2.2145328719723185,0.0,0.0,0.0,0.0,1.0,0.0,0.0,0.0,0.0,4.0,0.0,0.0,1.0,2.0,0.0,0.0,0.0,0.0,0.0,0.0,0.0,0.0,0.0,0.0,0.0,0.0,0.0,0.0,1.0,1.0,1.0,0.0,0.0,0.0,0.0,0.0,0.0,0.0,0.0,0.0,0.0,0.0,0.0,0.0,0.0,0.0,0.0,0.0,0.0,0.0,0.0,0.0,0.0,0.0,0.0,0.0,0.0,0.0,0.0,0.0,0.0,0.0,0.0,0.0,0.0,0.0,0.0,0.0,0.0,0.0,0.0,0.0,0.0,10.0,,0.0,0.8082062018706493,1.040041911525952,0.0,3.965406456500188,2.381101577952299,0.0,0.0,0.25,0.7071067811865476,0.0,0.0,0.0,0.0,0.0,0.0,0.0,2.01,2.0,0.0,1.0,1.0,1.0,0.0,0.0,0.0,1.0,0.0,0.0,0.0,46.53,4.459431618637298,1.9439398258736496,7.704247305767451,7.704247305767451,0.0,1.981,50.0
COC(=O)c1cccnc1,0.2860110399999997,0.0,6.0,-0.2323717165758048,0.1077471920632889,-0.1529206985755879,0.1731293253044568,11.908918372358372,11.727015470761131,16.01002608401001,-0.3951574663576437,0.4193409511866641,4.297259091484616,8.095607641782824,0.0,0.0,3.0,2.0,1.0,0.0,0.0,0.0,0.6,3.0,0.0,0.1428571428571428,4.0,2.2857142857142856,0.0,0.0,0.0,0.0,1.0,0.0,0.0,0.0,0.0,4.0,0.0,0.0,1.0,1.0,0.0,0.0,0.0,0.0,0.0,0.0,0.0,0.0,0.0,1.0,0.0,0.0,0.0,0.0,0.0,1.0,1.0,0.0,0.0,0.0,0.0,0.0,0.0,0.0,0.0,0.0,0.0,0.0,0.0,0.0,0.0,0.0,0.0,0.0,0.0,0.0,0.0,0.0,0.0,0.0,0.0,0.0,0.0,0.0,0.0,0.0,0.0,0.0,0.0,0.0,0.0,0.0,0.0,0.0,0.0,0.0,0.0,0.0,0.0,9.0,5.0,0.0,0.8545740127924683,0.8164965809277259,0.0,3.532775529001442,1.0,0.0,0.0,0.0,0.4999999999999999,0.0,0.0,0.0,0.0,0.0,0.0,0.0,1.9,2.0,0.0,1.0,1.0,1.0,0.0,0.0,0.0,1.0,0.0,0.0,0.0,39.19,4.321928094887363,1.9527241041937176,8.16928866628659,5.179035912304216,2.9902527539823733,0.706,44.0
COC(C)=O,0.0004452099999999,0.0,0.0,-0.1791887307035242,0.0687391104663451,-0.029141419723138,0.0,6.548938071081892,11.883268404739974,16.010024330044917,-0.3861337141685044,0.376526521974207,3.379428853988285,5.058205946547309,0.0,0.0,1.0,0.0,0.0,1.0,0.0,0.0,0.0,2.0,0.0,0.6666666666666666,2.25,4.0,0.0,0.0,0.0,0.0,2.0,0.0,0.0,0.0,0.0,0.0,0.0,0.0,1.0,0.0,0.0,0.0,0.0,0.0,0.0,0.0,0.0,0.0,0.0,0.0,0.0,0.0,0.0,0.0,0.0,1.0,1.0,0.0,0.0,0.0,0.0,0.0,0.0,0.0,0.0,0.0,0.0,0.0,0.0,0.0,0.0,0.0,0.0,0.0,0.0,0.0,0.0,0.0,0.0,0.0,0.0,0.0,0.0,0.0,0.0,0.0,0.0,0.0,0.0,0.0,0.0,0.0,0.0,0.0,0.0,0.0,0.0,0.0,0.0,3.0,2.0,0.3333333333333333,0.0,1.4142135623730951,0.0,0.0,0.0,0.0,0.0,0.0,0.4999999999999999,0.0,0.0,0.0,0.0,0.0,0.0,0.0,1.57,1.0,0.0,0.0,0.0,0.0,0.0,0.0,0.0,0.0,0.0,0.0,0.0,26.3,3.0,1.739360386416435,4.899812122026584,4.899812122026584,0.0,0.241,16.0
COC(C)COC(C)CO,0.0182790399999998,0.0,0.0,-0.2040155214603295,-0.1784167498619728,0.2798036741622789,-0.1097165941746003,12.323407106622838,11.849149583773745,16.001991241690302,-0.4282502786359044,0.2317605886212899,4.058806771665688,7.166230853138508,0.0,0.0,0.0,0.0,0.0,4.0,2.0,0.0,0.0,3.0,1.0,1.0,5.76,5.530864197530864,0.0,0.0,0.0,0.0,3.0,0.0,2.0,0.0,0.0,0.0,2.0,0.0,0.0,0.0,0.0,0.0,0.0,0.0,0.0,0.0,0.0,0.0,0.0,0.0,0.0,0.0,0.0,0.0,1.0,0.0,2.0,0.0,0.0,0.0,0.0,0.0,0.0,0.0,0.0,0.0,0.0,0.0,0.0,0.0,0.0,0.0,0.0,0.0,0.0,0.0,0.0,0.0,0.0,0.0,0.0,0.0,0.0,0.0,0.0,0.0,0.0,0.0,0.0,0.0,0.0,0.0,0.0,0.0,0.0,0.0,0.0,0.0,0.0,0.0,3.0,0.6694329500821695,1.8731847975721565,2.5751226567976717,0.0,0.3333333333333333,0.3333333333333333,0.0,0.0,0.0,0.4714045207910317,0.3333333333333333,0.0,0.0,0.0,0.0,0.0,0.0,1.9,5.0,0.0,0.0,0.0,0.0,0.0,0.0,0.0,0.0,0.0,0.0,0.0,38.69,4.169925001442312,1.848393058452796,7.965068015752663,7.965068015752663,0.0,0.041,38.0
COC1=CC(=O)CC(C)C12Oc1c(Cl)c(OC)cc(OC)c1C2=O,4.703259689999999,0.0,6.0,-0.3303784499067158,-0.2254916989049814,-0.038992510128776,0.3637169695223763,36.35976412109446,11.692403395813871,34.969380674630386,-0.4050834576274313,0.4420458959381473,4.832852091708018,12.223363994462549,0.0,0.0,0.0,9.0,1.0,1.0,1.0,0.0680413817439771,0.5833333333333334,3.0,0.0,0.4117647058823529,6.9575,2.731523783929051,0.0,0.0,0.0,0.0,4.0,0.0,1.0,0.0,1.0,1.0,1.0,0.0,3.0,5.0,0.0,0.0,0.0,0.0,0.0,0.0,0.0,0.0,0.0,0.0,0.0,0.0,0.0,0.0,0.0,2.0,4.0,0.0,0.0,0.0,0.0,0.0,0.0,0.0,0.0,0.0,0.0,0.0,0.0,0.0,0.0,0.0,0.0,0.0,1.0,0.0,0.0,0.0,0.0,0.0,0.0,0.0,0.0,0.0,0.0,0.0,0.0,0.0,0.0,0.0,0.0,0.0,0.0,0.0,0.0,0.0,0.0,0.0,0.0,11.0,,0.853187113686544,2.510501514600294,8.501717278798015,1.0920483450836267,0.7211247851537042,13.391687292534929,4.585756412345815,0.0,0.1666666666666666,1.5880735574929985,1.339860232175628,0.0,0.0,0.0,0.0,0.0,0.0,2.56,3.0,0.0,1.0,1.0,1.0,0.0,0.0,1.0,2.0,0.0,0.0,0.0,71.06,5.700439718141093,2.0140805346011583,19.320203436352752,16.736492037359962,0.0,2.115,132.0
COC=O,0.00332929,0.0,0.0,-0.2499209480947182,0.1404622170448921,-0.0469617041897844,0.0,5.548938071081892,11.98620792643381,16.010009499439246,-0.3871140005064259,0.337019572089424,2.7214008718069898,4.158328924999362,0.0,0.0,0.0,0.0,0.0,0.0,0.0,0.0,0.0,2.0,0.0,0.5,3.0,4.0,0.0,0.0,0.0,0.0,1.0,0.0,0.0,0.0,1.0,0.0,0.0,0.0,0.0,0.0,0.0,0.0,0.0,0.0,0.0,0.0,0.0,0.0,0.0,0.0,0.0,0.0,0.0,0.0,0.0,1.0,1.0,0.0,0.0,0.0,0.0,0.0,0.0,0.0,0.0,0.0,0.0,0.0,0.0,0.0,0.0,0.0,0.0,0.0,0.0,0.0,0.0,0.0,0.0,0.0,0.0,0.0,0.0,0.0,0.0,0.0,0.0,0.0,0.0,0.0,0.0,0.0,0.0,0.0,0.0,0.0,0.0,0.0,0.0,3.0,0.0,0.0,0.4999999999999999,0.0,0.0,0.0,0.0,0.0,0.0,0.0,0.4999999999999999,0.0,0.0,0.0,0.0,0.0,0.0,0.0,1.46,1.0,0.0,0.0,0.0,0.0,0.0,0.0,0.0,0.0,0.0,0.0,0.0,26.3,2.584962500721156,1.717830085889911,4.871320343559643,4.871320343559643,0.0,0.005,10.0
COCC(C)O,0.01240996,0.0,0.0,-0.1231037460213767,-0.0732864746023814,0.0952220340106823,-0.0317875749892922,7.548938071081892,11.84985589032764,16.000892701812962,-0.4299127236923024,0.2208864887556997,4.221353897170649,6.192163090633626,0.0,0.0,0.0,0.0,0.0,2.0,1.0,0.0,0.0,2.0,1.0,1.0,3.2,5.333333333333333,0.0,0.0,0.0,0.0,2.0,0.0,1.0,0.0,0.0,0.0,1.0,0.0,0.0,0.0,0.0,0.0,0.0,0.0,0.0,0.0,0.0,0.0,0.0,0.0,0.0,0.0,0.0,0.0,1.0,0.0,1.0,0.0,0.0,0.0,0.0,0.0,0.0,0.0,0.0,0.0,0.0,0.0,0.0,0.0,0.0,0.0,0.0,0.0,0.0,0.0,0.0,0.0,0.0,0.0,0.0,0.0,0.0,0.0,0.0,0.0,0.0,0.0,0.0,0.0,0.0,0.0,0.0,0.0,0.0,0.0,0.0,0.0,0.0,0.0,3.0,0.25,0.9999999999999998,1.1547005383792517,0.0,0.0,0.0,0.0,0.0,0.0,0.3333333333333333,0.0,0.0,0.0,0.0,0.0,0.0,0.0,1.68,2.0,0.0,0.0,0.0,0.0,0.0,0.0,0.0,0.0,0.0,0.0,0.0,29.46,3.321928094887362,1.7798629157231376,4.9945035132635605,4.9945035132635605,0.0,-0.2289999999999999,20.0
COCC(C)OCC(C)O,0.0182790399999998,0.0,0.0,-0.204321029359478,-0.1660962406980493,0.2619591445826839,-0.1049438038982702,12.323407106622838,11.849081747498229,16.00198987353693,-0.4294922139772322,0.2315321057191848,4.3734276507888,7.337033891072578,0.0,0.0,0.0,0.0,0.0,4.0,2.0,0.0,0.0,3.0,1.0,1.0,5.76,7.0,0.0,0.0,0.0,0.0,3.0,0.0,2.0,0.0,0.0,0.0,2.0,0.0,0.0,0.0,0.0,0.0,0.0,0.0,0.0,0.0,0.0,0.0,0.0,0.0,0.0,0.0,0.0,0.0,1.0,0.0,2.0,0.0,0.0,0.0,0.0,0.0,0.0,0.0,0.0,0.0,0.0,0.0,0.0,0.0,0.0,0.0,0.0,0.0,0.0,0.0,0.0,0.0,0.0,0.0,0.0,0.0,0.0,0.0,0.0,0.0,0.0,0.0,0.0,0.0,0.0,0.0,0.0,0.0,0.0,0.0,0.0,0.0,0.0,0.0,3.0,0.5777570356662537,2.065979662384912,2.3348151486780315,0.0,0.3333333333333333,0.3333333333333333,0.0,0.0,0.0,0.4714045207910317,0.3333333333333333,0.0,0.0,0.0,0.0,0.0,0.0,1.9,5.0,0.0,0.0,0.0,0.0,0.0,0.0,0.0,0.0,0.0,0.0,0.0,38.69,4.169925001442312,1.8487534507511727,7.959971298991262,7.959971298991262,0.0,0.041,38.0
COCCO,0.2390232099999994,0.0,0.0,-0.1313743258143813,-0.0825283194294969,0.1134063947703227,-0.0380308264013324,6.548938071081892,11.897318630293164,16.000891096103246,-0.4302776685589791,0.1897366065230798,3.5897165037131424,5.250925945197952,0.0,0.0,0.0,0.0,0.0,2.0,0.0,0.0,0.0,2.0,1.0,1.0,4.0,4.0,0.0,0.0,0.0,0.0,1.0,0.0,2.0,0.0,0.0,0.0,0.0,0.0,0.0,0.0,0.0,0.0,0.0,0.0,0.0,0.0,0.0,0.0,0.0,0.0,0.0,0.0,0.0,0.0,1.0,0.0,1.0,0.0,0.0,0.0,0.0,0.0,0.0,0.0,0.0,0.0,0.0,0.0,0.0,0.0,0.0,0.0,0.0,0.0,0.0,0.0,0.0,0.0,0.0,0.0,0.0,0.0,0.0,0.0,0.0,0.0,0.0,0.0,0.0,0.0,0.0,0.0,0.0,0.0,0.0,0.0,0.0,0.0,0.0,0.0,2.0,0.0,0.8164965809277259,0.0,0.0,1.0,0.0,0.0,0.0,0.0,0.3333333333333333,0.0,0.0,0.0,0.0,0.0,0.0,0.0,1.57,2.0,0.0,0.0,0.0,0.0,0.0,0.0,0.0,0.0,0.0,0.0,0.0,29.46,3.0,1.769974746830583,4.996320343559643,4.996320343559643,0.0,-0.6890000000000001,14.0
COCCOC(C)=O,0.0120560399999998,0.0,0.0,-0.2686039093575267,-0.0173580061264215,0.1547471388614499,-0.1744389342649772,10.323407106622838,11.883189192773624,16.01012325200232,-0.4285370621284952,0.3770724696389751,3.608804056931868,5.983910066406312,0.0,0.0,1.0,0.0,0.0,3.0,0.0,0.0,0.0,3.0,0.0,0.8,5.142857142857143,7.2,0.0,0.0,0.0,0.0,2.0,0.0,2.0,0.0,0.0,0.0,0.0,0.0,1.0,0.0,0.0,0.0,0.0,0.0,0.0,0.0,0.0,0.0,0.0,0.0,0.0,0.0,0.0,0.0,0.0,1.0,2.0,0.0,0.0,0.0,0.0,0.0,0.0,0.0,0.0,0.0,0.0,0.0,0.0,0.0,0.0,0.0,0.0,0.0,0.0,0.0,0.0,0.0,0.0,0.0,0.0,0.0,0.0,0.0,0.0,0.0,0.0,0.0,0.0,0.0,0.0,0.0,0.0,0.0,0.0,0.0,0.0,0.0,0.0,3.0,2.0,0.1666666666666666,1.3731780959380786,0.894427190999916,0.0,1.0,0.0,0.0,0.0,0.0,0.6324555320336759,0.3333333333333333,0.0,0.0,0.0,0.0,0.0,0.0,1.6799999999999995,4.0,0.0,0.0,0.0,0.0,0.0,0.0,0.0,0.0,0.0,0.0,0.0,35.53,3.807354922057604,1.8332448957539136,7.908563215594506,7.908563215594506,0.0,0.0509999999999999,28.0
COCCOCCO,0.3841520400000001,0.0,0.0,-0.2225164914110575,-0.1736486040457236,0.296277775405188,-0.1234210093322241,10.323407106622838,11.896257280842496,16.001984716579976,-0.4299232536186915,0.2005678603134022,3.7034116913574526,5.963200497381604,0.0,0.0,0.0,0.0,0.0,4.0,0.0,0.0,0.0,3.0,1.0,1.0,7.0,7.2,0.0,0.0,0.0,0.0,1.0,0.0,4.0,0.0,0.0,0.0,0.0,0.0,0.0,0.0,0.0,0.0,0.0,0.0,0.0,0.0,0.0,0.0,0.0,0.0,0.0,0.0,0.0,0.0,1.0,0.0,2.0,0.0,0.0,0.0,0.0,0.0,0.0,0.0,0.0,0.0,0.0,0.0,0.0,0.0,0.0,0.0,0.0,0.0,0.0,0.0,0.0,0.0,0.0,0.0,0.0,0.0,0.0,0.0,0.0,0.0,0.0,0.0,0.0,0.0,0.0,0.0,0.0,0.0,0.0,0.0,0.0,0.0,0.0,0.0,2.0,0.0,1.0920483450836267,0.0,0.0,2.94168275343288,0.0,0.0,0.0,0.0,0.4714045207910317,0.3333333333333333,0.0,0.0,0.0,0.0,0.0,0.0,1.6799999999999995,5.0,0.0,0.0,0.0,0.0,0.0,0.0,0.0,0.0,0.0,0.0,0.0,38.69,3.807354922057604,1.853888493865254,7.995860386504598,7.995860386504598,0.0,-0.879,26.0
COCCOCCOCCOC(=O)c1cccnc1,0.0201924100000002,0.0,6.0,-0.503985836909351,-0.1601151028575002,0.3988704103176556,-0.1936594976391994,23.23232547898121,11.727013815201284,16.010731385265366,-0.4298881974160811,0.4199176962410513,4.212477236321712,8.350525861063302,0.0,0.0,3.0,2.0,1.0,6.0,0.0,0.0,0.3157894736842105,6.0,0.0,0.5384615384615384,11.79591836734694,8.710775047258979,0.0,0.0,0.0,0.0,1.0,0.0,6.0,0.0,0.0,4.0,0.0,0.0,1.0,1.0,0.0,0.0,0.0,0.0,0.0,0.0,0.0,0.0,0.0,1.0,0.0,0.0,0.0,0.0,0.0,1.0,4.0,0.0,0.0,0.0,0.0,0.0,0.0,0.0,0.0,0.0,0.0,0.0,0.0,0.0,0.0,0.0,0.0,0.0,0.0,0.0,0.0,0.0,0.0,0.0,0.0,0.0,0.0,0.0,0.0,0.0,0.0,0.0,0.0,0.0,0.0,0.0,0.0,0.0,0.0,0.0,0.0,0.0,0.0,9.0,5.0,0.0,1.3605950916586962,0.1740776559556978,0.0,9.89436202056348,1.0,0.0,0.0,0.0,0.7344112539787185,1.3218021521667296,0.0,0.0,0.0,0.0,0.0,0.0,2.2299999999999995,11.0,1.0,1.0,1.0,1.0,0.0,0.0,0.0,1.0,0.0,0.0,0.0,66.88,5.247927513443585,1.9750458092073613,17.20591076355308,14.20550796923233,3.000402794320758,0.1359999999999999,80.0
COCCc1ccc(OCC(O)CNC(C)C)cc1,3.08775184,0.0,6.0,-0.2139255616749524,-0.1497594908403299,0.1045561269595533,0.0930264662224413,21.68338740789932,11.693917569972742,16.001949008624365,-0.431197325872439,0.3028482191466202,4.421586772131357,8.687225512306172,1.0,0.0,0.0,5.0,1.0,5.0,3.0,0.0,0.3157894736842105,3.0,2.0,0.6,9.833648393194707,8.0,0.0,0.0,0.0,0.0,3.0,0.0,4.0,0.0,0.0,4.0,2.0,0.0,0.0,2.0,0.0,0.0,0.0,0.0,0.0,1.0,0.0,0.0,0.0,0.0,0.0,0.0,0.0,0.0,1.0,0.0,2.0,0.0,0.0,0.0,0.0,0.0,0.0,0.0,0.0,0.0,0.0,0.0,0.0,0.0,0.0,0.0,0.0,0.0,0.0,0.0,0.0,0.0,0.0,0.0,0.0,0.0,0.0,0.0,0.0,0.0,0.0,0.0,0.0,0.0,0.0,0.0,0.0,0.0,0.0,0.0,0.0,0.0,0.0,7.0,,0.4099138248797977,3.607994387972832,2.3689894438319588,0.0,8.734913183032234,1.3218021521667296,0.0,0.0,0.0,0.3651483716701106,0.1428571428571428,0.0,0.0,0.0,0.0,0.0,0.0,2.67,9.0,0.0,1.0,1.0,1.0,0.0,0.0,0.0,1.0,0.0,0.0,0.0,50.72,5.247927513443585,1.960904255136079,11.16614945759062,8.294876457833377,2.8712729997572453,1.628,84.0
COP(=O)(OC)OC=C(Cl)Cl,0.2243916899999997,0.0,0.0,-0.6069488988970759,0.5458529402910128,-0.2535008666750684,-0.1537430013672169,35.174189758146404,11.7983180405088,34.97090765921137,-0.3633891913050522,0.5530807448050841,3.118270946308682,8.43091997922124,0.0,0.0,2.0,0.0,0.0,0.0,0.0,0.1767766952966368,0.0,4.0,0.0,0.5,4.792899408284024,4.444444444444445,0.0,0.0,0.0,0.0,2.0,0.0,0.0,0.0,1.0,0.0,0.0,0.0,1.0,0.0,0.0,0.0,0.0,0.0,0.0,0.0,0.0,0.0,0.0,0.0,0.0,0.0,0.0,0.0,0.0,1.0,3.0,0.0,0.0,0.0,0.0,0.0,0.0,0.0,0.0,0.0,1.0,0.0,0.0,0.0,0.0,0.0,0.0,0.0,2.0,0.0,0.0,0.0,0.0,0.0,0.0,0.0,0.0,0.0,0.0,0.0,0.0,0.0,0.0,0.0,0.0,0.0,0.0,0.0,0.0,0.0,0.0,0.0,0.0,7.0,2.0,0.25,0.5,0.3999999999999999,0.0,0.0,0.0,0.0,0.0,0.0,1.5000000000000004,1.5000000000000004,0.0,0.0,0.0,0.0,0.0,0.0,1.13,4.0,0.0,0.0,0.0,0.0,0.0,0.0,0.0,0.0,0.0,0.0,0.0,54.57000000000001,4.321928094887363,1.841207684108657,18.87701491175616,10.730009709699656,0.0,1.207,46.0
COS(C)(=O)=O,0.1404000900000002,0.0,0.0,-0.1827560145739351,0.0821986523463483,-0.0440568689162937,0.0,14.451160145072848,11.996624716329302,31.978821501324862,-0.3777610978596233,0.4478657327403882,5.278464140442322,7.643710028934761,0.0,0.0,0.0,0.0,0.0,0.0,0.0,0.3535533905932737,0.0,3.0,0.0,1.0,1.6326530612244898,5.333333333333333,0.0,0.0,0.0,0.0,2.0,0.0,0.0,0.0,0.0,0.0,0.0,0.0,0.0,0.0,0.0,0.0,0.0,0.0,0.0,0.0,0.0,0.0,0.0,0.0,0.0,0.0,0.0,0.0,0.0,2.0,1.0,0.0,0.0,0.0,0.0,0.0,0.0,0.0,0.0,0.0,0.0,0.0,0.0,0.0,0.0,0.0,0.0,1.0,0.0,0.0,0.0,0.0,0.0,0.0,0.0,0.0,0.0,0.0,0.0,0.0,0.0,0.0,0.0,0.0,0.0,0.0,0.0,0.0,0.0,0.0,0.0,0.0,0.0,4.0,0.0,0.3333333333333333,0.0,0.0,0.0,0.0,0.0,0.0,0.0,0.4999999999999999,0.9999999999999998,0.0,0.0,0.0,0.0,0.0,0.0,0.0,1.24,1.0,0.0,0.0,0.0,0.0,0.0,0.0,0.0,0.0,0.0,0.0,0.0,51.75,3.321928094887362,1.744331709611622,10.298097038856278,7.194543648263004,0.0,-0.8690000000000001,24.0
CO[C@@H]([C@H](O)[C@H](O)CO)[C@@H](O)C=O,5.17744516,0.0,0.0,-0.1492024767997118,-0.3339598890644705,0.0843886540817713,0.0502632069125849,17.646814213245676,11.817455205072806,16.007356321312407,-0.4250955579432043,0.3327045150720597,3.718868256132975,8.565509942854531,0.0,0.0,1.0,0.0,0.0,1.0,4.0,0.0,0.0,6.0,4.0,0.8571428571428571,6.453333333333333,3.703703703703704,0.0,0.0,0.0,0.0,1.0,0.0,1.0,0.0,1.0,0.0,4.0,0.0,0.0,0.0,0.0,0.0,0.0,0.0,0.0,0.0,0.0,0.0,0.0,0.0,0.0,0.0,0.0,0.0,4.0,1.0,1.0,0.0,0.0,0.0,0.0,0.0,0.0,0.0,0.0,0.0,0.0,0.0,0.0,0.0,0.0,0.0,0.0,0.0,0.0,0.0,0.0,0.0,0.0,0.0,0.0,0.0,0.0,0.0,0.0,0.0,0.0,0.0,0.0,0.0,0.0,0.0,0.0,0.0,0.0,0.0,0.0,0.0,0.0,1.0,6.0,0.0,0.447213595499958,1.3731780959380786,0.0,0.1999999999999999,3.965406456500188,0.0,0.0,2.272571575473953,1.341230759999709,0.0,0.0,0.0,0.0,0.0,0.0,0.0,1.5699999999999998,6.0,0.0,0.0,0.0,0.0,0.0,0.0,0.0,0.0,0.0,0.0,0.0,107.22,4.584962500721156,1.857096807313112,14.920658906328942,14.920658906328942,0.0,-2.806,54.0
COc1c2occc2cc2ccc(=O)oc12,4.782969000000001,0.0,10.0,-0.3042461164290909,-0.0360662436544895,0.1920114278412844,-0.1468719050038051,19.097876142163784,11.673165113685505,16.010817669678687,-0.4200143978479788,0.4264669544128335,4.306348232325824,9.594553965991327,0.0,0.0,2.0,7.0,2.0,0.0,0.0,0.0,0.8125,1.0,0.0,0.0833333333333333,4.349112426035503,1.8612125639152663,0.0,0.0,0.0,0.0,1.0,0.0,0.0,0.0,0.0,5.0,0.0,0.0,0.0,1.0,4.0,0.0,0.0,0.0,0.0,0.0,0.0,0.0,0.0,0.0,0.0,0.0,0.0,0.0,0.0,1.0,1.0,2.0,0.0,0.0,0.0,0.0,0.0,0.0,0.0,0.0,0.0,0.0,0.0,0.0,0.0,0.0,0.0,0.0,0.0,0.0,0.0,0.0,0.0,0.0,0.0,0.0,0.0,0.0,0.0,0.0,0.0,0.0,0.0,0.0,0.0,0.0,0.0,0.0,0.0,0.0,0.0,0.0,0.0,15.0,,0.0,0.9641925040026272,1.7854903269264255,0.0,3.6859940079665594,7.274116621114382,0.0,0.0,0.0,0.7663094323935531,0.9085602964160698,0.0,0.0,0.0,0.0,0.0,0.0,2.3400000000000003,1.0,0.0,3.0,1.0,1.0,0.0,0.0,1.0,2.0,0.0,0.0,0.0,48.67,5.169925001442312,2.070663731239228,11.559348210473951,11.559348210473951,0.0,1.7320000000000002,88.0
COc1cc(C=O)ccc1O,1.7045913599999991,0.0,6.0,-0.1546925109855915,-0.0545608540004369,0.0967643831878599,-0.1138301474018825,13.323407106622838,11.694060807763456,16.006353859851778,-0.406201677770421,0.3625487833512317,3.857170343260604,8.093709236202045,0.0,0.0,1.0,5.0,1.0,0.0,0.0,0.0,0.5454545454545454,2.0,1.0,0.125,4.13265306122449,2.2145328719723185,0.0,0.0,0.0,0.0,1.0,0.0,0.0,0.0,1.0,3.0,0.0,0.0,0.0,3.0,0.0,0.0,0.0,0.0,0.0,0.0,0.0,0.0,0.0,0.0,0.0,0.0,0.0,0.0,1.0,1.0,1.0,0.0,0.0,0.0,0.0,0.0,0.0,0.0,0.0,0.0,0.0,0.0,0.0,0.0,0.0,0.0,0.0,0.0,0.0,0.0,0.0,0.0,0.0,0.0,0.0,0.0,0.0,0.0,0.0,0.0,0.0,0.0,0.0,0.0,0.0,0.0,0.0,0.0,0.0,0.0,0.0,0.0,0.0,10.0,,0.0,0.9611245656539016,1.040041911525952,0.0,2.94168275343288,1.6509636244473134,0.0,0.0,0.1666666666666666,0.5163977794943223,0.0,0.0,0.0,0.0,0.0,0.0,0.0,2.01,2.0,0.0,1.0,1.0,1.0,0.0,0.0,0.0,1.0,0.0,0.0,0.0,46.53,4.459431618637298,1.947039618636576,7.756953708798309,7.756953708798309,0.0,0.959,50.0
COc1cc(OC)c2c(c1Cl)OC1(C2=O)C(C)CC(=O)CC1OC,4.545850409999997,0.0,6.0,-0.3290483252539743,-0.2370005032544038,-0.0540638588660118,0.3854086678038759,36.35976412109446,11.692591345396067,34.969380674236334,-0.424212798452684,0.4374036362817869,4.745044084677383,12.043673236985615,0.0,0.0,0.0,7.0,1.0,1.0,3.0,0.0680413817439771,0.5833333333333334,3.0,0.0,0.5294117647058824,6.9575,2.731523783929051,0.0,0.0,0.0,0.0,4.0,0.0,2.0,0.0,0.0,1.0,2.0,0.0,2.0,5.0,0.0,0.0,0.0,0.0,0.0,0.0,0.0,0.0,0.0,0.0,0.0,0.0,0.0,0.0,0.0,2.0,4.0,0.0,0.0,0.0,0.0,0.0,0.0,0.0,0.0,0.0,0.0,0.0,0.0,0.0,0.0,0.0,0.0,0.0,1.0,0.0,0.0,0.0,0.0,0.0,0.0,0.0,0.0,0.0,0.0,0.0,0.0,0.0,0.0,0.0,0.0,0.0,0.0,0.0,0.0,0.0,0.0,0.0,0.0,11.0,,0.853187113686544,2.510501514600294,8.501717278798015,1.0920483450836267,0.7211247851537042,13.391687292534929,4.585756412345815,0.0,0.1666666666666666,1.5880735574929985,1.339860232175628,0.0,0.0,0.0,0.0,0.0,0.0,2.56,3.0,0.0,1.0,1.0,1.0,0.0,0.0,1.0,2.0,0.0,0.0,0.0,71.06,5.700439718141093,2.0140805346011543,19.320203436352745,16.736492037359934,0.0,1.4449999999999998,132.0
COc1cc2c(c3oc(=O)c4c(c13)CCC4=O)[C@@H]1C=CO[C@@H]1O2,1.534873209999999,0.0,6.0,-0.4321356394418034,0.1692642899416549,-0.3218091526370107,0.3958864593676738,27.64681421324568,11.678320206123386,16.011726323076665,-0.4032721086271916,0.4438790255214975,4.9503187846713,11.328003968106222,0.0,0.0,2.0,6.0,4.0,1.0,2.0,0.0,0.8260869565217391,3.0,0.0,0.2941176470588235,5.5,2.0828402366863905,0.0,0.0,0.0,0.0,1.0,0.0,2.0,0.0,2.0,1.0,2.0,0.0,1.0,5.0,2.0,0.0,0.0,0.0,0.0,0.0,0.0,0.0,0.0,0.0,0.0,0.0,0.0,0.0,0.0,2.0,3.0,1.0,0.0,0.0,0.0,0.0,0.0,0.0,0.0,0.0,0.0,0.0,0.0,0.0,0.0,0.0,0.0,0.0,0.0,0.0,0.0,0.0,0.0,0.0,0.0,0.0,0.0,0.0,0.0,0.0,0.0,0.0,0.0,0.0,0.0,0.0,0.0,0.0,0.0,0.0,0.0,0.0,0.0,15.0,,0.0,0.908832600364224,2.491173277118011,0.0,2.527262010352928,21.36729383114831,0.0,0.0,0.25,1.4474154453609382,1.5162217176853323,0.0,0.0,0.0,0.0,0.0,0.0,2.67,1.0,0.0,2.0,1.0,1.0,0.0,0.0,3.0,2.0,0.0,0.0,0.0,71.06,5.754887502163469,2.110990006481633,17.43456552584728,17.43456552584728,0.0,1.219,138.0
COc1ccc(O)cc1,2.390734440000001,0.0,6.0,-0.100861393546054,0.0023791769203503,-0.0061391863250702,-0.0500536110803605,10.548938071081892,11.700151559099206,16.000859200852748,-0.4079406251356941,0.3220052481001103,4.657238925954356,7.490717374986868,0.0,0.0,0.0,6.0,0.0,0.0,0.0,0.0,0.6666666666666666,1.0,1.0,0.1428571428571428,3.239669421487603,2.0,0.0,0.0,0.0,0.0,1.0,0.0,0.0,0.0,0.0,4.0,0.0,0.0,0.0,2.0,0.0,0.0,0.0,0.0,0.0,0.0,0.0,0.0,0.0,0.0,0.0,0.0,0.0,0.0,1.0,0.0,1.0,0.0,0.0,0.0,0.0,0.0,0.0,0.0,0.0,0.0,0.0,0.0,0.0,0.0,0.0,0.0,0.0,0.0,0.0,0.0,0.0,0.0,0.0,0.0,0.0,0.0,0.0,0.0,0.0,0.0,0.0,0.0,0.0,0.0,0.0,0.0,0.0,0.0,0.0,0.0,0.0,0.0,0.0,8.0,0.0,0.0,1.1547005383792517,0.6324555320336759,0.0,3.3019272488946267,0.3333333333333333,0.0,0.0,0.0,0.1999999999999999,0.0,0.0,0.0,0.0,0.0,0.0,0.0,2.01,1.0,0.0,1.0,1.0,1.0,0.0,0.0,0.0,1.0,0.0,0.0,0.0,29.46,4.169925001442312,1.9499549367638096,5.271015978310663,5.271015978310663,0.0,1.531,40.0
COc1ccc2c(c1)c(CC(=O)O)c(C)n2C(=O)c1ccc(Cl)cc1,17.728310249999982,1.0,16.0,-0.2884088259869506,0.0290080328221616,0.0105706537407953,-0.0138030296230639,36.170806351289045,11.67536282778501,34.969380705335524,-0.4065356408282147,0.4000710473282797,4.16514549619191,11.415639289430707,0.0,0.0,2.0,11.0,3.0,1.0,1.0,0.0,0.64,3.0,1.0,0.1578947368421052,8.347140039447732,4.135279458882165,0.0,0.0,0.0,0.0,2.0,0.0,1.0,0.0,0.0,7.0,0.0,0.0,2.0,5.0,2.0,0.0,0.0,0.0,0.0,0.0,0.0,0.0,0.0,0.0,0.0,0.0,1.0,0.0,1.0,2.0,1.0,0.0,0.0,0.0,0.0,0.0,0.0,0.0,0.0,0.0,0.0,0.0,0.0,0.0,0.0,0.0,0.0,0.0,1.0,0.0,0.0,0.0,0.0,0.0,0.0,0.0,0.0,0.0,0.0,0.0,0.0,0.0,0.0,0.0,0.0,0.0,0.0,0.0,0.0,0.0,0.0,0.0,0.0,18.0,,0.1428571428571428,3.023659968003333,4.298917122818266,0.0,7.029614133624791,11.2252757764658,0.0,0.0,0.6506976368304991,0.4285714285714286,0.0,0.0,0.0,0.0,0.0,0.0,0.0,2.89,5.0,0.0,3.0,2.0,2.0,0.0,0.0,1.0,2.0,0.0,0.0,0.0,68.53,5.754887502163469,2.020511017916676,16.24357313386285,10.211556108457238,3.5129544473554395,3.418,132.0
COc1ccc2c3c1OC1C(O)C=CC4C(C2)N(C)CCC341,2.682388839999991,0.0,6.0,-0.2246252360514803,-0.1489448717983964,0.2737625407639243,-0.1707471413959157,24.68338740789932,11.682909703879712,16.0020381818455,-0.4134263465490604,0.3709759812946935,5.085396911301235,13.083636430406337,1.0,0.0,0.0,6.0,2.0,1.0,5.0,0.0680413817439771,0.8181818181818182,2.0,1.0,0.5555555555555556,4.761904761904762,1.643598615916955,0.0,0.0,0.0,0.0,2.0,0.0,3.0,0.0,2.0,2.0,4.0,0.0,0.0,4.0,0.0,0.0,0.0,0.0,0.0,0.0,0.0,0.0,0.0,0.0,1.0,0.0,0.0,0.0,1.0,0.0,2.0,0.0,0.0,0.0,0.0,0.0,0.0,0.0,0.0,0.0,0.0,0.0,0.0,0.0,0.0,0.0,0.0,0.0,0.0,0.0,0.0,0.0,0.0,0.0,0.0,0.0,0.0,0.0,0.0,0.0,0.0,0.0,0.0,0.0,0.0,0.0,0.0,0.0,0.0,0.0,0.0,0.0,0.0,8.0,,0.1111111111111111,3.080952925207776,3.603097453939206,0.447213595499958,6.198694710190766,11.72265967861324,4.93099806741505,0.0,0.0,0.4714045207910317,0.3333333333333333,0.0,0.0,0.0,0.0,0.0,0.0,3.0,1.0,0.0,1.0,1.0,1.0,0.0,0.0,1.0,4.0,0.0,0.0,0.0,41.93,5.700439718141093,2.125682902105509,11.993036420187256,8.654273863439132,3.338762556748124,0.8109999999999997,136.0
COc1ccc2c3c1O[C@H]1C(=O)CC[C@@]4(O)[C@@H](C2)N(C)CC[C@]314,1.0592526399999949,0.0,6.0,-0.228192555065787,-0.1726845756355101,0.2583768109687983,-0.261626281778604,26.457856443440264,11.68334829574576,16.00676102608297,-0.4157431333993017,0.3812462297058643,5.086914392591207,13.198017539627449,1.0,0.0,0.0,5.0,2.0,1.0,6.0,0.1609876377148447,0.782608695652174,3.0,1.0,0.6111111111111112,4.791111111111111,1.6070124178232286,0.0,0.0,0.0,0.0,2.0,0.0,5.0,0.0,0.0,2.0,2.0,0.0,1.0,4.0,0.0,0.0,0.0,0.0,0.0,0.0,0.0,0.0,0.0,0.0,1.0,0.0,0.0,0.0,1.0,1.0,2.0,0.0,0.0,0.0,0.0,0.0,0.0,0.0,0.0,0.0,0.0,0.0,0.0,0.0,0.0,0.0,0.0,0.0,0.0,0.0,0.0,0.0,0.0,0.0,0.0,0.0,0.0,0.0,0.0,0.0,0.0,0.0,0.0,0.0,0.0,0.0,0.0,0.0,0.0,0.0,0.0,0.0,0.0,8.0,,0.1111111111111111,3.080952925207776,3.132235354762033,0.9182995386645731,6.198694710190766,8.780973944665202,6.88320234726196,1.0,0.1999999999999999,0.8773826753016615,0.3333333333333333,0.0,0.0,0.0,0.0,0.0,0.0,2.89,1.0,0.0,1.0,1.0,1.0,0.0,0.0,1.0,4.0,0.0,0.0,0.0,59.00000000000001,5.754887502163469,2.109139613754436,14.598179782679187,11.273585469900452,3.3245943127787423,0.0120000000000001,144.0
COc1ccc2c3c1O[C@H]1C(=O)CC[C@H]4[C@@H](C2)N(C)CC[C@]314,3.6400824099999913,0.0,6.0,-0.2264213507791232,-0.1510544361857619,0.2673333166188694,-0.2056606834994454,24.68338740789932,11.68338395108428,16.006493697729976,-0.4034796182737715,0.3756014770875886,5.0795284324592345,12.96209783993907,1.0,0.0,0.0,5.0,2.0,1.0,6.0,0.0680413817439771,0.8181818181818182,2.0,0.0,0.6111111111111112,4.761904761904762,1.643598615916955,0.0,0.0,0.0,0.0,2.0,0.0,5.0,0.0,0.0,2.0,3.0,0.0,1.0,4.0,0.0,0.0,0.0,0.0,0.0,0.0,0.0,0.0,0.0,0.0,1.0,0.0,0.0,0.0,0.0,1.0,2.0,0.0,0.0,0.0,0.0,0.0,0.0,0.0,0.0,0.0,0.0,0.0,0.0,0.0,0.0,0.0,0.0,0.0,0.0,0.0,0.0,0.0,0.0,0.0,0.0,0.0,0.0,0.0,0.0,0.0,0.0,0.0,0.0,0.0,0.0,0.0,0.0,0.0,0.0,0.0,0.0,0.0,0.0,8.0,,0.1111111111111111,3.080952925207776,3.603097453939206,0.447213595499958,6.198694710190766,11.72265967861324,4.93099806741505,0.0,0.0,0.4714045207910317,0.3333333333333333,0.0,0.0,0.0,0.0,0.0,0.0,3.0,1.0,0.0,1.0,1.0,1.0,0.0,0.0,1.0,4.0,0.0,0.0,0.0,38.77,5.700439718141093,2.125682902105509,11.993036420187256,8.654273863439132,3.338762556748124,0.9220000000000004,136.0
COc1ccc2c3c1O[C@H]1[C@@H](O)C=C[C@H]4[C@@H](C2)N(C)CC[C@@]341,2.682388839999991,0.0,6.0,-0.2246252360514803,-0.1489448717983964,0.2737625407639243,-0.1707471413959157,24.68338740789932,11.682909703879712,16.0020381818455,-0.4134263465490604,0.3709759812946935,5.085396911301235,13.083636430406337,1.0,0.0,0.0,6.0,2.0,1.0,5.0,0.0680413817439771,0.8181818181818182,2.0,1.0,0.5555555555555556,4.761904761904762,1.643598615916955,0.0,0.0,0.0,0.0,2.0,0.0,3.0,0.0,2.0,2.0,4.0,0.0,0.0,4.0,0.0,0.0,0.0,0.0,0.0,0.0,0.0,0.0,0.0,0.0,1.0,0.0,0.0,0.0,1.0,0.0,2.0,0.0,0.0,0.0,0.0,0.0,0.0,0.0,0.0,0.0,0.0,0.0,0.0,0.0,0.0,0.0,0.0,0.0,0.0,0.0,0.0,0.0,0.0,0.0,0.0,0.0,0.0,0.0,0.0,0.0,0.0,0.0,0.0,0.0,0.0,0.0,0.0,0.0,0.0,0.0,0.0,0.0,0.0,8.0,,0.1111111111111111,3.080952925207776,3.603097453939206,0.447213595499958,6.198694710190766,11.72265967861324,4.93099806741505,0.0,0.0,0.4714045207910317,0.3333333333333333,0.0,0.0,0.0,0.0,0.0,0.0,3.0,1.0,0.0,1.0,1.0,1.0,0.0,0.0,1.0,4.0,0.0,0.0,0.0,41.93,5.700439718141093,2.125682902105509,11.993036420187256,8.654273863439132,3.338762556748124,0.8109999999999997,136.0
COc1ccc2c3c1O[C@H]1[C@@H](O)CC[C@H]4[C@@H](C2)N(C)CC[C@@]341,3.792366760000003,0.0,6.0,-0.2196247405710891,-0.1352878644713827,0.2535580199438217,-0.1764237066599491,24.68338740789932,11.683392010908616,16.002038112569913,-0.4172048643188554,0.3699647422759876,5.081865050830384,12.999048800398942,1.0,0.0,0.0,4.0,2.0,1.0,7.0,0.0680413817439771,0.8181818181818182,2.0,1.0,0.6666666666666666,4.761904761904762,1.643598615916955,0.0,0.0,0.0,0.0,2.0,0.0,5.0,0.0,0.0,2.0,4.0,0.0,0.0,4.0,0.0,0.0,0.0,0.0,0.0,0.0,0.0,0.0,0.0,0.0,1.0,0.0,0.0,0.0,1.0,0.0,2.0,0.0,0.0,0.0,0.0,0.0,0.0,0.0,0.0,0.0,0.0,0.0,0.0,0.0,0.0,0.0,0.0,0.0,0.0,0.0,0.0,0.0,0.0,0.0,0.0,0.0,0.0,0.0,0.0,0.0,0.0,0.0,0.0,0.0,0.0,0.0,0.0,0.0,0.0,0.0,0.0,0.0,0.0,8.0,,0.1111111111111111,3.080952925207776,3.603097453939206,0.447213595499958,6.198694710190766,11.72265967861324,4.93099806741505,0.0,0.0,0.4714045207910317,0.3333333333333333,0.0,0.0,0.0,0.0,0.0,0.0,3.0,1.0,0.0,1.0,1.0,1.0,0.0,0.0,1.0,4.0,0.0,0.0,0.0,41.93,5.700439718141093,2.125682902105509,11.993036420187256,8.654273863439132,3.338762556748124,1.0650000000000002,136.0
COc1ccc2cc(C(C)C(=O)O)ccc2c1,7.973281689999993,1.0,11.0,-0.1763460093074401,-0.0050993903463334,0.0035776750435523,0.0029732919838842,19.32340710662284,11.65362240444216,16.010029362774898,-0.4076613357823594,0.3911709463716454,4.264539100716878,9.807525377659957,0.0,0.0,1.0,7.0,3.0,1.0,0.0,0.0,0.5882352941176471,2.0,1.0,0.2142857142857142,5.76,3.0625,0.0,0.0,0.0,0.0,2.0,0.0,0.0,0.0,0.0,6.0,1.0,0.0,1.0,2.0,2.0,0.0,0.0,0.0,0.0,0.0,0.0,0.0,0.0,0.0,0.0,0.0,0.0,0.0,1.0,1.0,1.0,0.0,0.0,0.0,0.0,0.0,0.0,0.0,0.0,0.0,0.0,0.0,0.0,0.0,0.0,0.0,0.0,0.0,0.0,0.0,0.0,0.0,0.0,0.0,0.0,0.0,0.0,0.0,0.0,0.0,0.0,0.0,0.0,0.0,0.0,0.0,0.0,0.0,0.0,0.0,0.0,0.0,0.0,11.0,,0.1111111111111111,2.77919324208394,3.10068774763767,0.0,5.99922880524203,5.479913756094796,0.0,0.0,0.4999999999999999,0.2222222222222222,0.0,0.0,0.0,0.0,0.0,0.0,0.0,2.67,3.0,0.0,2.0,1.0,1.0,0.0,0.0,0.0,2.0,0.0,0.0,0.0,46.53,5.169925001442312,2.005033149235462,7.568214010449683,7.568214010449683,0.0,2.844,86.0
COc1ccc2cc([C@H](C)C(=O)OC[C@H]3OC(O)[C@@H](O)[C@@H](O)[C@@H]3O)ccc2c1,0.8451124900000002,0.0,11.0,-0.3782820156024693,-0.2242452267626316,0.145977633489585,-0.1609456060475156,34.19575228432757,11.653622748590358,16.011977944920048,-0.4196750629145332,0.3931777442416999,4.7615128108391485,10.069957003406367,0.0,0.0,1.0,7.0,3.0,3.0,4.0,0.0,0.7142857142857143,7.0,4.0,0.45,9.871281773931855,5.201600492459218,0.0,0.0,0.0,0.0,2.0,0.0,1.0,0.0,0.0,6.0,6.0,0.0,1.0,2.0,2.0,0.0,0.0,0.0,0.0,0.0,0.0,0.0,0.0,0.0,0.0,0.0,0.0,0.0,4.0,1.0,3.0,0.0,0.0,0.0,0.0,0.0,0.0,0.0,0.0,0.0,0.0,0.0,0.0,0.0,0.0,0.0,0.0,0.0,0.0,0.0,0.0,0.0,0.0,0.0,0.0,0.0,0.0,0.0,0.0,0.0,0.0,0.0,0.0,0.0,0.0,0.0,0.0,0.0,0.0,0.0,0.0,0.0,0.0,11.0,,0.1111111111111111,3.0494944245261557,3.797416517748206,0.0,6.427792217149569,12.911984767530171,0.0,0.0,2.135063976967522,2.699542255430245,0.4367902323681495,0.0,0.0,0.0,0.0,0.0,0.0,2.78,6.0,0.0,2.0,2.0,1.0,0.0,0.0,0.0,3.0,0.0,0.0,0.0,125.68000000000002,5.906890595608519,2.0121227300368707,21.40133449695448,21.40133449695448,0.0,1.5379999999999998,146.0
COc1ccc2cc([C@H](C)C(=O)OC[C@H]3OC(O)[C@H](O)[C@@H](O)[C@@H]3O)ccc2c1,0.8451124900000002,0.0,11.0,-0.3782820156024693,-0.2242452267626316,0.145977633489585,-0.1609456060475156,34.19575228432757,11.653622748590358,16.011977944920048,-0.4196750629145332,0.3931777442416999,4.7615128108391485,10.069957003406367,0.0,0.0,1.0,7.0,3.0,3.0,4.0,0.0,0.7142857142857143,7.0,4.0,0.45,9.871281773931855,5.201600492459218,0.0,0.0,0.0,0.0,2.0,0.0,1.0,0.0,0.0,6.0,6.0,0.0,1.0,2.0,2.0,0.0,0.0,0.0,0.0,0.0,0.0,0.0,0.0,0.0,0.0,0.0,0.0,0.0,4.0,1.0,3.0,0.0,0.0,0.0,0.0,0.0,0.0,0.0,0.0,0.0,0.0,0.0,0.0,0.0,0.0,0.0,0.0,0.0,0.0,0.0,0.0,0.0,0.0,0.0,0.0,0.0,0.0,0.0,0.0,0.0,0.0,0.0,0.0,0.0,0.0,0.0,0.0,0.0,0.0,0.0,0.0,0.0,0.0,11.0,,0.1111111111111111,3.0494944245261557,3.797416517748206,0.0,6.427792217149569,12.911984767530171,0.0,0.0,2.135063976967522,2.699542255430245,0.4367902323681495,0.0,0.0,0.0,0.0,0.0,0.0,2.78,6.0,0.0,2.0,2.0,1.0,0.0,0.0,0.0,3.0,0.0,0.0,0.0,125.68000000000002,5.906890595608519,2.0121227300368707,21.40133449695448,21.40133449695448,0.0,1.5379999999999998,146.0
COc1cccc2cc([C@H](C)C(=O)O)ccc12,7.973281689999993,1.0,11.0,-0.1764989127742935,-0.0045426552620391,0.0026442987226081,0.0086375192109751,19.32340710662284,11.65354218063988,16.010029380934274,-0.4076218376250816,0.3915514899943715,4.268865179914876,9.978195972389075,0.0,0.0,1.0,7.0,3.0,1.0,0.0,0.0,0.5882352941176471,2.0,1.0,0.2142857142857142,5.76,2.879706152433425,0.0,0.0,0.0,0.0,2.0,0.0,0.0,0.0,0.0,6.0,1.0,0.0,1.0,2.0,2.0,0.0,0.0,0.0,0.0,0.0,0.0,0.0,0.0,0.0,0.0,0.0,0.0,0.0,1.0,1.0,1.0,0.0,0.0,0.0,0.0,0.0,0.0,0.0,0.0,0.0,0.0,0.0,0.0,0.0,0.0,0.0,0.0,0.0,0.0,0.0,0.0,0.0,0.0,0.0,0.0,0.0,0.0,0.0,0.0,0.0,0.0,0.0,0.0,0.0,0.0,0.0,0.0,0.0,0.0,0.0,0.0,0.0,0.0,11.0,,0.1249999999999999,2.761373539028138,3.389991425156873,0.0,6.0465213964324045,6.120463943040977,0.0,0.0,0.4999999999999999,0.2499999999999999,0.0,0.0,0.0,0.0,0.0,0.0,0.0,2.67,3.0,0.0,2.0,1.0,1.0,0.0,0.0,0.0,2.0,0.0,0.0,0.0,46.53,5.169925001442312,2.0051461800837838,7.580607967290982,7.580607967290982,0.0,2.844,86.0
COc1ccccc1,3.28914496,0.0,6.0,-0.0855345896607085,0.002172865660074,0.0075447199596096,0.0006869919271221,8.774469035540946,11.700613078822196,16.000452910597936,-0.4066309889517499,0.2956321582052811,4.650492830845771,7.423882324751212,0.0,0.0,0.0,6.0,0.0,0.0,0.0,0.0,0.75,0.0,0.0,0.1428571428571428,3.111111111111111,1.8,0.0,0.0,0.0,0.0,1.0,0.0,0.0,0.0,0.0,5.0,0.0,0.0,0.0,1.0,0.0,0.0,0.0,0.0,0.0,0.0,0.0,0.0,0.0,0.0,0.0,0.0,0.0,0.0,0.0,0.0,1.0,0.0,0.0,0.0,0.0,0.0,0.0,0.0,0.0,0.0,0.0,0.0,0.0,0.0,0.0,0.0,0.0,0.0,0.0,0.0,0.0,0.0,0.0,0.0,0.0,0.0,0.0,0.0,0.0,0.0,0.0,0.0,0.0,0.0,0.0,0.0,0.0,0.0,0.0,0.0,0.0,0.0,0.0,7.0,0.0,0.0,1.341230759999709,0.4999999999999999,0.0,6.083643418932058,0.0,0.0,0.0,0.0,0.0,0.0,0.0,0.0,0.0,0.0,0.0,0.0,2.12,1.0,0.0,1.0,1.0,1.0,0.0,0.0,0.0,1.0,0.0,0.0,0.0,9.23,4.0,1.9615831826636247,2.761188404983744,2.761188404983744,0.0,1.937,34.0
COc1ccccc1N,1.1384890000000003,0.0,6.0,-0.0890799209367169,-0.0266305580464105,0.0456021426604897,-0.0151315553403277,10.134449336817427,11.69973673418535,16.000453617127825,-0.4049670573434606,0.326282856537696,4.78776965289709,8.063926169610829,0.0,0.0,0.0,6.0,0.0,0.0,0.0,0.0,0.6666666666666666,1.0,1.0,0.1428571428571428,3.239669421487603,1.7041420118343196,0.0,0.0,0.0,0.0,1.0,0.0,0.0,0.0,0.0,4.0,0.0,0.0,0.0,2.0,0.0,0.0,1.0,0.0,0.0,0.0,0.0,0.0,0.0,0.0,0.0,0.0,0.0,0.0,0.0,0.0,1.0,0.0,0.0,0.0,0.0,0.0,0.0,0.0,0.0,0.0,0.0,0.0,0.0,0.0,0.0,0.0,0.0,0.0,0.0,0.0,0.0,0.0,0.0,0.0,0.0,0.0,0.0,0.0,0.0,0.0,0.0,0.0,0.0,0.0,0.0,0.0,0.0,0.0,0.0,0.0,0.0,0.0,0.0,8.0,0.0,0.0,1.0162654963092297,0.8164965809277259,0.0,3.965406456500188,1.0,0.0,0.0,0.0,0.0,0.0,0.0,0.0,0.0,0.0,0.0,0.0,2.01,1.0,0.0,1.0,1.0,1.0,0.0,0.0,0.0,1.0,0.0,0.0,0.0,35.25,4.169925001442312,1.9498808270810288,5.273677360597371,2.7600875584131077,2.513589802184264,1.12,40.0
CS(=O)(=O)Nc1ccc([N+](=O)[O-])cc1Oc1ccccc1,4.821098489999998,0.0,12.0,-0.1270440047043174,-0.0243489333217556,0.0008440505375766,-0.1397663979384427,31.7200588187077,11.699087642170175,31.978753009243643,-0.3841843526500123,0.4118000110665313,3.805104121259933,10.790315383086876,0.0,0.0,0.0,12.0,0.0,0.0,0.0,0.3535533905932737,0.6190476190476191,3.0,1.0,0.0769230769230769,7.513007284079085,5.6055363321799305,0.0,0.0,0.0,0.0,1.0,0.0,0.0,0.0,0.0,8.0,0.0,0.0,0.0,4.0,0.0,0.0,0.0,0.0,0.0,1.0,0.0,0.0,0.0,0.0,0.0,1.0,0.0,0.0,0.0,3.0,1.0,0.0,0.0,0.0,0.0,0.0,0.0,0.0,0.0,0.0,0.0,0.0,0.0,0.0,0.0,0.0,0.0,1.0,0.0,0.0,0.0,0.0,0.0,0.0,0.0,0.0,0.0,0.0,0.0,0.0,0.0,0.0,0.0,0.0,0.0,0.0,0.0,0.0,0.0,0.0,0.0,0.0,0.0,20.0,0.0,0.0,1.2495759747681023,0.8773826753016615,0.0,8.663041300244087,2.6207413942088964,0.0,0.0,1.1905507889761495,0.7999999999999998,0.0,0.0,0.0,0.0,0.0,0.1999999999999999,0.0,2.01,5.0,0.0,2.0,2.0,2.0,0.0,0.0,0.0,2.0,0.0,0.0,0.0,106.92,5.459431618637297,1.990805069624601,22.00714290264078,12.736866634682452,6.02794468478203,2.635,106.0
C[C@@H]1CC(=O)NN=C1c1ccc(NN=C(C#N)C#N)cc1,1.3973604099999977,0.0,6.0,-0.0828339790420125,-0.2358089223487877,0.0096038851295676,0.1181545796152347,23.934350843199827,11.692829649301382,16.005959760350407,-0.4227048764486844,0.4622856726836341,4.13175548496944,10.128393251080029,0.0,0.0,1.0,7.0,1.0,1.0,1.0,0.0,0.5714285714285714,7.0,2.0,0.25,8.585017835909632,5.0,0.0,0.0,0.0,0.0,1.0,0.0,1.0,0.0,0.0,4.0,1.0,0.0,3.0,2.0,0.0,0.0,0.0,0.0,0.0,2.0,0.0,2.0,2.0,0.0,0.0,0.0,0.0,0.0,0.0,1.0,0.0,0.0,0.0,0.0,0.0,0.0,0.0,0.0,0.0,0.0,0.0,0.0,0.0,0.0,0.0,0.0,0.0,0.0,0.0,0.0,0.0,0.0,0.0,0.0,0.0,0.0,0.0,0.0,0.0,0.0,0.0,0.0,0.0,0.0,0.0,0.0,0.0,0.0,0.0,0.0,0.0,0.0,0.0,18.0,,0.0,1.395264720947082,1.906368585993873,0.0,5.410940356050315,4.190133451868675,0.0,0.0,0.0,0.0,0.0,0.25,1.327230961137577,0.0,1.6452997465928356,0.0,0.0,2.23,3.0,0.0,1.0,2.0,1.0,0.0,0.0,0.0,2.0,0.0,0.0,0.0,113.42999999999998,5.459431618637297,2.001727644120863,19.54263373253965,2.5203251913327107,17.02230854120695,1.9440000000000004,102.0
C[C@@H]1C[C@H]2[C@@H]3CCC4=CC(=O)C=C[C@]4(C)[C@@]3(F)[C@@H](O)C[C@]2(C)[C@@]1(O)C(=O)CO,2.695507239999998,0.0,0.0,-0.1211406178428484,-0.2650551752788842,0.1444053512753871,0.0406800447386543,33.37438931674738,11.704030113171406,19.000139233355355,-0.4162084118776374,0.3748518149831532,4.610522843976814,12.855292685121352,0.0,0.0,0.0,5.0,1.0,4.0,5.0,0.3707908118985982,0.6071428571428571,5.0,3.0,0.7272727272727273,6.497686009255963,2.395124716553288,0.0,0.0,0.0,0.0,3.0,0.0,5.0,0.0,3.0,0.0,4.0,0.0,3.0,0.0,0.0,0.0,0.0,0.0,0.0,0.0,0.0,0.0,0.0,0.0,0.0,0.0,0.0,0.0,3.0,2.0,0.0,0.0,1.0,0.0,0.0,0.0,0.0,0.0,0.0,0.0,0.0,0.0,0.0,0.0,0.0,0.0,0.0,0.0,0.0,0.0,0.0,0.0,0.0,0.0,0.0,0.0,0.0,0.0,0.0,0.0,0.0,0.0,0.0,0.0,0.0,0.0,0.0,0.0,0.0,0.0,0.0,0.0,0.0,6.0,,0.5436901865014462,5.518316351003365,5.616384888140059,4.069655060674348,7.098323376798651,5.851085878768621,11.125685095016234,2.406851949670727,1.642784601307477,0.0,0.0,0.0,0.0,0.0,0.0,0.0,0.0,3.22,2.0,0.0,0.0,1.0,0.0,0.0,0.0,1.0,3.0,0.0,0.0,0.0,94.83,5.954196310386876,2.020088512107481,15.115391514626143,12.51575877053998,0.0,1.1380000000000012,168.0
C[C@@H]1Cc2c(Cl)cc(C(=O)N[C@@H](Cc3ccccc3)C(=O)O)c(O)c2C(=O)O1,11.193039360000007,1.0,12.0,-0.3542252595172951,0.1043087048830611,-0.0635130322692715,-0.165946261530565,40.71974442237094,11.68295007098986,34.96938085730014,-0.392529346757308,0.4408726849355092,4.475288342495593,10.718122920380528,0.0,0.0,3.0,8.0,4.0,1.0,4.0,0.0,0.7142857142857143,7.0,3.0,0.25,9.871281773931855,5.389030612244898,0.0,0.0,0.0,0.0,1.0,0.0,2.0,0.0,0.0,6.0,2.0,0.0,3.0,6.0,0.0,0.0,0.0,0.0,0.0,1.0,0.0,0.0,0.0,0.0,0.0,0.0,0.0,0.0,2.0,3.0,1.0,0.0,0.0,0.0,0.0,0.0,0.0,0.0,0.0,0.0,0.0,0.0,0.0,0.0,0.0,0.0,0.0,0.0,1.0,0.0,0.0,0.0,0.0,0.0,0.0,0.0,0.0,0.0,0.0,0.0,0.0,0.0,0.0,0.0,0.0,0.0,0.0,0.0,0.0,0.0,0.0,0.0,0.0,13.0,,0.0,0.9152565233750212,2.300046392528769,0.0,7.506304798800699,16.763642911392495,0.0,0.0,1.870715593571842,0.9572486291641958,0.0,0.0,0.0,0.0,0.0,0.0,0.0,2.78,6.0,0.0,2.0,2.0,2.0,0.0,0.0,0.0,3.0,0.0,0.0,0.0,112.93000000000002,5.906890595608519,2.010731190770388,21.154217651722004,15.536657267830396,3.0454551959099674,1.93,146.0
C[C@@H]1O[C@@H](O[C@H]2C[C@@H](O)[C@]3(CO)C4C(CC[C@]3(O)C2)[C@@]2(O)CC[C@H](C3=CC(=O)OC3)[C@@]2(C)C[C@H]4O)[C@H](O)[C@H](O)[C@H]1O,4.713241000000014,0.0,0.0,-0.4692470166616089,-0.0568963707713353,-0.231274606565274,0.1624639383648811,50.29362842649135,11.729191568209565,16.014189715602413,-0.4228918525840746,0.4068553817145863,4.2398419848158735,13.477098357542994,0.0,0.0,1.0,1.0,1.0,5.0,14.0,0.3880497103308105,0.7073170731707317,12.0,8.0,0.896551724137931,10.533240997229916,4.292508917954816,0.0,0.0,0.0,0.0,2.0,0.0,9.0,0.0,1.0,0.0,11.0,0.0,2.0,0.0,0.0,0.0,0.0,0.0,0.0,0.0,0.0,0.0,0.0,0.0,0.0,0.0,0.0,0.0,8.0,1.0,3.0,0.0,0.0,0.0,0.0,0.0,0.0,0.0,0.0,0.0,0.0,0.0,0.0,0.0,0.0,0.0,0.0,0.0,0.0,0.0,0.0,0.0,0.0,0.0,0.0,0.0,0.0,0.0,0.0,0.0,0.0,0.0,0.0,0.0,0.0,0.0,0.0,0.0,0.0,0.0,0.0,0.0,0.0,5.0,,0.0769230769230769,3.103577820549042,4.483127799573366,1.5748015585007058,10.572860977790352,15.454903870619177,12.144833771266654,2.406851949670727,4.706243691613789,4.030021761178139,0.4315271869985911,0.0,0.0,0.0,0.0,0.0,0.0,3.33,4.0,3.0,0.0,3.0,0.0,0.0,0.0,2.0,4.0,0.0,0.0,0.0,206.6,6.523561956057013,2.042709677377308,32.119164869623816,32.119164869623816,0.0,-0.8080000000000005,244.0
C[C@@H]1O[C@@H](O[C@H]2C[C@@H](O)[C@]3(CO)[C@H]4[C@H](O)C[C@]5(C)[C@@H](C6=CC(=O)OC6)CC[C@]5(O)[C@@H]4CC[C@]3(O)C2)[C@H](O)[C@H](O)[C@H]1O,4.713241000000014,0.0,0.0,-0.4692470166616089,-0.0568963707713354,-0.2312746065652741,0.1624639383648812,50.29362842649135,11.729191568209572,16.014189715602416,-0.4228918525840745,0.4068553817145866,4.239841984815881,13.477098357543,0.0,0.0,1.0,1.0,1.0,5.0,14.0,0.3880497103308105,0.7073170731707317,12.0,8.0,0.896551724137931,10.533240997229916,4.292508917954816,0.0,0.0,0.0,0.0,2.0,0.0,9.0,0.0,1.0,0.0,11.0,0.0,2.0,0.0,0.0,0.0,0.0,0.0,0.0,0.0,0.0,0.0,0.0,0.0,0.0,0.0,0.0,0.0,8.0,1.0,3.0,0.0,0.0,0.0,0.0,0.0,0.0,0.0,0.0,0.0,0.0,0.0,0.0,0.0,0.0,0.0,0.0,0.0,0.0,0.0,0.0,0.0,0.0,0.0,0.0,0.0,0.0,0.0,0.0,0.0,0.0,0.0,0.0,0.0,0.0,0.0,0.0,0.0,0.0,0.0,0.0,0.0,0.0,5.0,,0.0769230769230769,3.103577820549042,4.483127799573366,1.5748015585007058,10.572860977790352,15.454903870619177,12.144833771266654,2.406851949670727,4.706243691613789,4.030021761178139,0.4315271869985911,0.0,0.0,0.0,0.0,0.0,0.0,3.33,4.0,3.0,0.0,3.0,0.0,0.0,0.0,2.0,4.0,0.0,0.0,0.0,206.6,6.523561956057013,2.0427096773773097,32.119164869623816,32.119164869623816,0.0,-0.808,244.0
C[C@H](N)C(=O)N[C@@H](Cc1c[nH]c2ccccc12)C(=O)O,0.8091002499999992,1.0,10.0,-0.1891021537303572,-0.0797263229413006,0.1557268039332301,-0.1625978682199629,23.40334801045228,11.676545870531744,16.01031939950029,-0.4052324320925801,0.4023857128723102,4.442088173414593,10.15491772874801,1.0,0.0,3.0,5.0,2.0,1.0,3.0,0.0,0.45,5.0,4.0,0.2857142857142857,7.319857312722949,4.25,0.0,0.0,0.0,0.0,1.0,0.0,1.0,0.0,0.0,5.0,2.0,0.0,2.0,1.0,2.0,0.0,1.0,0.0,0.0,1.0,1.0,0.0,0.0,0.0,0.0,0.0,0.0,0.0,1.0,2.0,0.0,0.0,0.0,0.0,0.0,0.0,0.0,0.0,0.0,0.0,0.0,0.0,0.0,0.0,0.0,0.0,0.0,0.0,0.0,0.0,0.0,0.0,0.0,0.0,0.0,0.0,0.0,0.0,0.0,0.0,0.0,0.0,0.0,0.0,0.0,0.0,0.0,0.0,0.0,0.0,0.0,0.0,0.0,9.0,,0.0,0.7683234267440493,1.8002246990225068,0.0,6.0465213964324045,7.235214526027271,0.0,0.0,0.814325284978472,0.0,0.0,0.0,0.4082482904638631,0.0,0.1999999999999999,0.0,0.0,2.34,6.0,0.0,2.0,1.0,1.0,0.0,0.0,1.0,1.0,0.0,0.0,0.0,108.21,5.392317422778761,1.99119880301003,15.788755209498143,7.31457887902875,8.4741763304694,-1.573,100.0
C[C@H]1CCCC(=O)CCC/C=C/c2cc(O)cc(O)c2C(=O)O1,10.530024999999998,0.0,6.0,-0.2122805587503945,0.049452374722347,-0.1542237703626955,0.0998070708204178,26.87234517770473,11.682820504946136,16.01094324173588,-0.4007765328207539,0.4318883647784682,4.7443668708719215,10.458450438271525,0.0,0.0,1.0,7.0,2.0,1.0,7.0,0.0,0.782608695652174,5.0,2.0,0.4444444444444444,9.474609375,6.094182825484765,0.0,0.0,0.0,0.0,1.0,0.0,6.0,0.0,2.0,2.0,1.0,0.0,2.0,4.0,0.0,0.0,0.0,0.0,0.0,0.0,0.0,0.0,0.0,0.0,0.0,0.0,0.0,0.0,2.0,2.0,1.0,0.0,0.0,0.0,0.0,0.0,0.0,0.0,0.0,0.0,0.0,0.0,0.0,0.0,0.0,0.0,0.0,0.0,0.0,0.0,0.0,0.0,0.0,0.0,0.0,0.0,0.0,0.0,0.0,0.0,0.0,0.0,0.0,0.0,0.0,0.0,0.0,0.0,0.0,0.0,0.0,0.0,0.0,13.0,,0.0,1.956094216287979,1.8648436491027405,0.0,12.676237634152535,6.897261835940313,0.0,0.0,0.9202893164613648,0.9709835434146468,0.0,0.0,0.0,0.0,0.0,0.0,0.0,2.89,0.0,0.0,1.0,1.0,1.0,0.0,0.0,0.0,1.0,0.0,0.0,0.0,83.83,5.584962500721157,1.997060236304739,13.14342538776339,13.14342538776339,0.0,3.396,112.0
C[C@H]1C[C@H]2[C@@H]3CCC4=CC(=O)C=C[C@]4(C)[C@@]3(F)[C@@H](O)C[C@]2(C)[C@@]1(O)C(=O)CO,2.695507239999998,0.0,0.0,-0.1211406178428484,-0.2650551752788842,0.1444053512753871,0.0406800447386543,33.37438931674738,11.704030113171406,19.000139233355355,-0.4162084118776374,0.3748518149831532,4.610522843976814,12.855292685121352,0.0,0.0,0.0,5.0,1.0,4.0,5.0,0.3707908118985982,0.6071428571428571,5.0,3.0,0.7272727272727273,6.497686009255963,2.395124716553288,0.0,0.0,0.0,0.0,3.0,0.0,5.0,0.0,3.0,0.0,4.0,0.0,3.0,0.0,0.0,0.0,0.0,0.0,0.0,0.0,0.0,0.0,0.0,0.0,0.0,0.0,0.0,0.0,3.0,2.0,0.0,0.0,1.0,0.0,0.0,0.0,0.0,0.0,0.0,0.0,0.0,0.0,0.0,0.0,0.0,0.0,0.0,0.0,0.0,0.0,0.0,0.0,0.0,0.0,0.0,0.0,0.0,0.0,0.0,0.0,0.0,0.0,0.0,0.0,0.0,0.0,0.0,0.0,0.0,0.0,0.0,0.0,0.0,6.0,,0.5436901865014462,5.518316351003365,5.616384888140059,4.069655060674348,7.098323376798651,5.851085878768621,11.125685095016234,2.406851949670727,1.642784601307477,0.0,0.0,0.0,0.0,0.0,0.0,0.0,0.0,3.22,2.0,0.0,0.0,1.0,0.0,0.0,0.0,1.0,3.0,0.0,0.0,0.0,94.83,5.954196310386876,2.020088512107481,15.115391514626143,12.51575877053998,0.0,1.1380000000000012,168.0
C[C@H]1O[C@@H](O[C@H]2[C@@H](O)C[C@H](O[C@H]3[C@@H](O)C[C@H](O[C@H]4CC[C@@]5(C)[C@H](CC[C@@H]6[C@@H]5CC[C@]5(C)[C@@H](C7=CC(=O)OC7)CC[C@]65O)C4)O[C@@H]3C)O[C@@H]2C)C[C@H](O)[C@@H]1O,9.618061689999983,0.0,0.0,-0.8195845646482911,0.0191874433662283,-0.1681090847623388,-0.1742803528035195,64.0680974620323,11.72916672621256,16.015972718298894,-0.4206198845802054,0.4072236519014119,4.234745047265626,12.892664684298314,0.0,0.0,1.0,1.0,1.0,9.0,22.0,0.3219752754296894,0.7962962962962963,13.0,5.0,0.926829268292683,15.55034722222222,7.347434599605733,0.0,0.0,0.0,0.0,5.0,0.0,13.0,0.0,1.0,0.0,17.0,0.0,2.0,0.0,0.0,0.0,0.0,0.0,0.0,0.0,0.0,0.0,0.0,0.0,0.0,0.0,0.0,0.0,5.0,1.0,7.0,0.0,0.0,0.0,0.0,0.0,0.0,0.0,0.0,0.0,0.0,0.0,0.0,0.0,0.0,0.0,0.0,0.0,0.0,0.0,0.0,0.0,0.0,0.0,0.0,0.0,0.0,0.0,0.0,0.0,0.0,0.0,0.0,0.0,0.0,0.0,0.0,0.0,0.0,0.0,0.0,0.0,0.0,5.0,,0.8594890704097569,8.21610528403232,12.187565023452528,2.104827692590156,15.016244367526037,23.365622330090662,7.57508489445518,1.3103706971044482,1.1780697095530517,4.720718875384144,2.988257910939264,0.0,0.0,0.0,0.0,0.0,0.0,4.54,7.0,2.0,0.0,5.0,0.0,0.0,0.0,2.0,6.0,0.0,0.0,0.0,182.83,6.930737337562887,2.063160184789416,36.89150646045693,36.89150646045693,0.0,3.4150000000000005,314.0
C[C@H]1O[C@@H](O[C@H]2[C@@H](O)C[C@H](O[C@H]3[C@@H](O)C[C@H](O[C@H]4CC[C@@]5(C)[C@H](CC[C@@H]6[C@@H]5CC[C@]5(C)[C@H](C7=CC(=O)OC7)CC[C@]65O)C4)O[C@@H]3C)O[C@@H]2C)C[C@H](O)[C@@H]1O,9.618061689999983,0.0,0.0,-0.8195845646482911,0.0191874433662283,-0.1681090847623388,-0.1742803528035195,64.0680974620323,11.72916672621256,16.015972718298894,-0.4206198845802054,0.4072236519014119,4.234745047265626,12.892664684298314,0.0,0.0,1.0,1.0,1.0,9.0,22.0,0.3219752754296894,0.7962962962962963,13.0,5.0,0.926829268292683,15.55034722222222,7.347434599605733,0.0,0.0,0.0,0.0,5.0,0.0,13.0,0.0,1.0,0.0,17.0,0.0,2.0,0.0,0.0,0.0,0.0,0.0,0.0,0.0,0.0,0.0,0.0,0.0,0.0,0.0,0.0,0.0,5.0,1.0,7.0,0.0,0.0,0.0,0.0,0.0,0.0,0.0,0.0,0.0,0.0,0.0,0.0,0.0,0.0,0.0,0.0,0.0,0.0,0.0,0.0,0.0,0.0,0.0,0.0,0.0,0.0,0.0,0.0,0.0,0.0,0.0,0.0,0.0,0.0,0.0,0.0,0.0,0.0,0.0,0.0,0.0,0.0,5.0,,0.8594890704097569,8.21610528403232,12.187565023452528,2.104827692590156,15.016244367526037,23.365622330090662,7.57508489445518,1.3103706971044482,1.1780697095530517,4.720718875384144,2.988257910939264,0.0,0.0,0.0,0.0,0.0,0.0,4.54,7.0,2.0,0.0,5.0,0.0,0.0,0.0,2.0,6.0,0.0,0.0,0.0,182.83,6.930737337562887,2.063160184789416,36.89150646045693,36.89150646045693,0.0,3.4150000000000005,314.0
C[C@]12C=CC(=O)C=C1CC[C@@H]1[C@@H]2C(O)C[C@@]2(C)[C@H]1CC[C@]2(O)C(=O)CO,1.4249196899999947,0.0,0.0,-0.1161965159601129,-0.1932114739357437,0.0700110388841808,0.0207771604367065,29.87234517770473,11.704101576635852,16.008038501903265,-0.420863822600855,0.3699796535536941,4.532458644549145,12.843558535590295,0.0,0.0,0.0,5.0,1.0,3.0,6.0,0.3219752754296894,0.6538461538461539,5.0,3.0,0.7142857142857143,6.25,2.4860198911615687,0.0,0.0,0.0,0.0,2.0,0.0,6.0,0.0,3.0,0.0,4.0,0.0,3.0,0.0,0.0,0.0,0.0,0.0,0.0,0.0,0.0,0.0,0.0,0.0,0.0,0.0,0.0,0.0,3.0,2.0,0.0,0.0,0.0,0.0,0.0,0.0,0.0,0.0,0.0,0.0,0.0,0.0,0.0,0.0,0.0,0.0,0.0,0.0,0.0,0.0,0.0,0.0,0.0,0.0,0.0,0.0,0.0,0.0,0.0,0.0,0.0,0.0,0.0,0.0,0.0,0.0,0.0,0.0,0.0,0.0,0.0,0.0,0.0,6.0,,0.1666666666666666,4.439191750381925,3.9971965059329175,2.3189837636060755,9.15236923260434,6.86643562625151,8.003868130077175,1.1052094495921163,1.642784601307477,0.0,0.0,0.0,0.0,0.0,0.0,0.0,0.0,3.22,2.0,0.0,0.0,1.0,0.0,0.0,0.0,1.0,3.0,0.0,0.0,0.0,94.83,5.857980995127573,2.037393458018632,12.555494826861665,12.555494826861665,0.0,1.021,154.0
C[C@]12C=CC(=O)C=C1CC[C@@H]1[C@@H]2[C@@H](O)C[C@@]2(C)[C@H]1CC[C@]2(O)C(=O)CO,1.4249196899999947,0.0,0.0,-0.1161965159601129,-0.1932114739357437,0.0700110388841808,0.0207771604367065,29.87234517770473,11.704101576635852,16.008038501903265,-0.420863822600855,0.3699796535536941,4.532458644549145,12.843558535590295,0.0,0.0,0.0,5.0,1.0,3.0,6.0,0.3219752754296894,0.6538461538461539,5.0,3.0,0.7142857142857143,6.25,2.4860198911615687,0.0,0.0,0.0,0.0,2.0,0.0,6.0,0.0,3.0,0.0,4.0,0.0,3.0,0.0,0.0,0.0,0.0,0.0,0.0,0.0,0.0,0.0,0.0,0.0,0.0,0.0,0.0,0.0,3.0,2.0,0.0,0.0,0.0,0.0,0.0,0.0,0.0,0.0,0.0,0.0,0.0,0.0,0.0,0.0,0.0,0.0,0.0,0.0,0.0,0.0,0.0,0.0,0.0,0.0,0.0,0.0,0.0,0.0,0.0,0.0,0.0,0.0,0.0,0.0,0.0,0.0,0.0,0.0,0.0,0.0,0.0,0.0,0.0,6.0,,0.1666666666666666,4.439191750381925,3.9971965059329175,2.3189837636060755,9.15236923260434,6.86643562625151,8.003868130077175,1.1052094495921163,1.642784601307477,0.0,0.0,0.0,0.0,0.0,0.0,0.0,0.0,3.22,2.0,0.0,0.0,1.0,0.0,0.0,0.0,1.0,3.0,0.0,0.0,0.0,94.83,5.857980995127573,2.037393458018632,12.555494826861665,12.555494826861665,0.0,1.021,154.0
C[C@]12C=CC(=O)C=C1CC[C@H]1[C@@H]3C[C@@H](O)[C@](O)(C(=O)CO)[C@@]3(C)C[C@H](O)[C@@]12F,0.1264513599999983,0.0,0.0,-0.1203627472512717,-0.3014040166519896,0.146967565586942,0.0522288789565837,34.14885835228833,11.704030230451236,19.00013943791882,-0.417962866346142,0.3845288931564524,4.561221568592582,12.81004472576576,0.0,0.0,0.0,5.0,1.0,3.0,6.0,0.3707908118985982,0.6071428571428571,6.0,4.0,0.7142857142857143,6.497686009255963,2.395124716553288,0.0,0.0,0.0,0.0,2.0,0.0,5.0,0.0,3.0,0.0,4.0,0.0,3.0,0.0,0.0,0.0,0.0,0.0,0.0,0.0,0.0,0.0,0.0,0.0,0.0,0.0,0.0,0.0,4.0,2.0,0.0,0.0,1.0,0.0,0.0,0.0,0.0,0.0,0.0,0.0,0.0,0.0,0.0,0.0,0.0,0.0,0.0,0.0,0.0,0.0,0.0,0.0,0.0,0.0,0.0,0.0,0.0,0.0,0.0,0.0,0.0,0.0,0.0,0.0,0.0,0.0,0.0,0.0,0.0,0.0,0.0,0.0,0.0,6.0,,0.1666666666666666,3.968348810197456,3.772242510552996,3.0238732405701403,7.098323376798651,5.851085878768621,11.125685095016234,2.406851949670727,2.6065026725134657,0.0,0.0,0.0,0.0,0.0,0.0,0.0,0.0,3.0,2.0,0.0,0.0,1.0,0.0,0.0,0.0,1.0,3.0,0.0,0.0,0.0,115.06,5.954196310386876,2.0200885121074785,17.6645597397741,15.06492699568794,0.0,0.6689999999999996,168.0
C[C@]12CCC(=O)C=C1CC[C@@H]1[C@@H]2C(=O)C[C@@]2(C)[C@H]1CC[C@]2(O)C(=O)CO,1.0695696399999972,0.0,0.0,-0.1044777807234201,-0.2095146515732087,0.0653763235260846,0.0167195141846138,29.87234517770473,11.715681486460763,16.00895940045677,-0.4144409891773457,0.3709025015777092,4.529471067192806,12.645026667267688,0.0,0.0,0.0,4.0,1.0,3.0,7.0,0.3219752754296894,0.6538461538461539,5.0,2.0,0.7619047619047619,6.25,2.4860198911615687,0.0,0.0,0.0,0.0,2.0,0.0,8.0,0.0,1.0,0.0,3.0,0.0,4.0,0.0,0.0,0.0,0.0,0.0,0.0,0.0,0.0,0.0,0.0,0.0,0.0,0.0,0.0,0.0,2.0,3.0,0.0,0.0,0.0,0.0,0.0,0.0,0.0,0.0,0.0,0.0,0.0,0.0,0.0,0.0,0.0,0.0,0.0,0.0,0.0,0.0,0.0,0.0,0.0,0.0,0.0,0.0,0.0,0.0,0.0,0.0,0.0,0.0,0.0,0.0,0.0,0.0,0.0,0.0,0.0,0.0,0.0,0.0,0.0,4.0,,0.1666666666666666,4.439191750381925,3.9971965059329175,2.3189837636060755,9.15236923260434,6.86643562625151,8.003868130077175,1.1052094495921163,1.642784601307477,0.0,0.0,0.0,0.0,0.0,0.0,0.0,0.0,3.22,2.0,0.0,0.0,1.0,0.0,0.0,0.0,1.0,3.0,0.0,0.0,0.0,91.67,5.857980995127573,2.037393458018632,12.555494826861665,12.555494826861665,0.0,0.14,154.0
C[C@]12CCC(=O)C=C1CC[C@@H]1[C@@H]2CC[C@@]2(C)[C@H]1CC[C@]2(O)C(=O)CO,5.694427689999987,0.0,0.0,-0.0850523080005117,-0.1990287260872995,0.0450732318150218,0.0266724473632946,28.097876142163784,11.715798374477227,16.00768509722899,-0.4144302376413698,0.3686410140515747,4.524428085222836,12.555009445106938,0.0,0.0,0.0,3.0,1.0,3.0,8.0,0.3219752754296894,0.68,4.0,2.0,0.8095238095238095,6.0,2.370612244897959,0.0,0.0,0.0,0.0,2.0,0.0,9.0,0.0,1.0,0.0,3.0,0.0,3.0,0.0,0.0,0.0,0.0,0.0,0.0,0.0,0.0,0.0,0.0,0.0,0.0,0.0,0.0,0.0,2.0,2.0,0.0,0.0,0.0,0.0,0.0,0.0,0.0,0.0,0.0,0.0,0.0,0.0,0.0,0.0,0.0,0.0,0.0,0.0,0.0,0.0,0.0,0.0,0.0,0.0,0.0,0.0,0.0,0.0,0.0,0.0,0.0,0.0,0.0,0.0,0.0,0.0,0.0,0.0,0.0,0.0,0.0,0.0,0.0,4.0,,0.1666666666666666,5.083304550052069,3.3388750165881267,2.3189837636060755,11.851238241525406,4.643316712339544,6.706373757284563,1.1052094495921163,0.9969464817210032,0.0,0.0,0.0,0.0,0.0,0.0,0.0,0.0,3.33,2.0,0.0,0.0,1.0,0.0,0.0,0.0,1.0,3.0,0.0,0.0,0.0,74.6,5.807354922057604,2.0456639229832336,9.973563608765724,9.973563608765724,0.0,2.427,148.0
C[C@]12CCC(=O)C=C1CC[C@@H]1[C@@H]2[C@@H](O)C[C@@]2(C)[C@H]1CC[C@]2(O)C(=O)CO,1.480845609999997,0.0,0.0,-0.1060955236903801,-0.1986756221521034,0.065021802553856,0.022407200586738,29.87234517770473,11.715767938626248,16.008038345579344,-0.4209105902236762,0.3691729105606501,4.531797162046236,12.688531314232584,0.0,0.0,0.0,3.0,1.0,3.0,8.0,0.3219752754296894,0.6538461538461539,5.0,3.0,0.8095238095238095,6.25,2.4860198911615687,0.0,0.0,0.0,0.0,2.0,0.0,8.0,0.0,1.0,0.0,4.0,0.0,3.0,0.0,0.0,0.0,0.0,0.0,0.0,0.0,0.0,0.0,0.0,0.0,0.0,0.0,0.0,0.0,3.0,2.0,0.0,0.0,0.0,0.0,0.0,0.0,0.0,0.0,0.0,0.0,0.0,0.0,0.0,0.0,0.0,0.0,0.0,0.0,0.0,0.0,0.0,0.0,0.0,0.0,0.0,0.0,0.0,0.0,0.0,0.0,0.0,0.0,0.0,0.0,0.0,0.0,0.0,0.0,0.0,0.0,0.0,0.0,0.0,4.0,,0.1666666666666666,4.439191750381925,3.9971965059329175,2.3189837636060755,9.15236923260434,6.86643562625151,8.003868130077175,1.1052094495921163,1.642784601307477,0.0,0.0,0.0,0.0,0.0,0.0,0.0,0.0,3.22,2.0,0.0,0.0,1.0,0.0,0.0,0.0,1.0,3.0,0.0,0.0,0.0,94.83,5.857980995127573,2.037393458018632,12.555494826861665,12.555494826861665,0.0,0.5530000000000004,154.0
C[C@]12CCC(=O)C=C1CC[C@@H]1[C@@H]2[C@@H](O)C[C@@]2(C)[C@H]1CC[C@]2(O)C(=O)COC(=O)CCC(=O)O,2.004772809999998,1.0,0.0,-0.3258047267492134,-0.0775787951282263,0.0766504543592234,-0.2876996731123702,39.19575228432757,11.715767915626593,16.01433632714773,-0.4208766388662797,0.393344375901785,3.687295791636085,12.70336497796843,0.0,0.0,2.0,3.0,1.0,3.0,10.0,0.3219752754296894,0.5151515151515151,8.0,3.0,0.76,9.465066174207449,4.3895747599451305,0.0,0.0,0.0,0.0,2.0,0.0,10.0,0.0,1.0,0.0,4.0,0.0,5.0,0.0,0.0,0.0,0.0,0.0,0.0,0.0,0.0,0.0,0.0,0.0,0.0,0.0,0.0,0.0,3.0,4.0,1.0,0.0,0.0,0.0,0.0,0.0,0.0,0.0,0.0,0.0,0.0,0.0,0.0,0.0,0.0,0.0,0.0,0.0,0.0,0.0,0.0,0.0,0.0,0.0,0.0,0.0,0.0,0.0,0.0,0.0,0.0,0.0,0.0,0.0,0.0,0.0,0.0,0.0,0.0,0.0,0.0,0.0,0.0,4.0,,0.1666666666666666,4.668109230604797,4.151320348141912,2.3189837636060755,11.153213165993016,7.924486724405033,8.265927573882603,1.1052094495921163,2.777119163948473,1.4904666026077629,0.0,0.0,0.0,0.0,0.0,0.0,0.0,3.33,7.0,0.0,0.0,1.0,0.0,0.0,0.0,1.0,3.0,0.0,0.0,0.0,138.2,6.169925001442312,2.0189108958317274,20.456302770168936,20.456302770168936,0.0,0.2340000000000003,186.0
C[C@]12CCC(=O)C=C1CC[C@@H]1[C@@H]2[C@@H](O)C[C@@]2(C)[C@H]1CC[C@]2(O)C(=O)COC(=O)CCC(N)=O,0.6621076899999989,0.0,0.0,-0.2956263032981585,-0.0967355099974656,0.0768117700896977,-0.2383136507967729,38.7812635500631,11.71576791522923,16.01270408507132,-0.4208734422159229,0.3870165933293962,4.000507692370547,12.70428748360854,0.0,0.0,2.0,3.0,1.0,3.0,10.0,0.3219752754296894,0.5151515151515151,8.0,3.0,0.76,9.465066174207449,4.3895747599451305,0.0,0.0,0.0,0.0,2.0,0.0,10.0,0.0,1.0,0.0,4.0,0.0,5.0,0.0,0.0,0.0,1.0,0.0,0.0,0.0,0.0,0.0,0.0,0.0,0.0,0.0,0.0,0.0,2.0,4.0,1.0,0.0,0.0,0.0,0.0,0.0,0.0,0.0,0.0,0.0,0.0,0.0,0.0,0.0,0.0,0.0,0.0,0.0,0.0,0.0,0.0,0.0,0.0,0.0,0.0,0.0,0.0,0.0,0.0,0.0,0.0,0.0,0.0,0.0,0.0,0.0,0.0,0.0,0.0,0.0,0.0,0.0,0.0,4.0,,0.1666666666666666,4.668109230604797,4.151320348141912,2.3189837636060755,11.153213165993016,7.924486724405033,8.265927573882603,1.1052094495921163,1.952004189983381,1.290945263310367,0.0,0.0,0.0,0.0,0.0,0.0,0.0,3.33,7.0,0.0,0.0,1.0,0.0,0.0,0.0,1.0,3.0,0.0,0.0,0.0,143.99,6.169925001442312,2.0189108958317274,20.456302770168936,18.07697992928699,2.379322840881961,-0.4939999999999996,186.0
C[C@]12CCC(=O)C=C1CC[C@@H]1[C@@H]2[C@@H](O)C[C@@]2(C)[C@H]1CC[C@]2(O)C(=O)COC(=O)CCCCCC(=O)O,7.75344025,1.0,0.0,-0.3413444128486308,-0.1231048864255196,0.0903908091742568,-0.016290344942103,42.19575228432757,11.715767891077958,16.014342338314165,-0.4208794275617516,0.387332808197712,3.696868346174127,12.70608399687185,0.0,0.0,2.0,3.0,1.0,3.0,13.0,0.3219752754296894,0.4722222222222222,8.0,3.0,0.7857142857142857,11.238888888888887,5.406462585034014,0.0,0.0,0.0,0.0,2.0,0.0,13.0,0.0,1.0,0.0,4.0,0.0,5.0,0.0,0.0,0.0,0.0,0.0,0.0,0.0,0.0,0.0,0.0,0.0,0.0,0.0,0.0,0.0,3.0,4.0,1.0,0.0,0.0,0.0,0.0,0.0,0.0,0.0,0.0,0.0,0.0,0.0,0.0,0.0,0.0,0.0,0.0,0.0,0.0,0.0,0.0,0.0,0.0,0.0,0.0,0.0,0.0,0.0,0.0,0.0,0.0,0.0,0.0,0.0,0.0,0.0,0.0,0.0,0.0,0.0,0.0,0.0,0.0,4.0,,0.1666666666666666,4.880270992529751,4.0386423446762825,2.3189837636060755,15.956366042981086,7.384198564458237,7.995449860263553,1.1052094495921163,2.4161971741781625,1.3031735420871409,0.0,0.0,0.0,0.0,0.0,0.0,0.0,3.66,10.0,1.0,0.0,1.0,0.0,0.0,0.0,1.0,3.0,0.0,0.0,0.0,138.2,6.285402218862249,2.017300670218789,20.48363407411717,20.48363407411717,0.0,1.5190000000000006,198.0
C[C@]12CCC(=O)C=C1CC[C@@H]1[C@@H]2[C@@H](O)C[C@@]2(C)[C@H]1CC[C@]2(O)C(=O)COC(=O)CCCCCC(N)=O,4.762433290000001,0.0,0.0,-0.3088595627866702,-0.1342433850771631,0.0912546699979764,-0.0185151813471212,41.7812635500631,11.715767890684944,16.01270922800429,-0.4208762629019867,0.3847293746776041,4.010048445151642,12.706268646319645,0.0,0.0,2.0,3.0,1.0,3.0,13.0,0.3219752754296894,0.4722222222222222,8.0,3.0,0.7857142857142857,11.238888888888887,5.406462585034014,0.0,0.0,0.0,0.0,2.0,0.0,13.0,0.0,1.0,0.0,4.0,0.0,5.0,0.0,0.0,0.0,1.0,0.0,0.0,0.0,0.0,0.0,0.0,0.0,0.0,0.0,0.0,0.0,2.0,4.0,1.0,0.0,0.0,0.0,0.0,0.0,0.0,0.0,0.0,0.0,0.0,0.0,0.0,0.0,0.0,0.0,0.0,0.0,0.0,0.0,0.0,0.0,0.0,0.0,0.0,0.0,0.0,0.0,0.0,0.0,0.0,0.0,0.0,0.0,0.0,0.0,0.0,0.0,0.0,0.0,0.0,0.0,0.0,4.0,,0.1666666666666666,4.880270992529751,4.0386423446762825,2.3189837636060755,15.956366042981086,7.384198564458237,7.995449860263553,1.1052094495921163,1.770749978638285,1.193679763332484,0.0,0.0,0.0,0.0,0.0,0.0,0.0,3.66,10.0,1.0,0.0,1.0,0.0,0.0,0.0,1.0,3.0,0.0,0.0,0.0,143.99,6.285402218862249,2.017300670218789,20.48363407411717,18.10189161110718,2.381742463009986,0.7910000000000004,198.0
C[C@]12CCC(=O)C=C1CC[C@@H]1[C@@H]2[C@@H](O)C[C@@]2(C)[C@H]1CC[C@]2(O)C(=O)COC(=O)CCCCCO,5.787873639999995,0.0,0.0,-0.2819158036856997,-0.1316214327961159,0.0977286589993046,-0.0078910074770439,39.42128324878662,11.715767899385376,16.012203064521913,-0.4236533857929876,0.3841845174265245,3.942941532315847,12.705418878089102,0.0,0.0,1.0,3.0,1.0,4.0,12.0,0.3219752754296894,0.5,7.0,3.0,0.8148148148148148,10.400738688827332,4.720999405116002,0.0,0.0,0.0,0.0,2.0,0.0,13.0,0.0,1.0,0.0,4.0,0.0,4.0,0.0,0.0,0.0,0.0,0.0,0.0,0.0,0.0,0.0,0.0,0.0,0.0,0.0,0.0,0.0,3.0,3.0,1.0,0.0,0.0,0.0,0.0,0.0,0.0,0.0,0.0,0.0,0.0,0.0,0.0,0.0,0.0,0.0,0.0,0.0,0.0,0.0,0.0,0.0,0.0,0.0,0.0,0.0,0.0,0.0,0.0,0.0,0.0,0.0,0.0,0.0,0.0,0.0,0.0,0.0,0.0,0.0,0.0,0.0,0.0,4.0,,0.1666666666666666,4.880270992529751,4.1367527093224,2.3189837636060755,15.956366042981086,7.435960624908306,8.311647286686254,1.1052094495921163,1.8229920132921515,1.2205432007722363,0.0,0.0,0.0,0.0,0.0,0.0,0.0,3.66,9.0,0.0,0.0,1.0,0.0,0.0,0.0,1.0,3.0,0.0,0.0,0.0,121.13,6.20945336562895,2.023233859909753,18.12871892053184,18.12871892053184,0.0,1.0590000000000002,188.0
C[C@]12CCC(=O)C=C1CC[C@@H]1[C@@H]2[C@@H](O)C[C@]2(C=O)[C@@H](C(=O)CO)CC[C@@H]12,1.2499240000000018,0.0,0.0,-0.1428134122310245,-0.1240630475584953,0.1029241832163823,-0.1296114533354548,29.87234517770473,11.715807703554685,16.008923900210082,-0.4207915351812802,0.3396398939479709,4.48217328098413,12.681942478627551,0.0,0.0,1.0,3.0,1.0,2.0,8.0,0.2011844635310912,0.6538461538461539,5.0,2.0,0.7619047619047619,6.805293005671078,2.703673469387755,0.0,0.0,0.0,0.0,1.0,0.0,8.0,0.0,2.0,0.0,5.0,0.0,3.0,0.0,0.0,0.0,0.0,0.0,0.0,0.0,0.0,0.0,0.0,0.0,0.0,0.0,0.0,0.0,2.0,3.0,0.0,0.0,0.0,0.0,0.0,0.0,0.0,0.0,0.0,0.0,0.0,0.0,0.0,0.0,0.0,0.0,0.0,0.0,0.0,0.0,0.0,0.0,0.0,0.0,0.0,0.0,0.0,0.0,0.0,0.0,0.0,0.0,0.0,0.0,0.0,0.0,0.0,0.0,0.0,0.0,0.0,0.0,0.0,4.0,,0.0,2.457606667196251,2.265327594494314,0.894427190999916,11.281305056387968,9.050330552353277,6.788339317661063,0.25,1.4989481914158802,0.0,0.0,0.0,0.0,0.0,0.0,0.0,0.0,3.22,3.0,0.0,0.0,1.0,0.0,0.0,0.0,1.0,3.0,0.0,0.0,0.0,91.67,5.857980995127573,2.048112669987196,12.567203815482914,12.567203815482914,0.0,0.257,150.0
C[C@]12CCC(=O)C=C1CC[C@@H]1[C@@H]2[C@H](O)C[C@@]2(C)[C@H]1CC[C@]2(O)C(=O)CO,1.480845609999997,0.0,0.0,-0.1060955236903801,-0.1986756221521034,0.065021802553856,0.022407200586738,29.87234517770473,11.715767938626248,16.008038345579344,-0.4209105902236762,0.3691729105606501,4.531797162046236,12.688531314232584,0.0,0.0,0.0,3.0,1.0,3.0,8.0,0.3219752754296894,0.6538461538461539,5.0,3.0,0.8095238095238095,6.25,2.4860198911615687,0.0,0.0,0.0,0.0,2.0,0.0,8.0,0.0,1.0,0.0,4.0,0.0,3.0,0.0,0.0,0.0,0.0,0.0,0.0,0.0,0.0,0.0,0.0,0.0,0.0,0.0,0.0,0.0,3.0,2.0,0.0,0.0,0.0,0.0,0.0,0.0,0.0,0.0,0.0,0.0,0.0,0.0,0.0,0.0,0.0,0.0,0.0,0.0,0.0,0.0,0.0,0.0,0.0,0.0,0.0,0.0,0.0,0.0,0.0,0.0,0.0,0.0,0.0,0.0,0.0,0.0,0.0,0.0,0.0,0.0,0.0,0.0,0.0,4.0,,0.1666666666666666,4.439191750381925,3.9971965059329175,2.3189837636060755,9.15236923260434,6.86643562625151,8.003868130077175,1.1052094495921163,1.642784601307477,0.0,0.0,0.0,0.0,0.0,0.0,0.0,0.0,3.22,2.0,0.0,0.0,1.0,0.0,0.0,0.0,1.0,3.0,0.0,0.0,0.0,94.83,5.857980995127573,2.037393458018632,12.555494826861665,12.555494826861665,0.0,0.5530000000000004,154.0
C[C@]12CC[C@@H]3c4ccc(O)cc4CC[C@H]3[C@@H]1CCC2=O,14.237038239999997,0.0,6.0,-0.0442158892269089,-0.0393483250588228,0.0009193035458432,0.0080365301647787,21.54893807108189,11.68503464819442,16.006093422860143,-0.400562376482619,0.3198068870312008,5.032537449915873,11.505736719463211,0.0,0.0,0.0,5.0,2.0,1.0,6.0,0.1178511301977579,0.85,2.0,1.0,0.6111111111111112,4.75,1.9608401566393732,0.0,0.0,0.0,0.0,1.0,0.0,6.0,0.0,0.0,3.0,3.0,0.0,1.0,3.0,0.0,0.0,0.0,0.0,0.0,0.0,0.0,0.0,0.0,0.0,0.0,0.0,0.0,0.0,1.0,1.0,0.0,0.0,0.0,0.0,0.0,0.0,0.0,0.0,0.0,0.0,0.0,0.0,0.0,0.0,0.0,0.0,0.0,0.0,0.0,0.0,0.0,0.0,0.0,0.0,0.0,0.0,0.0,0.0,0.0,0.0,0.0,0.0,0.0,0.0,0.0,0.0,0.0,0.0,0.0,0.0,0.0,0.0,0.0,7.0,,0.0,2.202594807212814,1.8403081227010007,1.0,10.5026299094428,7.762009630236172,2.6751236219107266,0.0,0.0999999999999999,0.0,0.0,0.0,0.0,0.0,0.0,0.0,0.0,3.22,0.0,0.0,1.0,1.0,1.0,0.0,0.0,1.0,3.0,0.0,0.0,0.0,37.3,5.523561956057013,2.088349803559617,5.093016508400799,5.093016508400799,0.0,3.625,118.0
C[C@]12CC[C@@H]3c4ccc(O)cc4CC[C@H]3[C@@H]1CC[C@@H]2O,14.536681289999986,0.0,6.0,-0.0433522181576011,-0.0250234428781001,0.005731973847931,0.007936967223582,21.54893807108189,11.685035381856498,15.999019076986333,-0.4203072874187135,0.3103384664141484,5.032831601008996,11.526251207624563,0.0,0.0,0.0,4.0,2.0,1.0,7.0,0.1178511301977579,0.85,2.0,2.0,0.6666666666666666,4.75,1.9608401566393732,0.0,0.0,0.0,0.0,1.0,0.0,6.0,0.0,0.0,3.0,4.0,0.0,0.0,3.0,0.0,0.0,0.0,0.0,0.0,0.0,0.0,0.0,0.0,0.0,0.0,0.0,0.0,0.0,2.0,0.0,0.0,0.0,0.0,0.0,0.0,0.0,0.0,0.0,0.0,0.0,0.0,0.0,0.0,0.0,0.0,0.0,0.0,0.0,0.0,0.0,0.0,0.0,0.0,0.0,0.0,0.0,0.0,0.0,0.0,0.0,0.0,0.0,0.0,0.0,0.0,0.0,0.0,0.0,0.0,0.0,0.0,0.0,0.0,7.0,,0.0,2.202594807212814,1.8403081227010007,1.0,10.5026299094428,7.762009630236172,2.6751236219107266,0.0,0.0999999999999999,0.0,0.0,0.0,0.0,0.0,0.0,0.0,0.0,3.22,0.0,0.0,1.0,1.0,1.0,0.0,0.0,1.0,3.0,0.0,0.0,0.0,40.46,5.523561956057013,2.088349803559617,5.093016508400799,5.093016508400799,0.0,4.232,118.0
C[C@]12CC[C@@H]3c4ccc(O)cc4CC[C@H]3[C@@H]1C[C@@H](O)[C@@H]2O,8.098577639999986,0.0,6.0,-0.0536386796213978,-0.092738201961694,0.041556983775008,0.011274242482834,23.32340710662284,11.685035373148898,16.00013008261358,-0.4218536009234734,0.3114069820796135,5.033750284175071,11.595531003358502,0.0,0.0,0.0,4.0,2.0,1.0,7.0,0.1178511301977579,0.8095238095238095,3.0,3.0,0.6666666666666666,5.0,2.066326530612245,0.0,0.0,0.0,0.0,1.0,0.0,5.0,0.0,0.0,3.0,5.0,0.0,0.0,3.0,0.0,0.0,0.0,0.0,0.0,0.0,0.0,0.0,0.0,0.0,0.0,0.0,0.0,0.0,3.0,0.0,0.0,0.0,0.0,0.0,0.0,0.0,0.0,0.0,0.0,0.0,0.0,0.0,0.0,0.0,0.0,0.0,0.0,0.0,0.0,0.0,0.0,0.0,0.0,0.0,0.0,0.0,0.0,0.0,0.0,0.0,0.0,0.0,0.0,0.0,0.0,0.0,0.0,0.0,0.0,0.0,0.0,0.0,0.0,7.0,,0.0,1.8836870760260955,2.166547775355553,1.0,8.559689041667726,9.742566755462722,3.1617412604678483,0.0,0.4481404746557165,0.0,0.0,0.0,0.0,0.0,0.0,0.0,0.0,3.11,0.0,0.0,1.0,1.0,1.0,0.0,0.0,1.0,3.0,0.0,0.0,0.0,60.69,5.584962500721157,2.0772950432398734,7.617498982703744,7.617498982703744,0.0,3.631,124.0
C[C@]12CC[C@H]3[C@@H](CCC4=CC(=O)CC[C@@]43C)[C@@H]1CC[C@@H]2C(=O)CO,9.745635239999988,0.0,0.0,-0.0840232114330337,-0.1423432354117166,0.0635254322362575,-0.0094572108896062,26.32340710662284,11.715801421431314,16.00734994486454,-0.4147430803143932,0.3318951081686195,4.4654687582646,12.538703729289397,0.0,0.0,0.0,3.0,1.0,3.0,8.0,0.2357022603955158,0.7083333333333334,3.0,1.0,0.8095238095238095,6.020551649540292,2.4814453125,0.0,0.0,0.0,0.0,2.0,0.0,9.0,0.0,1.0,0.0,4.0,0.0,3.0,0.0,0.0,0.0,0.0,0.0,0.0,0.0,0.0,0.0,0.0,0.0,0.0,0.0,0.0,0.0,1.0,2.0,0.0,0.0,0.0,0.0,0.0,0.0,0.0,0.0,0.0,0.0,0.0,0.0,0.0,0.0,0.0,0.0,0.0,0.0,0.0,0.0,0.0,0.0,0.0,0.0,0.0,0.0,0.0,0.0,0.0,0.0,0.0,0.0,0.0,0.0,0.0,0.0,0.0,0.0,0.0,0.0,0.0,0.0,0.0,4.0,,0.1666666666666666,5.083304550052069,3.9158973933228873,1.788854381999832,11.851238241525406,6.496457355542058,5.80205850268521,0.25,0.4085289703216219,0.0,0.0,0.0,0.0,0.0,0.0,0.0,0.0,3.44,2.0,0.0,0.0,1.0,0.0,0.0,0.0,1.0,3.0,0.0,0.0,0.0,54.370000000000005,5.754887502163469,2.057567798579545,7.4558231167180065,7.4558231167180065,0.0,3.7889999999999993,140.0
C[C@]12CC[C@H]3[C@@H](CCC4=CC(=O)CC[C@@]43C)[C@@H]1CC[C@@H]2O,11.110888889999991,0.0,0.0,-0.0591351052649278,-0.0415756908319675,0.0123802355695142,-0.0049497764864583,22.54893807108189,11.715833785921657,16.006093367713497,-0.4206287815229254,0.3212488987766513,4.794413458804761,12.481372036058598,0.0,0.0,0.0,2.0,1.0,2.0,9.0,0.2357022603955158,0.8095238095238095,2.0,1.0,0.8421052631578947,4.746877054569362,1.9262782401902496,0.0,0.0,0.0,0.0,2.0,0.0,8.0,0.0,1.0,0.0,4.0,0.0,2.0,0.0,0.0,0.0,0.0,0.0,0.0,0.0,0.0,0.0,0.0,0.0,0.0,0.0,0.0,0.0,1.0,1.0,0.0,0.0,0.0,0.0,0.0,0.0,0.0,0.0,0.0,0.0,0.0,0.0,0.0,0.0,0.0,0.0,0.0,0.0,0.0,0.0,0.0,0.0,0.0,0.0,0.0,0.0,0.0,0.0,0.0,0.0,0.0,0.0,0.0,0.0,0.0,0.0,0.0,0.0,0.0,0.0,0.0,0.0,0.0,4.0,,0.1666666666666666,4.763321281219133,3.4982700604631765,1.788854381999832,10.5026299094428,5.026097724552823,5.282134177669156,0.25,0.0999999999999999,0.0,0.0,0.0,0.0,0.0,0.0,0.0,0.0,3.33,0.0,0.0,0.0,1.0,0.0,0.0,0.0,1.0,3.0,0.0,0.0,0.0,37.3,5.584962500721157,2.0721425234379565,5.08465560301042,5.08465560301042,0.0,3.6349999999999993,126.0
C[C@]12C[C@H](O)[C@@]3(F)[C@@H](CCC4=CC(=O)C=C[C@@]43C)[C@@H]1CC[C@H]2C(=O)CO,4.23536399999999,0.0,0.0,-0.1217136521336497,-0.2196884904592797,0.1437319958009598,0.046968167796972,30.599920281206437,11.704031421006151,19.00013872127846,-0.4160712376131947,0.356484444687137,4.47278706436202,12.777736440503077,0.0,0.0,0.0,5.0,1.0,3.0,6.0,0.303246536147057,0.6538461538461539,4.0,2.0,0.7142857142857143,6.25,2.419284149013879,0.0,0.0,0.0,0.0,2.0,0.0,6.0,0.0,3.0,0.0,4.0,0.0,3.0,0.0,0.0,0.0,0.0,0.0,0.0,0.0,0.0,0.0,0.0,0.0,0.0,0.0,0.0,0.0,2.0,2.0,0.0,0.0,1.0,0.0,0.0,0.0,0.0,0.0,0.0,0.0,0.0,0.0,0.0,0.0,0.0,0.0,0.0,0.0,0.0,0.0,0.0,0.0,0.0,0.0,0.0,0.0,0.0,0.0,0.0,0.0,0.0,0.0,0.0,0.0,0.0,0.0,0.0,0.0,0.0,0.0,0.0,0.0,0.0,6.0,,0.1666666666666666,4.439191750381925,3.883090854295589,2.4811113252000823,9.15236923260434,6.130850101614126,8.748756990527644,1.3103706971044482,0.8586394358205235,0.0,0.0,0.0,0.0,0.0,0.0,0.0,0.0,3.22,2.0,0.0,0.0,1.0,0.0,0.0,0.0,1.0,3.0,0.0,0.0,0.0,74.6,5.857980995127573,2.0366978355850245,12.612457612971635,10.012010536982215,0.0,1.781,154.0
C[C@]12C[C@H](O)[C@H]3[C@@H](CCC4=CC(=O)CC[C@@]43C)[C@@H]1CC[C@@H]2C(=O)CO,3.811865759999999,0.0,0.0,-0.1066251558315652,-0.1493701573506289,0.0745382165532771,0.0335310145000958,28.097876142163784,11.715771025565346,16.00764986083402,-0.4208495728358821,0.3328205648590062,4.472838827163371,12.670727896242814,0.0,0.0,0.0,3.0,1.0,3.0,8.0,0.2357022603955158,0.68,4.0,2.0,0.8095238095238095,6.269629629629629,2.587658721318779,0.0,0.0,0.0,0.0,2.0,0.0,8.0,0.0,1.0,0.0,5.0,0.0,3.0,0.0,0.0,0.0,0.0,0.0,0.0,0.0,0.0,0.0,0.0,0.0,0.0,0.0,0.0,0.0,2.0,2.0,0.0,0.0,0.0,0.0,0.0,0.0,0.0,0.0,0.0,0.0,0.0,0.0,0.0,0.0,0.0,0.0,0.0,0.0,0.0,0.0,0.0,0.0,0.0,0.0,0.0,0.0,0.0,0.0,0.0,0.0,0.0,0.0,0.0,0.0,0.0,0.0,0.0,0.0,0.0,0.0,0.0,0.0,0.0,4.0,,0.1666666666666666,4.439191750381925,4.574516361730896,1.788854381999832,9.15236923260434,9.050330552353277,6.788339317661063,0.25,0.8586394358205235,0.0,0.0,0.0,0.0,0.0,0.0,0.0,0.0,3.33,2.0,0.0,0.0,1.0,0.0,0.0,0.0,1.0,3.0,0.0,0.0,0.0,74.6,5.807354922057604,2.048491868907842,10.040739157761111,10.040739157761111,0.0,1.7040000000000002,146.0
C[n+]1ccc(-c2cc[n+](C)cc2)cc1,1.719245440000001,0.0,12.0,-0.176478782176613,0.0288897922629756,0.015804398947814,0.0101910333079268,14.71996060255296,11.6989637633022,14.032827374313795,-0.4867634581017239,0.2970414822824533,5.8220598709505325,9.711393195470963,2.0,0.0,4.0,4.0,2.0,0.0,0.0,0.0,0.8571428571428571,0.0,0.0,0.1666666666666666,4.68,2.75,0.0,0.0,0.0,0.0,2.0,0.0,0.0,0.0,0.0,8.0,0.0,0.0,0.0,2.0,0.0,0.0,0.0,0.0,0.0,0.0,0.0,0.0,0.0,0.0,0.0,0.0,2.0,0.0,0.0,0.0,0.0,0.0,0.0,0.0,0.0,0.0,0.0,0.0,0.0,0.0,0.0,0.0,0.0,0.0,0.0,0.0,0.0,0.0,0.0,0.0,0.0,0.0,0.0,0.0,0.0,0.0,0.0,0.0,0.0,0.0,0.0,0.0,0.0,0.0,0.0,0.0,0.0,0.0,0.0,0.0,0.0,0.0,0.0,12.0,6.0,0.1111111111111111,4.015779399036634,0.894427190999916,0.0,9.907484227384668,1.0,0.0,0.0,0.0,0.0,0.0,0.0,0.0,0.0,0.0,0.0,0.1428571428571428,2.56,1.0,0.0,2.0,2.0,2.0,0.0,0.0,0.0,2.0,0.0,0.0,0.0,7.76,4.906890595608519,2.0222032162690105,6.429392054787601,0.0,6.429392054787601,4.739999999999999,70.0
Cc1c(N(C)C)c(=O)n(-c2ccccc2)n1C,1.9351592100000043,0.0,6.0,-0.1564037549516813,-0.1267167375545294,0.2850835807983269,-0.1869737012367643,18.854409939370385,11.700265166893892,16.005957941962592,-0.3752593878338746,0.4112301814231438,5.665065169345467,10.672744382497353,0.0,0.0,1.0,8.0,0.0,1.0,0.0,0.0,0.6470588235294118,4.0,0.0,0.3076923076923077,5.325443786982248,2.419753086419753,0.0,0.0,0.0,0.0,4.0,0.0,0.0,0.0,0.0,5.0,0.0,0.0,0.0,3.0,0.0,0.0,0.0,0.0,0.0,0.0,0.0,0.0,0.0,0.0,1.0,0.0,2.0,0.0,0.0,1.0,0.0,0.0,0.0,0.0,0.0,0.0,0.0,0.0,0.0,0.0,0.0,0.0,0.0,0.0,0.0,0.0,0.0,0.0,0.0,0.0,0.0,0.0,0.0,0.0,0.0,0.0,0.0,0.0,0.0,0.0,0.0,0.0,0.0,0.0,0.0,0.0,0.0,0.0,0.0,0.0,0.0,0.0,0.0,13.0,4.0,1.6397691447073577,3.3658406355376385,5.825079492510024,0.0,6.083643418932058,3.3019272488946267,0.0,0.0,0.0,0.0,0.0,0.0,0.0,0.0,0.0,0.0,1.4422495703074083,2.45,2.0,0.0,2.0,2.0,2.0,0.0,0.0,1.0,1.0,0.0,0.0,0.0,26.790000000000006,5.169925001442312,1.987949332502412,12.276198937787337,2.561449205813944,9.714749731973397,1.855,88.0
Cc1c(O)cccc1Cl,7.36145424,0.0,6.0,-0.0253574215385033,0.0067795087156463,-0.0392379750508876,0.0178216286448241,17.487418943389727,11.693076509732087,34.969379958911034,-0.3980168443531862,0.340446231035679,5.148527712788829,9.04046032248918,0.0,0.0,0.0,5.0,1.0,1.0,0.0,0.0,0.6666666666666666,1.0,1.0,0.1428571428571428,2.7222222222222223,1.469387755102041,0.0,0.0,0.0,0.0,1.0,0.0,0.0,0.0,0.0,3.0,0.0,0.0,0.0,3.0,0.0,0.0,0.0,0.0,0.0,0.0,0.0,0.0,0.0,0.0,0.0,0.0,0.0,0.0,1.0,0.0,0.0,0.0,0.0,0.0,0.0,0.0,0.0,0.0,0.0,0.0,0.0,0.0,0.0,0.0,0.0,0.0,0.0,0.0,1.0,0.0,0.0,0.0,0.0,0.0,0.0,0.0,0.0,0.0,0.0,0.0,0.0,0.0,0.0,0.0,0.0,0.0,0.0,0.0,0.0,0.0,0.0,0.0,0.0,7.0,,0.0,0.9085602964160698,1.8898815748423097,0.0,2.381101577952299,2.381101577952299,0.0,0.0,0.0,0.0,0.0,0.0,0.0,0.0,0.0,0.0,0.0,2.01,0.0,0.0,1.0,1.0,1.0,0.0,0.0,0.0,1.0,0.0,0.0,0.0,20.23,4.169925001442312,1.9313925794736224,4.9820040424403285,2.491002021220164,0.0,2.464,42.0
Cc1cc(-c2cc(C)c(OCC3CO3)c(C)c2)cc(C)c1OCC1CO1,22.026126240000018,0.0,12.0,-0.2941996686902225,-0.1364325680962526,0.1040375228244243,-0.0056437338095401,29.097876142163784,11.668279938482172,16.0033901984759,-0.4057613715446004,0.3407443495800045,4.78523777092732,10.768970700323171,0.0,0.0,0.0,6.0,6.0,8.0,2.0,0.0,0.8461538461538461,2.0,0.0,0.4545454545454545,8.16326530612245,4.899408284023669,0.0,0.0,0.0,0.0,4.0,0.0,4.0,0.0,0.0,4.0,2.0,0.0,0.0,8.0,0.0,0.0,0.0,0.0,0.0,0.0,0.0,0.0,0.0,0.0,0.0,0.0,0.0,0.0,0.0,0.0,4.0,0.0,0.0,0.0,0.0,0.0,0.0,0.0,0.0,0.0,0.0,0.0,0.0,0.0,0.0,0.0,0.0,0.0,0.0,0.0,0.0,0.0,0.0,0.0,0.0,0.0,0.0,0.0,0.0,0.0,0.0,0.0,0.0,0.0,0.0,0.0,0.0,0.0,0.0,0.0,0.0,0.0,0.0,14.0,,1.032918113217956,6.245114773808981,10.145879200148878,0.0,5.28455771142022,11.795996231123285,0.0,0.0,0.0,0.0,0.8022839832235757,0.0,0.0,0.0,0.0,0.0,0.0,3.44,7.0,0.0,2.0,4.0,2.0,2.0,0.0,0.0,2.0,0.0,0.0,0.0,43.52,5.857980995127573,2.0135461800019887,11.61035457664492,11.61035457664492,0.0,3.97,142.0
Cc1cc(C)cc(O)c1,6.426224999999999,0.0,6.0,-0.0205908310869866,-0.0126333496852397,0.012481820871694,-0.0078601576109476,9.774469035540946,11.686983914593371,15.997955989929974,-0.4005131929013649,0.3062416271041122,4.9035702309624885,8.061254481249819,0.0,0.0,0.0,4.0,2.0,2.0,0.0,0.0,0.6666666666666666,1.0,1.0,0.25,2.7222222222222223,2.0,0.0,0.0,0.0,0.0,2.0,0.0,0.0,0.0,0.0,3.0,0.0,0.0,0.0,3.0,0.0,0.0,0.0,0.0,0.0,0.0,0.0,0.0,0.0,0.0,0.0,0.0,0.0,0.0,1.0,0.0,0.0,0.0,0.0,0.0,0.0,0.0,0.0,0.0,0.0,0.0,0.0,0.0,0.0,0.0,0.0,0.0,0.0,0.0,0.0,0.0,0.0,0.0,0.0,0.0,0.0,0.0,0.0,0.0,0.0,0.0,0.0,0.0,0.0,0.0,0.0,0.0,0.0,0.0,0.0,0.0,0.0,0.0,0.0,7.0,,0.25,2.3811015779522995,2.8844991406148166,0.0,1.5000000000000004,1.5000000000000004,0.0,0.0,0.0,0.0,0.0,0.0,0.0,0.0,0.0,0.0,0.0,2.23,0.0,0.0,1.0,1.0,1.0,0.0,0.0,0.0,1.0,0.0,0.0,0.0,20.23,4.169925001442312,1.931301797840013,2.4945715144489533,2.4945715144489533,0.0,2.49,42.0
Cc1cc(Cl)ccc1O,7.36145424,0.0,6.0,-0.0273571766506772,0.0017355368904746,-0.0018847626835988,-0.0370687536980579,17.487418943389727,11.693088720307374,34.969379958615086,-0.398913855298262,0.3304346145591559,5.026061929088187,8.634840132783504,0.0,0.0,0.0,5.0,1.0,1.0,0.0,0.0,0.6666666666666666,1.0,1.0,0.1428571428571428,2.7222222222222223,1.7041420118343196,0.0,0.0,0.0,0.0,1.0,0.0,0.0,0.0,0.0,3.0,0.0,0.0,0.0,3.0,0.0,0.0,0.0,0.0,0.0,0.0,0.0,0.0,0.0,0.0,0.0,0.0,0.0,0.0,1.0,0.0,0.0,0.0,0.0,0.0,0.0,0.0,0.0,0.0,0.0,0.0,0.0,0.0,0.0,0.0,0.0,0.0,0.0,0.0,1.0,0.0,0.0,0.0,0.0,0.0,0.0,0.0,0.0,0.0,0.0,0.0,0.0,0.0,0.0,0.0,0.0,0.0,0.0,0.0,0.0,0.0,0.0,0.0,0.0,7.0,,0.0,1.040041911525952,1.6509636244473134,0.0,1.6509636244473134,1.6509636244473134,0.0,0.0,0.0,0.0,0.0,0.0,0.0,0.0,0.0,0.0,0.0,2.01,0.0,0.0,1.0,1.0,1.0,0.0,0.0,0.0,1.0,0.0,0.0,0.0,20.23,4.169925001442312,1.9313352437050268,4.987804468937111,2.4914482078737628,0.0,2.4640000000000004,42.0
Cc1cc(N)ccc1N,0.6773289999999995,0.0,6.0,-0.0114951455924023,0.0014151290563576,0.0008122883649562,-0.0164112739652307,9.71996060255296,11.692008356328152,14.010324322680352,-0.3814309428281576,0.2987144979506734,5.626831752451404,8.430226070054314,0.0,0.0,0.0,5.0,1.0,1.0,0.0,0.0,0.6666666666666666,2.0,2.0,0.1428571428571428,2.7222222222222223,1.7041420118343196,0.0,0.0,0.0,0.0,1.0,0.0,0.0,0.0,0.0,3.0,0.0,0.0,0.0,3.0,0.0,0.0,2.0,0.0,0.0,0.0,0.0,0.0,0.0,0.0,0.0,0.0,0.0,0.0,0.0,0.0,0.0,0.0,0.0,0.0,0.0,0.0,0.0,0.0,0.0,0.0,0.0,0.0,0.0,0.0,0.0,0.0,0.0,0.0,0.0,0.0,0.0,0.0,0.0,0.0,0.0,0.0,0.0,0.0,0.0,0.0,0.0,0.0,0.0,0.0,0.0,0.0,0.0,0.0,0.0,0.0,0.0,0.0,0.0,8.0,,0.0,1.040041911525952,1.6509636244473134,0.0,1.6509636244473134,1.6509636244473134,0.0,0.0,0.0,0.0,0.0,0.1999999999999999,0.0,0.0,0.0,0.0,0.0,2.01,0.0,0.0,1.0,1.0,1.0,0.0,0.0,0.0,1.0,0.0,0.0,0.0,52.04,4.169925001442312,1.9313352437050268,4.987804468937111,0.0,4.987804468937111,0.6139999999999999,42.0
Cc1cc(O)cc(C)c1Cl,10.23616036,0.0,6.0,-0.0298565526554931,0.0021818875075087,0.0050882321215351,-0.0422418777447401,18.487418943389727,11.686897523997256,34.96938000361597,-0.3988297225703814,0.3381860978021485,5.026063292071751,9.588043175416033,0.0,0.0,0.0,4.0,2.0,2.0,0.0,0.0,0.6,1.0,1.0,0.25,2.938775510204082,1.75,0.0,0.0,0.0,0.0,2.0,0.0,0.0,0.0,0.0,2.0,0.0,0.0,0.0,4.0,0.0,0.0,0.0,0.0,0.0,0.0,0.0,0.0,0.0,0.0,0.0,0.0,0.0,0.0,1.0,0.0,0.0,0.0,0.0,0.0,0.0,0.0,0.0,0.0,0.0,0.0,0.0,0.0,0.0,0.0,0.0,0.0,0.0,0.0,1.0,0.0,0.0,0.0,0.0,0.0,0.0,0.0,0.0,0.0,0.0,0.0,0.0,0.0,0.0,0.0,0.0,0.0,0.0,0.0,0.0,0.0,0.0,0.0,0.0,7.0,,0.25,1.4142135623730951,3.883934173658588,0.0,0.4999999999999999,3.532775529001442,0.0,0.0,0.0,0.0,0.0,0.0,0.0,0.0,0.0,0.0,0.0,2.12,0.0,0.0,1.0,1.0,1.0,0.0,0.0,0.0,1.0,0.0,0.0,0.0,20.23,4.321928094887363,1.9224955684289544,4.981810022716336,2.495961793432287,0.0,2.6899999999999995,48.0
Cc1cc(O)ccc1Cl,7.36145424,0.0,6.0,-0.0270430830074037,-0.0013558461078991,0.0020323864553118,-0.0385079049837228,17.487418943389727,11.693142368440236,34.96937995890874,-0.3987806439203051,0.3306165277926488,4.868561577532373,8.97234325195721,0.0,0.0,0.0,5.0,1.0,1.0,0.0,0.0,0.6666666666666666,1.0,1.0,0.1428571428571428,2.7222222222222223,1.7041420118343196,0.0,0.0,0.0,0.0,1.0,0.0,0.0,0.0,0.0,3.0,0.0,0.0,0.0,3.0,0.0,0.0,0.0,0.0,0.0,0.0,0.0,0.0,0.0,0.0,0.0,0.0,0.0,0.0,1.0,0.0,0.0,0.0,0.0,0.0,0.0,0.0,0.0,0.0,0.0,0.0,0.0,0.0,0.0,0.0,0.0,0.0,0.0,0.0,1.0,0.0,0.0,0.0,0.0,0.0,0.0,0.0,0.0,0.0,0.0,0.0,0.0,0.0,0.0,0.0,0.0,0.0,0.0,0.0,0.0,0.0,0.0,0.0,0.0,7.0,,0.0,1.040041911525952,1.6509636244473134,0.0,1.6509636244473134,1.6509636244473134,0.0,0.0,0.0,0.0,0.0,0.0,0.0,0.0,0.0,0.0,0.0,2.01,0.0,0.0,1.0,1.0,1.0,0.0,0.0,0.0,1.0,0.0,0.0,0.0,20.23,4.169925001442312,1.9313352437050268,4.987804468937111,2.4963562610633483,0.0,2.464,42.0
Cc1ccc(C#N)cc1,4.8184640100000005,0.0,6.0,-0.0262001328185625,-0.0178707173264823,-0.0077963877143458,0.0009172352362902,9.35998030127648,11.687872475677503,14.050085938295894,-0.4298535788857881,0.3681667585073193,4.128226456957799,7.919120197757248,0.0,0.0,0.0,4.0,2.0,1.0,0.0,0.0,0.6666666666666666,1.0,0.0,0.1428571428571428,3.239669421487603,2.0,0.0,0.0,0.0,0.0,1.0,0.0,0.0,0.0,0.0,4.0,0.0,0.0,0.0,2.0,0.0,0.0,0.0,0.0,0.0,0.0,0.0,1.0,0.0,0.0,0.0,0.0,0.0,0.0,0.0,0.0,0.0,0.0,0.0,0.0,0.0,0.0,0.0,0.0,0.0,0.0,0.0,0.0,0.0,0.0,0.0,0.0,0.0,0.0,0.0,0.0,0.0,0.0,0.0,0.0,0.0,0.0,0.0,0.0,0.0,0.0,0.0,0.0,0.0,0.0,0.0,0.0,0.0,0.0,0.0,0.0,0.0,0.0,0.0,8.0,,0.0,1.7697645979915575,0.9999999999999998,0.0,4.883593419305869,0.3333333333333333,0.0,0.0,0.0,0.0,0.0,0.0,0.0,0.0,0.0,0.0,0.0,2.23,0.0,0.0,1.0,1.0,1.0,0.0,0.0,0.0,1.0,0.0,0.0,0.0,23.79,4.169925001442312,1.94995493676381,2.4546883891343207,0.0,2.4546883891343207,2.182,40.0
Cc1ccc(C(C)C)c(O)c1,10.517048999999991,0.0,6.0,-0.0215218546794341,-0.0041232446395757,0.0044120155327412,-0.0071610482369153,11.774469035540946,11.686513697247284,15.997956608437583,-0.4002328739179049,0.313735661136968,5.3759461734298295,9.207700951419769,0.0,0.0,0.0,4.0,2.0,3.0,0.0,0.0,0.5454545454545454,1.0,1.0,0.4,3.6,2.2145328719723185,0.0,0.0,0.0,0.0,3.0,0.0,0.0,0.0,0.0,3.0,1.0,0.0,0.0,3.0,0.0,0.0,0.0,0.0,0.0,0.0,0.0,0.0,0.0,0.0,0.0,0.0,0.0,0.0,1.0,0.0,0.0,0.0,0.0,0.0,0.0,0.0,0.0,0.0,0.0,0.0,0.0,0.0,0.0,0.0,0.0,0.0,0.0,0.0,0.0,0.0,0.0,0.0,0.0,0.0,0.0,0.0,0.0,0.0,0.0,0.0,0.0,0.0,0.0,0.0,0.0,0.0,0.0,0.0,0.0,0.0,0.0,0.0,0.0,7.0,,0.7211247851537042,2.8888455168024434,4.8396627537607655,0.0,1.6509636244473134,3.1473451902649443,0.0,0.0,0.0,0.0,0.0,0.0,0.0,0.0,0.0,0.0,0.0,2.45,1.0,0.0,1.0,1.0,1.0,0.0,0.0,0.0,1.0,0.0,0.0,0.0,20.23,4.459431618637298,1.9303626987937768,2.5179061621686607,2.5179061621686607,0.0,3.247,52.0
Cc1ccc(C(C)C)cc1O,10.517048999999991,0.0,6.0,-0.0212706171689965,-0.0035999406351686,0.0008711808317803,-0.0028466293922276,11.774469035540946,11.686516462344196,15.997956611518433,-0.4005007366288838,0.3124925410188041,5.218519282408484,9.089444344255536,0.0,0.0,0.0,4.0,2.0,3.0,0.0,0.0,0.5454545454545454,1.0,1.0,0.4,3.6,2.2145328719723185,0.0,0.0,0.0,0.0,3.0,0.0,0.0,0.0,0.0,3.0,1.0,0.0,0.0,3.0,0.0,0.0,0.0,0.0,0.0,0.0,0.0,0.0,0.0,0.0,0.0,0.0,0.0,0.0,1.0,0.0,0.0,0.0,0.0,0.0,0.0,0.0,0.0,0.0,0.0,0.0,0.0,0.0,0.0,0.0,0.0,0.0,0.0,0.0,0.0,0.0,0.0,0.0,0.0,0.0,0.0,0.0,0.0,0.0,0.0,0.0,0.0,0.0,0.0,0.0,0.0,0.0,0.0,0.0,0.0,0.0,0.0,0.0,0.0,7.0,,0.7211247851537042,2.9438981895451706,4.771624372602304,0.0,1.6509636244473134,2.94168275343288,0.0,0.0,0.0,0.0,0.0,0.0,0.0,0.0,0.0,0.0,0.0,2.45,1.0,0.0,1.0,1.0,1.0,0.0,0.0,0.0,1.0,0.0,0.0,0.0,20.23,4.459431618637298,1.930471575893808,2.505479373768572,2.505479373768572,0.0,3.247,52.0
Cc1ccc(C)cc1,7.85344576,0.0,6.0,-0.0009162703505123,-0.0001188082345571,-2.9999934664590267e-05,-0.0013450013431544,8.0,11.687541246533794,12.317705692290154,-0.367395661756579,0.2629906752278886,5.839109793138418,7.771055612085224,0.0,0.0,0.0,4.0,2.0,2.0,0.0,0.0,0.75,0.0,0.0,0.25,2.52,1.8,0.0,0.0,0.0,0.0,2.0,0.0,0.0,0.0,0.0,4.0,0.0,0.0,0.0,2.0,0.0,0.0,0.0,0.0,0.0,0.0,0.0,0.0,0.0,0.0,0.0,0.0,0.0,0.0,0.0,0.0,0.0,0.0,0.0,0.0,0.0,0.0,0.0,0.0,0.0,0.0,0.0,0.0,0.0,0.0,0.0,0.0,0.0,0.0,0.0,0.0,0.0,0.0,0.0,0.0,0.0,0.0,0.0,0.0,0.0,0.0,0.0,0.0,0.0,0.0,0.0,0.0,0.0,0.0,0.0,0.0,0.0,0.0,0.0,6.0,,0.1999999999999999,3.265986323710904,2.0,0.0,3.3019272488946267,0.3333333333333333,0.0,0.0,0.0,0.0,0.0,0.0,0.0,0.0,0.0,0.0,0.0,2.34,0.0,0.0,1.0,1.0,1.0,0.0,0.0,0.0,1.0,0.0,0.0,0.0,0.0,4.0,1.9416036510868868,0.0,0.0,0.0,2.8960000000000004,36.0
Cc1ccc(Cl)c(O)c1C,10.23616036,0.0,6.0,-0.0235030185973058,-0.0399593739786251,0.0253113612902327,-0.0022665032018024,18.487418943389727,11.685966943123296,34.969380003384536,-0.3937319917050673,0.3595151281333456,5.5508095936252415,9.033717030433085,0.0,0.0,0.0,4.0,2.0,2.0,0.0,0.0,0.6,1.0,1.0,0.25,2.938775510204082,1.5501730103806228,0.0,0.0,0.0,0.0,2.0,0.0,0.0,0.0,0.0,2.0,0.0,0.0,0.0,4.0,0.0,0.0,0.0,0.0,0.0,0.0,0.0,0.0,0.0,0.0,0.0,0.0,0.0,0.0,1.0,0.0,0.0,0.0,0.0,0.0,0.0,0.0,0.0,0.0,0.0,0.0,0.0,0.0,0.0,0.0,0.0,0.0,0.0,0.0,1.0,0.0,0.0,0.0,0.0,0.0,0.0,0.0,0.0,0.0,0.0,0.0,0.0,0.0,0.0,0.0,0.0,0.0,0.0,0.0,0.0,0.0,0.0,0.0,0.0,7.0,,0.3333333333333333,1.3731780959380786,3.941539888753424,0.0,1.0,3.965406456500188,0.0,0.0,0.0,0.0,0.0,0.0,0.0,0.0,0.0,0.0,0.0,2.12,0.0,0.0,1.0,1.0,1.0,0.0,0.0,0.0,1.0,0.0,0.0,0.0,20.23,4.321928094887363,1.9225328366785408,4.977050698411283,2.4849558559768523,0.0,2.901,48.0
Cc1ccc(Cl)cc1O,7.36145424,0.0,6.0,-0.0240167335998528,-0.0007341829911318,-0.0354064924534207,0.0237429696927543,17.487418943389727,11.693091285328688,34.9693799586155,-0.3981942568417182,0.3349429160809413,5.148529225260022,8.534812075280906,0.0,0.0,0.0,5.0,1.0,1.0,0.0,0.0,0.6666666666666666,1.0,1.0,0.1428571428571428,2.7222222222222223,1.7041420118343196,0.0,0.0,0.0,0.0,1.0,0.0,0.0,0.0,0.0,3.0,0.0,0.0,0.0,3.0,0.0,0.0,0.0,0.0,0.0,0.0,0.0,0.0,0.0,0.0,0.0,0.0,0.0,0.0,1.0,0.0,0.0,0.0,0.0,0.0,0.0,0.0,0.0,0.0,0.0,0.0,0.0,0.0,0.0,0.0,0.0,0.0,0.0,0.0,1.0,0.0,0.0,0.0,0.0,0.0,0.0,0.0,0.0,0.0,0.0,0.0,0.0,0.0,0.0,0.0,0.0,0.0,0.0,0.0,0.0,0.0,0.0,0.0,0.0,7.0,,0.0,1.144714242553332,1.5000000000000004,0.0,1.6509636244473134,1.6509636244473134,0.0,0.0,0.0,0.0,0.0,0.0,0.0,0.0,0.0,0.0,0.0,2.01,0.0,0.0,1.0,1.0,1.0,0.0,0.0,0.0,1.0,0.0,0.0,0.0,20.23,4.169925001442312,1.9313352437050275,4.986019722322716,2.489663461259368,0.0,2.464,42.0
Cc1ccc(N)c(C)c1,4.22631364,0.0,6.0,-0.0070827205012755,0.0002143357211803,-0.0038338555125464,0.0051674063898463,9.35998030127648,11.686590372488228,14.009187682501093,-0.3781681035532521,0.2881519966935708,5.794902068832996,8.47040109829347,0.0,0.0,0.0,4.0,2.0,2.0,0.0,0.0,0.6666666666666666,1.0,1.0,0.25,2.7222222222222223,1.7041420118343196,0.0,0.0,0.0,0.0,2.0,0.0,0.0,0.0,0.0,3.0,0.0,0.0,0.0,3.0,0.0,0.0,1.0,0.0,0.0,0.0,0.0,0.0,0.0,0.0,0.0,0.0,0.0,0.0,0.0,0.0,0.0,0.0,0.0,0.0,0.0,0.0,0.0,0.0,0.0,0.0,0.0,0.0,0.0,0.0,0.0,0.0,0.0,0.0,0.0,0.0,0.0,0.0,0.0,0.0,0.0,0.0,0.0,0.0,0.0,0.0,0.0,0.0,0.0,0.0,0.0,0.0,0.0,0.0,0.0,0.0,0.0,0.0,0.0,7.0,,0.25,2.3348151486780315,2.94168275343288,0.0,1.6509636244473134,1.6509636244473134,0.0,0.0,0.0,0.0,0.0,0.0,0.0,0.0,0.0,0.0,0.0,2.23,0.0,0.0,1.0,1.0,1.0,0.0,0.0,0.0,1.0,0.0,0.0,0.0,26.02,4.169925001442312,1.9313352437050275,2.4914482078737628,0.0,2.4914482078737628,1.868,42.0
Cc1ccc(N)cc1,2.463644160000001,0.0,6.0,-0.0057285661775867,-0.00380375490872,-0.0001206498559678,0.004359381820012,8.35998030127648,11.692901916079425,14.009186437765354,-0.3764196546469869,0.2771267937845617,5.479693324712387,7.729235819085675,0.0,0.0,0.0,5.0,1.0,1.0,0.0,0.0,0.75,1.0,1.0,0.1428571428571428,2.52,1.8,0.0,0.0,0.0,0.0,1.0,0.0,0.0,0.0,0.0,4.0,0.0,0.0,0.0,2.0,0.0,0.0,1.0,0.0,0.0,0.0,0.0,0.0,0.0,0.0,0.0,0.0,0.0,0.0,0.0,0.0,0.0,0.0,0.0,0.0,0.0,0.0,0.0,0.0,0.0,0.0,0.0,0.0,0.0,0.0,0.0,0.0,0.0,0.0,0.0,0.0,0.0,0.0,0.0,0.0,0.0,0.0,0.0,0.0,0.0,0.0,0.0,0.0,0.0,0.0,0.0,0.0,0.0,0.0,0.0,0.0,0.0,0.0,0.0,7.0,,0.0,1.6329931618554518,0.9999999999999998,0.0,3.3019272488946267,0.3333333333333333,0.0,0.0,0.0,0.0,0.0,0.0,0.0,0.0,0.0,0.0,0.0,2.12,0.0,0.0,1.0,1.0,1.0,0.0,0.0,0.0,1.0,0.0,0.0,0.0,26.02,4.0,1.9416036510868868,2.495163215895546,0.0,2.495163215895546,1.642,36.0
Cc1ccc(O)cc1,4.19758144,0.0,6.0,-0.0184875506471661,-0.0115306874634603,-0.0004495476626376,0.0082130909692126,8.774469035540946,11.693242706348505,15.997955703689131,-0.4004065065187067,0.2991780509620165,4.667248113933917,7.639223006261679,0.0,0.0,0.0,5.0,1.0,1.0,0.0,0.0,0.75,1.0,1.0,0.1428571428571428,2.52,1.8,0.0,0.0,0.0,0.0,1.0,0.0,0.0,0.0,0.0,4.0,0.0,0.0,0.0,2.0,0.0,0.0,0.0,0.0,0.0,0.0,0.0,0.0,0.0,0.0,0.0,0.0,0.0,0.0,1.0,0.0,0.0,0.0,0.0,0.0,0.0,0.0,0.0,0.0,0.0,0.0,0.0,0.0,0.0,0.0,0.0,0.0,0.0,0.0,0.0,0.0,0.0,0.0,0.0,0.0,0.0,0.0,0.0,0.0,0.0,0.0,0.0,0.0,0.0,0.0,0.0,0.0,0.0,0.0,0.0,0.0,0.0,0.0,0.0,7.0,,0.0,1.6329931618554518,0.9999999999999998,0.0,3.3019272488946267,0.3333333333333333,0.0,0.0,0.0,0.0,0.0,0.0,0.0,0.0,0.0,0.0,0.0,2.12,0.0,0.0,1.0,1.0,1.0,0.0,0.0,0.0,1.0,0.0,0.0,0.0,20.23,4.0,1.9416036510868868,2.495163215895546,2.495163215895546,0.0,2.053,36.0
Cc1ccc(O)cc1C,6.426224999999999,0.0,6.0,-0.0197718167926329,-0.0144942896543422,0.007384643648755,0.0038705642016256,9.774469035540946,11.686098489220171,15.99795598789911,-0.4006061894879131,0.3056199148472772,4.824809277978851,8.399026290838238,0.0,0.0,0.0,4.0,2.0,2.0,0.0,0.0,0.6666666666666666,1.0,1.0,0.25,2.7222222222222223,1.7041420118343196,0.0,0.0,0.0,0.0,2.0,0.0,0.0,0.0,0.0,3.0,0.0,0.0,0.0,3.0,0.0,0.0,0.0,0.0,0.0,0.0,0.0,0.0,0.0,0.0,0.0,0.0,0.0,0.0,1.0,0.0,0.0,0.0,0.0,0.0,0.0,0.0,0.0,0.0,0.0,0.0,0.0,0.0,0.0,0.0,0.0,0.0,0.0,0.0,0.0,0.0,0.0,0.0,0.0,0.0,0.0,0.0,0.0,0.0,0.0,0.0,0.0,0.0,0.0,0.0,0.0,0.0,0.0,0.0,0.0,0.0,0.0,0.0,0.0,7.0,,0.3333333333333333,2.1822472719434427,3.1473451902649443,0.0,1.6509636244473134,1.6509636244473134,0.0,0.0,0.0,0.0,0.0,0.0,0.0,0.0,0.0,0.0,0.0,2.23,0.0,0.0,1.0,1.0,1.0,0.0,0.0,0.0,1.0,0.0,0.0,0.0,20.23,4.169925001442312,1.9313352437050275,2.4963562610633483,2.4963562610633483,0.0,2.49,42.0
Cc1ccc([N+](=O)[O-])cc1,4.886752359999999,0.0,6.0,-0.0001071181811517,-0.0188273596782243,-0.0142387691857262,0.0044958266065248,11.908918372358372,11.693027893489756,16.023609062370497,-0.3438235349715823,0.3456073915618194,3.6116941415614727,7.751376132410964,0.0,0.0,0.0,5.0,1.0,1.0,0.0,0.0,0.6,0.0,0.0,0.1428571428571428,3.408284023668639,2.2857142857142856,0.0,0.0,0.0,0.0,1.0,0.0,0.0,0.0,0.0,4.0,0.0,0.0,0.0,2.0,0.0,0.0,0.0,0.0,0.0,0.0,0.0,0.0,0.0,0.0,0.0,1.0,0.0,0.0,0.0,1.0,0.0,0.0,0.0,0.0,0.0,0.0,0.0,0.0,0.0,0.0,0.0,0.0,0.0,0.0,0.0,0.0,0.0,0.0,0.0,0.0,0.0,0.0,0.0,0.0,0.0,0.0,0.0,0.0,0.0,0.0,0.0,0.0,0.0,0.0,0.0,0.0,0.0,0.0,0.0,0.0,0.0,0.0,0.0,9.0,,0.0,1.6329931618554518,0.9999999999999998,0.0,3.3019272488946267,0.3333333333333333,0.0,0.0,0.4999999999999999,0.0,0.0,0.0,0.0,0.0,0.0,0.0,0.0,1.9,1.0,0.0,1.0,1.0,1.0,0.0,0.0,0.0,1.0,0.0,0.0,0.0,43.14,4.321928094887363,1.938570822695556,7.836076105868584,4.818142682309614,3.0179334235589708,2.351,46.0
Cc1ccc([N+](=O)[O-])cc1[N+](=O)[O-],4.431024999999998,0.0,6.0,0.0048894117151143,-0.007263753927297,-0.00685753208006,-0.0708917016956936,16.817836744716743,11.692306911945847,16.02578031584531,-0.3221307643419133,0.3828757493949978,3.6877310577461015,8.512678475206144,0.0,0.0,0.0,5.0,1.0,1.0,0.0,0.0,0.4615384615384615,0.0,0.0,0.1428571428571428,4.481481481481482,2.7210884353741496,0.0,0.0,0.0,0.0,1.0,0.0,0.0,0.0,0.0,3.0,0.0,0.0,0.0,3.0,0.0,0.0,0.0,0.0,0.0,0.0,0.0,0.0,0.0,0.0,0.0,2.0,0.0,0.0,0.0,2.0,0.0,0.0,0.0,0.0,0.0,0.0,0.0,0.0,0.0,0.0,0.0,0.0,0.0,0.0,0.0,0.0,0.0,0.0,0.0,0.0,0.0,0.0,0.0,0.0,0.0,0.0,0.0,0.0,0.0,0.0,0.0,0.0,0.0,0.0,0.0,0.0,0.0,0.0,0.0,0.0,0.0,0.0,0.0,12.0,,0.0,1.144714242553332,1.5000000000000004,0.0,1.6509636244473134,1.6509636244473134,0.0,0.0,1.4422495703074083,0.0,0.0,0.0,0.0,0.0,0.0,0.0,0.25,1.5699999999999998,2.0,0.0,1.0,1.0,1.0,0.0,0.0,0.0,1.0,0.0,0.0,0.0,86.28,4.700439718141093,1.9300448977174096,15.706145118255645,9.654502108319248,6.051643009936392,2.032,62.0
Cc1ccc2oc(=O)ccc2c1,5.692996000000001,0.0,6.0,-0.1619133641633431,0.0553693433566808,-0.0092105421151329,-0.0041153448098702,13.548938071081892,11.683336214321562,16.009876963081922,-0.3693120858009754,0.4097074723967661,4.209495413799014,9.124147594793437,0.0,0.0,1.0,6.0,2.0,1.0,0.0,0.0,0.8333333333333334,1.0,0.0,0.1,3.3950617283950617,1.859504132231405,0.0,0.0,0.0,0.0,1.0,0.0,0.0,0.0,0.0,5.0,0.0,0.0,0.0,1.0,2.0,0.0,0.0,0.0,0.0,0.0,0.0,0.0,0.0,0.0,0.0,0.0,0.0,0.0,0.0,1.0,0.0,1.0,0.0,0.0,0.0,0.0,0.0,0.0,0.0,0.0,0.0,0.0,0.0,0.0,0.0,0.0,0.0,0.0,0.0,0.0,0.0,0.0,0.0,0.0,0.0,0.0,0.0,0.0,0.0,0.0,0.0,0.0,0.0,0.0,0.0,0.0,0.0,0.0,0.0,0.0,0.0,0.0,0.0,11.0,,0.0,1.670812654895672,1.3731780959380786,0.0,4.039695455437569,2.525064635825322,0.0,0.0,0.0,0.4999999999999999,0.0,0.0,0.0,0.0,0.0,0.0,0.0,2.34,0.0,0.0,2.0,1.0,1.0,0.0,0.0,0.0,2.0,0.0,0.0,0.0,26.3,4.700439718141093,2.0300444970645537,5.590784598791212,5.590784598791212,0.0,2.2110000000000003,62.0
Cc1cccc(C(=O)O)c1O,2.733070239999999,1.0,6.0,-0.1129508822902967,0.0332969959346995,-0.1216213659779277,0.0854770704838383,13.323407106622838,11.687831129236637,16.009970521467853,-0.396518333962548,0.4256866524497522,4.160828784189545,8.544139942286552,0.0,0.0,1.0,4.0,2.0,1.0,0.0,0.0,0.5454545454545454,3.0,2.0,0.125,3.6,1.9753086419753083,0.0,0.0,0.0,0.0,1.0,0.0,0.0,0.0,0.0,3.0,0.0,0.0,1.0,3.0,0.0,0.0,0.0,0.0,0.0,0.0,0.0,0.0,0.0,0.0,0.0,0.0,0.0,0.0,2.0,1.0,0.0,0.0,0.0,0.0,0.0,0.0,0.0,0.0,0.0,0.0,0.0,0.0,0.0,0.0,0.0,0.0,0.0,0.0,0.0,0.0,0.0,0.0,0.0,0.0,0.0,0.0,0.0,0.0,0.0,0.0,0.0,0.0,0.0,0.0,0.0,0.0,0.0,0.0,0.0,0.0,0.0,0.0,0.0,10.0,,0.0,1.040041911525952,1.8072040072196895,0.0,2.381101577952299,3.965406456500188,0.0,0.0,0.944940787421155,0.0,0.0,0.0,0.0,0.0,0.0,0.0,0.0,2.01,1.0,0.0,1.0,1.0,1.0,0.0,0.0,0.0,1.0,0.0,0.0,0.0,57.53,4.459431618637298,1.930399711958988,7.328366661505105,7.328366661505105,0.0,1.886,52.0
Cc1cccc(C)c1,7.85344576,0.0,6.0,-0.0008040742079321,-0.000164718588787,-0.0012082779130963,0.0006893114974633,8.0,11.687344727490787,12.31796077290358,-0.367401350308062,0.2635432832262818,5.918042557944379,7.949192956291203,0.0,0.0,0.0,4.0,2.0,2.0,0.0,0.0,0.75,0.0,0.0,0.25,2.52,1.8,0.0,0.0,0.0,0.0,2.0,0.0,0.0,0.0,0.0,4.0,0.0,0.0,0.0,2.0,0.0,0.0,0.0,0.0,0.0,0.0,0.0,0.0,0.0,0.0,0.0,0.0,0.0,0.0,0.0,0.0,0.0,0.0,0.0,0.0,0.0,0.0,0.0,0.0,0.0,0.0,0.0,0.0,0.0,0.0,0.0,0.0,0.0,0.0,0.0,0.0,0.0,0.0,0.0,0.0,0.0,0.0,0.0,0.0,0.0,0.0,0.0,0.0,0.0,0.0,0.0,0.0,0.0,0.0,0.0,0.0,0.0,0.0,0.0,6.0,,0.25,3.03934274260637,2.309401076758504,0.0,3.532775529001442,0.4999999999999999,0.0,0.0,0.0,0.0,0.0,0.0,0.0,0.0,0.0,0.0,0.0,2.34,0.0,0.0,1.0,1.0,1.0,0.0,0.0,0.0,1.0,0.0,0.0,0.0,0.0,4.0,1.941619776771804,0.0,0.0,0.0,2.896,36.0
Cc1cccc(CO)c1,2.9299168899999986,0.0,6.0,-0.0433744840668828,-0.0044008089149749,-0.0027613142465871,0.010438561706786,9.774469035540946,11.688498604282472,15.997946548058696,-0.4183149687918501,0.2742058828867282,4.346276578312429,8.134324323832836,0.0,0.0,0.0,4.0,2.0,2.0,0.0,0.0,0.6666666666666666,1.0,1.0,0.25,3.239669421487603,2.0,0.0,0.0,0.0,0.0,1.0,0.0,1.0,0.0,0.0,4.0,0.0,0.0,0.0,2.0,0.0,0.0,0.0,0.0,0.0,0.0,0.0,0.0,0.0,0.0,0.0,0.0,0.0,0.0,1.0,0.0,0.0,0.0,0.0,0.0,0.0,0.0,0.0,0.0,0.0,0.0,0.0,0.0,0.0,0.0,0.0,0.0,0.0,0.0,0.0,0.0,0.0,0.0,0.0,0.0,0.0,0.0,0.0,0.0,0.0,0.0,0.0,0.0,0.0,0.0,0.0,0.0,0.0,0.0,0.0,0.0,0.0,0.0,0.0,6.0,,0.0,1.747067796928948,1.1547005383792517,0.0,4.941453945604406,0.4999999999999999,0.0,0.0,0.0,0.0,0.0,0.0,0.0,0.0,0.0,0.0,0.0,2.23,1.0,0.0,1.0,1.0,1.0,0.0,0.0,0.0,1.0,0.0,0.0,0.0,20.23,4.169925001442312,1.9499384679454133,2.454019109153923,2.454019109153923,0.0,1.648,40.0
Cc1cccc(N)c1,2.463644160000001,0.0,6.0,-0.006092204007906,-0.0035980277133323,0.0036255198845935,-0.0022615736357089,8.35998030127648,11.69287402637903,14.009186470443352,-0.376339967650203,0.2782515890815006,5.558516776061224,7.873895478712313,0.0,0.0,0.0,5.0,1.0,1.0,0.0,0.0,0.75,1.0,1.0,0.1428571428571428,2.52,1.8,0.0,0.0,0.0,0.0,1.0,0.0,0.0,0.0,0.0,4.0,0.0,0.0,0.0,2.0,0.0,0.0,1.0,0.0,0.0,0.0,0.0,0.0,0.0,0.0,0.0,0.0,0.0,0.0,0.0,0.0,0.0,0.0,0.0,0.0,0.0,0.0,0.0,0.0,0.0,0.0,0.0,0.0,0.0,0.0,0.0,0.0,0.0,0.0,0.0,0.0,0.0,0.0,0.0,0.0,0.0,0.0,0.0,0.0,0.0,0.0,0.0,0.0,0.0,0.0,0.0,0.0,0.0,0.0,0.0,0.0,0.0,0.0,0.0,7.0,,0.0,1.519671371303185,1.1547005383792517,0.0,3.532775529001442,0.4999999999999999,0.0,0.0,0.0,0.0,0.0,0.0,0.0,0.0,0.0,0.0,0.0,2.12,0.0,0.0,1.0,1.0,1.0,0.0,0.0,0.0,1.0,0.0,0.0,0.0,26.02,4.0,1.941619776771804,2.4938246559347497,0.0,2.4938246559347497,1.642,36.0
Cc1cccc(O)c1,4.19758144,0.0,6.0,-0.0191750601551109,-0.0110522885305085,0.0064930201421506,-0.0042987117845099,8.774469035540946,11.693227714148277,15.997955705734618,-0.4003293001211123,0.3006144961726908,4.746033052058888,7.696425869809301,0.0,0.0,0.0,5.0,1.0,1.0,0.0,0.0,0.75,1.0,1.0,0.1428571428571428,2.52,1.8,0.0,0.0,0.0,0.0,1.0,0.0,0.0,0.0,0.0,4.0,0.0,0.0,0.0,2.0,0.0,0.0,0.0,0.0,0.0,0.0,0.0,0.0,0.0,0.0,0.0,0.0,0.0,0.0,1.0,0.0,0.0,0.0,0.0,0.0,0.0,0.0,0.0,0.0,0.0,0.0,0.0,0.0,0.0,0.0,0.0,0.0,0.0,0.0,0.0,0.0,0.0,0.0,0.0,0.0,0.0,0.0,0.0,0.0,0.0,0.0,0.0,0.0,0.0,0.0,0.0,0.0,0.0,0.0,0.0,0.0,0.0,0.0,0.0,7.0,,0.0,1.519671371303185,1.1547005383792517,0.0,3.532775529001442,0.4999999999999999,0.0,0.0,0.0,0.0,0.0,0.0,0.0,0.0,0.0,0.0,0.0,2.12,0.0,0.0,1.0,1.0,1.0,0.0,0.0,0.0,1.0,0.0,0.0,0.0,20.23,4.0,1.941619776771804,2.4938246559347497,2.4938246559347497,0.0,2.053,36.0
Cc1cccc([N+](=O)[O-])c1,4.886752359999999,0.0,6.0,-0.0008914155820981,-0.0195172077301987,-0.0089148928020433,0.0070490953630783,11.908918372358372,11.693004897394582,16.023609062671536,-0.3430286953167037,0.3466325409756673,3.651381114946807,7.920639743603084,0.0,0.0,0.0,5.0,1.0,1.0,0.0,0.0,0.6,0.0,0.0,0.1428571428571428,3.408284023668639,2.2857142857142856,0.0,0.0,0.0,0.0,1.0,0.0,0.0,0.0,0.0,4.0,0.0,0.0,0.0,2.0,0.0,0.0,0.0,0.0,0.0,0.0,0.0,0.0,0.0,0.0,0.0,1.0,0.0,0.0,0.0,1.0,0.0,0.0,0.0,0.0,0.0,0.0,0.0,0.0,0.0,0.0,0.0,0.0,0.0,0.0,0.0,0.0,0.0,0.0,0.0,0.0,0.0,0.0,0.0,0.0,0.0,0.0,0.0,0.0,0.0,0.0,0.0,0.0,0.0,0.0,0.0,0.0,0.0,0.0,0.0,0.0,0.0,0.0,0.0,9.0,,0.0,1.519671371303185,1.1547005383792517,0.0,3.532775529001442,0.4999999999999999,0.0,0.0,0.4999999999999999,0.0,0.0,0.0,0.0,0.0,0.0,0.0,0.0,1.9,1.0,0.0,1.0,1.0,1.0,0.0,0.0,0.0,1.0,0.0,0.0,0.0,43.14,4.321928094887363,1.93855106011348,7.834410914607697,4.817250309002418,3.0171606056052798,2.351,46.0
Cc1ccccc1,5.364782440000001,0.0,6.0,-0.0004880558193166,-0.000225165712015,-1.5397900475571653e-05,-4.880758064795123e-07,7.0,11.693630817211067,12.311018412679832,-0.3642794011962311,0.2534626160243288,5.761088542024528,7.57420259051944,0.0,0.0,0.0,5.0,1.0,1.0,0.0,0.0,0.8571428571428571,0.0,0.0,0.1428571428571428,2.34375,1.5,0.0,0.0,0.0,0.0,1.0,0.0,0.0,0.0,0.0,5.0,0.0,0.0,0.0,1.0,0.0,0.0,0.0,0.0,0.0,0.0,0.0,0.0,0.0,0.0,0.0,0.0,0.0,0.0,0.0,0.0,0.0,0.0,0.0,0.0,0.0,0.0,0.0,0.0,0.0,0.0,0.0,0.0,0.0,0.0,0.0,0.0,0.0,0.0,0.0,0.0,0.0,0.0,0.0,0.0,0.0,0.0,0.0,0.0,0.0,0.0,0.0,0.0,0.0,0.0,0.0,0.0,0.0,0.0,0.0,0.0,0.0,0.0,0.0,6.0,,0.0,1.8505358624357668,1.0,0.0,6.083643418932058,0.0,0.0,0.0,0.0,0.0,0.0,0.0,0.0,0.0,0.0,0.0,0.0,2.23,0.0,0.0,1.0,1.0,1.0,0.0,0.0,0.0,1.0,0.0,0.0,0.0,0.0,3.807354922057604,1.9538321886337693,0.0,0.0,0.0,2.459,30.0
Cc1ccccc1Cl,8.883976360000002,0.0,6.0,-0.0100731956501071,0.0007879350482152,-0.0035292181207983,7.74270275196195e-05,15.71294990784878,11.693544762452492,34.969379905152024,-0.3458290934073432,0.3083026784639586,6.195900310772346,8.90478455926357,0.0,0.0,0.0,5.0,1.0,1.0,0.0,0.0,0.75,0.0,0.0,0.1428571428571428,2.52,1.487603305785124,0.0,0.0,0.0,0.0,1.0,0.0,0.0,0.0,0.0,4.0,0.0,0.0,0.0,2.0,0.0,0.0,0.0,0.0,0.0,0.0,0.0,0.0,0.0,0.0,0.0,0.0,0.0,0.0,0.0,0.0,0.0,0.0,0.0,0.0,0.0,0.0,0.0,0.0,0.0,0.0,0.0,0.0,0.0,0.0,0.0,0.0,0.0,0.0,1.0,0.0,0.0,0.0,0.0,0.0,0.0,0.0,0.0,0.0,0.0,0.0,0.0,0.0,0.0,0.0,0.0,0.0,0.0,0.0,0.0,0.0,0.0,0.0,0.0,6.0,,0.0,1.3731780959380786,1.4142135623730951,0.0,3.965406456500188,1.0,0.0,0.0,0.0,0.0,0.0,0.0,0.0,0.0,0.0,0.0,0.0,2.12,0.0,0.0,1.0,1.0,1.0,0.0,0.0,0.0,1.0,0.0,0.0,0.0,0.0,4.0,1.941676216669017,2.4891396960719634,0.0,0.0,2.87,36.0
Cc1ccccc1O,4.19758144,0.0,6.0,-0.0200992167846198,-0.0016757710102747,-0.0055491423092977,0.0001092350375491,8.774469035540946,11.693161938653413,15.997955765644832,-0.4004441810183827,0.3061841547176843,4.903568235114214,7.82042996061737,0.0,0.0,0.0,5.0,1.0,1.0,0.0,0.0,0.75,1.0,1.0,0.1428571428571428,2.52,1.487603305785124,0.0,0.0,0.0,0.0,1.0,0.0,0.0,0.0,0.0,4.0,0.0,0.0,0.0,2.0,0.0,0.0,0.0,0.0,0.0,0.0,0.0,0.0,0.0,0.0,0.0,0.0,0.0,0.0,1.0,0.0,0.0,0.0,0.0,0.0,0.0,0.0,0.0,0.0,0.0,0.0,0.0,0.0,0.0,0.0,0.0,0.0,0.0,0.0,0.0,0.0,0.0,0.0,0.0,0.0,0.0,0.0,0.0,0.0,0.0,0.0,0.0,0.0,0.0,0.0,0.0,0.0,0.0,0.0,0.0,0.0,0.0,0.0,0.0,7.0,,0.0,1.3731780959380786,1.4142135623730951,0.0,3.965406456500188,1.0,0.0,0.0,0.0,0.0,0.0,0.0,0.0,0.0,0.0,0.0,0.0,2.12,0.0,0.0,1.0,1.0,1.0,0.0,0.0,0.0,1.0,0.0,0.0,0.0,20.23,4.0,1.941676216669017,2.4891396960719634,2.4891396960719634,0.0,1.842,36.0
Cc1ccccc1OCC1CO1,4.065062439999998,0.0,6.0,-0.1461129959676946,-0.0775962122280814,0.0672150566781637,-0.0053999451224849,13.548938071081892,11.693241606404415,16.001161386796387,-0.405528343037414,0.308716031720687,4.718410119615938,8.568124904292905,0.0,0.0,0.0,5.0,1.0,3.0,1.0,0.0,0.9166666666666666,1.0,0.0,0.4,3.8062283737024223,2.4930747922437675,0.0,0.0,0.0,0.0,1.0,0.0,2.0,0.0,0.0,4.0,1.0,0.0,0.0,2.0,0.0,0.0,0.0,0.0,0.0,0.0,0.0,0.0,0.0,0.0,0.0,0.0,0.0,0.0,0.0,0.0,2.0,0.0,0.0,0.0,0.0,0.0,0.0,0.0,0.0,0.0,0.0,0.0,0.0,0.0,0.0,0.0,0.0,0.0,0.0,0.0,0.0,0.0,0.0,0.0,0.0,0.0,0.0,0.0,0.0,0.0,0.0,0.0,0.0,0.0,0.0,0.0,0.0,0.0,0.0,0.0,0.0,0.0,0.0,7.0,,0.0,1.7320508075688774,1.392476650083834,0.0,5.2324496401603104,1.3103706971044482,0.0,0.0,0.0,0.0,0.3333333333333333,0.0,0.0,0.0,0.0,0.0,0.0,2.34,3.0,0.0,1.0,2.0,1.0,1.0,0.0,0.0,1.0,0.0,0.0,0.0,21.76,4.700439718141093,1.9879757643564755,5.792766621974273,5.792766621974273,0.0,1.7999999999999998,60.0
Cc1ccccc1[N+](=O)[O-],4.886752359999999,0.0,6.0,-0.0029658620318277,-0.0134109328962524,-0.0038047294141239,-0.0080974013536114,11.908918372358372,11.692902985465643,16.023609071135958,-0.3408611939901259,0.3517124139698109,3.730714059757698,8.267111003532627,0.0,0.0,0.0,5.0,1.0,1.0,0.0,0.0,0.6,0.0,0.0,0.1428571428571428,3.408284023668639,1.991111111111111,0.0,0.0,0.0,0.0,1.0,0.0,0.0,0.0,0.0,4.0,0.0,0.0,0.0,2.0,0.0,0.0,0.0,0.0,0.0,0.0,0.0,0.0,0.0,0.0,0.0,1.0,0.0,0.0,0.0,1.0,0.0,0.0,0.0,0.0,0.0,0.0,0.0,0.0,0.0,0.0,0.0,0.0,0.0,0.0,0.0,0.0,0.0,0.0,0.0,0.0,0.0,0.0,0.0,0.0,0.0,0.0,0.0,0.0,0.0,0.0,0.0,0.0,0.0,0.0,0.0,0.0,0.0,0.0,0.0,0.0,0.0,0.0,0.0,9.0,,0.0,1.3731780959380786,1.4142135623730951,0.0,3.965406456500188,1.0,0.0,0.0,0.4999999999999999,0.0,0.0,0.0,0.0,0.0,0.0,0.0,0.0,1.9,1.0,0.0,1.0,1.0,1.0,0.0,0.0,0.0,1.0,0.0,0.0,0.0,43.14,4.321928094887363,1.9384818910762172,7.828582745194585,4.814127002427227,3.0144557427673573,2.14,46.0
Cl/C=C/CCl,2.3049312399999997,0.0,0.0,-0.0332078605920207,0.0113530380970613,-0.0365978587801509,0.0198230687113479,20.42589981569756,11.776534069862738,34.97038934863054,-0.2729882271123455,0.2460616335031402,5.252968350890791,7.297484095124528,0.0,0.0,1.0,1.0,0.0,1.0,0.0,0.0,0.0,0.0,0.0,0.3333333333333333,4.0,4.0,0.0,0.0,0.0,0.0,0.0,0.0,1.0,0.0,2.0,0.0,0.0,0.0,0.0,0.0,0.0,0.0,0.0,0.0,0.0,0.0,0.0,0.0,0.0,0.0,0.0,0.0,0.0,0.0,0.0,0.0,0.0,0.0,0.0,0.0,0.0,0.0,0.0,0.0,0.0,0.0,0.0,0.0,0.0,0.0,0.0,0.0,0.0,0.0,2.0,0.0,0.0,0.0,0.0,0.0,0.0,0.0,0.0,0.0,0.0,0.0,0.0,0.0,0.0,0.0,0.0,0.0,0.0,0.0,0.0,0.0,0.0,0.0,0.0,2.0,3.0,0.0,0.0,0.0,0.0,2.381101577952299,0.0,0.0,0.0,0.0,0.0,0.0,0.0,0.0,0.0,0.0,0.0,0.0,1.57,1.0,0.0,0.0,0.0,0.0,0.0,0.0,0.0,0.0,0.0,0.0,0.0,0.0,3.0,1.769974746830583,4.724873734152916,0.0,0.0,2.099,14.0
Cl/C=C/Cl,1.11682624,0.0,0.0,-0.0157753802853063,-0.0315507605706126,0.0157753802853063,0.0,19.42589981569756,11.799487188683884,34.9703937773618,-0.2514419453823937,0.2830813854414925,5.264331963913072,7.04197294209012,0.0,0.0,2.0,0.0,0.0,0.0,0.0,0.0,0.0,0.0,0.0,0.0,3.0,4.0,0.0,0.0,0.0,0.0,0.0,0.0,0.0,0.0,2.0,0.0,0.0,0.0,0.0,0.0,0.0,0.0,0.0,0.0,0.0,0.0,0.0,0.0,0.0,0.0,0.0,0.0,0.0,0.0,0.0,0.0,0.0,0.0,0.0,0.0,0.0,0.0,0.0,0.0,0.0,0.0,0.0,0.0,0.0,0.0,0.0,0.0,0.0,0.0,2.0,0.0,0.0,0.0,0.0,0.0,0.0,0.0,0.0,0.0,0.0,0.0,0.0,0.0,0.0,0.0,0.0,0.0,0.0,0.0,0.0,0.0,0.0,0.0,0.0,2.0,2.0,0.0,0.0,0.0,0.0,1.0,0.0,0.0,0.0,0.0,0.0,0.0,0.0,0.0,0.0,0.0,0.0,0.0,1.46,0.0,0.0,0.0,0.0,0.0,0.0,0.0,0.0,0.0,0.0,0.0,0.0,0.0,2.584962500721156,1.717830085889911,4.621320343559643,0.0,0.0,2.258,10.0
ClC(Br)Br,4.099815039999999,0.0,0.0,-0.0847443961084067,0.027879571094815,0.0,0.0,98.2291314904796,11.99911162689078,78.91969879089896,-0.1943547136318588,0.3122243802392392,7.097208957573905,10.805014431986134,0.0,0.0,0.0,0.0,0.0,0.0,0.0,0.0,0.0,0.0,0.0,1.0,1.3333333333333333,,0.0,0.0,0.0,0.0,0.0,0.0,0.0,0.0,0.0,0.0,1.0,0.0,0.0,0.0,0.0,0.0,0.0,0.0,0.0,0.0,0.0,0.0,0.0,0.0,0.0,0.0,0.0,0.0,0.0,0.0,0.0,0.0,0.0,0.0,0.0,0.0,0.0,0.0,0.0,0.0,0.0,0.0,0.0,0.0,0.0,0.0,0.0,0.0,1.0,0.0,0.0,0.0,0.0,0.0,0.0,0.0,0.0,0.0,0.0,0.0,0.0,0.0,0.0,0.0,2.0,0.0,0.0,0.0,0.0,0.0,0.0,0.0,0.0,0.0,0.0,0.0,0.0,0.0,0.0,0.0,0.0,0.0,0.0,0.0,0.0,0.0,0.0,0.0,0.0,0.0,0.0,0.0,1.24,0.0,0.0,0.0,0.0,0.0,0.0,0.0,0.0,0.0,0.0,0.0,0.0,0.0,2.584962500721156,1.6830127018922194,6.732050807568877,0.0,0.0,2.75,12.0
ClC(Cl)(Cl)C(Cl)(Cl)Cl,11.40007696,0.0,0.0,-0.1096803477189613,-0.1462404636252819,0.1096803477189614,0.0,54.27769944709269,11.898454966165907,34.97546851575762,-0.1950226055194,0.4929552532683214,8.030401018916688,12.779306243073478,0.0,0.0,0.0,0.0,0.0,2.0,0.0,0.5,0.0,0.0,0.0,1.0,1.75,2.2222222222222223,0.0,0.0,0.0,0.0,0.0,0.0,0.0,0.0,0.0,0.0,0.0,0.0,0.0,0.0,0.0,0.0,0.0,0.0,0.0,0.0,0.0,0.0,0.0,0.0,0.0,0.0,0.0,0.0,0.0,0.0,0.0,0.0,0.0,0.0,0.0,0.0,0.0,0.0,0.0,0.0,0.0,0.0,0.0,0.0,0.0,0.0,0.0,0.0,6.0,0.0,0.0,0.0,0.0,0.0,0.0,0.0,0.0,0.0,0.0,0.0,0.0,0.0,0.0,0.0,0.0,0.0,0.0,0.0,0.0,0.0,0.0,0.0,0.0,0.0,2.0,0.0,0.0,0.0,0.0,0.0,0.0,0.0,1.0,0.0,0.0,0.0,0.0,0.0,0.0,0.0,0.0,0.0,1.02,1.0,0.0,0.0,0.0,0.0,0.0,0.0,0.0,0.0,0.0,0.0,0.0,0.0,3.807354922057604,1.7578125,13.875,0.0,0.0,3.882,38.0
ClC(Cl)=C(Cl)C(Cl)=C(Cl)Cl,13.205956,0.0,0.0,-0.0433839526200247,-0.0667404532653533,-0.0028559072114319,-0.0309224250497342,56.27769944709269,11.743730209765502,34.97478930964495,-0.2332921263973916,0.4555641615975009,7.269556651599158,12.003575924975491,0.0,0.0,2.0,2.0,0.0,0.0,0.0,0.0,0.0,0.0,0.0,0.0,4.0,3.111111111111111,0.0,0.0,0.0,0.0,0.0,0.0,0.0,0.0,0.0,0.0,0.0,0.0,4.0,0.0,0.0,0.0,0.0,0.0,0.0,0.0,0.0,0.0,0.0,0.0,0.0,0.0,0.0,0.0,0.0,0.0,0.0,0.0,0.0,0.0,0.0,0.0,0.0,0.0,0.0,0.0,0.0,0.0,0.0,0.0,0.0,0.0,0.0,0.0,6.0,0.0,0.0,0.0,0.0,0.0,0.0,0.0,0.0,0.0,0.0,0.0,0.0,0.0,0.0,0.0,0.0,0.0,0.0,0.0,0.0,0.0,0.0,0.0,0.0,4.0,4.0,0.0,0.0,0.0,0.0,0.0,3.965406456500188,0.0,0.0,0.0,0.0,0.0,0.0,0.0,0.0,0.0,0.0,0.0,1.2399999999999998,1.0,0.0,0.0,0.0,0.0,0.0,0.0,0.0,0.0,0.0,0.0,0.0,0.0,4.169925001442312,1.8153148231328795,14.31364205848929,0.0,0.0,4.452,42.0
ClC(Cl)=C(Cl)Cl,5.899069439999999,0.0,0.0,-0.0448405729643157,-0.0672608594464735,0.0448405729643157,0.0,36.85179963139512,11.798974400067491,34.97293475397361,-0.2127291144398916,0.4558589723770105,6.749642977013472,10.000608822599396,0.0,0.0,2.0,0.0,0.0,0.0,0.0,0.0,0.0,0.0,0.0,0.0,2.2222222222222223,3.0,0.0,0.0,0.0,0.0,0.0,0.0,0.0,0.0,0.0,0.0,0.0,0.0,2.0,0.0,0.0,0.0,0.0,0.0,0.0,0.0,0.0,0.0,0.0,0.0,0.0,0.0,0.0,0.0,0.0,0.0,0.0,0.0,0.0,0.0,0.0,0.0,0.0,0.0,0.0,0.0,0.0,0.0,0.0,0.0,0.0,0.0,0.0,0.0,4.0,0.0,0.0,0.0,0.0,0.0,0.0,0.0,0.0,0.0,0.0,0.0,0.0,0.0,0.0,0.0,0.0,0.0,0.0,0.0,0.0,0.0,0.0,0.0,0.0,2.0,2.0,0.0,0.0,0.0,0.0,0.0,1.0,0.0,0.0,0.0,0.0,0.0,0.0,0.0,0.0,0.0,0.0,0.0,1.24,0.0,0.0,0.0,0.0,0.0,0.0,0.0,0.0,0.0,0.0,0.0,0.0,0.0,3.321928094887362,1.7539409800204089,9.301423657900225,0.0,0.0,3.0260000000000007,22.0
ClC(Cl)Br,3.316040999999999,0.0,0.0,-0.0963552877762241,0.0317504272657244,0.0,0.0,62.683990607012966,11.998765719161089,78.91851798036846,-0.1968689435633208,0.3245544736932842,6.515219560488097,9.649493349462595,0.0,0.0,0.0,0.0,0.0,0.0,0.0,0.0,0.0,0.0,0.0,1.0,1.3333333333333333,,0.0,0.0,0.0,0.0,0.0,0.0,0.0,0.0,0.0,0.0,1.0,0.0,0.0,0.0,0.0,0.0,0.0,0.0,0.0,0.0,0.0,0.0,0.0,0.0,0.0,0.0,0.0,0.0,0.0,0.0,0.0,0.0,0.0,0.0,0.0,0.0,0.0,0.0,0.0,0.0,0.0,0.0,0.0,0.0,0.0,0.0,0.0,0.0,2.0,0.0,0.0,0.0,0.0,0.0,0.0,0.0,0.0,0.0,0.0,0.0,0.0,0.0,0.0,0.0,1.0,0.0,0.0,0.0,0.0,0.0,0.0,0.0,0.0,0.0,0.0,0.0,0.0,0.0,0.0,0.0,0.0,0.0,0.0,0.0,0.0,0.0,0.0,0.0,0.0,0.0,0.0,0.0,1.24,0.0,0.0,0.0,0.0,0.0,0.0,0.0,0.0,0.0,0.0,0.0,0.0,0.0,2.584962500721156,1.6830127018922194,6.732050807568877,0.0,0.0,2.412,12.0
ClC(Cl)Cl,2.61533584,0.0,0.0,-0.1096803477189614,0.0365601159063204,0.0,0.0,27.138849723546343,11.998419845200498,34.9724328347995,-0.1979541061703209,0.3366243456016465,5.931257681451039,8.494242318548965,0.0,0.0,0.0,0.0,0.0,0.0,0.0,0.0,0.0,0.0,0.0,1.0,1.3333333333333333,,0.0,0.0,0.0,0.0,0.0,0.0,0.0,0.0,0.0,0.0,1.0,0.0,0.0,0.0,0.0,0.0,0.0,0.0,0.0,0.0,0.0,0.0,0.0,0.0,0.0,0.0,0.0,0.0,0.0,0.0,0.0,0.0,0.0,0.0,0.0,0.0,0.0,0.0,0.0,0.0,0.0,0.0,0.0,0.0,0.0,0.0,0.0,0.0,3.0,0.0,0.0,0.0,0.0,0.0,0.0,0.0,0.0,0.0,0.0,0.0,0.0,0.0,0.0,0.0,0.0,0.0,0.0,0.0,0.0,0.0,0.0,0.0,0.0,0.0,0.0,0.0,0.0,0.0,0.0,0.0,0.0,0.0,0.0,0.0,0.0,0.0,0.0,0.0,0.0,0.0,0.0,0.0,1.24,0.0,0.0,0.0,0.0,0.0,0.0,0.0,0.0,0.0,0.0,0.0,0.0,0.0,2.584962500721156,1.6830127018922194,6.732050807568877,0.0,0.0,2.074,12.0
ClC1C(Cl)C(Cl)C(Cl)C(Cl)C1Cl,17.333899559999995,0.0,0.0,0.0,-0.1493640951251439,-0.0746820475625719,0.0,58.27769944709269,11.80048716654928,34.97443345151919,-0.2442228186905614,0.3370211179886958,7.543613825255597,11.894296062175282,0.0,0.0,0.0,0.0,0.0,0.0,6.0,0.0,0.5,0.0,0.0,1.0,3.3950617283950617,1.5625,0.0,0.0,0.0,0.0,0.0,0.0,0.0,0.0,0.0,0.0,6.0,0.0,0.0,0.0,0.0,0.0,0.0,0.0,0.0,0.0,0.0,0.0,0.0,0.0,0.0,0.0,0.0,0.0,0.0,0.0,0.0,0.0,0.0,0.0,0.0,0.0,0.0,0.0,0.0,0.0,0.0,0.0,0.0,0.0,0.0,0.0,0.0,0.0,6.0,0.0,0.0,0.0,0.0,0.0,0.0,0.0,0.0,0.0,0.0,0.0,0.0,0.0,0.0,0.0,0.0,0.0,0.0,0.0,0.0,0.0,0.0,0.0,0.0,0.0,0.0,0.0,0.0,0.0,0.0,0.0,9.125465128398089,0.0,0.0,0.0,0.0,0.0,0.0,0.0,0.0,0.0,0.0,0.0,1.46,0.0,0.0,0.0,1.0,0.0,0.0,0.0,0.0,1.0,0.0,0.0,0.0,0.0,4.584962500721156,1.9081238968936245,14.905717215398392,0.0,0.0,3.834,60.0
ClC=C(Cl)Cl,3.0373518399999995,0.0,0.0,-0.0319355749441389,-0.0436616766710129,0.0267658124576081,0.0,28.138849723546343,11.799230632198418,34.9717678120188,-0.2298262493220573,0.3811195696230136,5.763093859791852,8.8515211804704,0.0,0.0,2.0,0.0,0.0,0.0,0.0,0.0,0.0,0.0,0.0,0.0,2.25,4.0,0.0,0.0,0.0,0.0,0.0,0.0,0.0,0.0,1.0,0.0,0.0,0.0,1.0,0.0,0.0,0.0,0.0,0.0,0.0,0.0,0.0,0.0,0.0,0.0,0.0,0.0,0.0,0.0,0.0,0.0,0.0,0.0,0.0,0.0,0.0,0.0,0.0,0.0,0.0,0.0,0.0,0.0,0.0,0.0,0.0,0.0,0.0,0.0,3.0,0.0,0.0,0.0,0.0,0.0,0.0,0.0,0.0,0.0,0.0,0.0,0.0,0.0,0.0,0.0,0.0,0.0,0.0,0.0,0.0,0.0,0.0,0.0,0.0,2.0,2.0,0.0,0.0,0.0,0.0,0.0,0.0,0.0,0.0,0.0,0.0,0.0,0.0,0.0,0.0,0.0,0.0,0.0,1.35,0.0,0.0,0.0,0.0,0.0,0.0,0.0,0.0,0.0,0.0,0.0,0.0,0.0,3.0,1.739360386416435,6.955220308284978,0.0,0.0,2.6420000000000003,16.0
ClC=CCCl,2.3049312399999997,0.0,0.0,-0.0332078605920207,0.0113530380970613,-0.0365978587801509,0.0198230687113479,20.42589981569756,11.776534069862738,34.97038934863054,-0.2729882271123455,0.2460616335031402,5.252968350890791,7.297484095124528,0.0,0.0,1.0,1.0,0.0,1.0,0.0,0.0,0.0,0.0,0.0,0.3333333333333333,4.0,4.0,0.0,0.0,0.0,0.0,0.0,0.0,1.0,0.0,2.0,0.0,0.0,0.0,0.0,0.0,0.0,0.0,0.0,0.0,0.0,0.0,0.0,0.0,0.0,0.0,0.0,0.0,0.0,0.0,0.0,0.0,0.0,0.0,0.0,0.0,0.0,0.0,0.0,0.0,0.0,0.0,0.0,0.0,0.0,0.0,0.0,0.0,0.0,0.0,2.0,0.0,0.0,0.0,0.0,0.0,0.0,0.0,0.0,0.0,0.0,0.0,0.0,0.0,0.0,0.0,0.0,0.0,0.0,0.0,0.0,0.0,0.0,0.0,0.0,2.0,3.0,0.0,0.0,0.0,0.0,2.381101577952299,0.0,0.0,0.0,0.0,0.0,0.0,0.0,0.0,0.0,0.0,0.0,0.0,1.57,1.0,0.0,0.0,0.0,0.0,0.0,0.0,0.0,0.0,0.0,0.0,0.0,0.0,3.0,1.769974746830583,4.724873734152916,0.0,0.0,2.099,14.0
ClCC(Cl)CCl,4.865112490000001,0.0,0.0,-0.0248940158541906,-0.0746820475625719,0.0,0.0248940158541906,29.138849723546343,11.858562835954023,34.971401957040165,-0.2361613438729641,0.257127747739227,5.657873442755052,9.060910626462052,0.0,0.0,0.0,0.0,0.0,2.0,1.0,0.0,0.0,0.0,0.0,1.0,3.2,3.0,0.0,0.0,0.0,0.0,0.0,0.0,2.0,0.0,0.0,0.0,1.0,0.0,0.0,0.0,0.0,0.0,0.0,0.0,0.0,0.0,0.0,0.0,0.0,0.0,0.0,0.0,0.0,0.0,0.0,0.0,0.0,0.0,0.0,0.0,0.0,0.0,0.0,0.0,0.0,0.0,0.0,0.0,0.0,0.0,0.0,0.0,0.0,0.0,3.0,0.0,0.0,0.0,0.0,0.0,0.0,0.0,0.0,0.0,0.0,0.0,0.0,0.0,0.0,0.0,0.0,0.0,0.0,0.0,0.0,0.0,0.0,0.0,0.0,0.0,3.0,0.0,0.0,0.0,0.0,0.4999999999999999,0.0,0.0,0.0,0.0,0.0,0.0,0.0,0.0,0.0,0.0,0.0,0.0,1.46,2.0,0.0,0.0,0.0,0.0,0.0,0.0,0.0,0.0,0.0,0.0,0.0,0.0,3.321928094887362,1.779308466033326,7.109354215272228,0.0,0.0,2.379,20.0
ClCC1CO1,0.3169690000000003,0.0,0.0,-0.0882729621554512,-0.0553181469302811,0.0275864644863563,0.0,13.487418943389727,11.858844623260383,34.969379662388995,-0.4050238199336367,0.2612212177462353,4.655817821570765,6.533864073170683,0.0,0.0,0.0,0.0,0.0,2.0,1.0,0.0,0.6,1.0,0.0,1.0,1.0,0.64,0.0,0.0,0.0,0.0,0.0,0.0,2.0,0.0,0.0,0.0,1.0,0.0,0.0,0.0,0.0,0.0,0.0,0.0,0.0,0.0,0.0,0.0,0.0,0.0,0.0,0.0,0.0,0.0,0.0,0.0,1.0,0.0,0.0,0.0,0.0,0.0,0.0,0.0,0.0,0.0,0.0,0.0,0.0,0.0,0.0,0.0,0.0,0.0,1.0,0.0,0.0,0.0,0.0,0.0,0.0,0.0,0.0,0.0,0.0,0.0,0.0,0.0,0.0,0.0,0.0,0.0,0.0,0.0,0.0,0.0,0.0,0.0,0.0,0.0,3.0,0.0,0.0,0.0,0.0,0.4999999999999999,0.0,0.0,0.0,0.0,0.0,0.0,0.0,0.0,0.0,0.0,0.0,0.0,1.57,1.0,0.0,0.0,1.0,0.0,1.0,0.0,0.0,0.0,0.0,0.0,0.0,12.53,3.321928094887362,1.829799026979351,5.055151104033733,2.7058157976590977,0.0,0.612,22.0
ClCCCl,2.2855392400000003,0.0,0.0,-0.0248940158541906,-0.0497880317083813,0.0248940158541906,0.0,19.42589981569756,11.899484965726788,34.970391411488166,-0.232036583188906,0.2011294721718529,5.09685508659947,6.910329521566385,0.0,0.0,0.0,0.0,0.0,2.0,0.0,0.0,0.0,0.0,0.0,1.0,3.0,4.0,0.0,0.0,0.0,0.0,0.0,0.0,2.0,0.0,0.0,0.0,0.0,0.0,0.0,0.0,0.0,0.0,0.0,0.0,0.0,0.0,0.0,0.0,0.0,0.0,0.0,0.0,0.0,0.0,0.0,0.0,0.0,0.0,0.0,0.0,0.0,0.0,0.0,0.0,0.0,0.0,0.0,0.0,0.0,0.0,0.0,0.0,0.0,0.0,2.0,0.0,0.0,0.0,0.0,0.0,0.0,0.0,0.0,0.0,0.0,0.0,0.0,0.0,0.0,0.0,0.0,0.0,0.0,0.0,0.0,0.0,0.0,0.0,0.0,0.0,2.0,0.0,0.0,0.0,0.0,1.0,0.0,0.0,0.0,0.0,0.0,0.0,0.0,0.0,0.0,0.0,0.0,0.0,1.46,1.0,0.0,0.0,0.0,0.0,0.0,0.0,0.0,0.0,0.0,0.0,0.0,0.0,2.584962500721156,1.717830085889911,4.621320343559643,0.0,0.0,1.74,10.0
ClCc1ccccc1,5.905386010000002,0.0,6.0,-0.0244551727060348,-0.0009405088126279,0.0006906206925866,7.978992681925894e-05,15.71294990784878,11.695019712109705,34.96937978735052,-0.3579638291063994,0.2664176133735256,5.559993754246196,8.530440876304525,0.0,0.0,0.0,5.0,1.0,1.0,0.0,0.0,0.75,0.0,0.0,0.1428571428571428,3.111111111111111,1.8,0.0,0.0,0.0,0.0,0.0,0.0,1.0,0.0,0.0,5.0,0.0,0.0,0.0,1.0,0.0,0.0,0.0,0.0,0.0,0.0,0.0,0.0,0.0,0.0,0.0,0.0,0.0,0.0,0.0,0.0,0.0,0.0,0.0,0.0,0.0,0.0,0.0,0.0,0.0,0.0,0.0,0.0,0.0,0.0,0.0,0.0,0.0,0.0,1.0,0.0,0.0,0.0,0.0,0.0,0.0,0.0,0.0,0.0,0.0,0.0,0.0,0.0,0.0,0.0,0.0,0.0,0.0,0.0,0.0,0.0,0.0,0.0,0.0,6.0,,0.0,0.0,0.0,0.0,7.732315986074721,0.0,0.0,0.0,0.0,0.0,0.0,0.0,0.0,0.0,0.0,0.0,0.0,2.12,1.0,0.0,1.0,1.0,1.0,0.0,0.0,0.0,1.0,0.0,0.0,0.0,0.0,4.0,1.9615831826636247,2.4524550452976723,0.0,0.0,2.4850000000000003,34.0
Clc1ccc(COC(Cn2ccnc2)c2ccc(Cl)cc2Cl)c(Cl)c1,31.87167025,0.0,17.0,-0.2365363375341104,0.0222353344038935,0.0010370026615812,-0.0172948285066427,57.34622926948903,11.694012791178364,34.97241227306002,-0.4114464983106455,0.3539650299297845,6.022957725018154,11.187719219058309,0.0,0.0,2.0,10.0,2.0,2.0,1.0,0.0,0.84,2.0,0.0,0.1666666666666666,9.273922571219869,5.489603024574669,0.0,0.0,0.0,0.0,0.0,0.0,2.0,0.0,0.0,9.0,1.0,0.0,0.0,6.0,0.0,0.0,0.0,0.0,0.0,0.0,0.0,0.0,0.0,1.0,0.0,0.0,1.0,0.0,0.0,0.0,1.0,0.0,0.0,0.0,0.0,0.0,0.0,0.0,0.0,0.0,0.0,0.0,0.0,0.0,0.0,0.0,0.0,0.0,4.0,0.0,0.0,0.0,0.0,0.0,0.0,0.0,0.0,0.0,0.0,0.0,0.0,0.0,0.0,0.0,0.0,0.0,0.0,0.0,0.0,0.0,0.0,0.0,0.0,6.0,,0.0,0.0,0.0,0.0,12.21210477263966,5.891893662354394,0.0,0.0,0.0,0.0,0.0,0.0,0.0,0.0,0.0,0.4999999999999999,0.0,2.67,6.0,1.0,3.0,3.0,3.0,0.0,0.0,1.0,2.0,0.0,0.0,0.0,27.05,5.754887502163469,2.025752564422205,19.629737782651212,3.125967290187891,6.372363145994429,6.087000000000001,128.0
Clc1ccc(Cl)cc1,9.978017440000002,0.0,6.0,-0.0152897948272716,-0.0023300385476797,-0.001361785881377,-0.0231314588484445,23.42589981569756,11.700829658028304,34.97038974270379,-0.320227278484104,0.3232289028041161,6.002511429852459,8.519284727288879,0.0,0.0,0.0,6.0,0.0,0.0,0.0,0.0,0.75,0.0,0.0,0.0,2.52,1.8,0.0,0.0,0.0,0.0,0.0,0.0,0.0,0.0,0.0,4.0,0.0,0.0,0.0,2.0,0.0,0.0,0.0,0.0,0.0,0.0,0.0,0.0,0.0,0.0,0.0,0.0,0.0,0.0,0.0,0.0,0.0,0.0,0.0,0.0,0.0,0.0,0.0,0.0,0.0,0.0,0.0,0.0,0.0,0.0,0.0,0.0,0.0,0.0,2.0,0.0,0.0,0.0,0.0,0.0,0.0,0.0,0.0,0.0,0.0,0.0,0.0,0.0,0.0,0.0,0.0,0.0,0.0,0.0,0.0,0.0,0.0,0.0,0.0,6.0,0.0,0.0,0.0,0.0,0.0,3.3019272488946267,0.3333333333333333,0.0,0.0,0.0,0.0,0.0,0.0,0.0,0.0,0.0,0.0,0.0,1.9,0.0,0.0,1.0,1.0,1.0,0.0,0.0,0.0,1.0,0.0,0.0,0.0,0.0,4.0,1.9416036510868868,4.990326431791092,0.0,0.0,3.2660000000000005,36.0
Clc1ccccc1,6.222031360000001,0.0,6.0,-0.0082296076679806,-0.0041178074547354,-0.0003101506775247,-1.234096748698556e-05,14.71294990784878,11.700914754012103,34.96937986045347,-0.3427041816659773,0.2972365637657304,5.880905170352858,8.249088401306512,0.0,0.0,0.0,6.0,0.0,0.0,0.0,0.0,0.8571428571428571,0.0,0.0,0.0,2.34375,1.5,0.0,0.0,0.0,0.0,0.0,0.0,0.0,0.0,0.0,5.0,0.0,0.0,0.0,1.0,0.0,0.0,0.0,0.0,0.0,0.0,0.0,0.0,0.0,0.0,0.0,0.0,0.0,0.0,0.0,0.0,0.0,0.0,0.0,0.0,0.0,0.0,0.0,0.0,0.0,0.0,0.0,0.0,0.0,0.0,0.0,0.0,0.0,0.0,1.0,0.0,0.0,0.0,0.0,0.0,0.0,0.0,0.0,0.0,0.0,0.0,0.0,0.0,0.0,0.0,0.0,0.0,0.0,0.0,0.0,0.0,0.0,0.0,0.0,6.0,0.0,0.0,0.0,0.0,0.0,6.083643418932058,0.0,0.0,0.0,0.0,0.0,0.0,0.0,0.0,0.0,0.0,0.0,0.0,2.01,0.0,0.0,1.0,1.0,1.0,0.0,0.0,0.0,1.0,0.0,0.0,0.0,0.0,3.807354922057604,1.9538321886337693,2.4906965282222497,0.0,0.0,2.644,30.0
Clc1ccccc1C(c1ccccc1)(c1ccccc1)n1ccnc1,27.27868441,0.0,23.0,-0.1282003128470573,0.0624310817203437,-0.038493322588336,0.0382572904617839,33.43291051040174,11.679551211086308,34.96938067299117,-0.3876550030932332,0.3470759429526681,6.755530924266299,15.338187503712962,0.0,0.0,2.0,15.0,3.0,0.0,0.0,0.0555555555555555,0.96,1.0,0.0,0.0454545454545454,8.347140039447732,3.4530321046373365,0.0,0.0,0.0,0.0,0.0,0.0,0.0,0.0,0.0,17.0,0.0,0.0,0.0,4.0,0.0,0.0,0.0,0.0,0.0,0.0,0.0,0.0,0.0,1.0,0.0,0.0,1.0,0.0,0.0,0.0,0.0,0.0,0.0,0.0,0.0,0.0,0.0,0.0,0.0,0.0,0.0,0.0,0.0,0.0,0.0,0.0,0.0,0.0,1.0,0.0,0.0,0.0,0.0,0.0,0.0,0.0,0.0,0.0,0.0,0.0,0.0,0.0,0.0,0.0,0.0,0.0,0.0,0.0,0.0,0.0,0.0,0.0,0.0,6.0,2.0,0.0,0.0,0.0,0.0,32.50293579678357,2.94168275343288,3.3635856610148585,0.0,0.0,0.0,0.0,0.0,0.0,0.0,0.0,0.4999999999999999,0.0,3.55,4.0,1.0,4.0,4.0,4.0,0.0,0.0,1.0,3.0,0.0,0.0,0.0,17.82,5.807354922057604,2.071810813818151,9.034915891676755,0.0,6.4736847795700925,6.140000000000001,134.0
Clc1ccccc1Cl,9.978017440000002,0.0,6.0,-0.011532618622352,-0.0274435676340525,0.011532618622352,-0.0003732492457181,23.42589981569756,11.700829463363537,34.97039309755072,-0.327699272528309,0.3513871842168343,6.36968795973844,9.345606851803092,0.0,0.0,0.0,6.0,0.0,0.0,0.0,0.0,0.75,0.0,0.0,0.0,2.52,1.487603305785124,0.0,0.0,0.0,0.0,0.0,0.0,0.0,0.0,0.0,4.0,0.0,0.0,0.0,2.0,0.0,0.0,0.0,0.0,0.0,0.0,0.0,0.0,0.0,0.0,0.0,0.0,0.0,0.0,0.0,0.0,0.0,0.0,0.0,0.0,0.0,0.0,0.0,0.0,0.0,0.0,0.0,0.0,0.0,0.0,0.0,0.0,0.0,0.0,2.0,0.0,0.0,0.0,0.0,0.0,0.0,0.0,0.0,0.0,0.0,0.0,0.0,0.0,0.0,0.0,0.0,0.0,0.0,0.0,0.0,0.0,0.0,0.0,0.0,6.0,0.0,0.0,0.0,0.0,0.0,3.965406456500188,1.0,0.0,0.0,0.0,0.0,0.0,0.0,0.0,0.0,0.0,0.0,0.0,1.9,0.0,0.0,1.0,1.0,1.0,0.0,0.0,0.0,1.0,0.0,0.0,0.0,0.0,4.0,1.941676216669017,4.978279392143927,0.0,0.0,3.266,36.0
Cn1c(=O)c2[nH]cnc2n(C)c1=O,0.0935136400000003,0.0,5.0,-0.3934041748677048,0.3571337923025655,-0.3825970736987054,0.2088105360790026,15.988859276187815,11.807574567252535,16.007093610829852,-0.3749697375605443,0.4264854597092832,4.909662427623956,9.10051610004852,0.0,0.0,2.0,1.0,0.0,0.0,0.0,0.0,0.6923076923076923,5.0,1.0,0.2857142857142857,3.292517006802721,1.3333333333333333,0.0,0.0,0.0,0.0,2.0,0.0,0.0,0.0,0.0,1.0,0.0,0.0,0.0,0.0,2.0,0.0,0.0,0.0,0.0,0.0,1.0,0.0,0.0,1.0,0.0,0.0,2.0,0.0,0.0,2.0,0.0,0.0,0.0,0.0,0.0,0.0,0.0,0.0,0.0,0.0,0.0,0.0,0.0,0.0,0.0,0.0,0.0,0.0,0.0,0.0,0.0,0.0,0.0,0.0,0.0,0.0,0.0,0.0,0.0,0.0,0.0,0.0,0.0,0.0,0.0,0.0,0.0,0.0,0.0,0.0,0.0,0.0,0.0,11.0,3.0,0.25,0.447213595499958,3.03934274260637,0.0,0.0,3.532775529001442,0.0,0.0,0.25,0.0,0.0,0.0,0.0,0.0,0.4999999999999999,1.3731780959380786,0.4999999999999999,1.5699999999999998,0.0,0.0,2.0,1.0,1.0,0.0,0.0,1.0,1.0,0.0,0.0,0.0,69.30000000000001,4.807354922057604,1.994502745599352,17.556610770786406,5.040996639820189,12.51561413096623,-0.028,70.0
Cn1c(N)nc2c3cccnc3ccc21,2.3494758400000006,0.0,15.0,-0.1766541895209111,0.0918959956283131,-0.0630905107427919,0.0483537089128353,16.439921205105925,11.674146898228232,14.046340201244114,-0.4019078804695183,0.3960070828318164,5.892383693825375,10.127310308407678,0.0,0.0,1.0,7.0,1.0,0.0,0.0,0.0,0.8666666666666667,3.0,1.0,0.0909090909090909,3.7856,1.5555555555555556,0.0,0.0,0.0,0.0,1.0,0.0,0.0,0.0,0.0,5.0,0.0,0.0,0.0,1.0,4.0,0.0,1.0,0.0,0.0,0.0,0.0,0.0,0.0,2.0,0.0,0.0,1.0,0.0,0.0,0.0,0.0,0.0,0.0,0.0,0.0,0.0,0.0,0.0,0.0,0.0,0.0,0.0,0.0,0.0,0.0,0.0,0.0,0.0,0.0,0.0,0.0,0.0,0.0,0.0,0.0,0.0,0.0,0.0,0.0,0.0,0.0,0.0,0.0,0.0,0.0,0.0,0.0,0.0,0.0,0.0,0.0,0.0,0.0,14.0,,0.0,1.0439745130060618,1.670812654895672,0.0,4.20685701919088,5.296119205244061,0.0,0.0,0.0,0.0,0.0,0.0,0.5773502691896258,0.4999999999999999,0.25,0.6324555320336759,0.0,2.23,0.0,0.0,3.0,1.0,1.0,0.0,0.0,1.0,2.0,0.0,0.0,0.0,56.73,5.08746284125034,2.076614152259101,11.98047886565514,0.0,11.98047886565514,1.3989999999999998,84.0
N#CC(Br)Br,2.74664329,0.0,0.0,-0.0486966079278348,-0.0944173181963839,0.0481939483531334,0.0,91.87616188390729,11.87490848766236,78.91969879921362,-0.4281861752609391,0.3896831117763879,4.707988802584019,10.28663425656,0.0,0.0,0.0,0.0,0.0,1.0,0.0,0.0,0.0,1.0,0.0,1.0,2.25,4.0,0.0,0.0,0.0,0.0,0.0,0.0,0.0,0.0,0.0,0.0,1.0,0.0,0.0,0.0,0.0,0.0,0.0,0.0,0.0,0.0,0.0,1.0,0.0,0.0,0.0,0.0,0.0,0.0,0.0,0.0,0.0,0.0,0.0,0.0,0.0,0.0,0.0,0.0,0.0,0.0,0.0,0.0,0.0,0.0,0.0,0.0,0.0,0.0,0.0,0.0,0.0,0.0,0.0,0.0,0.0,0.0,0.0,0.0,0.0,0.0,0.0,0.0,0.0,0.0,2.0,0.0,0.0,0.0,0.0,0.0,0.0,0.0,0.0,2.0,2.0,0.0,0.0,0.0,0.0,0.0,0.0,0.0,0.0,0.0,0.0,0.0,0.0,0.0,0.0,0.0,0.0,0.0,1.35,0.0,0.0,0.0,0.0,0.0,0.0,0.0,0.0,0.0,0.0,0.0,0.0,23.79,3.0,1.739360386416435,6.955220308284978,0.0,2.3291152491146936,1.358,16.0
N#CC(Cl)(Cl)Cl,2.9683844100000005,0.0,0.0,-0.0889840559037091,-0.1210096362182737,0.0771197579481285,0.0,29.498830024822823,11.87444894577777,34.97243327063568,-0.4171113429813267,0.4881056660136537,4.6169840665391,9.931492658880618,0.0,0.0,0.0,0.0,0.0,1.0,0.0,0.3535533905932737,0.0,1.0,0.0,1.0,1.6326530612244898,5.333333333333333,0.0,0.0,0.0,0.0,0.0,0.0,0.0,0.0,0.0,0.0,0.0,0.0,0.0,0.0,0.0,0.0,0.0,0.0,0.0,0.0,0.0,1.0,0.0,0.0,0.0,0.0,0.0,0.0,0.0,0.0,0.0,0.0,0.0,0.0,0.0,0.0,0.0,0.0,0.0,0.0,0.0,0.0,0.0,0.0,0.0,0.0,0.0,0.0,3.0,0.0,0.0,0.0,0.0,0.0,0.0,0.0,0.0,0.0,0.0,0.0,0.0,0.0,0.0,0.0,0.0,0.0,0.0,0.0,0.0,0.0,0.0,0.0,0.0,2.0,2.0,0.0,0.0,0.0,0.0,0.0,0.0,0.0,0.0,0.0,0.0,0.0,0.0,0.0,0.0,0.0,0.0,0.0,1.24,0.0,0.0,0.0,0.0,0.0,0.0,0.0,0.0,0.0,0.0,0.0,0.0,23.79,3.321928094887362,1.744331709611622,9.237436867076458,0.0,2.3321067811865475,1.1410000000000002,24.0
N#CC(Cl)Br,2.09033764,0.0,0.0,-0.056351263510495,-0.1023172627568657,0.0545447870470234,0.0,56.33102100044066,11.874778472009949,78.91851798452572,-0.4268133280424833,0.3973214951601798,4.413438818399824,9.131418709613904,0.0,0.0,0.0,0.0,0.0,1.0,0.0,0.0,0.0,1.0,0.0,1.0,2.25,4.0,0.0,0.0,0.0,0.0,0.0,0.0,0.0,0.0,0.0,0.0,1.0,0.0,0.0,0.0,0.0,0.0,0.0,0.0,0.0,0.0,0.0,1.0,0.0,0.0,0.0,0.0,0.0,0.0,0.0,0.0,0.0,0.0,0.0,0.0,0.0,0.0,0.0,0.0,0.0,0.0,0.0,0.0,0.0,0.0,0.0,0.0,0.0,0.0,1.0,0.0,0.0,0.0,0.0,0.0,0.0,0.0,0.0,0.0,0.0,0.0,0.0,0.0,0.0,0.0,1.0,0.0,0.0,0.0,0.0,0.0,0.0,0.0,0.0,2.0,2.0,0.0,0.0,0.0,0.0,0.0,0.0,0.0,0.0,0.0,0.0,0.0,0.0,0.0,0.0,0.0,0.0,0.0,1.35,0.0,0.0,0.0,0.0,0.0,0.0,0.0,0.0,0.0,0.0,0.0,0.0,23.79,3.0,1.739360386416435,6.955220308284978,0.0,2.3291152491146936,1.02,16.0
N#CC(Cl)Cl,1.52349649,0.0,0.0,-0.0645992095821502,-0.109368996487532,0.0607456827036818,0.0,20.78588011697404,11.874648191928811,34.97090647713714,-0.4257643186463376,0.4052917721452819,4.117299148016087,7.976624923919834,0.0,0.0,0.0,0.0,0.0,1.0,0.0,0.0,0.0,1.0,0.0,1.0,2.25,4.0,0.0,0.0,0.0,0.0,0.0,0.0,0.0,0.0,0.0,0.0,1.0,0.0,0.0,0.0,0.0,0.0,0.0,0.0,0.0,0.0,0.0,1.0,0.0,0.0,0.0,0.0,0.0,0.0,0.0,0.0,0.0,0.0,0.0,0.0,0.0,0.0,0.0,0.0,0.0,0.0,0.0,0.0,0.0,0.0,0.0,0.0,0.0,0.0,2.0,0.0,0.0,0.0,0.0,0.0,0.0,0.0,0.0,0.0,0.0,0.0,0.0,0.0,0.0,0.0,0.0,0.0,0.0,0.0,0.0,0.0,0.0,0.0,0.0,2.0,2.0,0.0,0.0,0.0,0.0,0.0,0.0,0.0,0.0,0.0,0.0,0.0,0.0,0.0,0.0,0.0,0.0,0.0,1.35,0.0,0.0,0.0,0.0,0.0,0.0,0.0,0.0,0.0,0.0,0.0,0.0,23.79,3.0,1.739360386416435,6.955220308284978,0.0,2.3291152491146936,0.6820000000000002,16.0
N#CCCl,0.62504836,0.0,0.0,-0.0367455306904087,-0.0858949780363753,0.0366236164548934,0.0,12.07293020912526,11.874846820943487,34.96937961359819,-0.4341855860170359,0.3508767062957277,3.6104687903317343,6.024307294893616,0.0,0.0,0.0,0.0,0.0,1.0,0.0,0.0,0.0,1.0,0.0,1.0,3.0,4.0,0.0,0.0,0.0,0.0,0.0,0.0,1.0,0.0,0.0,0.0,0.0,0.0,0.0,0.0,0.0,0.0,0.0,0.0,0.0,0.0,0.0,1.0,0.0,0.0,0.0,0.0,0.0,0.0,0.0,0.0,0.0,0.0,0.0,0.0,0.0,0.0,0.0,0.0,0.0,0.0,0.0,0.0,0.0,0.0,0.0,0.0,0.0,0.0,1.0,0.0,0.0,0.0,0.0,0.0,0.0,0.0,0.0,0.0,0.0,0.0,0.0,0.0,0.0,0.0,0.0,0.0,0.0,0.0,0.0,0.0,0.0,0.0,0.0,2.0,2.0,0.0,0.0,0.0,0.0,1.0,0.0,0.0,0.0,0.0,0.0,0.0,0.0,0.0,0.0,0.0,0.0,0.0,1.46,0.0,0.0,0.0,0.0,0.0,0.0,0.0,0.0,0.0,0.0,0.0,0.0,23.79,2.584962500721156,1.717830085889911,4.621320343559643,0.0,2.310660171779821,0.268,10.0
N#Cc1ccc(O)cc1,2.0779222500000007,0.0,6.0,-0.0419184736097828,-0.017861355884022,0.0077520168443264,-0.0094358715341393,10.134449336817426,11.693607678284565,15.9979563305661,-0.429730501088776,0.3708881133368147,4.102957358588686,7.808830949289053,0.0,0.0,0.0,5.0,1.0,0.0,0.0,0.0,0.6666666666666666,2.0,1.0,0.0,3.239669421487603,2.0,0.0,0.0,0.0,0.0,0.0,0.0,0.0,0.0,0.0,4.0,0.0,0.0,0.0,2.0,0.0,0.0,0.0,0.0,0.0,0.0,0.0,1.0,0.0,0.0,0.0,0.0,0.0,0.0,1.0,0.0,0.0,0.0,0.0,0.0,0.0,0.0,0.0,0.0,0.0,0.0,0.0,0.0,0.0,0.0,0.0,0.0,0.0,0.0,0.0,0.0,0.0,0.0,0.0,0.0,0.0,0.0,0.0,0.0,0.0,0.0,0.0,0.0,0.0,0.0,0.0,0.0,0.0,0.0,0.0,0.0,0.0,0.0,0.0,9.0,,0.0,0.0,0.0,0.0,4.883593419305869,0.3333333333333333,0.0,0.0,0.0,0.0,0.0,0.0,0.0,0.0,0.0,0.0,0.0,2.01,0.0,0.0,1.0,1.0,1.0,0.0,0.0,0.0,1.0,0.0,0.0,0.0,44.02,4.169925001442312,1.9499549367638096,4.96135753731801,2.506669148183688,2.4546883891343207,1.339,40.0
N#Cc1cccc(C#N)c1,2.52110884,0.0,6.0,-0.0490119665236505,-0.0230482000654726,0.0093088261142546,-0.0142610769180486,10.71996060255296,11.688020178141764,14.05140646028648,-0.4306025120038739,0.3841582433792144,4.179386894207826,8.162561178857494,0.0,0.0,0.0,4.0,2.0,0.0,0.0,0.0,0.6,2.0,0.0,0.0,4.0,2.2857142857142856,0.0,0.0,0.0,0.0,0.0,0.0,0.0,0.0,0.0,4.0,0.0,0.0,0.0,2.0,0.0,0.0,0.0,0.0,0.0,0.0,0.0,2.0,0.0,0.0,0.0,0.0,0.0,0.0,0.0,0.0,0.0,0.0,0.0,0.0,0.0,0.0,0.0,0.0,0.0,0.0,0.0,0.0,0.0,0.0,0.0,0.0,0.0,0.0,0.0,0.0,0.0,0.0,0.0,0.0,0.0,0.0,0.0,0.0,0.0,0.0,0.0,0.0,0.0,0.0,0.0,0.0,0.0,0.0,0.0,0.0,0.0,0.0,0.0,10.0,,0.0,0.0,0.0,0.0,6.603502478832731,0.4999999999999999,0.0,0.0,0.0,0.0,0.0,0.1666666666666666,0.0,0.0,0.0,0.0,0.0,2.12,0.0,0.0,1.0,1.0,1.0,0.0,0.0,0.0,1.0,0.0,0.0,0.0,47.58,4.321928094887363,1.9568912904593947,4.922420633668023,0.0,4.922420633668023,1.4680000000000002,44.0
N=c1nc(N2CCCCC2)cc(N)n1O,0.0224100900000002,0.0,0.0,-0.1772466073320095,0.114905357711338,-0.1564628609159413,0.120889616734952,17.57437054192335,11.770345740736126,16.000997610929694,-0.3890390799541225,0.3672742407094604,5.260606444224631,10.006592629625786,0.0,0.0,2.0,1.0,0.0,2.0,3.0,0.0,0.8,4.0,3.0,0.5555555555555556,4.888429752066116,2.571428571428572,0.0,0.0,0.0,0.0,0.0,0.0,5.0,0.0,0.0,1.0,0.0,0.0,0.0,2.0,0.0,0.0,1.0,0.0,1.0,0.0,0.0,0.0,0.0,1.0,1.0,0.0,1.0,0.0,1.0,0.0,0.0,0.0,0.0,0.0,0.0,0.0,0.0,0.0,0.0,0.0,0.0,0.0,0.0,0.0,0.0,0.0,0.0,0.0,0.0,0.0,0.0,0.0,0.0,0.0,0.0,0.0,0.0,0.0,0.0,0.0,0.0,0.0,0.0,0.0,0.0,0.0,0.0,0.0,0.0,0.0,0.0,0.0,0.0,10.0,5.0,0.0,0.0,0.0,0.0,6.945629181536277,1.5000000000000004,0.0,0.0,0.0,0.0,0.0,0.25,0.7071067811865476,1.4142135623730951,0.0,0.9999999999999998,0.25,1.79,1.0,0.0,1.0,2.0,1.0,0.0,0.0,0.0,2.0,0.0,0.0,0.0,88.94,5.0,2.009676515659601,17.21671320589781,2.504022174773763,14.71269103112406,0.7799999999999998,76.0
NC(=O)Cc1ccc(O)cc1,0.3595201599999997,0.0,6.0,-0.0751233427525225,-0.0350972673075364,0.0084899281498318,0.0316343752389852,12.908918372358372,11.693812536906355,16.00610322500275,-0.4004286037566561,0.3376049101830531,4.180482342810335,8.594643157124672,0.0,0.0,1.0,5.0,1.0,0.0,1.0,0.0,0.5454545454545454,3.0,2.0,0.125,4.13265306122449,3.26530612244898,0.0,0.0,0.0,0.0,0.0,0.0,1.0,0.0,0.0,4.0,0.0,0.0,1.0,2.0,0.0,0.0,1.0,0.0,0.0,0.0,0.0,0.0,0.0,0.0,0.0,0.0,0.0,0.0,1.0,1.0,0.0,0.0,0.0,0.0,0.0,0.0,0.0,0.0,0.0,0.0,0.0,0.0,0.0,0.0,0.0,0.0,0.0,0.0,0.0,0.0,0.0,0.0,0.0,0.0,0.0,0.0,0.0,0.0,0.0,0.0,0.0,0.0,0.0,0.0,0.0,0.0,0.0,0.0,0.0,0.0,0.0,0.0,0.0,7.0,,0.0,0.0,0.0,0.0,4.883593419305869,0.9654893846056296,0.0,0.0,0.1428571428571428,0.0,0.0,0.0,0.0,0.0,0.0,0.0,0.0,2.01,2.0,0.0,1.0,1.0,1.0,0.0,0.0,0.0,1.0,0.0,0.0,0.0,63.32000000000001,4.459431618637298,1.9447815369026504,7.30460686087072,4.909027128636319,2.3955797322343986,0.3149999999999999,50.0
NC(=O)c1cccnc1,0.1013785599999999,0.0,6.0,-0.1071809976226679,0.0118452284844979,-0.0882645707472383,0.0992055550690691,10.494429638093909,11.72688467695494,16.005957992390783,-0.39598907948166,0.3754022585311328,4.2925758264525005,8.091048811007555,0.0,0.0,3.0,2.0,1.0,0.0,0.0,0.0,0.6666666666666666,3.0,1.0,0.0,3.239669421487603,2.0,0.0,0.0,0.0,0.0,0.0,0.0,0.0,0.0,0.0,4.0,0.0,0.0,1.0,1.0,0.0,0.0,1.0,0.0,0.0,0.0,0.0,0.0,0.0,1.0,0.0,0.0,0.0,0.0,0.0,1.0,0.0,0.0,0.0,0.0,0.0,0.0,0.0,0.0,0.0,0.0,0.0,0.0,0.0,0.0,0.0,0.0,0.0,0.0,0.0,0.0,0.0,0.0,0.0,0.0,0.0,0.0,0.0,0.0,0.0,0.0,0.0,0.0,0.0,0.0,0.0,0.0,0.0,0.0,0.0,0.0,0.0,0.0,0.0,9.0,5.0,0.0,0.0,0.0,0.0,3.532775529001442,1.0,0.0,0.0,0.0,0.0,0.0,0.0,0.25,0.0,0.0,0.0,0.0,1.79,1.0,0.0,1.0,1.0,1.0,0.0,0.0,0.0,1.0,0.0,0.0,0.0,55.98,4.169925001442312,1.9476238212508197,7.795247741078766,2.407582445263709,5.387665295815059,-0.3429999999999999,40.0
NC(CC(=O)O)C(=O)O,1.5502740099999996,2.0,0.0,-0.1536744121257347,-0.0090538682943829,-0.022156503930159,-0.2052237288422077,12.457856443440264,11.833012006468644,16.01183003681912,-0.382372573537923,0.4053707188886815,3.7271788639029135,7.47012603163645,1.0,0.0,2.0,0.0,0.0,0.0,2.0,0.0,0.0,5.0,3.0,0.5,3.92,4.5,0.0,0.0,0.0,0.0,0.0,0.0,1.0,0.0,0.0,0.0,1.0,0.0,2.0,0.0,0.0,0.0,1.0,0.0,0.0,0.0,0.0,0.0,0.0,0.0,0.0,0.0,0.0,0.0,2.0,2.0,0.0,0.0,0.0,0.0,0.0,0.0,0.0,0.0,0.0,0.0,0.0,0.0,0.0,0.0,0.0,0.0,0.0,0.0,0.0,0.0,0.0,0.0,0.0,0.0,0.0,0.0,0.0,0.0,0.0,0.0,0.0,0.0,0.0,0.0,0.0,0.0,0.0,0.0,0.0,0.0,0.0,0.0,0.0,2.0,4.0,0.0,0.0,0.0,0.0,0.0,1.6509636244473134,0.0,0.0,1.628650569956944,0.0,0.0,0.0,0.0,0.0,0.0,0.0,0.0,1.35,3.0,0.0,0.0,0.0,0.0,0.0,0.0,0.0,0.0,0.0,0.0,0.0,100.62000000000002,4.0,1.814169711672002,11.89346657915086,9.45840558163757,2.435060997513288,-3.707,36.0
NC(N)=Nc1nc(CSCC/C(N)=N\S(N)(=O)=O)cs1,1.2409959999999998,0.0,5.0,-0.3810606951111454,0.2433615352410392,-0.1472972975571539,0.0904918739437367,42.45205929536728,11.814321428247467,31.979309342758107,-0.3755122656058285,0.4877547854412323,5.670617147307589,10.668423180117514,5.0,0.0,2.0,1.0,0.0,2.0,1.0,0.3535533905932737,0.25,9.0,4.0,0.375,8.444444444444445,8.8128,0.0,0.0,0.0,0.0,0.0,0.0,3.0,0.0,0.0,1.0,0.0,0.0,2.0,2.0,0.0,0.0,4.0,0.0,0.0,0.0,0.0,0.0,2.0,1.0,0.0,0.0,0.0,0.0,0.0,2.0,0.0,0.0,0.0,0.0,0.0,0.0,0.0,0.0,0.0,0.0,0.0,0.0,0.0,0.0,1.0,1.0,0.0,1.0,0.0,0.0,0.0,0.0,0.0,0.0,0.0,0.0,0.0,0.0,0.0,0.0,0.0,0.0,0.0,0.0,0.0,0.0,0.0,0.0,0.0,0.0,0.0,0.0,0.0,9.0,3.0,0.0,0.0,0.0,0.0,2.406851949670727,1.4490370645106372,0.0,0.0,0.4999999999999999,0.0,0.0,0.8113176176594032,2.4472658845274045,0.0,0.5984084805885755,0.0,0.0,1.0199999999999998,7.0,0.0,1.0,1.0,1.0,0.0,0.0,1.0,0.0,0.0,0.0,0.0,237.75000000000003,5.321928094887363,1.9383649147852855,32.503471338821754,4.69952363469952,18.53128358459344,-1.791,94.0
NC(N)=Nc1nc(CSCCC(N)=NS(N)(=O)=O)cs1,1.2409959999999998,0.0,5.0,-0.3810606951111454,0.2433615352410392,-0.1472972975571539,0.0904918739437367,42.45205929536728,11.814321428247467,31.979309342758107,-0.3755122656058285,0.4877547854412323,5.670617147307589,10.668423180117514,5.0,0.0,2.0,1.0,0.0,2.0,1.0,0.3535533905932737,0.25,9.0,4.0,0.375,8.444444444444445,8.8128,0.0,0.0,0.0,0.0,0.0,0.0,3.0,0.0,0.0,1.0,0.0,0.0,2.0,2.0,0.0,0.0,4.0,0.0,0.0,0.0,0.0,0.0,2.0,1.0,0.0,0.0,0.0,0.0,0.0,2.0,0.0,0.0,0.0,0.0,0.0,0.0,0.0,0.0,0.0,0.0,0.0,0.0,0.0,0.0,1.0,1.0,0.0,1.0,0.0,0.0,0.0,0.0,0.0,0.0,0.0,0.0,0.0,0.0,0.0,0.0,0.0,0.0,0.0,0.0,0.0,0.0,0.0,0.0,0.0,0.0,0.0,0.0,0.0,9.0,3.0,0.0,0.0,0.0,0.0,2.406851949670727,1.4490370645106372,0.0,0.0,0.4999999999999999,0.0,0.0,0.8113176176594032,2.4472658845274045,0.0,0.5984084805885755,0.0,0.0,1.0199999999999998,7.0,0.0,1.0,1.0,1.0,0.0,0.0,1.0,0.0,0.0,0.0,0.0,237.75000000000003,5.321928094887363,1.9383649147852855,32.503471338821754,4.69952363469952,18.53128358459344,-1.791,94.0
NC(N)=O,1.08597241,0.0,0.0,-0.1160189134315273,0.023613941263391,0.0,0.0,5.494429638093907,11.977096277055114,16.005969071468186,-0.3670084165286358,0.3743793061520519,3.289279808037085,4.862098247064738,0.0,0.0,0.0,0.0,0.0,0.0,0.0,0.0,0.0,3.0,2.0,0.0,1.3333333333333333,,0.0,0.0,0.0,0.0,0.0,0.0,0.0,0.0,0.0,0.0,0.0,0.0,1.0,0.0,0.0,0.0,2.0,0.0,0.0,0.0,0.0,0.0,0.0,0.0,0.0,0.0,0.0,0.0,0.0,1.0,0.0,0.0,0.0,0.0,0.0,0.0,0.0,0.0,0.0,0.0,0.0,0.0,0.0,0.0,0.0,0.0,0.0,0.0,0.0,0.0,0.0,0.0,0.0,0.0,0.0,0.0,0.0,0.0,0.0,0.0,0.0,0.0,0.0,0.0,0.0,0.0,0.0,0.0,0.0,0.0,0.0,0.0,0.0,4.0,0.0,0.0,0.0,0.0,0.0,0.0,0.0,0.0,0.0,0.0,0.0,0.0,0.4999999999999999,0.0,0.0,0.0,0.0,0.0,1.24,0.0,0.0,0.0,0.0,0.0,0.0,0.0,0.0,0.0,0.0,0.0,0.0,69.11,2.584962500721156,1.6830127018922194,6.732050807568877,2.2440169358562927,4.4880338717125845,-1.686,12.0
NC=O,0.8297388099999998,0.0,0.0,-0.1020977252043706,0.014067366968623,0.0,0.0,4.134449336817426,11.98302342754466,16.005946149225156,-0.3816238655468712,0.2834077591523737,2.716340967849747,3.813686255495688,0.0,0.0,0.0,0.0,0.0,0.0,0.0,0.0,0.0,2.0,1.0,0.0,2.0,0.0,0.0,0.0,0.0,0.0,0.0,0.0,0.0,0.0,1.0,0.0,0.0,0.0,0.0,0.0,0.0,0.0,1.0,0.0,0.0,0.0,0.0,0.0,0.0,0.0,0.0,0.0,0.0,0.0,0.0,1.0,0.0,0.0,0.0,0.0,0.0,0.0,0.0,0.0,0.0,0.0,0.0,0.0,0.0,0.0,0.0,0.0,0.0,0.0,0.0,0.0,0.0,0.0,0.0,0.0,0.0,0.0,0.0,0.0,0.0,0.0,0.0,0.0,0.0,0.0,0.0,0.0,0.0,0.0,0.0,0.0,0.0,0.0,0.0,3.0,0.0,0.0,0.0,0.0,0.0,0.0,0.0,0.0,0.0,0.0,0.0,0.0,0.0,0.0,0.0,0.0,0.0,0.0,1.35,0.0,0.0,0.0,0.0,0.0,0.0,0.0,0.0,0.0,0.0,0.0,0.0,43.09,2.0,1.638071187457698,4.414213562373095,2.2071067811865475,2.2071067811865475,-1.044,6.0
NCC(=O)CCC(=O)O,1.3742872899999987,1.0,0.0,-0.1124431452548494,-0.0453520487376408,0.0330743637239795,-0.1202473498526134,11.683387407899318,11.823221494333511,16.0103065438298,-0.3909149153978681,0.3787060757283752,3.6735261713750593,7.073200466406298,1.0,0.0,1.0,1.0,0.0,1.0,2.0,0.0,0.0,4.0,2.0,0.6,4.839506172839506,5.877551020408164,0.0,0.0,0.0,0.0,0.0,0.0,3.0,0.0,0.0,0.0,0.0,0.0,2.0,0.0,0.0,0.0,1.0,0.0,0.0,0.0,0.0,0.0,0.0,0.0,0.0,0.0,0.0,0.0,1.0,2.0,0.0,0.0,0.0,0.0,0.0,0.0,0.0,0.0,0.0,0.0,0.0,0.0,0.0,0.0,0.0,0.0,0.0,0.0,0.0,0.0,0.0,0.0,0.0,0.0,0.0,0.0,0.0,0.0,0.0,0.0,0.0,0.0,0.0,0.0,0.0,0.0,0.0,0.0,0.0,0.0,0.0,0.0,0.0,2.0,5.0,0.0,0.0,0.0,0.0,1.6509636244473134,0.3333333333333333,0.0,0.0,0.814325284978472,0.0,0.0,0.0,0.0,0.0,0.0,0.0,0.0,1.5699999999999998,4.0,0.0,0.0,0.0,0.0,0.0,0.0,0.0,0.0,0.0,0.0,0.0,80.39,4.0,1.8324811009773203,9.575316056068443,7.184256739329764,2.391059316738676,-1.549,34.0
NCCCC[C@H](N)C(=O)O,0.4621280400000014,1.0,0.0,-0.1012755589044501,-0.0693753541312006,0.0450747576219104,0.0183876066588166,12.268898673634853,11.818510079698772,16.009790891413264,-0.3804498410029087,0.3979142301313896,3.95122337892932,7.835447027686883,2.0,0.0,1.0,0.0,0.0,1.0,4.0,0.0,0.0,4.0,3.0,0.8333333333333334,5.76,5.530864197530864,0.0,0.0,0.0,0.0,0.0,0.0,4.0,0.0,0.0,0.0,1.0,0.0,1.0,0.0,0.0,0.0,2.0,0.0,0.0,0.0,0.0,0.0,0.0,0.0,0.0,0.0,0.0,0.0,1.0,1.0,0.0,0.0,0.0,0.0,0.0,0.0,0.0,0.0,0.0,0.0,0.0,0.0,0.0,0.0,0.0,0.0,0.0,0.0,0.0,0.0,0.0,0.0,0.0,0.0,0.0,0.0,0.0,0.0,0.0,0.0,0.0,0.0,0.0,0.0,0.0,0.0,0.0,0.0,0.0,0.0,0.0,0.0,0.0,2.0,6.0,0.0,0.0,0.0,0.0,3.965406456500188,1.0,0.0,0.0,0.4999999999999999,0.0,0.0,0.1666666666666666,0.0,0.0,0.0,0.0,0.0,1.6800000000000002,5.0,0.0,0.0,0.0,0.0,0.0,0.0,0.0,0.0,0.0,0.0,0.0,89.34,4.169925001442312,1.84891402149225,9.600463933207292,4.737006321111174,4.863457612096116,-2.949,38.0
NCCO,1.4089689999999997,0.0,0.0,-0.0337489181369747,-0.0580213505183557,0.0282652113827507,0.0,5.134449336817426,11.895720762272257,15.997945338918164,-0.4216018723900699,0.1613450728423756,3.5873871410032976,5.236268184566213,1.0,0.0,0.0,0.0,0.0,2.0,0.0,0.0,0.0,2.0,2.0,1.0,3.0,4.0,0.0,0.0,0.0,0.0,0.0,0.0,2.0,0.0,0.0,0.0,0.0,0.0,0.0,0.0,0.0,0.0,1.0,0.0,0.0,0.0,0.0,0.0,0.0,0.0,0.0,0.0,0.0,0.0,1.0,0.0,0.0,0.0,0.0,0.0,0.0,0.0,0.0,0.0,0.0,0.0,0.0,0.0,0.0,0.0,0.0,0.0,0.0,0.0,0.0,0.0,0.0,0.0,0.0,0.0,0.0,0.0,0.0,0.0,0.0,0.0,0.0,0.0,0.0,0.0,0.0,0.0,0.0,0.0,0.0,0.0,0.0,0.0,0.0,0.0,2.0,0.0,0.0,0.0,0.0,1.0,0.0,0.0,0.0,0.0,0.0,0.0,0.0,0.0,0.0,0.0,0.0,0.0,1.46,1.0,0.0,0.0,0.0,0.0,0.0,0.0,0.0,0.0,0.0,0.0,0.0,46.25,2.584962500721156,1.717830085889911,4.621320343559643,2.310660171779821,2.310660171779821,-1.275,10.0
NNc1ccccc1,0.8852928100000002,0.0,6.0,-0.0028301445777662,-0.0030921612024503,-0.0005500710887196,-3.407486620856572e-05,8.71996060255296,11.70027893241848,14.11555600898072,-0.3819533609872293,0.2757674685984451,4.911448678558339,7.937951069560837,0.0,0.0,0.0,6.0,0.0,0.0,0.0,0.0,0.75,2.0,2.0,0.0,3.111111111111111,1.8,0.0,0.0,0.0,0.0,0.0,0.0,0.0,0.0,0.0,5.0,0.0,0.0,0.0,1.0,0.0,0.0,1.0,0.0,0.0,1.0,0.0,0.0,0.0,0.0,0.0,0.0,0.0,0.0,0.0,0.0,0.0,0.0,0.0,0.0,0.0,0.0,0.0,0.0,0.0,0.0,0.0,0.0,0.0,0.0,0.0,0.0,0.0,0.0,0.0,0.0,0.0,0.0,0.0,0.0,0.0,0.0,0.0,0.0,0.0,0.0,0.0,0.0,0.0,0.0,0.0,0.0,0.0,0.0,0.0,0.0,0.0,0.0,0.0,8.0,0.0,0.0,0.0,0.0,0.0,6.083643418932058,0.0,0.0,0.0,0.0,0.0,0.0,0.0,1.0,0.0,0.0,0.0,0.0,1.9,1.0,0.0,1.0,1.0,1.0,0.0,0.0,0.0,1.0,0.0,0.0,0.0,38.05,4.0,1.9615831826636247,5.213643450281417,0.0,5.213643450281417,0.776,34.0
N[C@@H](CC(=O)O)C(=O)O,1.5502740099999996,2.0,0.0,-0.1536744121257347,-0.0090538682943829,-0.022156503930159,-0.2052237288422077,12.457856443440264,11.833012006468644,16.01183003681912,-0.382372573537923,0.4053707188886815,3.7271788639029135,7.47012603163645,1.0,0.0,2.0,0.0,0.0,0.0,2.0,0.0,0.0,5.0,3.0,0.5,3.92,4.5,0.0,0.0,0.0,0.0,0.0,0.0,1.0,0.0,0.0,0.0,1.0,0.0,2.0,0.0,0.0,0.0,1.0,0.0,0.0,0.0,0.0,0.0,0.0,0.0,0.0,0.0,0.0,0.0,2.0,2.0,0.0,0.0,0.0,0.0,0.0,0.0,0.0,0.0,0.0,0.0,0.0,0.0,0.0,0.0,0.0,0.0,0.0,0.0,0.0,0.0,0.0,0.0,0.0,0.0,0.0,0.0,0.0,0.0,0.0,0.0,0.0,0.0,0.0,0.0,0.0,0.0,0.0,0.0,0.0,0.0,0.0,0.0,0.0,2.0,4.0,0.0,0.0,0.0,0.0,0.0,1.6509636244473134,0.0,0.0,1.628650569956944,0.0,0.0,0.0,0.0,0.0,0.0,0.0,0.0,1.35,3.0,0.0,0.0,0.0,0.0,0.0,0.0,0.0,0.0,0.0,0.0,0.0,100.62000000000002,4.0,1.814169711672002,11.89346657915086,9.45840558163757,2.435060997513288,-3.707,36.0
N[C@@H](Cc1c[nH]cn1)C(=O)O,1.03103716,1.0,5.0,-0.1599637103567407,-0.0289585119263593,0.0070637421546837,-0.0559433250424956,13.628878974911334,11.798326899964136,16.009792174141584,-0.3886214040508732,0.3997409734055341,4.006697294026898,8.183108038169562,1.0,0.0,2.0,1.0,0.0,0.0,2.0,0.0,0.4545454545454545,4.0,3.0,0.3333333333333333,4.13265306122449,2.844444444444445,0.0,0.0,0.0,0.0,0.0,0.0,1.0,0.0,0.0,2.0,1.0,0.0,1.0,1.0,0.0,0.0,1.0,0.0,0.0,0.0,1.0,0.0,0.0,1.0,0.0,0.0,0.0,0.0,1.0,1.0,0.0,0.0,0.0,0.0,0.0,0.0,0.0,0.0,0.0,0.0,0.0,0.0,0.0,0.0,0.0,0.0,0.0,0.0,0.0,0.0,0.0,0.0,0.0,0.0,0.0,0.0,0.0,0.0,0.0,0.0,0.0,0.0,0.0,0.0,0.0,0.0,0.0,0.0,0.0,0.0,0.0,0.0,0.0,5.0,5.0,0.0,0.0,0.0,0.0,1.3103706971044482,1.6509636244473134,0.0,0.0,0.4999999999999999,0.0,0.0,0.0,0.447213595499958,0.0,0.4999999999999999,0.0,0.0,1.57,3.0,0.0,1.0,1.0,1.0,0.0,0.0,1.0,0.0,0.0,0.0,0.0,92.0,4.459431618637298,1.9319362024476436,13.173411477484716,4.747983752066324,8.425427725418391,-3.115,50.0
Nc1cc([N+](=O)[O-])ccc1O,0.5046681599999999,0.0,6.0,-0.0101671972602834,-0.0268464884849029,0.0035008946799195,-0.0597781934463019,14.0433677091758,11.698951435807164,16.023698687610565,-0.3969383828637789,0.3685365223010912,3.655655990416391,7.984196081266871,0.0,0.0,0.0,6.0,0.0,0.0,0.0,0.0,0.5454545454545454,2.0,2.0,0.0,3.6,2.2145328719723185,0.0,0.0,0.0,0.0,0.0,0.0,0.0,0.0,0.0,3.0,0.0,0.0,0.0,3.0,0.0,0.0,1.0,0.0,0.0,0.0,0.0,0.0,0.0,0.0,0.0,1.0,0.0,0.0,1.0,1.0,0.0,0.0,0.0,0.0,0.0,0.0,0.0,0.0,0.0,0.0,0.0,0.0,0.0,0.0,0.0,0.0,0.0,0.0,0.0,0.0,0.0,0.0,0.0,0.0,0.0,0.0,0.0,0.0,0.0,0.0,0.0,0.0,0.0,0.0,0.0,0.0,0.0,0.0,0.0,0.0,0.0,0.0,0.0,11.0,0.0,0.0,0.0,0.0,0.0,1.6509636244473134,1.6509636244473134,0.0,0.0,0.7211247851537042,0.0,0.0,0.0,0.0,0.25,0.0,0.0,0.0,1.57,1.0,0.0,1.0,1.0,1.0,0.0,0.0,0.0,1.0,0.0,0.0,0.0,89.39,4.459431618637298,1.9304715758938076,12.845784936268632,7.321683333992295,5.52410160227633,1.12,52.0
Nc1ccc(Cc2ccc(N)cc2)cc1,5.34256996,0.0,12.0,-0.0120241148230841,-0.0071957693141521,0.0016084862362309,0.0099826418380524,15.71996060255296,11.687380554991384,14.010326937103358,-0.376970945335781,0.2904574636372254,5.579851020245767,9.352211335107198,0.0,0.0,0.0,10.0,2.0,0.0,1.0,0.0,0.8666666666666667,2.0,2.0,0.0769230769230769,5.365079365079365,3.5,0.0,0.0,0.0,0.0,0.0,0.0,1.0,0.0,0.0,8.0,0.0,0.0,0.0,4.0,0.0,0.0,2.0,0.0,0.0,0.0,0.0,0.0,0.0,0.0,0.0,0.0,0.0,0.0,0.0,0.0,0.0,0.0,0.0,0.0,0.0,0.0,0.0,0.0,0.0,0.0,0.0,0.0,0.0,0.0,0.0,0.0,0.0,0.0,0.0,0.0,0.0,0.0,0.0,0.0,0.0,0.0,0.0,0.0,0.0,0.0,0.0,0.0,0.0,0.0,0.0,0.0,0.0,0.0,0.0,0.0,0.0,0.0,0.0,7.0,0.0,0.0,0.0,0.0,0.0,11.876720288467672,1.5326188647871062,0.0,0.0,0.0,0.0,0.0,0.0999999999999999,0.0,0.0,0.0,0.0,0.0,2.6699999999999995,2.0,0.0,2.0,2.0,2.0,0.0,0.0,0.0,2.0,0.0,0.0,0.0,52.04,5.0,2.020504573637562,5.040847363917124,0.0,5.040847363917124,2.354,74.0
Nc1ccc(Cl)c(N)c1,1.0024014399999996,0.0,6.0,-0.0117154387797655,-0.0168144586251966,-0.0037462771419759,-0.0109682172921269,17.43291051040174,11.699178858111768,34.96937995807252,-0.3714714511390319,0.3365716952278834,5.660112806132463,8.967096551741434,0.0,0.0,0.0,6.0,0.0,0.0,0.0,0.0,0.6666666666666666,2.0,2.0,0.0,2.7222222222222223,1.7041420118343196,0.0,0.0,0.0,0.0,0.0,0.0,0.0,0.0,0.0,3.0,0.0,0.0,0.0,3.0,0.0,0.0,2.0,0.0,0.0,0.0,0.0,0.0,0.0,0.0,0.0,0.0,0.0,0.0,0.0,0.0,0.0,0.0,0.0,0.0,0.0,0.0,0.0,0.0,0.0,0.0,0.0,0.0,0.0,0.0,0.0,0.0,0.0,0.0,1.0,0.0,0.0,0.0,0.0,0.0,0.0,0.0,0.0,0.0,0.0,0.0,0.0,0.0,0.0,0.0,0.0,0.0,0.0,0.0,0.0,0.0,0.0,0.0,0.0,8.0,0.0,0.0,0.0,0.0,0.0,1.6509636244473134,1.6509636244473134,0.0,0.0,0.0,0.0,0.0,0.25,0.0,0.0,0.0,0.0,0.0,1.79,0.0,0.0,1.0,1.0,1.0,0.0,0.0,0.0,1.0,0.0,0.0,0.0,52.04,4.169925001442312,1.9313352437050275,7.477467930196479,0.0,4.986019722322716,1.01,42.0
Nc1ccc(Cl)cc1,3.05480484,0.0,6.0,-0.0123502885686342,-0.0020143771930765,-0.0010634494165294,-0.018079967537347,16.07293020912526,11.700041690136446,34.96937990909878,-0.3684857230909034,0.3094032161218412,5.523485942197971,8.392140749186842,0.0,0.0,0.0,6.0,0.0,0.0,0.0,0.0,0.75,1.0,1.0,0.0,2.52,1.8,0.0,0.0,0.0,0.0,0.0,0.0,0.0,0.0,0.0,4.0,0.0,0.0,0.0,2.0,0.0,0.0,1.0,0.0,0.0,0.0,0.0,0.0,0.0,0.0,0.0,0.0,0.0,0.0,0.0,0.0,0.0,0.0,0.0,0.0,0.0,0.0,0.0,0.0,0.0,0.0,0.0,0.0,0.0,0.0,0.0,0.0,0.0,0.0,1.0,0.0,0.0,0.0,0.0,0.0,0.0,0.0,0.0,0.0,0.0,0.0,0.0,0.0,0.0,0.0,0.0,0.0,0.0,0.0,0.0,0.0,0.0,0.0,0.0,7.0,0.0,0.0,0.0,0.0,0.0,3.3019272488946267,0.3333333333333333,0.0,0.0,0.0,0.0,0.0,0.0,0.0,0.0,0.0,0.0,0.0,1.9,0.0,0.0,1.0,1.0,1.0,0.0,0.0,0.0,1.0,0.0,0.0,0.0,26.02,4.0,1.9416036510868868,4.990326431791092,0.0,2.495163215895546,1.827,36.0
Nc1ccc(N)c([N+](=O)[O-])c1,0.0534534399999999,0.0,6.0,0.0046572748746932,-0.0179443097207357,-0.0474402821975784,-0.0189049810992521,13.628878974911334,11.698550109832023,16.023610783061358,-0.3686715763656368,0.3746362006349452,3.778320567912606,8.383478320216284,0.0,0.0,0.0,6.0,0.0,0.0,0.0,0.0,0.5454545454545454,2.0,2.0,0.0,3.6,2.2145328719723185,0.0,0.0,0.0,0.0,0.0,0.0,0.0,0.0,0.0,3.0,0.0,0.0,0.0,3.0,0.0,0.0,2.0,0.0,0.0,0.0,0.0,0.0,0.0,0.0,0.0,1.0,0.0,0.0,0.0,1.0,0.0,0.0,0.0,0.0,0.0,0.0,0.0,0.0,0.0,0.0,0.0,0.0,0.0,0.0,0.0,0.0,0.0,0.0,0.0,0.0,0.0,0.0,0.0,0.0,0.0,0.0,0.0,0.0,0.0,0.0,0.0,0.0,0.0,0.0,0.0,0.0,0.0,0.0,0.0,0.0,0.0,0.0,0.0,11.0,0.0,0.0,0.0,0.0,0.0,1.6509636244473134,1.6509636244473134,0.0,0.0,0.4999999999999999,0.0,0.0,0.1999999999999999,0.0,0.5773502691896258,0.0,0.0,0.0,1.57,1.0,0.0,1.0,1.0,1.0,0.0,0.0,0.0,1.0,0.0,0.0,0.0,95.18,4.459431618637298,1.9303231071210376,12.86109740031374,4.81447617921883,8.046621221094906,1.138,52.0
Nc1ccc(N)cc1,0.1134342399999999,0.0,6.0,-0.0093690834519863,-0.0013768754283722,-0.0007105188327008,-0.0140757062964942,8.71996060255296,11.69926693078306,14.01032244367378,-0.3802158974060996,0.2890963934062727,5.468280205167071,7.595718770587368,0.0,0.0,0.0,6.0,0.0,0.0,0.0,0.0,0.75,2.0,2.0,0.0,2.52,1.8,0.0,0.0,0.0,0.0,0.0,0.0,0.0,0.0,0.0,4.0,0.0,0.0,0.0,2.0,0.0,0.0,2.0,0.0,0.0,0.0,0.0,0.0,0.0,0.0,0.0,0.0,0.0,0.0,0.0,0.0,0.0,0.0,0.0,0.0,0.0,0.0,0.0,0.0,0.0,0.0,0.0,0.0,0.0,0.0,0.0,0.0,0.0,0.0,0.0,0.0,0.0,0.0,0.0,0.0,0.0,0.0,0.0,0.0,0.0,0.0,0.0,0.0,0.0,0.0,0.0,0.0,0.0,0.0,0.0,0.0,0.0,0.0,0.0,8.0,0.0,0.0,0.0,0.0,0.0,3.3019272488946267,0.3333333333333333,0.0,0.0,0.0,0.0,0.0,0.1999999999999999,0.0,0.0,0.0,0.0,0.0,1.9,0.0,0.0,1.0,1.0,1.0,0.0,0.0,0.0,1.0,0.0,0.0,0.0,52.04,4.0,1.9416036510868868,4.990326431791092,0.0,4.990326431791092,0.3880000000000001,36.0
Nc1ccc(NCCO)c([N+](=O)[O-])c1,0.06105841,0.0,6.0,-0.0463530141538074,-0.0922933267994199,0.0245107408593983,0.032913644026224,17.40334801045228,11.69869149132572,16.023700887027783,-0.4212886108853945,0.3751245623539899,3.904589061628623,9.159912853164922,0.0,0.0,0.0,6.0,0.0,2.0,0.0,0.0,0.4285714285714285,3.0,3.0,0.25,5.777777777777778,3.591836734693877,0.0,0.0,0.0,0.0,0.0,0.0,2.0,0.0,0.0,3.0,0.0,0.0,0.0,3.0,0.0,0.0,1.0,0.0,0.0,1.0,0.0,0.0,0.0,0.0,0.0,1.0,0.0,0.0,1.0,1.0,0.0,0.0,0.0,0.0,0.0,0.0,0.0,0.0,0.0,0.0,0.0,0.0,0.0,0.0,0.0,0.0,0.0,0.0,0.0,0.0,0.0,0.0,0.0,0.0,0.0,0.0,0.0,0.0,0.0,0.0,0.0,0.0,0.0,0.0,0.0,0.0,0.0,0.0,0.0,0.0,0.0,0.0,0.0,11.0,2.0,0.0,0.0,0.0,0.0,3.5814653287739824,1.6509636244473134,0.0,0.0,0.6506976368304991,0.0,0.0,0.0,0.1999999999999999,0.25,0.0,0.3333333333333333,0.0,1.6799999999999995,4.0,0.0,1.0,1.0,1.0,0.0,0.0,0.0,1.0,0.0,0.0,0.0,101.42,4.807354922057604,1.9479845040936976,15.8391295564991,7.269840217537957,8.569289338961141,0.8919999999999999,64.0
Nc1ccc(O)c([N+](=O)[O-])c1,0.5046681599999999,0.0,6.0,0.001119183327835,-0.0298900310792402,-0.0702929522831426,-0.0121892815050226,14.0433677091758,11.698953272492473,16.023700042018863,-0.3923914601459082,0.3926190802096876,3.7001850505038982,8.049279687872152,0.0,0.0,0.0,6.0,0.0,0.0,0.0,0.0,0.5454545454545454,2.0,2.0,0.0,3.6,2.2145328719723185,0.0,0.0,0.0,0.0,0.0,0.0,0.0,0.0,0.0,3.0,0.0,0.0,0.0,3.0,0.0,0.0,1.0,0.0,0.0,0.0,0.0,0.0,0.0,0.0,0.0,1.0,0.0,0.0,1.0,1.0,0.0,0.0,0.0,0.0,0.0,0.0,0.0,0.0,0.0,0.0,0.0,0.0,0.0,0.0,0.0,0.0,0.0,0.0,0.0,0.0,0.0,0.0,0.0,0.0,0.0,0.0,0.0,0.0,0.0,0.0,0.0,0.0,0.0,0.0,0.0,0.0,0.0,0.0,0.0,0.0,0.0,0.0,0.0,11.0,0.0,0.0,0.0,0.0,0.0,1.6509636244473134,1.6509636244473134,0.0,0.0,0.944940787421155,0.0,0.0,0.0,0.0,0.25,0.0,0.0,0.0,1.57,1.0,0.0,1.0,1.0,1.0,0.0,0.0,0.0,1.0,0.0,0.0,0.0,89.39,4.459431618637298,1.9303231071210376,12.86109740031374,7.334167088001888,5.526930312311851,1.549,52.0
Nc1ccc(O)cc1,0.6658560000000002,0.0,6.0,-0.0212392673919853,-0.0048459304266827,-0.0019400809751573,-0.0265679164569102,9.134449336817426,11.699668599145715,15.997955987277772,-0.4003874143174545,0.307746860934381,4.6567517459794985,7.481849843554293,0.0,0.0,0.0,6.0,0.0,0.0,0.0,0.0,0.75,2.0,2.0,0.0,2.52,1.8,0.0,0.0,0.0,0.0,0.0,0.0,0.0,0.0,0.0,4.0,0.0,0.0,0.0,2.0,0.0,0.0,1.0,0.0,0.0,0.0,0.0,0.0,0.0,0.0,0.0,0.0,0.0,0.0,1.0,0.0,0.0,0.0,0.0,0.0,0.0,0.0,0.0,0.0,0.0,0.0,0.0,0.0,0.0,0.0,0.0,0.0,0.0,0.0,0.0,0.0,0.0,0.0,0.0,0.0,0.0,0.0,0.0,0.0,0.0,0.0,0.0,0.0,0.0,0.0,0.0,0.0,0.0,0.0,0.0,0.0,0.0,0.0,0.0,8.0,0.0,0.0,0.0,0.0,0.0,3.3019272488946267,0.3333333333333333,0.0,0.0,0.0,0.0,0.0,0.0,0.0,0.0,0.0,0.0,0.0,1.9,0.0,0.0,1.0,1.0,1.0,0.0,0.0,0.0,1.0,0.0,0.0,0.0,46.25,4.0,1.9416036510868868,4.990326431791092,2.495163215895546,2.495163215895546,0.7990000000000002,36.0
Nc1ccc(O)cc1[N+](=O)[O-],0.5046681599999999,0.0,6.0,-0.0037750078246668,-0.0132052507852756,-0.0578927604184496,-0.0534232350556882,14.0433677091758,11.69894704862106,16.02369874193305,-0.3975657139898529,0.3811145119614225,3.739258539399164,8.24364990788703,0.0,0.0,0.0,6.0,0.0,0.0,0.0,0.0,0.5454545454545454,2.0,2.0,0.0,3.6,2.2145328719723185,0.0,0.0,0.0,0.0,0.0,0.0,0.0,0.0,0.0,3.0,0.0,0.0,0.0,3.0,0.0,0.0,1.0,0.0,0.0,0.0,0.0,0.0,0.0,0.0,0.0,1.0,0.0,0.0,1.0,1.0,0.0,0.0,0.0,0.0,0.0,0.0,0.0,0.0,0.0,0.0,0.0,0.0,0.0,0.0,0.0,0.0,0.0,0.0,0.0,0.0,0.0,0.0,0.0,0.0,0.0,0.0,0.0,0.0,0.0,0.0,0.0,0.0,0.0,0.0,0.0,0.0,0.0,0.0,0.0,0.0,0.0,0.0,0.0,11.0,0.0,0.0,0.0,0.0,0.0,1.6509636244473134,1.6509636244473134,0.0,0.0,0.814325284978472,0.0,0.0,0.0,0.0,0.3333333333333333,0.0,0.0,0.0,1.57,1.0,0.0,1.0,1.0,1.0,0.0,0.0,0.0,1.0,0.0,0.0,0.0,89.39,4.459431618637298,1.9303231071210367,12.86109740031374,7.326648352791382,5.534449047522354,1.549,52.0
Nc1ccc([N+](=O)[O-])cc1,0.9560928399999996,0.0,6.0,-0.0029947275420875,-0.0114830315563722,-0.0053888138463902,-0.0185370223949893,12.268898673634853,11.699415204135027,16.02360962814887,-0.3669190766095322,0.3489962781204889,3.606406607125874,7.681570378216319,0.0,0.0,0.0,6.0,0.0,0.0,0.0,0.0,0.6,1.0,1.0,0.0,3.408284023668639,2.2857142857142856,0.0,0.0,0.0,0.0,0.0,0.0,0.0,0.0,0.0,4.0,0.0,0.0,0.0,2.0,0.0,0.0,1.0,0.0,0.0,0.0,0.0,0.0,0.0,0.0,0.0,1.0,0.0,0.0,0.0,1.0,0.0,0.0,0.0,0.0,0.0,0.0,0.0,0.0,0.0,0.0,0.0,0.0,0.0,0.0,0.0,0.0,0.0,0.0,0.0,0.0,0.0,0.0,0.0,0.0,0.0,0.0,0.0,0.0,0.0,0.0,0.0,0.0,0.0,0.0,0.0,0.0,0.0,0.0,0.0,0.0,0.0,0.0,0.0,10.0,0.0,0.0,0.0,0.0,0.0,3.3019272488946267,0.3333333333333333,0.0,0.0,0.4999999999999999,0.0,0.0,0.0,0.0,0.1999999999999999,0.0,0.0,0.0,1.6800000000000002,1.0,0.0,1.0,1.0,1.0,0.0,0.0,0.0,1.0,0.0,0.0,0.0,69.16,4.321928094887363,1.938570822695556,10.344795818200598,4.818142682309614,5.526653135890977,1.097,46.0
Nc1ccc([N+](=O)[O-])cc1N,0.0534534399999999,0.0,6.0,-0.0012585145919008,-0.0165597714546645,-0.0085100884680473,-0.0437283070447576,13.628878974911334,11.698546677944693,16.023610765707303,-0.3733583955428884,0.3601257500025911,3.675202047344861,8.312246549725579,0.0,0.0,0.0,6.0,0.0,0.0,0.0,0.0,0.5454545454545454,2.0,2.0,0.0,3.6,2.2145328719723185,0.0,0.0,0.0,0.0,0.0,0.0,0.0,0.0,0.0,3.0,0.0,0.0,0.0,3.0,0.0,0.0,2.0,0.0,0.0,0.0,0.0,0.0,0.0,0.0,0.0,1.0,0.0,0.0,0.0,1.0,0.0,0.0,0.0,0.0,0.0,0.0,0.0,0.0,0.0,0.0,0.0,0.0,0.0,0.0,0.0,0.0,0.0,0.0,0.0,0.0,0.0,0.0,0.0,0.0,0.0,0.0,0.0,0.0,0.0,0.0,0.0,0.0,0.0,0.0,0.0,0.0,0.0,0.0,0.0,0.0,0.0,0.0,0.0,11.0,0.0,0.0,0.0,0.0,0.0,1.6509636244473134,1.6509636244473134,0.0,0.0,0.4999999999999999,0.0,0.0,0.3333333333333333,0.0,0.447213595499958,0.0,0.0,0.0,1.57,1.0,0.0,1.0,1.0,1.0,0.0,0.0,0.0,1.0,0.0,0.0,0.0,95.18,4.459431618637298,1.930471575893808,12.845784936268638,4.818938045754815,8.026846890513811,0.2799999999999999,52.0
Nc1ccccc1,1.1737555600000005,0.0,6.0,-0.0050296371029646,-0.0024741094847317,-0.0001809917046608,-6.72340038052308e-06,7.35998030127648,11.700125378013794,14.009185790637671,-0.3749883738305796,0.2699787797246776,5.400837091647514,7.414842484028924,0.0,0.0,0.0,6.0,0.0,0.0,0.0,0.0,0.8571428571428571,1.0,1.0,0.0,2.34375,1.5,0.0,0.0,0.0,0.0,0.0,0.0,0.0,0.0,0.0,5.0,0.0,0.0,0.0,1.0,0.0,0.0,1.0,0.0,0.0,0.0,0.0,0.0,0.0,0.0,0.0,0.0,0.0,0.0,0.0,0.0,0.0,0.0,0.0,0.0,0.0,0.0,0.0,0.0,0.0,0.0,0.0,0.0,0.0,0.0,0.0,0.0,0.0,0.0,0.0,0.0,0.0,0.0,0.0,0.0,0.0,0.0,0.0,0.0,0.0,0.0,0.0,0.0,0.0,0.0,0.0,0.0,0.0,0.0,0.0,0.0,0.0,0.0,0.0,7.0,0.0,0.0,0.0,0.0,0.0,6.083643418932058,0.0,0.0,0.0,0.0,0.0,0.0,0.0,0.0,0.0,0.0,0.0,0.0,2.01,0.0,0.0,1.0,1.0,1.0,0.0,0.0,0.0,1.0,0.0,0.0,0.0,26.02,3.807354922057604,1.9538321886337693,2.4906965282222497,0.0,2.4906965282222497,1.205,30.0
Nc1ccccc1N,0.1134342399999999,0.0,6.0,-0.0070469301828179,-0.0167579536285963,0.0070469301828179,-0.0002269932375876,8.71996060255296,11.699246871415836,14.010760857401218,-0.3798921680226528,0.3010516182983187,5.672861174035748,8.057008942559015,0.0,0.0,0.0,6.0,0.0,0.0,0.0,0.0,0.75,2.0,2.0,0.0,2.52,1.487603305785124,0.0,0.0,0.0,0.0,0.0,0.0,0.0,0.0,0.0,4.0,0.0,0.0,0.0,2.0,0.0,0.0,2.0,0.0,0.0,0.0,0.0,0.0,0.0,0.0,0.0,0.0,0.0,0.0,0.0,0.0,0.0,0.0,0.0,0.0,0.0,0.0,0.0,0.0,0.0,0.0,0.0,0.0,0.0,0.0,0.0,0.0,0.0,0.0,0.0,0.0,0.0,0.0,0.0,0.0,0.0,0.0,0.0,0.0,0.0,0.0,0.0,0.0,0.0,0.0,0.0,0.0,0.0,0.0,0.0,0.0,0.0,0.0,0.0,8.0,0.0,0.0,0.0,0.0,0.0,3.965406456500188,1.0,0.0,0.0,0.0,0.0,0.0,0.3333333333333333,0.0,0.0,0.0,0.0,0.0,1.9,0.0,0.0,1.0,1.0,1.0,0.0,0.0,0.0,1.0,0.0,0.0,0.0,52.04,4.0,1.941676216669017,4.978279392143927,0.0,4.978279392143927,0.388,36.0
Nc1ccn([C@@H]2O[C@H](CO)[C@@H](O)[C@@H]2O)c(=O)n1,5.739857640000004,0.0,0.0,-0.369066538899987,0.0230429052881987,-0.0799338316324204,0.0711728717013839,21.95228608153417,11.77234790644994,16.006928554457527,-0.419600588969899,0.4362899395412606,4.30563429233389,9.585196498443306,0.0,0.0,2.0,1.0,0.0,2.0,3.0,0.0,0.6470588235294118,8.0,4.0,0.5555555555555556,5.325443786982248,2.56,0.0,0.0,0.0,0.0,0.0,0.0,1.0,0.0,0.0,2.0,4.0,0.0,0.0,1.0,0.0,0.0,1.0,0.0,0.0,0.0,0.0,0.0,0.0,1.0,0.0,0.0,1.0,0.0,3.0,1.0,1.0,0.0,0.0,0.0,0.0,0.0,0.0,0.0,0.0,0.0,0.0,0.0,0.0,0.0,0.0,0.0,0.0,0.0,0.0,0.0,0.0,0.0,0.0,0.0,0.0,0.0,0.0,0.0,0.0,0.0,0.0,0.0,0.0,0.0,0.0,0.0,0.0,0.0,0.0,0.0,0.0,0.0,0.0,8.0,5.0,0.0,0.0,0.0,0.0,0.9654893846056296,5.9316613030206975,0.0,0.0,1.2438160584536435,1.2408064788027997,0.0,0.0,0.4999999999999999,0.25,0.0,0.4999999999999999,0.0,1.5700000000000005,2.0,0.0,1.0,2.0,1.0,0.0,0.0,1.0,1.0,0.0,0.0,0.0,128.61,5.169925001442312,1.9892896920165328,22.09786850675944,13.159295829255967,8.938572677503482,-2.1930000000000005,88.0
Nc1nc(=O)c2ncn(COCCO)c2[nH]1,2.023790759999999,0.0,5.0,-0.4639164280605497,0.1608917885766008,-0.1231566859311229,0.1871791719883193,20.123308613005243,11.80744443842366,16.006353433250485,-0.4209568394388843,0.449381811052754,3.8076373726199497,9.502784817399895,0.0,0.0,2.0,1.0,0.0,2.0,0.0,0.0,0.5625,7.0,3.0,0.375,5.55765595463138,2.831111111111111,0.0,0.0,0.0,0.0,0.0,0.0,3.0,0.0,0.0,1.0,0.0,0.0,0.0,1.0,2.0,0.0,1.0,0.0,0.0,0.0,1.0,0.0,0.0,2.0,0.0,0.0,1.0,0.0,1.0,1.0,1.0,0.0,0.0,0.0,0.0,0.0,0.0,0.0,0.0,0.0,0.0,0.0,0.0,0.0,0.0,0.0,0.0,0.0,0.0,0.0,0.0,0.0,0.0,0.0,0.0,0.0,0.0,0.0,0.0,0.0,0.0,0.0,0.0,0.0,0.0,0.0,0.0,0.0,0.0,0.0,0.0,0.0,0.0,11.0,3.0,0.0,0.0,0.0,0.0,2.406851949670727,3.532775529001442,0.0,0.0,0.1111111111111111,0.4714045207910317,0.0,0.0,1.1052094495921163,0.25,1.144714242553332,1.1905507889761495,0.0,1.46,4.0,0.0,2.0,1.0,1.0,0.0,0.0,1.0,1.0,0.0,0.0,0.0,114.76000000000002,5.08746284125034,2.0111362592730027,23.12769545853684,7.949670046462514,15.178025412074303,-0.314,80.0
Nc1nc[nH]n1,0.4039873599999999,0.0,5.0,-0.1391069201626106,0.0657701723753193,-0.008315532533839,0.0,7.439921205105922,11.965056966220374,14.165853727417636,-0.3648349296567316,0.3419636277154028,4.8516967523919545,6.318665128366362,0.0,0.0,0.0,0.0,0.0,0.0,0.0,0.0,0.8333333333333334,3.0,2.0,0.0,1.6326530612244898,0.979591836734694,0.0,0.0,0.0,0.0,0.0,0.0,0.0,0.0,0.0,1.0,0.0,0.0,0.0,1.0,0.0,0.0,1.0,0.0,0.0,0.0,1.0,0.0,0.0,2.0,0.0,0.0,0.0,0.0,0.0,0.0,0.0,0.0,0.0,0.0,0.0,0.0,0.0,0.0,0.0,0.0,0.0,0.0,0.0,0.0,0.0,0.0,0.0,0.0,0.0,0.0,0.0,0.0,0.0,0.0,0.0,0.0,0.0,0.0,0.0,0.0,0.0,0.0,0.0,0.0,0.0,0.0,0.0,0.0,0.0,0.0,0.0,0.0,0.0,6.0,0.0,0.0,0.0,0.0,0.0,0.0,0.0,0.0,0.0,0.0,0.0,0.0,0.0,1.3103706971044482,0.0,1.8898815748423097,0.0,0.0,1.24,0.0,0.0,1.0,1.0,1.0,0.0,0.0,1.0,0.0,0.0,0.0,0.0,67.59,3.584962500721156,1.9292496947076043,11.143085398250944,0.0,11.143085398250944,-0.399,26.0
O,0.0,0.0,0.0,0.0,0.0,0.0,0.0,1.774469035540946,15.99491462,15.99491462,-0.4110002478484429,-0.4110002478484429,1.4380000000000002,1.4380000000000002,0.0,0.0,0.0,0.0,0.0,0.0,0.0,0.0,0.0,1.0,1.0,,0.0,0.0,0.0,0.0,0.0,0.0,0.0,0.0,0.0,0.0,0.0,0.0,0.0,0.0,0.0,0.0,0.0,0.0,0.0,0.0,0.0,0.0,0.0,0.0,0.0,0.0,0.0,0.0,0.0,0.0,0.0,0.0,0.0,0.0,0.0,0.0,0.0,0.0,0.0,0.0,0.0,0.0,0.0,0.0,0.0,0.0,0.0,0.0,0.0,0.0,0.0,0.0,0.0,0.0,0.0,0.0,0.0,0.0,0.0,0.0,0.0,0.0,0.0,0.0,0.0,0.0,0.0,0.0,0.0,0.0,0.0,0.0,0.0,0.0,0.0,0.0,0.0,0.0,0.0,0.0,0.0,0.0,0.0,0.0,0.0,0.0,0.0,0.0,0.0,0.0,0.0,0.0,0.0,0.0,1.35,0.0,0.0,0.0,0.0,0.0,0.0,0.0,0.0,0.0,0.0,0.0,0.0,0.0,0.0,1.0,1.0,1.0,0.0,-0.467,0.0
O=C(CCCN1CCC(O)(c2ccc(Cl)cc2)CC1)c1ccc(F)cc1,15.11421129000001,0.0,12.0,-0.1254045997046117,-0.0479319849673757,-0.0499032034555964,0.0294970229467756,37.123912419249805,11.692806241803632,34.9693807490624,-0.4140703293804444,0.3507282414591696,4.004594770507604,10.617872414741203,1.0,0.0,0.0,11.0,2.0,3.0,4.0,0.1443375672974064,0.8461538461538461,3.0,1.0,0.3809523809523809,9.467455621301776,5.75,0.0,0.0,0.0,0.0,0.0,0.0,7.0,0.0,0.0,8.0,0.0,0.0,1.0,4.0,0.0,0.0,0.0,0.0,0.0,0.0,0.0,0.0,0.0,0.0,1.0,0.0,0.0,0.0,1.0,1.0,0.0,0.0,1.0,0.0,0.0,0.0,0.0,0.0,0.0,0.0,0.0,0.0,0.0,0.0,0.0,0.0,0.0,0.0,1.0,0.0,0.0,0.0,0.0,0.0,0.0,0.0,0.0,0.0,0.0,0.0,0.0,0.0,0.0,0.0,0.0,0.0,0.0,0.0,0.0,0.0,0.0,0.0,0.0,8.0,,0.0,0.0,0.0,0.0,22.29817967830796,1.6636112809307286,1.0486772913239883,0.0,0.1111111111111111,0.0,0.0,0.0,0.0,0.0,0.0,0.0,0.0,3.22,6.0,0.0,2.0,3.0,2.0,0.0,0.0,0.0,3.0,0.0,0.0,0.0,40.540000000000006,5.807354922057604,2.025291532736428,13.609691231606936,5.13076416402737,3.4418273605242877,4.02,134.0
O=C(CCl)c1ccc(Cl)cc1,8.882188089999998,0.0,6.0,-0.0484129734905912,-0.092115228829992,0.0470763593203888,0.0082218050534942,27.20036885123851,11.693890001352235,34.97038992792586,-0.3807444099508589,0.3569399566897248,4.971979186067565,9.077702060121126,0.0,0.0,0.0,6.0,1.0,1.0,0.0,0.0,0.5454545454545454,1.0,0.0,0.125,4.13265306122449,2.5,0.0,0.0,0.0,0.0,0.0,0.0,1.0,0.0,0.0,4.0,0.0,0.0,1.0,2.0,0.0,0.0,0.0,0.0,0.0,0.0,0.0,0.0,0.0,0.0,0.0,0.0,0.0,0.0,0.0,1.0,0.0,0.0,0.0,0.0,0.0,0.0,0.0,0.0,0.0,0.0,0.0,0.0,0.0,0.0,0.0,0.0,0.0,0.0,2.0,0.0,0.0,0.0,0.0,0.0,0.0,0.0,0.0,0.0,0.0,0.0,0.0,0.0,0.0,0.0,0.0,0.0,0.0,0.0,0.0,0.0,0.0,0.0,0.0,8.0,,0.0,0.0,0.0,0.0,4.251415002085969,1.3103706971044482,0.0,0.0,0.0,0.0,0.0,0.0,0.0,0.0,0.0,0.0,0.0,2.01,2.0,0.0,1.0,1.0,1.0,0.0,0.0,0.0,1.0,0.0,0.0,0.0,17.07,4.459431618637298,1.944058476188261,7.40230440974233,2.4781069348836566,0.0,2.7580000000000005,50.0
O=C(CCl)c1ccccc1,5.363392810000001,0.0,6.0,-0.0404369873905972,-0.0904285750238556,0.0378405514663216,-0.0009294202829047,18.487418943389727,11.693961086870369,34.969379886038084,-0.3817716629322735,0.3532459081261264,4.910578792685921,8.826824748282203,0.0,0.0,0.0,6.0,1.0,1.0,0.0,0.0,0.6,1.0,0.0,0.125,4.0,2.2857142857142856,0.0,0.0,0.0,0.0,0.0,0.0,1.0,0.0,0.0,5.0,0.0,0.0,1.0,1.0,0.0,0.0,0.0,0.0,0.0,0.0,0.0,0.0,0.0,0.0,0.0,0.0,0.0,0.0,0.0,1.0,0.0,0.0,0.0,0.0,0.0,0.0,0.0,0.0,0.0,0.0,0.0,0.0,0.0,0.0,0.0,0.0,0.0,0.0,1.0,0.0,0.0,0.0,0.0,0.0,0.0,0.0,0.0,0.0,0.0,0.0,0.0,0.0,0.0,0.0,0.0,0.0,0.0,0.0,0.0,0.0,0.0,0.0,0.0,8.0,,0.0,0.0,0.0,0.0,6.945629181536277,1.0,0.0,0.0,0.0,0.0,0.0,0.0,0.0,0.0,0.0,0.0,0.0,2.12,2.0,0.0,1.0,1.0,1.0,0.0,0.0,0.0,1.0,0.0,0.0,0.0,17.07,4.321928094887363,1.9527241041937176,4.887516042810961,2.4766180389925583,0.0,2.136,44.0
O=C(NCCO[N+](=O)[O-])c1cccnc1,0.0245548899999999,0.0,6.0,-0.2273249001055606,0.0909026639198024,-0.0606539872804342,-0.0073597336229139,19.177817045993223,11.72692284728658,16.02989108404004,-0.3958396432960171,0.3766483040326789,2.8499212691888496,8.62640954205799,0.0,0.0,3.0,2.0,1.0,2.0,0.0,0.0,0.4,3.0,1.0,0.25,7.302469135802469,5.584487534626039,0.0,0.0,0.0,0.0,0.0,0.0,2.0,0.0,0.0,4.0,0.0,0.0,1.0,1.0,0.0,0.0,0.0,0.0,0.0,1.0,0.0,0.0,0.0,1.0,0.0,1.0,0.0,0.0,0.0,2.0,1.0,0.0,0.0,0.0,0.0,0.0,0.0,0.0,0.0,0.0,0.0,0.0,0.0,0.0,0.0,0.0,0.0,0.0,0.0,0.0,0.0,0.0,0.0,0.0,0.0,0.0,0.0,0.0,0.0,0.0,0.0,0.0,0.0,0.0,0.0,0.0,0.0,0.0,0.0,0.0,0.0,0.0,0.0,9.0,5.0,0.0,0.0,0.0,0.0,5.05725835445637,1.0,0.0,0.0,0.6506976368304991,1.1052094495921163,0.0,0.0,0.0,0.0,0.25,0.3535533905932738,0.0,1.5699999999999998,6.0,0.0,1.0,1.0,1.0,0.0,0.0,0.0,1.0,0.0,0.0,0.0,94.36,4.906890595608519,1.9572709441050915,19.136200367716675,10.185074517521269,8.951125850195409,0.4179999999999998,66.0
O=C(O)/C=C/c1ccccc1,3.618364840000001,1.0,6.0,-0.106623400766079,0.0103140818993248,-0.0022559042908552,-7.477478054698183e-05,12.548938071081892,11.689071155582573,16.009790376510196,-0.377183704185559,0.4017984088702736,3.86464446945516,8.759191834208703,0.0,0.0,1.0,7.0,1.0,0.0,0.0,0.0,0.5454545454545454,2.0,1.0,0.0,4.792899408284024,3.78698224852071,0.0,0.0,0.0,0.0,0.0,0.0,0.0,0.0,2.0,5.0,0.0,0.0,1.0,1.0,0.0,0.0,0.0,0.0,0.0,0.0,0.0,0.0,0.0,0.0,0.0,0.0,0.0,0.0,1.0,1.0,0.0,0.0,0.0,0.0,0.0,0.0,0.0,0.0,0.0,0.0,0.0,0.0,0.0,0.0,0.0,0.0,0.0,0.0,0.0,0.0,0.0,0.0,0.0,0.0,0.0,0.0,0.0,0.0,0.0,0.0,0.0,0.0,0.0,0.0,0.0,0.0,0.0,0.0,0.0,0.0,0.0,0.0,0.0,11.0,,0.0,0.0,0.0,0.0,9.563073857754226,0.3333333333333333,0.0,0.0,0.4999999999999999,0.0,0.0,0.0,0.0,0.0,0.0,0.0,0.0,2.23,2.0,0.0,1.0,1.0,1.0,0.0,0.0,0.0,1.0,0.0,0.0,0.0,37.3,4.459431618637298,1.9580342953034109,4.77692340760284,4.77692340760284,0.0,1.909,48.0
O=C(O)C(Br)Br,1.91213584,1.0,0.0,-0.0995771071298379,-0.1285744151546186,0.0811335337196443,0.0,94.0651196537127,11.892829186776437,78.91969883210275,-0.3745299751289672,0.433319278569847,4.633743993344086,10.503188912634458,0.0,0.0,1.0,0.0,0.0,1.0,0.0,0.0,0.0,2.0,1.0,0.5,2.2222222222222223,3.0,0.0,0.0,0.0,0.0,0.0,0.0,0.0,0.0,0.0,0.0,1.0,0.0,1.0,0.0,0.0,0.0,0.0,0.0,0.0,0.0,0.0,0.0,0.0,0.0,0.0,0.0,0.0,0.0,1.0,1.0,0.0,0.0,0.0,0.0,0.0,0.0,0.0,0.0,0.0,0.0,0.0,0.0,0.0,0.0,0.0,0.0,0.0,0.0,0.0,0.0,0.0,0.0,0.0,0.0,0.0,0.0,0.0,0.0,0.0,0.0,0.0,0.0,0.0,0.0,2.0,0.0,0.0,0.0,0.0,0.0,0.0,0.0,0.0,3.0,2.0,0.0,0.0,0.0,0.0,0.0,1.0,0.0,0.0,0.4999999999999999,0.0,0.0,0.0,0.0,0.0,0.0,0.0,0.0,1.24,1.0,0.0,0.0,0.0,0.0,0.0,0.0,0.0,0.0,0.0,0.0,0.0,37.3,3.321928094887362,1.7539409800204089,9.301423657900225,4.650711828950112,0.0,1.247,22.0
O=C(O)C(Cl)(Cl)Cl,2.09786256,1.0,0.0,-0.128912689738631,-0.1866366881631439,0.1270184439339691,0.0,31.687787794628235,11.89227286209652,34.972433446195126,-0.3687418479117401,0.508550642358617,4.54372444945229,10.148012092414511,0.0,0.0,1.0,0.0,0.0,1.0,0.0,0.2886751345948129,0.0,2.0,1.0,0.5,1.851851851851852,2.6666666666666665,0.0,0.0,0.0,0.0,0.0,0.0,0.0,0.0,0.0,0.0,0.0,0.0,1.0,0.0,0.0,0.0,0.0,0.0,0.0,0.0,0.0,0.0,0.0,0.0,0.0,0.0,0.0,0.0,1.0,1.0,0.0,0.0,0.0,0.0,0.0,0.0,0.0,0.0,0.0,0.0,0.0,0.0,0.0,0.0,0.0,0.0,0.0,0.0,3.0,0.0,0.0,0.0,0.0,0.0,0.0,0.0,0.0,0.0,0.0,0.0,0.0,0.0,0.0,0.0,0.0,0.0,0.0,0.0,0.0,0.0,0.0,0.0,0.0,3.0,2.0,0.0,0.0,0.0,0.0,0.0,0.0,1.0,0.0,0.4999999999999999,0.0,0.0,0.0,0.0,0.0,0.0,0.0,0.0,1.13,1.0,0.0,0.0,0.0,0.0,0.0,0.0,0.0,0.0,0.0,0.0,0.0,37.3,3.584962500721156,1.7561507202189932,11.587713240271473,4.654700538379252,0.0,1.03,30.0
O=C(O)C(Cl)Br,1.37194369,1.0,0.0,-0.1043133153036826,-0.1434835500223244,0.0910290843938836,0.0,58.51997877024608,11.892671722030803,78.91851800097156,-0.3738108589167061,0.4395562295011594,4.3426848951526,9.347943930061458,0.0,0.0,1.0,0.0,0.0,1.0,0.0,0.0,0.0,2.0,1.0,0.5,2.2222222222222223,3.0,0.0,0.0,0.0,0.0,0.0,0.0,0.0,0.0,0.0,0.0,1.0,0.0,1.0,0.0,0.0,0.0,0.0,0.0,0.0,0.0,0.0,0.0,0.0,0.0,0.0,0.0,0.0,0.0,1.0,1.0,0.0,0.0,0.0,0.0,0.0,0.0,0.0,0.0,0.0,0.0,0.0,0.0,0.0,0.0,0.0,0.0,0.0,0.0,1.0,0.0,0.0,0.0,0.0,0.0,0.0,0.0,0.0,0.0,0.0,0.0,0.0,0.0,0.0,0.0,1.0,0.0,0.0,0.0,0.0,0.0,0.0,0.0,0.0,3.0,2.0,0.0,0.0,0.0,0.0,0.0,1.0,0.0,0.0,0.4999999999999999,0.0,0.0,0.0,0.0,0.0,0.0,0.0,0.0,1.24,1.0,0.0,0.0,0.0,0.0,0.0,0.0,0.0,0.0,0.0,0.0,0.0,37.3,3.321928094887362,1.7539409800204089,9.301423657900225,4.650711828950112,0.0,0.909,22.0
O=C(O)C(Cl)Cl,0.92121604,1.0,0.0,-0.1097811570494195,-0.1574406710388248,0.1007444620572778,0.0,22.97483788677945,11.892513975559302,34.97090659418978,-0.3732666889102018,0.4458707603336901,4.051159755895916,8.193175234177668,0.0,0.0,1.0,0.0,0.0,1.0,0.0,0.0,0.0,2.0,1.0,0.5,2.2222222222222223,3.0,0.0,0.0,0.0,0.0,0.0,0.0,0.0,0.0,0.0,0.0,1.0,0.0,1.0,0.0,0.0,0.0,0.0,0.0,0.0,0.0,0.0,0.0,0.0,0.0,0.0,0.0,0.0,0.0,1.0,1.0,0.0,0.0,0.0,0.0,0.0,0.0,0.0,0.0,0.0,0.0,0.0,0.0,0.0,0.0,0.0,0.0,0.0,0.0,2.0,0.0,0.0,0.0,0.0,0.0,0.0,0.0,0.0,0.0,0.0,0.0,0.0,0.0,0.0,0.0,0.0,0.0,0.0,0.0,0.0,0.0,0.0,0.0,0.0,3.0,2.0,0.0,0.0,0.0,0.0,0.0,1.0,0.0,0.0,0.4999999999999999,0.0,0.0,0.0,0.0,0.0,0.0,0.0,0.0,1.24,1.0,0.0,0.0,0.0,0.0,0.0,0.0,0.0,0.0,0.0,0.0,0.0,37.3,3.321928094887362,1.7539409800204089,9.301423657900225,4.650711828950112,0.0,0.571,22.0
O=C(O)C(F)(F)C(F)(F)C(F)(F)C(F)(F)C(F)(F)C(F)(F)C(F)(F)F,14.50010241,1.0,0.0,-0.1764904052814357,-0.8974884042013461,-0.0095213607248053,-0.0004714095332124,49.07960015672165,11.809311737115014,19.016753493740232,-0.3679758811863224,0.6243361283456139,2.990882309950893,6.90009150029288,0.0,0.0,1.0,0.0,0.0,1.0,6.0,1.0193375672974063,0.0,2.0,1.0,0.875,6.269629629629629,3.2266666666666666,0.0,0.0,0.0,0.0,0.0,0.0,0.0,0.0,0.0,0.0,0.0,0.0,1.0,0.0,0.0,0.0,0.0,0.0,0.0,0.0,0.0,0.0,0.0,0.0,0.0,0.0,0.0,0.0,1.0,1.0,0.0,0.0,15.0,0.0,0.0,0.0,0.0,0.0,0.0,0.0,0.0,0.0,0.0,0.0,0.0,0.0,0.0,0.0,0.0,0.0,0.0,0.0,0.0,0.0,0.0,0.0,0.0,0.0,0.0,0.0,0.0,0.0,0.0,0.0,0.0,0.0,0.0,0.0,0.0,0.0,0.0,0.0,0.0,3.0,8.0,0.0,0.0,0.0,0.0,0.0,0.0,2.070996628837124,9.333258269463991,0.4999999999999999,0.0,0.0,0.0,0.0,0.0,0.0,0.0,0.0,0.4699999999999997,7.0,1.0,0.0,0.0,0.0,0.0,0.0,0.0,0.0,0.0,0.0,0.0,37.3,5.584962500721157,1.831424553022264,40.59515445624778,4.710242530566751,0.0,5.904999999999999,138.0
O=C(O)CBr,0.4363923600000001,1.0,0.0,-0.0890807785601275,-0.084334144265909,0.0486580723605405,0.0,49.807028862397296,11.892911748234948,78.91851796924315,-0.3781979478808976,0.3984876234708723,3.849465113355039,7.394049862871202,0.0,0.0,1.0,0.0,0.0,1.0,0.0,0.0,0.0,2.0,1.0,0.5,2.25,4.0,0.0,0.0,0.0,0.0,0.0,0.0,1.0,0.0,0.0,0.0,0.0,0.0,1.0,0.0,0.0,0.0,0.0,0.0,0.0,0.0,0.0,0.0,0.0,0.0,0.0,0.0,0.0,0.0,1.0,1.0,0.0,0.0,0.0,0.0,0.0,0.0,0.0,0.0,0.0,0.0,0.0,0.0,0.0,0.0,0.0,0.0,0.0,0.0,0.0,0.0,0.0,0.0,0.0,0.0,0.0,0.0,0.0,0.0,0.0,0.0,0.0,0.0,0.0,0.0,1.0,0.0,0.0,0.0,0.0,0.0,0.0,0.0,0.0,3.0,2.0,0.0,0.0,0.0,0.0,0.0,0.0,0.0,0.0,0.4999999999999999,0.0,0.0,0.0,0.0,0.0,0.0,0.0,0.0,1.35,1.0,0.0,0.0,0.0,0.0,0.0,0.0,0.0,0.0,0.0,0.0,0.0,37.3,3.0,1.7393603864164349,6.955220308284979,4.626105059170283,0.0,0.4949999999999999,16.0
O=C(O)CCCCl,0.7605584100000001,1.0,0.0,-0.1065215928715039,0.0161597804457755,0.0091244811388633,-0.103312803939377,16.261887978930673,11.836751005911156,34.9693797603195,-0.3815057711618747,0.3771061431235547,3.662861522692974,7.025117535438348,0.0,0.0,1.0,0.0,0.0,1.0,2.0,0.0,0.0,2.0,1.0,0.75,4.166666666666667,6.0,0.0,0.0,0.0,0.0,0.0,0.0,3.0,0.0,0.0,0.0,0.0,0.0,1.0,0.0,0.0,0.0,0.0,0.0,0.0,0.0,0.0,0.0,0.0,0.0,0.0,0.0,0.0,0.0,1.0,1.0,0.0,0.0,0.0,0.0,0.0,0.0,0.0,0.0,0.0,0.0,0.0,0.0,0.0,0.0,0.0,0.0,0.0,0.0,1.0,0.0,0.0,0.0,0.0,0.0,0.0,0.0,0.0,0.0,0.0,0.0,0.0,0.0,0.0,0.0,0.0,0.0,0.0,0.0,0.0,0.0,0.0,0.0,0.0,3.0,4.0,0.0,0.0,0.0,0.0,2.381101577952299,0.0,0.0,0.0,0.4999999999999999,0.0,0.0,0.0,0.0,0.0,0.0,0.0,0.0,1.5699999999999998,3.0,0.0,0.0,0.0,0.0,0.0,0.0,0.0,0.0,0.0,0.0,0.0,37.3,3.584962500721156,1.810052182209592,7.122597433822054,4.729658449763558,0.0,0.873,24.0
O=C(O)CCl,0.26635921,1.0,0.0,-0.0916148076696052,-0.1042178117756017,0.0605579503575845,0.0,14.261887978930671,11.892754431946685,34.969379672130984,-0.3774717456630014,0.4034637685268868,3.5566166585154244,6.241420010715651,0.0,0.0,1.0,0.0,0.0,1.0,0.0,0.0,0.0,2.0,1.0,0.5,2.25,4.0,0.0,0.0,0.0,0.0,0.0,0.0,1.0,0.0,0.0,0.0,0.0,0.0,1.0,0.0,0.0,0.0,0.0,0.0,0.0,0.0,0.0,0.0,0.0,0.0,0.0,0.0,0.0,0.0,1.0,1.0,0.0,0.0,0.0,0.0,0.0,0.0,0.0,0.0,0.0,0.0,0.0,0.0,0.0,0.0,0.0,0.0,0.0,0.0,1.0,0.0,0.0,0.0,0.0,0.0,0.0,0.0,0.0,0.0,0.0,0.0,0.0,0.0,0.0,0.0,0.0,0.0,0.0,0.0,0.0,0.0,0.0,0.0,0.0,3.0,2.0,0.0,0.0,0.0,0.0,0.0,0.0,0.0,0.0,0.4999999999999999,0.0,0.0,0.0,0.0,0.0,0.0,0.0,0.0,1.35,1.0,0.0,0.0,0.0,0.0,0.0,0.0,0.0,0.0,0.0,0.0,0.0,37.3,3.0,1.7393603864164349,6.955220308284979,4.626105059170283,0.0,0.1569999999999999,16.0
O=C(O)CN(CC(=O)O)Cc1cc2c(cc1O)Oc1cc(O)c(CN(CC(=O)O)CC(=O)O)cc1C21OC(=O)c2ccccc21,6.3071299600000135,4.0,18.0,-0.7724689143644947,-0.2218948625484082,0.4923451456967915,0.2413480035494409,55.78805806458526,11.674850185393144,16.02004846038216,-0.3984657314710904,0.4332953340169659,4.0073087734693695,13.82901381617022,2.0,0.0,5.0,12.0,6.0,6.0,0.0,0.0680413817439771,0.4888888888888889,14.0,6.0,0.2333333333333333,15.266654156502158,8.081632653061224,0.0,0.0,0.0,0.0,0.0,0.0,6.0,0.0,0.0,8.0,0.0,0.0,5.0,10.0,0.0,0.0,0.0,0.0,0.0,0.0,0.0,0.0,0.0,0.0,2.0,0.0,0.0,0.0,6.0,5.0,2.0,0.0,0.0,0.0,0.0,0.0,0.0,0.0,0.0,0.0,0.0,0.0,0.0,0.0,0.0,0.0,0.0,0.0,0.0,0.0,0.0,0.0,0.0,0.0,0.0,0.0,0.0,0.0,0.0,0.0,0.0,0.0,0.0,0.0,0.0,0.0,0.0,0.0,0.0,0.0,0.0,0.0,0.0,15.0,,0.0,0.0,0.0,0.0,16.768434287789304,21.588707686048668,5.328025361313648,0.0,5.879065303035236,2.97783538507665,0.25,0.0,0.0,0.0,0.0,0.0,0.0999999999999999,3.11,12.0,4.0,3.0,1.0,3.0,0.0,0.0,1.0,4.0,0.0,0.0,0.0,231.67,6.614709844115208,2.032164092173152,40.14806936354213,33.36942508626808,6.778644277273563,-1.3009999999999995,244.0
O=C(O)CNCP(=O)(O)O,4.272902409999998,3.0,0.0,-0.2673071695422944,-0.1630076049498237,0.3210176535184648,-0.0554516764369353,19.882739279266268,11.890709133699778,30.97884797203663,-0.3862812498652804,0.4499544084768165,2.6525849488454147,6.210393890902413,1.0,0.0,1.0,0.0,0.0,1.0,0.0,0.3535533905932737,0.0,6.0,4.0,0.6666666666666666,4.0,9.142857142857142,0.0,0.0,0.0,0.0,0.0,0.0,2.0,0.0,0.0,0.0,0.0,0.0,1.0,0.0,0.0,0.0,0.0,0.0,0.0,1.0,0.0,0.0,0.0,0.0,0.0,0.0,0.0,0.0,3.0,2.0,0.0,0.0,0.0,0.0,0.0,0.0,0.0,0.0,0.0,0.0,1.0,0.0,0.0,0.0,0.0,0.0,0.0,0.0,0.0,0.0,0.0,0.0,0.0,0.0,0.0,0.0,0.0,0.0,0.0,0.0,0.0,0.0,0.0,0.0,0.0,0.0,0.0,0.0,0.0,0.0,0.0,0.0,0.0,3.0,2.0,0.0,0.0,0.0,0.0,0.4999999999999999,0.0,0.0,0.0,2.5864092898589326,0.0,0.0,0.0,0.0,0.0,0.0,0.0,0.0,1.02,4.0,0.0,0.0,0.0,0.0,0.0,0.0,0.0,0.0,0.0,0.0,0.0,116.67000000000002,4.169925001442312,1.8268600021481771,17.873433657039058,11.795196021140764,2.881768143869039,-4.845000000000001,42.0
O=C(O)CS,0.07997584,1.0,0.0,-0.0876833803361733,-0.0520290177743724,0.0290212023246783,0.0,12.676691109531902,11.8927185844909,31.972677077792383,-0.3797152434202751,0.3880618067431141,3.822551851882152,7.289126562160267,0.0,0.0,1.0,0.0,0.0,1.0,0.0,0.0,0.0,2.0,1.0,0.5,2.25,4.0,0.0,0.0,0.0,0.0,0.0,0.0,1.0,0.0,0.0,0.0,0.0,0.0,1.0,0.0,0.0,0.0,0.0,0.0,0.0,0.0,0.0,0.0,0.0,0.0,0.0,0.0,0.0,0.0,1.0,1.0,0.0,0.0,0.0,0.0,0.0,0.0,0.0,0.0,0.0,0.0,0.0,0.0,1.0,0.0,0.0,0.0,0.0,0.0,0.0,0.0,0.0,0.0,0.0,0.0,0.0,0.0,0.0,0.0,0.0,0.0,0.0,0.0,0.0,0.0,0.0,0.0,0.0,0.0,0.0,0.0,0.0,0.0,0.0,3.0,2.0,0.0,0.0,0.0,0.0,0.0,0.0,0.0,0.0,0.4999999999999999,0.0,0.0,0.0,0.0,0.0,0.0,0.0,0.0,1.35,1.0,0.0,0.0,0.0,0.0,0.0,0.0,0.0,0.0,0.0,0.0,0.0,76.1,3.0,1.7393603864164349,6.955220308284979,4.626105059170283,0.0,0.0639999999999999,16.0
O=C(O)Cc1ccc(O)cc1,1.4443232399999988,1.0,6.0,-0.1065672085198613,-0.0272834814764039,0.0097221093258284,0.0366681485771154,13.323407106622838,11.693819845878556,16.009968824288965,-0.4001441670000093,0.3840957843529824,3.86780410314502,8.440956864040938,0.0,0.0,1.0,5.0,1.0,0.0,1.0,0.0,0.5454545454545454,3.0,2.0,0.125,4.13265306122449,3.26530612244898,0.0,0.0,0.0,0.0,0.0,0.0,1.0,0.0,0.0,4.0,0.0,0.0,1.0,2.0,0.0,0.0,0.0,0.0,0.0,0.0,0.0,0.0,0.0,0.0,0.0,0.0,0.0,0.0,2.0,1.0,0.0,0.0,0.0,0.0,0.0,0.0,0.0,0.0,0.0,0.0,0.0,0.0,0.0,0.0,0.0,0.0,0.0,0.0,0.0,0.0,0.0,0.0,0.0,0.0,0.0,0.0,0.0,0.0,0.0,0.0,0.0,0.0,0.0,0.0,0.0,0.0,0.0,0.0,0.0,0.0,0.0,0.0,0.0,7.0,,0.0,0.0,0.0,0.0,4.883593419305869,0.9654893846056296,0.0,0.0,0.6506976368304991,0.0,0.0,0.0,0.0,0.0,0.0,0.0,0.0,2.01,2.0,0.0,1.0,1.0,1.0,0.0,0.0,0.0,1.0,0.0,0.0,0.0,57.53,4.459431618637298,1.9447815369026504,7.30460686087072,7.30460686087072,0.0,1.043,50.0
O=C(O)Cc1ccccc1Nc1c(Cl)cccc1Cl,18.905973610000004,1.0,12.0,-0.1134827522559408,-0.0510103339838415,0.0209336142750691,-0.0535648491404529,36.334818188055934,11.693403600135143,34.970390791324306,-0.380983216139064,0.3863467084247777,4.059597544029077,11.181460001859344,0.0,0.0,1.0,11.0,1.0,0.0,1.0,0.0,0.6842105263157895,3.0,2.0,0.0714285714285714,7.135802469135802,4.231404958677686,0.0,0.0,0.0,0.0,0.0,0.0,1.0,0.0,0.0,7.0,0.0,0.0,1.0,5.0,0.0,0.0,0.0,0.0,0.0,1.0,0.0,0.0,0.0,0.0,0.0,0.0,0.0,0.0,1.0,1.0,0.0,0.0,0.0,0.0,0.0,0.0,0.0,0.0,0.0,0.0,0.0,0.0,0.0,0.0,0.0,0.0,0.0,0.0,2.0,0.0,0.0,0.0,0.0,0.0,0.0,0.0,0.0,0.0,0.0,0.0,0.0,0.0,0.0,0.0,0.0,0.0,0.0,0.0,0.0,0.0,0.0,0.0,0.0,13.0,,0.0,0.0,0.0,0.0,8.015002269790575,5.728313254622871,0.0,0.0,0.4999999999999999,0.0,0.0,0.0,0.0,0.0,0.0,0.0,0.0,2.45,4.0,0.0,2.0,2.0,2.0,0.0,0.0,0.0,2.0,0.0,0.0,0.0,49.33,5.321928094887363,2.001350675293212,13.028230705616966,4.8068396713997465,3.130335239228153,3.905,94.0
O=C(O)c1ccccc1,2.057503360000001,1.0,6.0,-0.1079818801888837,0.0142654362400301,-0.0043565222574698,-0.000151325840862,10.548938071081892,11.694740129955417,16.009789395117483,-0.376597930440502,0.413608553526963,4.022244753907735,7.95514269460344,0.0,0.0,1.0,5.0,1.0,0.0,0.0,0.0,0.6666666666666666,2.0,1.0,0.0,3.239669421487603,2.0,0.0,0.0,0.0,0.0,0.0,0.0,0.0,0.0,0.0,5.0,0.0,0.0,1.0,1.0,0.0,0.0,0.0,0.0,0.0,0.0,0.0,0.0,0.0,0.0,0.0,0.0,0.0,0.0,1.0,1.0,0.0,0.0,0.0,0.0,0.0,0.0,0.0,0.0,0.0,0.0,0.0,0.0,0.0,0.0,0.0,0.0,0.0,0.0,0.0,0.0,0.0,0.0,0.0,0.0,0.0,0.0,0.0,0.0,0.0,0.0,0.0,0.0,0.0,0.0,0.0,0.0,0.0,0.0,0.0,0.0,0.0,0.0,0.0,9.0,,0.0,0.0,0.0,0.0,6.083643418932058,1.0,0.0,0.0,0.4999999999999999,0.0,0.0,0.0,0.0,0.0,0.0,0.0,0.0,2.01,1.0,0.0,1.0,1.0,1.0,0.0,0.0,0.0,1.0,0.0,0.0,0.0,37.3,4.169925001442312,1.9476238212508197,4.815164890527417,4.815164890527417,0.0,1.637,40.0
O=C(O)c1ccccc1Nc1cccc(C(F)(F)F)c1,15.419758240000004,1.0,12.0,-0.2929032943653337,0.072053539088864,-0.0696053584388243,-0.0055310550384281,26.41505078948632,11.69342659319696,19.00559607298187,-0.3764426111042651,0.501193349003765,3.5931937605211166,9.87260140184162,0.0,0.0,1.0,10.0,2.0,1.0,0.0,0.2886751345948129,0.65,3.0,2.0,0.0714285714285714,6.84,4.496326530612245,0.0,0.0,0.0,0.0,0.0,0.0,0.0,0.0,0.0,8.0,0.0,0.0,1.0,4.0,0.0,0.0,0.0,0.0,0.0,1.0,0.0,0.0,0.0,0.0,0.0,0.0,0.0,0.0,1.0,1.0,0.0,0.0,3.0,0.0,0.0,0.0,0.0,0.0,0.0,0.0,0.0,0.0,0.0,0.0,0.0,0.0,0.0,0.0,0.0,0.0,0.0,0.0,0.0,0.0,0.0,0.0,0.0,0.0,0.0,0.0,0.0,0.0,0.0,0.0,0.0,0.0,0.0,0.0,0.0,0.0,0.0,0.0,0.0,16.0,,0.0,0.0,0.0,0.0,8.506427702789603,3.925136389583283,1.3775326285567786,0.0,0.4999999999999999,0.0,0.0,0.0,0.0,0.0,0.0,0.0,0.0,2.34,4.0,0.0,2.0,2.0,2.0,0.0,0.0,0.0,2.0,0.0,0.0,0.0,49.33,5.392317422778761,1.9900485454734635,15.13710719105086,4.850543179742323,3.141920498175907,4.203,102.0
O=C(O)c1ccccc1O,1.3618889999999997,1.0,6.0,-0.1099374635999491,0.0284575835044874,-0.1121113373524007,0.0658098322387846,12.323407106622838,11.694271608325858,16.00996988284958,-0.3962537158377987,0.424886930355733,4.081578348803469,8.196278566621949,0.0,0.0,1.0,5.0,1.0,0.0,0.0,0.0,0.6,3.0,2.0,0.0,3.408284023668639,1.991111111111111,0.0,0.0,0.0,0.0,0.0,0.0,0.0,0.0,0.0,4.0,0.0,0.0,1.0,2.0,0.0,0.0,0.0,0.0,0.0,0.0,0.0,0.0,0.0,0.0,0.0,0.0,0.0,0.0,2.0,1.0,0.0,0.0,0.0,0.0,0.0,0.0,0.0,0.0,0.0,0.0,0.0,0.0,0.0,0.0,0.0,0.0,0.0,0.0,0.0,0.0,0.0,0.0,0.0,0.0,0.0,0.0,0.0,0.0,0.0,0.0,0.0,0.0,0.0,0.0,0.0,0.0,0.0,0.0,0.0,0.0,0.0,0.0,0.0,10.0,,0.0,0.0,0.0,0.0,3.965406456500188,2.381101577952299,0.0,0.0,0.944940787421155,0.0,0.0,0.0,0.0,0.0,0.0,0.0,0.0,1.9,1.0,0.0,1.0,1.0,1.0,0.0,0.0,0.0,1.0,0.0,0.0,0.0,57.53,4.321928094887363,1.9384818910762167,7.33207425342667,7.33207425342667,0.0,1.66,46.0
O=C(O)c1ccccc1[O-],0.23931664,2.0,6.0,-0.1238155490747658,0.0280410344046027,-0.1668655072177458,0.0990541358096164,12.323407106622838,11.694271608325858,16.00996988284958,-0.3744562760455824,0.4399413858345536,4.057178943210356,8.096363654398777,0.0,0.0,1.0,5.0,1.0,0.0,0.0,0.0,0.6,3.0,1.0,0.0,3.408284023668639,1.991111111111111,0.0,0.0,0.0,0.0,0.0,0.0,0.0,0.0,0.0,4.0,0.0,0.0,1.0,2.0,0.0,0.0,0.0,0.0,0.0,0.0,0.0,0.0,0.0,0.0,0.0,0.0,0.0,0.0,1.0,1.0,0.0,0.0,0.0,0.0,0.0,0.0,0.0,0.0,0.0,0.0,0.0,0.0,0.0,0.0,0.0,0.0,0.0,0.0,0.0,0.0,0.0,0.0,0.0,0.0,0.0,0.0,0.0,0.0,0.0,0.0,0.0,0.0,0.0,0.0,0.0,0.0,0.0,0.0,0.0,0.0,0.0,0.0,0.0,10.0,,0.0,0.0,0.0,0.0,3.965406456500188,2.381101577952299,0.0,0.0,0.944940787421155,0.0,0.0,0.0,0.0,0.0,0.0,0.0,0.0,1.9,1.0,0.0,1.0,1.0,1.0,0.0,0.0,0.0,1.0,0.0,0.0,0.0,60.36,4.321928094887363,1.9384818910762167,7.33207425342667,7.33207425342667,0.0,1.66,46.0
O=C(O)c1ccncc1,0.0805424399999999,1.0,6.0,-0.1468443623564667,0.0378404770785831,0.0312941583948086,-0.1581768969793903,10.908918372358372,11.7245475862853,16.009789986684506,-0.3970204833390818,0.4152995269205129,4.001209164363847,7.867408197072149,0.0,0.0,3.0,2.0,1.0,0.0,0.0,0.0,0.6666666666666666,3.0,1.0,0.0,3.239669421487603,2.0,0.0,0.0,0.0,0.0,0.0,0.0,0.0,0.0,0.0,4.0,0.0,0.0,1.0,1.0,0.0,0.0,0.0,0.0,0.0,0.0,0.0,0.0,0.0,1.0,0.0,0.0,0.0,0.0,1.0,1.0,0.0,0.0,0.0,0.0,0.0,0.0,0.0,0.0,0.0,0.0,0.0,0.0,0.0,0.0,0.0,0.0,0.0,0.0,0.0,0.0,0.0,0.0,0.0,0.0,0.0,0.0,0.0,0.0,0.0,0.0,0.0,0.0,0.0,0.0,0.0,0.0,0.0,0.0,0.0,0.0,0.0,0.0,0.0,9.0,5.0,0.0,0.0,0.0,0.0,3.3019272488946267,1.0,0.0,0.0,0.4999999999999999,0.0,0.0,0.0,0.0,0.0,0.0,0.0,0.0,1.79,1.0,0.0,1.0,1.0,1.0,0.0,0.0,0.0,1.0,0.0,0.0,0.0,50.19,4.169925001442312,1.9476238212508197,7.790897837635166,4.815164890527417,2.975732947107747,0.385,40.0
O=C(OCCOCCOCCO)c1cccnc1,0.0709689599999993,0.0,6.0,-0.4226936041981381,-0.1818593447021869,0.3305777262438437,-0.1044137391521358,22.23232547898121,11.727014104278322,16.01065220211219,-0.424833644873697,0.4198986134679661,3.720948691110017,8.349914944110653,0.0,0.0,3.0,2.0,1.0,6.0,0.0,0.0,0.3333333333333333,6.0,1.0,0.5,10.88,7.933884297520661,0.0,0.0,0.0,0.0,0.0,0.0,6.0,0.0,0.0,4.0,0.0,0.0,1.0,1.0,0.0,0.0,0.0,0.0,0.0,0.0,0.0,0.0,0.0,1.0,0.0,0.0,0.0,0.0,1.0,1.0,3.0,0.0,0.0,0.0,0.0,0.0,0.0,0.0,0.0,0.0,0.0,0.0,0.0,0.0,0.0,0.0,0.0,0.0,0.0,0.0,0.0,0.0,0.0,0.0,0.0,0.0,0.0,0.0,0.0,0.0,0.0,0.0,0.0,0.0,0.0,0.0,0.0,0.0,0.0,0.0,0.0,0.0,0.0,9.0,5.0,0.0,0.0,0.0,0.0,9.89436202056348,1.0,0.0,0.0,0.0909090909090909,1.2379898484184375,0.7937005259840998,0.0,0.0,0.0,0.0,0.0,0.0,2.12,10.0,0.0,1.0,1.0,1.0,0.0,0.0,0.0,1.0,0.0,0.0,0.0,77.88000000000001,5.169925001442312,1.973659614292376,16.871098887161942,13.870715955933829,3.0003829312281187,-0.383,76.0
O=C(OCc1ccccc1)c1cccnc1,4.487194889999999,0.0,12.0,-0.2281343650543323,0.1024885332600695,-0.1482043682859654,0.1695864359210342,17.90891837235837,11.694980657512144,16.009876409219586,-0.3948902098427443,0.4201939708293477,4.694226594538934,8.526601720182919,0.0,0.0,3.0,7.0,2.0,1.0,0.0,0.0,0.9375,3.0,0.0,0.0769230769230769,6.666666666666667,4.0768,0.0,0.0,0.0,0.0,0.0,0.0,1.0,0.0,0.0,9.0,0.0,0.0,1.0,2.0,0.0,0.0,0.0,0.0,0.0,0.0,0.0,0.0,0.0,1.0,0.0,0.0,0.0,0.0,0.0,1.0,1.0,0.0,0.0,0.0,0.0,0.0,0.0,0.0,0.0,0.0,0.0,0.0,0.0,0.0,0.0,0.0,0.0,0.0,0.0,0.0,0.0,0.0,0.0,0.0,0.0,0.0,0.0,0.0,0.0,0.0,0.0,0.0,0.0,0.0,0.0,0.0,0.0,0.0,0.0,0.0,0.0,0.0,0.0,9.0,,0.0,0.0,0.0,0.0,11.99310582635388,1.3103706971044482,0.0,0.0,0.0,0.4999999999999999,0.0,0.0,0.0,0.0,0.0,0.0,0.0,2.56,4.0,0.0,2.0,2.0,2.0,0.0,0.0,0.0,2.0,0.0,0.0,0.0,39.19,5.08746284125034,2.0253637111360314,8.575740691725754,5.574379117232547,3.0013615744932083,2.416,76.0
O=C(c1ccccc1)c1ccc2n1CCC2C(=O)O,7.878126239999998,1.0,11.0,-0.153647791034692,-0.0856412959584589,0.0247795682599332,0.0896382471241594,21.68338740789932,11.69336488541333,16.010314755712656,-0.3969169671111778,0.3968034676402158,4.319161515002875,10.24044535037083,0.0,0.0,1.0,10.0,1.0,1.0,1.0,0.0,0.7894736842105263,3.0,1.0,0.2,5.78,2.6122448979591835,0.0,0.0,0.0,0.0,0.0,0.0,2.0,0.0,0.0,7.0,1.0,0.0,2.0,3.0,0.0,0.0,0.0,0.0,0.0,0.0,0.0,0.0,0.0,0.0,0.0,0.0,1.0,0.0,1.0,2.0,0.0,0.0,0.0,0.0,0.0,0.0,0.0,0.0,0.0,0.0,0.0,0.0,0.0,0.0,0.0,0.0,0.0,0.0,0.0,0.0,0.0,0.0,0.0,0.0,0.0,0.0,0.0,0.0,0.0,0.0,0.0,0.0,0.0,0.0,0.0,0.0,0.0,0.0,0.0,0.0,0.0,0.0,0.0,13.0,,0.0,0.0,0.0,0.0,10.462329970939534,6.120463943040977,0.0,0.0,0.6506976368304991,0.0,0.0,0.0,0.0,0.0,0.0,0.0,0.0,2.67,3.0,0.0,2.0,2.0,2.0,0.0,0.0,2.0,1.0,0.0,0.0,0.0,59.3,5.392317422778761,2.043267023433213,10.953709876012502,7.444697304278722,3.509012571733773,2.0660000000000003,102.0
O=C(c1ccccc1)c1ccccc1,10.460049640000005,0.0,12.0,-0.0403015936956344,-0.0184325796709903,-0.0031884040959405,-6.705781184707338e-05,14.774469035540946,11.687499138432186,16.005946273999445,-0.3814624118559703,0.3640379752842468,5.372767046679009,9.322616975092656,0.0,0.0,0.0,11.0,2.0,0.0,0.0,0.0,0.9285714285714286,1.0,0.0,0.0,5.185595567867036,2.75,0.0,0.0,0.0,0.0,0.0,0.0,0.0,0.0,0.0,10.0,0.0,0.0,1.0,2.0,0.0,0.0,0.0,0.0,0.0,0.0,0.0,0.0,0.0,0.0,0.0,0.0,0.0,0.0,0.0,1.0,0.0,0.0,0.0,0.0,0.0,0.0,0.0,0.0,0.0,0.0,0.0,0.0,0.0,0.0,0.0,0.0,0.0,0.0,0.0,0.0,0.0,0.0,0.0,0.0,0.0,0.0,0.0,0.0,0.0,0.0,0.0,0.0,0.0,0.0,0.0,0.0,0.0,0.0,0.0,0.0,0.0,0.0,0.0,14.0,0.0,0.0,0.0,0.0,0.0,13.995261637820173,2.381101577952299,0.0,0.0,0.0,0.0,0.0,0.0,0.0,0.0,0.0,0.0,0.0,2.78,2.0,0.0,2.0,2.0,2.0,0.0,0.0,0.0,2.0,0.0,0.0,0.0,17.07,4.906890595608519,2.0289599287534967,2.5711479546711256,2.5711479546711256,0.0,3.576000000000001,68.0
O=C/C=C/c1ccccc1,3.800940160000001,0.0,6.0,-0.0556254379105611,-0.0122215868298036,-0.0009768069114048,-3.173411801861793e-05,10.774469035540946,11.689083249128023,16.005935304950142,-0.3885584145663553,0.2900331787405404,3.614930786487041,8.697437501621042,0.0,0.0,1.0,7.0,1.0,0.0,0.0,0.0,0.6,1.0,0.0,0.0,4.760330578512397,3.111111111111111,0.0,0.0,0.0,0.0,0.0,0.0,0.0,0.0,3.0,5.0,0.0,0.0,0.0,1.0,0.0,0.0,0.0,0.0,0.0,0.0,0.0,0.0,0.0,0.0,0.0,0.0,0.0,0.0,0.0,1.0,0.0,0.0,0.0,0.0,0.0,0.0,0.0,0.0,0.0,0.0,0.0,0.0,0.0,0.0,0.0,0.0,0.0,0.0,0.0,0.0,0.0,0.0,0.0,0.0,0.0,0.0,0.0,0.0,0.0,0.0,0.0,0.0,0.0,0.0,0.0,0.0,0.0,0.0,0.0,0.0,0.0,0.0,0.0,10.0,,0.0,0.0,0.0,0.0,11.467501125105276,0.0,0.0,0.0,0.0,0.0,0.0,0.0,0.0,0.0,0.0,0.0,0.0,2.3400000000000003,2.0,0.0,1.0,1.0,1.0,0.0,0.0,0.0,1.0,0.0,0.0,0.0,17.07,4.321928094887363,1.9704545566963465,2.423773933104239,2.423773933104239,0.0,1.99,42.0
O=C1CCCCC1,1.3792153599999992,0.0,0.0,-0.0240863683886434,-0.0319590629481379,-0.0035977392830743,-0.000287080803629,7.774469035540946,11.799172433877027,16.00594378768071,-0.3925239775654073,0.2903640629708442,4.181268032932437,6.85815750090061,0.0,0.0,0.0,1.0,0.0,0.0,5.0,0.0,0.8571428571428571,1.0,0.0,0.8333333333333334,2.34375,1.5,0.0,0.0,0.0,0.0,0.0,0.0,5.0,0.0,0.0,0.0,0.0,0.0,1.0,0.0,0.0,0.0,0.0,0.0,0.0,0.0,0.0,0.0,0.0,0.0,0.0,0.0,0.0,0.0,0.0,1.0,0.0,0.0,0.0,0.0,0.0,0.0,0.0,0.0,0.0,0.0,0.0,0.0,0.0,0.0,0.0,0.0,0.0,0.0,0.0,0.0,0.0,0.0,0.0,0.0,0.0,0.0,0.0,0.0,0.0,0.0,0.0,0.0,0.0,0.0,0.0,0.0,0.0,0.0,0.0,0.0,0.0,0.0,0.0,2.0,0.0,0.0,0.0,0.0,0.0,6.083643418932058,0.0,0.0,0.0,0.0,0.0,0.0,0.0,0.0,0.0,0.0,0.0,0.0,2.01,0.0,0.0,0.0,1.0,0.0,0.0,0.0,0.0,1.0,0.0,0.0,0.0,17.07,3.807354922057604,1.9538321886337693,2.4906965282222497,2.4906965282222497,0.0,0.92,30.0
O=C1CC[C@@]2(O)[C@H]3Cc4ccc(O)c5c4[C@@]2(CCN3CC2CC2)[C@H]1O5,2.554882559999992,0.0,6.0,-0.1492753473912756,-0.1940064873967001,0.1963812128346748,-0.1485284641858985,28.457856443440264,11.683296616295037,16.00664703650824,-0.4155701308540425,0.3810583664829896,5.21550975131256,13.26585047641017,1.0,0.0,0.0,5.0,2.0,2.0,8.0,0.1609876377148447,0.88,4.0,2.0,0.65,5.0784,1.8612401858676493,0.0,0.0,0.0,0.0,0.0,0.0,7.0,0.0,0.0,2.0,3.0,0.0,1.0,4.0,0.0,0.0,0.0,0.0,0.0,0.0,0.0,0.0,0.0,0.0,1.0,0.0,0.0,0.0,2.0,1.0,1.0,0.0,0.0,0.0,0.0,0.0,0.0,0.0,0.0,0.0,0.0,0.0,0.0,0.0,0.0,0.0,0.0,0.0,0.0,0.0,0.0,0.0,0.0,0.0,0.0,0.0,0.0,0.0,0.0,0.0,0.0,0.0,0.0,0.0,0.0,0.0,0.0,0.0,0.0,0.0,0.0,0.0,0.0,8.0,,0.0,0.0,0.0,0.0,11.59246146921702,9.396102066235269,7.128699309114949,1.0,0.5313292845913056,0.9085602964160698,0.0,0.0,0.0,0.0,0.0,0.0,0.0,3.1100000000000003,2.0,0.0,1.0,2.0,1.0,1.0,0.0,1.0,4.0,0.0,0.0,0.0,70.0,5.906890595608519,2.113101614269929,14.555728759443692,11.030941540686738,3.524787218756936,0.429,160.0
O=C=Nc1ccc(Br)cc1,5.947257689999999,0.0,6.0,-0.1744677151577117,0.0763356317581855,-0.0120990095526619,-0.0227490469871429,54.39254012813283,11.70020511877534,78.91851805528287,-0.3713645988673894,0.4624880948904903,3.2919786364477472,9.582357926198124,0.0,0.0,0.0,6.0,0.0,0.0,0.0,0.0,0.6,2.0,0.0,0.0,4.0,2.6508875739644973,0.0,0.0,0.0,0.0,0.0,0.0,0.0,0.0,0.0,4.0,0.0,1.0,0.0,2.0,0.0,0.0,0.0,0.0,0.0,0.0,0.0,0.0,1.0,0.0,0.0,0.0,0.0,0.0,0.0,1.0,0.0,0.0,0.0,0.0,0.0,0.0,0.0,0.0,0.0,0.0,0.0,0.0,0.0,0.0,0.0,0.0,0.0,0.0,0.0,0.0,0.0,0.0,0.0,0.0,0.0,0.0,0.0,0.0,0.0,0.0,0.0,0.0,0.0,0.0,1.0,0.0,0.0,0.0,0.0,0.0,0.0,0.0,0.0,9.0,0.0,0.0,0.0,0.0,0.0,4.251415002085969,0.3333333333333333,0.0,0.0,0.0,0.0,0.0,0.0,0.0,0.0,0.0,0.0,0.0,1.9,1.0,0.0,1.0,1.0,1.0,0.0,0.0,0.0,1.0,0.0,0.0,0.0,29.43,4.321928094887363,1.955797704196388,7.8576665296151695,2.434450975753708,2.9107934395337,4.084,44.0
O=CO,0.0952956899999999,1.0,0.0,-0.1516182495738569,0.0347799830188512,0.0,0.0,4.548938071081892,11.985984172098869,16.009773115620867,-0.3832000629871115,0.3363899108116007,2.3858142762074595,3.172762856437509,0.0,0.0,0.0,0.0,0.0,0.0,0.0,0.0,0.0,2.0,1.0,0.0,2.0,0.0,0.0,0.0,0.0,0.0,0.0,0.0,0.0,0.0,1.0,0.0,0.0,0.0,0.0,0.0,0.0,0.0,0.0,0.0,0.0,0.0,0.0,0.0,0.0,0.0,0.0,0.0,0.0,0.0,1.0,1.0,0.0,0.0,0.0,0.0,0.0,0.0,0.0,0.0,0.0,0.0,0.0,0.0,0.0,0.0,0.0,0.0,0.0,0.0,0.0,0.0,0.0,0.0,0.0,0.0,0.0,0.0,0.0,0.0,0.0,0.0,0.0,0.0,0.0,0.0,0.0,0.0,0.0,0.0,0.0,0.0,0.0,0.0,0.0,3.0,0.0,0.0,0.0,0.0,0.0,0.0,0.0,0.0,0.0,0.4999999999999999,0.0,0.0,0.0,0.0,0.0,0.0,0.0,0.0,1.35,0.0,0.0,0.0,0.0,0.0,0.0,0.0,0.0,0.0,0.0,0.0,0.0,37.3,2.0,1.638071187457698,4.414213562373095,4.414213562373095,0.0,-0.316,6.0
O=NN(CCO)CCO,0.9761439999999996,0.0,0.0,-0.0786714253110223,-0.0701885031203407,0.0912355216673585,-0.0843341145478191,12.0433677091758,11.89384000656356,16.017023845363976,-0.4212977652462487,0.2201501986785908,3.2054244719262632,7.17391834599419,0.0,0.0,0.0,0.0,0.0,4.0,0.0,0.0,0.0,3.0,2.0,1.0,6.125,4.5,0.0,0.0,0.0,0.0,0.0,0.0,4.0,0.0,0.0,0.0,0.0,0.0,0.0,0.0,0.0,0.0,0.0,0.0,0.0,0.0,0.0,0.0,1.0,0.0,1.0,0.0,0.0,0.0,2.0,1.0,0.0,0.0,0.0,0.0,0.0,0.0,0.0,0.0,0.0,0.0,0.0,0.0,0.0,0.0,0.0,0.0,0.0,0.0,0.0,0.0,0.0,0.0,0.0,0.0,0.0,0.0,0.0,0.0,0.0,0.0,0.0,0.0,0.0,0.0,0.0,0.0,0.0,0.0,0.0,0.0,0.0,0.0,0.0,3.0,2.0,0.0,0.0,0.0,0.0,2.94168275343288,0.0,0.0,0.0,0.5646216173286172,0.0,0.0,0.0,0.0,0.0,0.0,1.0,0.0,1.35,5.0,0.0,0.0,0.0,0.0,0.0,0.0,0.0,0.0,0.0,0.0,0.0,73.13000000000001,4.0,1.8517909376161767,13.20584157625006,7.26229194335682,5.943549632893247,-1.693,32.0
O=S(=O)(c1ccc(O)cc1)c1ccc(O)cc1,5.749444840000001,0.0,12.0,-0.0825888504679445,-0.0126186174818123,0.0186759043254514,-0.0176156171094648,26.225629180613797,11.70037447044548,31.978592226384848,-0.3992994804105756,0.4310439808971981,4.923908788318384,11.792184665017311,0.0,0.0,0.0,12.0,0.0,0.0,0.0,0.1666666666666666,0.7647058823529411,4.0,2.0,0.0,5.325443786982248,3.0625,0.0,0.0,0.0,0.0,0.0,0.0,0.0,0.0,0.0,8.0,0.0,0.0,0.0,4.0,0.0,0.0,0.0,0.0,0.0,0.0,0.0,0.0,0.0,0.0,0.0,0.0,0.0,0.0,2.0,2.0,0.0,0.0,0.0,0.0,0.0,0.0,0.0,0.0,0.0,0.0,0.0,0.0,0.0,0.0,0.0,0.0,0.0,1.0,0.0,0.0,0.0,0.0,0.0,0.0,0.0,0.0,0.0,0.0,0.0,0.0,0.0,0.0,0.0,0.0,0.0,0.0,0.0,0.0,0.0,0.0,0.0,0.0,0.0,17.0,0.0,0.0,0.0,0.0,0.0,8.691901917570458,1.5326188647871062,0.0,0.0,1.1029235690267392,0.0,0.0,0.0,0.0,0.0,0.0,0.0,0.0,2.2300000000000004,2.0,0.0,2.0,2.0,2.0,0.0,0.0,0.0,2.0,0.0,0.0,0.0,82.98,5.169925001442312,1.992619804584227,13.522185175134831,10.027021959239294,0.0,2.184,88.0
O=[N+]([O-])OCC(CO[N+](=O)[O-])O[N+](=O)[O-],0.00600625,0.0,0.0,-0.2304799592112608,0.1414191306602001,0.0077273725546538,-0.1948864033284101,23.050162223697956,11.856702062063222,16.03618359606557,-0.2922172069414034,0.3393194972746148,2.8681736168146084,7.3010617909366,0.0,0.0,0.0,0.0,0.0,2.0,1.0,0.0,0.0,0.0,0.0,1.0,8.186851211072664,10.285714285714286,0.0,0.0,0.0,0.0,0.0,0.0,2.0,0.0,0.0,0.0,1.0,0.0,0.0,0.0,0.0,0.0,0.0,0.0,0.0,0.0,0.0,0.0,0.0,0.0,0.0,3.0,0.0,0.0,0.0,3.0,3.0,0.0,0.0,0.0,0.0,0.0,0.0,0.0,0.0,0.0,0.0,0.0,0.0,0.0,0.0,0.0,0.0,0.0,0.0,0.0,0.0,0.0,0.0,0.0,0.0,0.0,0.0,0.0,0.0,0.0,0.0,0.0,0.0,0.0,0.0,0.0,0.0,0.0,0.0,0.0,0.0,0.0,0.0,4.0,3.0,0.0,0.0,0.0,0.0,0.4999999999999999,0.0,0.0,0.0,2.656698733478852,4.691949594673658,0.9085602964160698,0.0,0.0,0.0,0.0,0.0,0.5646216173286172,0.47,8.0,0.0,0.0,0.0,0.0,0.0,0.0,0.0,0.0,0.0,0.0,0.0,157.11,4.807354922057604,1.87843293340192,32.03245219626568,23.07816450451539,8.954287691750313,0.9759999999999996,62.0
O=[N+]([O-])OCC(O)CO,0.8333864099999992,0.0,0.0,-0.1084823227841288,-0.0501174267722622,-0.0059223238929109,-0.0031512583780016,13.23232547898121,11.856327064542246,16.029955752863817,-0.421831465321509,0.3270351487013978,2.811233573876777,6.407010352387914,0.0,0.0,0.0,0.0,0.0,2.0,1.0,0.0,0.0,2.0,2.0,1.0,4.839506172839506,5.877551020408164,0.0,0.0,0.0,0.0,0.0,0.0,2.0,0.0,0.0,0.0,1.0,0.0,0.0,0.0,0.0,0.0,0.0,0.0,0.0,0.0,0.0,0.0,0.0,0.0,0.0,1.0,0.0,0.0,2.0,1.0,1.0,0.0,0.0,0.0,0.0,0.0,0.0,0.0,0.0,0.0,0.0,0.0,0.0,0.0,0.0,0.0,0.0,0.0,0.0,0.0,0.0,0.0,0.0,0.0,0.0,0.0,0.0,0.0,0.0,0.0,0.0,0.0,0.0,0.0,0.0,0.0,0.0,0.0,0.0,0.0,0.0,0.0,0.0,4.0,3.0,0.0,0.0,0.0,0.0,0.4999999999999999,0.0,0.0,0.0,1.4324702914936969,1.519671371303185,0.0,0.0,0.0,0.0,0.0,0.0,0.0,1.13,4.0,0.0,0.0,0.0,0.0,0.0,0.0,0.0,0.0,0.0,0.0,0.0,92.83,4.0,1.832481100977321,15.375798823114316,12.41920304118524,2.956595781929072,-0.9280000000000002,34.0
O=[N+]([O-])O[C@@H]1CO[C@H]2[C@@H]1OC[C@@H]2O,0.8317439999999998,0.0,0.0,-0.2193462029664591,-0.2759348888238502,0.3465361889879673,-0.2877269042811516,18.006794514522156,11.819296780928797,16.030110391550583,-0.4166691591490387,0.3371701114594491,3.037592063827438,8.067281412253923,0.0,0.0,0.0,0.0,0.0,2.0,4.0,0.0,0.6153846153846154,3.0,1.0,1.0,3.63,1.7751479289940828,0.0,0.0,0.0,0.0,0.0,0.0,2.0,0.0,0.0,0.0,4.0,0.0,0.0,0.0,0.0,0.0,0.0,0.0,0.0,0.0,0.0,0.0,0.0,0.0,0.0,1.0,0.0,0.0,1.0,1.0,3.0,0.0,0.0,0.0,0.0,0.0,0.0,0.0,0.0,0.0,0.0,0.0,0.0,0.0,0.0,0.0,0.0,0.0,0.0,0.0,0.0,0.0,0.0,0.0,0.0,0.0,0.0,0.0,0.0,0.0,0.0,0.0,0.0,0.0,0.0,0.0,0.0,0.0,0.0,0.0,0.0,0.0,0.0,4.0,6.0,0.0,0.0,0.0,0.0,0.25,3.965406456500188,0.0,0.0,0.6506976368304991,2.4717431558005774,1.0000000000000002,0.0,0.0,0.0,0.0,0.0,0.0,1.35,2.0,0.0,0.0,1.0,0.0,0.0,0.0,2.0,0.0,0.0,0.0,0.0,91.06000000000002,4.807354922057604,2.006276600788267,19.47481356740071,16.467907891303906,3.0069056760968045,-0.908,68.0
O=[N+]([O-])O[C@H]1CO[C@H]2[C@@H]1OC[C@H]2O[N+](=O)[O-],0.1737222399999998,0.0,0.0,-0.2806352886814032,-0.1799328818914696,0.3495775896540728,-0.4370791460035487,22.915712886880527,11.819383944287855,16.033391451780957,-0.4127345834045826,0.3454838381955733,3.046255284117955,8.264147798011587,0.0,0.0,0.0,0.0,0.0,2.0,4.0,0.0,0.5,2.0,0.0,1.0,5.104166666666667,2.831111111111111,0.0,0.0,0.0,0.0,0.0,0.0,2.0,0.0,0.0,0.0,4.0,0.0,0.0,0.0,0.0,0.0,0.0,0.0,0.0,0.0,0.0,0.0,0.0,0.0,0.0,2.0,0.0,0.0,0.0,2.0,4.0,0.0,0.0,0.0,0.0,0.0,0.0,0.0,0.0,0.0,0.0,0.0,0.0,0.0,0.0,0.0,0.0,0.0,0.0,0.0,0.0,0.0,0.0,0.0,0.0,0.0,0.0,0.0,0.0,0.0,0.0,0.0,0.0,0.0,0.0,0.0,0.0,0.0,0.0,0.0,0.0,0.0,0.0,4.0,6.0,0.0,0.0,0.0,0.0,0.25,3.965406456500188,0.0,0.0,1.100642416298209,3.699158767330233,1.8367718043368908,0.0,0.0,0.0,0.0,0.0,0.1428571428571428,1.02,4.0,0.0,0.0,1.0,0.0,0.0,0.0,2.0,0.0,0.0,0.0,0.0,123.20000000000002,5.08746284125034,1.9974287095846877,27.81225292268407,21.79243030051782,6.019822622166219,0.0439999999999998,82.0
O=[N+]([O-])c1ccc(Cl)c([N+](=O)[O-])c1,5.21300224,0.0,6.0,0.0144980773259084,-0.0149941346325358,-0.0357127259191387,-0.0636583311637007,24.530786652565524,11.69947695123808,34.969380174272615,-0.310160409704287,0.4061798432265223,3.709766487974008,9.051113075314593,0.0,0.0,0.0,6.0,0.0,0.0,0.0,0.0,0.4615384615384615,0.0,0.0,0.0,4.481481481481482,2.7210884353741496,0.0,0.0,0.0,0.0,0.0,0.0,0.0,0.0,0.0,3.0,0.0,0.0,0.0,3.0,0.0,0.0,0.0,0.0,0.0,0.0,0.0,0.0,0.0,0.0,0.0,2.0,0.0,0.0,0.0,2.0,0.0,0.0,0.0,0.0,0.0,0.0,0.0,0.0,0.0,0.0,0.0,0.0,0.0,0.0,0.0,0.0,0.0,0.0,1.0,0.0,0.0,0.0,0.0,0.0,0.0,0.0,0.0,0.0,0.0,0.0,0.0,0.0,0.0,0.0,0.0,0.0,0.0,0.0,0.0,0.0,0.0,0.0,0.0,12.0,0.0,0.0,0.0,0.0,0.0,1.6509636244473134,1.6509636244473134,0.0,0.0,1.4422495703074083,0.0,0.0,0.0,0.0,0.0,0.0,0.0,0.25,1.35,2.0,0.0,1.0,1.0,1.0,0.0,0.0,0.0,1.0,0.0,0.0,0.0,86.28,4.700439718141093,1.9300448977174096,18.237133107402418,9.654502108319248,6.0516430099363925,2.4280000000000004,62.0
O=[N+]([O-])c1ccc(Cl)cc1,5.706365440000001,0.0,6.0,-0.0058329428622816,-0.0110231038593734,-0.0035932174992333,-0.0235103359692119,19.621868280207156,11.700192479598282,34.969380017189266,-0.3182919349518311,0.3544959488399173,3.633740846284,8.407384260207683,0.0,0.0,0.0,6.0,0.0,0.0,0.0,0.0,0.6,0.0,0.0,0.0,3.408284023668639,2.2857142857142856,0.0,0.0,0.0,0.0,0.0,0.0,0.0,0.0,0.0,4.0,0.0,0.0,0.0,2.0,0.0,0.0,0.0,0.0,0.0,0.0,0.0,0.0,0.0,0.0,0.0,1.0,0.0,0.0,0.0,1.0,0.0,0.0,0.0,0.0,0.0,0.0,0.0,0.0,0.0,0.0,0.0,0.0,0.0,0.0,0.0,0.0,0.0,0.0,1.0,0.0,0.0,0.0,0.0,0.0,0.0,0.0,0.0,0.0,0.0,0.0,0.0,0.0,0.0,0.0,0.0,0.0,0.0,0.0,0.0,0.0,0.0,0.0,0.0,9.0,0.0,0.0,0.0,0.0,0.0,3.3019272488946267,0.3333333333333333,0.0,0.0,0.4999999999999999,0.0,0.0,0.0,0.0,0.0,0.0,0.0,0.0,1.6800000000000002,1.0,0.0,1.0,1.0,1.0,0.0,0.0,0.0,1.0,0.0,0.0,0.0,43.14,4.321928094887363,1.9385708226955556,10.344795818200597,4.818142682309614,3.0179334235589708,2.5360000000000005,46.0
O=[N+]([O-])c1ccc(O)cc1,2.122849000000001,0.0,6.0,-0.0143555502162287,-0.0114610806243623,7.140586506629168e-05,-0.0347363167633168,12.683387407899318,11.699818184252916,16.02369744951793,-0.3983585723821672,0.3544193811376154,3.5868482473716665,7.588763915048921,0.0,0.0,0.0,6.0,0.0,0.0,0.0,0.0,0.6,1.0,1.0,0.0,3.408284023668639,2.2857142857142856,0.0,0.0,0.0,0.0,0.0,0.0,0.0,0.0,0.0,4.0,0.0,0.0,0.0,2.0,0.0,0.0,0.0,0.0,0.0,0.0,0.0,0.0,0.0,0.0,0.0,1.0,0.0,0.0,1.0,1.0,0.0,0.0,0.0,0.0,0.0,0.0,0.0,0.0,0.0,0.0,0.0,0.0,0.0,0.0,0.0,0.0,0.0,0.0,0.0,0.0,0.0,0.0,0.0,0.0,0.0,0.0,0.0,0.0,0.0,0.0,0.0,0.0,0.0,0.0,0.0,0.0,0.0,0.0,0.0,0.0,0.0,0.0,0.0,10.0,0.0,0.0,0.0,0.0,0.0,3.3019272488946267,0.3333333333333333,0.0,0.0,0.7211247851537042,0.0,0.0,0.0,0.0,0.0,0.0,0.0,0.0,1.6800000000000002,1.0,0.0,1.0,1.0,1.0,0.0,0.0,0.0,1.0,0.0,0.0,0.0,63.370000000000005,4.321928094887363,1.9385708226955556,10.344795818200597,7.326862394641621,3.0179334235589708,1.508,46.0
O=[N+]([O-])c1ccc([N+](=O)[O-])cc1,2.6205134400000007,0.0,6.0,0.0037809202676433,-0.0181348773960734,0.0014037372400426,-0.0100824106279323,15.817836744716743,11.699563956681406,16.025779113589273,-0.317560062479441,0.3697087036176331,3.609081514388853,7.715105806086904,0.0,0.0,0.0,6.0,0.0,0.0,0.0,0.0,0.5,0.0,0.0,0.0,4.296875,2.7777777777777777,0.0,0.0,0.0,0.0,0.0,0.0,0.0,0.0,0.0,4.0,0.0,0.0,0.0,2.0,0.0,0.0,0.0,0.0,0.0,0.0,0.0,0.0,0.0,0.0,0.0,2.0,0.0,0.0,0.0,2.0,0.0,0.0,0.0,0.0,0.0,0.0,0.0,0.0,0.0,0.0,0.0,0.0,0.0,0.0,0.0,0.0,0.0,0.0,0.0,0.0,0.0,0.0,0.0,0.0,0.0,0.0,0.0,0.0,0.0,0.0,0.0,0.0,0.0,0.0,0.0,0.0,0.0,0.0,0.0,0.0,0.0,0.0,0.0,12.0,0.0,0.0,0.0,0.0,0.0,3.3019272488946267,0.3333333333333333,0.0,0.0,1.3013952736609982,0.0,0.0,0.0,0.0,0.0,0.0,0.0,0.1999999999999999,1.46,2.0,0.0,1.0,1.0,1.0,0.0,0.0,0.0,1.0,0.0,0.0,0.0,86.28,4.584962500721156,1.9368246049947824,15.705881234052864,9.654360693201175,6.051520540851663,1.806,56.0
O=[N+]([O-])c1cccc(O)c1,2.122849000000001,0.0,6.0,-0.0095285186778891,-0.0078147307089234,-0.0325400642378797,-0.0486405194502912,12.683387407899318,11.69981643328586,16.023697496354615,-0.3975231747983853,0.3608318317561728,3.601702509451529,7.645958500955099,0.0,0.0,0.0,6.0,0.0,0.0,0.0,0.0,0.6,1.0,1.0,0.0,3.408284023668639,2.2857142857142856,0.0,0.0,0.0,0.0,0.0,0.0,0.0,0.0,0.0,4.0,0.0,0.0,0.0,2.0,0.0,0.0,0.0,0.0,0.0,0.0,0.0,0.0,0.0,0.0,0.0,1.0,0.0,0.0,1.0,1.0,0.0,0.0,0.0,0.0,0.0,0.0,0.0,0.0,0.0,0.0,0.0,0.0,0.0,0.0,0.0,0.0,0.0,0.0,0.0,0.0,0.0,0.0,0.0,0.0,0.0,0.0,0.0,0.0,0.0,0.0,0.0,0.0,0.0,0.0,0.0,0.0,0.0,0.0,0.0,0.0,0.0,0.0,0.0,10.0,0.0,0.0,0.0,0.0,0.0,3.532775529001442,0.4999999999999999,0.0,0.0,0.814325284978472,0.0,0.0,0.0,0.0,0.0,0.0,0.0,0.0,1.6800000000000002,1.0,0.0,1.0,1.0,1.0,0.0,0.0,0.0,1.0,0.0,0.0,0.0,63.370000000000005,4.321928094887363,1.938551060113479,10.345181191088024,7.328020585482744,3.0171606056052784,1.508,46.0
O=[N+]([O-])c1cccc([N+](=O)[O-])c1,2.6205134400000007,0.0,6.0,0.0090096820829642,-0.0078774065303555,-0.0128048459220481,-0.0691567759534711,15.817836744716743,11.6995612673609,16.025779156285452,-0.3189992577866642,0.37853767548832,3.647111250037386,7.885997818719471,0.0,0.0,0.0,6.0,0.0,0.0,0.0,0.0,0.5,0.0,0.0,0.0,4.296875,2.7777777777777777,0.0,0.0,0.0,0.0,0.0,0.0,0.0,0.0,0.0,4.0,0.0,0.0,0.0,2.0,0.0,0.0,0.0,0.0,0.0,0.0,0.0,0.0,0.0,0.0,0.0,2.0,0.0,0.0,0.0,2.0,0.0,0.0,0.0,0.0,0.0,0.0,0.0,0.0,0.0,0.0,0.0,0.0,0.0,0.0,0.0,0.0,0.0,0.0,0.0,0.0,0.0,0.0,0.0,0.0,0.0,0.0,0.0,0.0,0.0,0.0,0.0,0.0,0.0,0.0,0.0,0.0,0.0,0.0,0.0,0.0,0.0,0.0,0.0,12.0,0.0,0.0,0.0,0.0,0.0,3.532775529001442,0.4999999999999999,0.0,0.0,1.4422495703074083,0.0,0.0,0.0,0.0,0.0,0.0,0.0,0.25,1.46,2.0,0.0,1.0,1.0,1.0,0.0,0.0,0.0,1.0,0.0,0.0,0.0,86.28,4.584962500721156,1.9368498338747404,15.710983107109971,9.657094778732269,6.053888328377708,1.806,56.0
O=[N+]([O-])c1ccccc1,2.9735553600000006,0.0,6.0,0.0007681452115095,-0.0163359244606182,-0.0120759399465412,-0.0008951143699052,10.908918372358372,11.700276435704687,16.023608492514903,-0.3381380334676282,0.3440484443864389,3.571992605413318,7.523173427560572,0.0,0.0,0.0,6.0,0.0,0.0,0.0,0.0,0.6666666666666666,0.0,0.0,0.0,3.239669421487603,2.0,0.0,0.0,0.0,0.0,0.0,0.0,0.0,0.0,0.0,5.0,0.0,0.0,0.0,1.0,0.0,0.0,0.0,0.0,0.0,0.0,0.0,0.0,0.0,0.0,0.0,1.0,0.0,0.0,0.0,1.0,0.0,0.0,0.0,0.0,0.0,0.0,0.0,0.0,0.0,0.0,0.0,0.0,0.0,0.0,0.0,0.0,0.0,0.0,0.0,0.0,0.0,0.0,0.0,0.0,0.0,0.0,0.0,0.0,0.0,0.0,0.0,0.0,0.0,0.0,0.0,0.0,0.0,0.0,0.0,0.0,0.0,0.0,0.0,9.0,0.0,0.0,0.0,0.0,0.0,6.083643418932058,0.0,0.0,0.0,0.4999999999999999,0.0,0.0,0.0,0.0,0.0,0.0,0.0,0.0,1.79,1.0,0.0,1.0,1.0,1.0,0.0,0.0,0.0,1.0,0.0,0.0,0.0,43.14,4.169925001442312,1.9476238212508197,7.830519470755825,4.815164890527417,3.0153545802284083,1.914,40.0
O=[N+]([O-])c1ccccc1[N+](=O)[O-],2.6205134400000007,0.0,6.0,0.0259874820721575,-0.0197750228202196,-0.0891552805046956,-0.0440086362378467,15.817836744716743,11.699550171911746,16.025780352912644,-0.323058453846744,0.4130084634002977,3.723132201673976,8.227053921098586,0.0,0.0,0.0,6.0,0.0,0.0,0.0,0.0,0.5,0.0,0.0,0.0,4.296875,2.4930747922437675,0.0,0.0,0.0,0.0,0.0,0.0,0.0,0.0,0.0,4.0,0.0,0.0,0.0,2.0,0.0,0.0,0.0,0.0,0.0,0.0,0.0,0.0,0.0,0.0,0.0,2.0,0.0,0.0,0.0,2.0,0.0,0.0,0.0,0.0,0.0,0.0,0.0,0.0,0.0,0.0,0.0,0.0,0.0,0.0,0.0,0.0,0.0,0.0,0.0,0.0,0.0,0.0,0.0,0.0,0.0,0.0,0.0,0.0,0.0,0.0,0.0,0.0,0.0,0.0,0.0,0.0,0.0,0.0,0.0,0.0,0.0,0.0,0.0,12.0,0.0,0.0,0.0,0.0,0.0,3.965406456500188,1.0,0.0,0.0,1.628650569956944,0.0,0.0,0.0,0.0,0.0,0.0,0.0,0.3333333333333333,1.46,2.0,0.0,1.0,1.0,1.0,0.0,0.0,0.0,1.0,0.0,0.0,0.0,86.28,4.584962500721156,1.936938134954593,15.728839662809964,9.666664078091092,6.062175584718864,1.806,56.0
O=c1[nH]cc(F)c(=O)[nH]1,1.2139632400000002,0.0,0.0,-0.21432142004124,0.0614770436892105,-0.0998092334957693,-0.0159230193440095,12.770942812677504,11.772598956857848,19.000136538723424,-0.361219954559663,0.4394340009348704,4.091227008289072,6.780479880013496,0.0,0.0,2.0,1.0,0.0,0.0,0.0,0.0,0.6666666666666666,4.0,2.0,0.0,2.7222222222222223,1.7041420118343196,0.0,0.0,0.0,0.0,0.0,0.0,0.0,0.0,0.0,1.0,0.0,0.0,0.0,1.0,0.0,0.0,0.0,0.0,0.0,0.0,2.0,0.0,0.0,0.0,0.0,0.0,0.0,0.0,0.0,2.0,0.0,0.0,1.0,0.0,0.0,0.0,0.0,0.0,0.0,0.0,0.0,0.0,0.0,0.0,0.0,0.0,0.0,0.0,0.0,0.0,0.0,0.0,0.0,0.0,0.0,0.0,0.0,0.0,0.0,0.0,0.0,0.0,0.0,0.0,0.0,0.0,0.0,0.0,0.0,0.0,0.0,0.0,0.0,8.0,3.0,0.0,0.0,0.0,0.0,0.0,1.6509636244473134,0.0,0.0,0.25,0.0,0.0,0.0,0.0,0.0,0.4999999999999999,0.0,0.0,1.35,0.0,0.0,1.0,1.0,1.0,0.0,0.0,0.0,1.0,0.0,0.0,0.0,58.2,4.169925001442312,1.9313352437050275,13.340732384894132,4.986019722322716,5.863264454697643,-0.759,42.0
O=c1ccc2ccccc2o1,3.609240039999998,0.0,6.0,-0.1610603089728755,0.057335655401523,-0.0099271978903788,-0.0095419288610829,12.548938071081892,11.688600071479286,16.009876404604725,-0.3684932936406106,0.4095985981774562,4.189695472503716,8.815977297325917,0.0,0.0,1.0,7.0,1.0,0.0,0.0,0.0,0.9090909090909092,1.0,0.0,0.0,3.1640625,1.6,0.0,0.0,0.0,0.0,0.0,0.0,0.0,0.0,0.0,6.0,0.0,0.0,0.0,0.0,2.0,0.0,0.0,0.0,0.0,0.0,0.0,0.0,0.0,0.0,0.0,0.0,0.0,0.0,0.0,1.0,0.0,1.0,0.0,0.0,0.0,0.0,0.0,0.0,0.0,0.0,0.0,0.0,0.0,0.0,0.0,0.0,0.0,0.0,0.0,0.0,0.0,0.0,0.0,0.0,0.0,0.0,0.0,0.0,0.0,0.0,0.0,0.0,0.0,0.0,0.0,0.0,0.0,0.0,0.0,0.0,0.0,0.0,0.0,11.0,,0.0,0.0,0.0,0.0,6.631975707865092,1.6509636244473134,0.0,0.0,0.0,0.4999999999999999,0.0,0.0,0.0,0.0,0.0,0.0,0.0,2.23,0.0,0.0,2.0,1.0,1.0,0.0,0.0,0.0,2.0,0.0,0.0,0.0,26.3,4.584962500721156,2.0463385838161035,5.588995420252778,5.588995420252778,0.0,1.774,56.0
OB(O)O,0.1263091599999999,0.0,0.0,,,,,6.133611803624934,,,,,,,0.0,0.0,0.0,0.0,0.0,0.0,0.0,0.0,0.0,3.0,3.0,,1.3333333333333333,,0.0,0.0,0.0,1.0,0.0,0.0,0.0,0.0,0.0,0.0,0.0,0.0,0.0,0.0,0.0,0.0,0.0,0.0,0.0,0.0,0.0,0.0,0.0,0.0,0.0,0.0,0.0,0.0,3.0,0.0,0.0,0.0,0.0,0.0,0.0,0.0,0.0,0.0,0.0,0.0,0.0,0.0,0.0,0.0,0.0,0.0,0.0,0.0,0.0,0.0,0.0,0.0,0.0,0.0,0.0,0.0,0.0,0.0,0.0,0.0,0.0,0.0,0.0,0.0,0.0,0.0,0.0,0.0,0.0,0.0,0.0,0.0,0.0,0.0,0.0,0.0,0.0,0.0,0.0,0.0,0.0,0.0,0.0,1.5000000000000004,0.0,0.0,0.0,0.0,0.0,0.0,0.0,0.0,1.02,0.0,0.0,0.0,0.0,0.0,0.0,0.0,0.0,0.0,0.0,0.0,0.0,60.69,2.584962500721156,1.6830127018922194,9.464101615137755,6.732050807568877,0.0,-1.401,12.0
OC(O)C(Cl)(Cl)Cl,0.8096400399999997,0.0,0.0,-0.1204175558442272,-0.1700033412703574,0.1195633542588471,0.0,31.687787794628235,11.896305377066607,34.97243344410876,-0.4021599607332999,0.4373040909445543,5.018615068752365,10.222690059543226,0.0,0.0,0.0,0.0,0.0,2.0,0.0,0.2886751345948129,0.0,2.0,2.0,1.0,1.851851851851852,2.6666666666666665,0.0,0.0,0.0,0.0,0.0,0.0,0.0,0.0,0.0,0.0,1.0,0.0,0.0,0.0,0.0,0.0,0.0,0.0,0.0,0.0,0.0,0.0,0.0,0.0,0.0,0.0,0.0,0.0,2.0,0.0,0.0,0.0,0.0,0.0,0.0,0.0,0.0,0.0,0.0,0.0,0.0,0.0,0.0,0.0,0.0,0.0,0.0,0.0,3.0,0.0,0.0,0.0,0.0,0.0,0.0,0.0,0.0,0.0,0.0,0.0,0.0,0.0,0.0,0.0,0.0,0.0,0.0,0.0,0.0,0.0,0.0,0.0,0.0,0.0,2.0,0.0,0.0,0.0,0.0,0.0,0.0,1.0,0.0,0.4999999999999999,0.0,0.0,0.0,0.0,0.0,0.0,0.0,0.0,1.13,1.0,0.0,0.0,0.0,0.0,0.0,0.0,0.0,0.0,0.0,0.0,0.0,40.46,3.584962500721156,1.7561507202189932,11.587713240271473,4.654700538379252,0.0,0.802,30.0
OC/C=C/c1ccccc1,2.8672648899999977,0.0,6.0,-0.0430456661916383,-0.0024463351706047,0.0003649377249066,4.945206462066444e-05,10.774469035540946,11.689113821437374,15.997946802148588,-0.4191195468940277,0.2679555120054793,4.11084835867646,8.718960836082552,0.0,0.0,0.0,7.0,1.0,1.0,0.0,0.0,0.6,1.0,1.0,0.1111111111111111,4.760330578512397,3.111111111111111,0.0,0.0,0.0,0.0,0.0,0.0,1.0,0.0,2.0,5.0,0.0,0.0,0.0,1.0,0.0,0.0,0.0,0.0,0.0,0.0,0.0,0.0,0.0,0.0,0.0,0.0,0.0,0.0,1.0,0.0,0.0,0.0,0.0,0.0,0.0,0.0,0.0,0.0,0.0,0.0,0.0,0.0,0.0,0.0,0.0,0.0,0.0,0.0,0.0,0.0,0.0,0.0,0.0,0.0,0.0,0.0,0.0,0.0,0.0,0.0,0.0,0.0,0.0,0.0,0.0,0.0,0.0,0.0,0.0,0.0,0.0,0.0,0.0,8.0,,0.0,0.0,0.0,0.0,11.467501125105276,0.0,0.0,0.0,0.0,0.0,0.0,0.0,0.0,0.0,0.0,0.0,0.0,2.3400000000000003,2.0,0.0,1.0,1.0,1.0,0.0,0.0,0.0,1.0,0.0,0.0,0.0,20.23,4.321928094887363,1.9704545566963465,2.423773933104239,2.423773933104239,0.0,1.813,42.0
OC1CCCCC1,2.250900089999998,0.0,0.0,-0.0237379702604842,-0.0129378978896603,-0.0010053472725238,-4.124440553088656e-05,7.774469035540946,11.80052121234846,15.99794914853319,-0.4210131929231721,0.1995281170464123,4.661240175910425,7.100267153780491,0.0,0.0,0.0,0.0,0.0,0.0,6.0,0.0,0.8571428571428571,1.0,1.0,1.0,2.34375,1.5,0.0,0.0,0.0,0.0,0.0,0.0,5.0,0.0,0.0,0.0,1.0,0.0,0.0,0.0,0.0,0.0,0.0,0.0,0.0,0.0,0.0,0.0,0.0,0.0,0.0,0.0,0.0,0.0,1.0,0.0,0.0,0.0,0.0,0.0,0.0,0.0,0.0,0.0,0.0,0.0,0.0,0.0,0.0,0.0,0.0,0.0,0.0,0.0,0.0,0.0,0.0,0.0,0.0,0.0,0.0,0.0,0.0,0.0,0.0,0.0,0.0,0.0,0.0,0.0,0.0,0.0,0.0,0.0,0.0,0.0,0.0,0.0,0.0,0.0,0.0,0.0,0.0,0.0,0.0,6.083643418932058,0.0,0.0,0.0,0.0,0.0,0.0,0.0,0.0,0.0,0.0,0.0,0.0,2.01,0.0,0.0,0.0,1.0,0.0,0.0,0.0,0.0,1.0,0.0,0.0,0.0,20.23,3.807354922057604,1.9538321886337693,2.4906965282222497,2.4906965282222497,0.0,1.3289999999999995,30.0
OCC(O)C(O)C(O)C(O)CO,8.64477604,0.0,0.0,-0.0475455735317769,-0.2852734411906619,0.0,0.0,16.646814213245676,11.81776320026253,16.003365301303212,-0.4239115900570647,0.3074093507535078,4.134132285179619,8.053457832047698,0.0,0.0,0.0,0.0,0.0,2.0,4.0,0.0,0.0,6.0,6.0,1.0,5.612244897959184,3.515625,0.0,0.0,0.0,0.0,0.0,0.0,2.0,0.0,0.0,0.0,4.0,0.0,0.0,0.0,0.0,0.0,0.0,0.0,0.0,0.0,0.0,0.0,0.0,0.0,0.0,0.0,0.0,0.0,6.0,0.0,0.0,0.0,0.0,0.0,0.0,0.0,0.0,0.0,0.0,0.0,0.0,0.0,0.0,0.0,0.0,0.0,0.0,0.0,0.0,0.0,0.0,0.0,0.0,0.0,0.0,0.0,0.0,0.0,0.0,0.0,0.0,0.0,0.0,0.0,0.0,0.0,0.0,0.0,0.0,0.0,0.0,0.0,0.0,0.0,6.0,0.0,0.0,0.0,0.0,0.1999999999999999,3.965406456500188,0.0,0.0,3.6025841963386,0.0,0.0,0.0,0.0,0.0,0.0,0.0,0.0,1.46,5.0,1.0,0.0,0.0,0.0,0.0,0.0,0.0,0.0,0.0,0.0,0.0,121.38,4.459431618637298,1.8443204855705095,14.573455830409983,14.573455830409983,0.0,-3.896,50.0
OCC(O)CO,1.9827456099999992,0.0,0.0,-0.0475455735317769,-0.1426367205953309,0.0,0.0475455735317769,8.323407106622838,11.856201937805212,16.000160002645305,-0.4241254790217761,0.2484493981432906,3.806217189169568,6.100283661346134,0.0,0.0,0.0,0.0,0.0,2.0,1.0,0.0,0.0,3.0,3.0,1.0,3.2,3.0,0.0,0.0,0.0,0.0,0.0,0.0,2.0,0.0,0.0,0.0,1.0,0.0,0.0,0.0,0.0,0.0,0.0,0.0,0.0,0.0,0.0,0.0,0.0,0.0,0.0,0.0,0.0,0.0,3.0,0.0,0.0,0.0,0.0,0.0,0.0,0.0,0.0,0.0,0.0,0.0,0.0,0.0,0.0,0.0,0.0,0.0,0.0,0.0,0.0,0.0,0.0,0.0,0.0,0.0,0.0,0.0,0.0,0.0,0.0,0.0,0.0,0.0,0.0,0.0,0.0,0.0,0.0,0.0,0.0,0.0,0.0,0.0,0.0,0.0,3.0,0.0,0.0,0.0,0.0,0.4999999999999999,0.0,0.0,0.0,0.9085602964160698,0.0,0.0,0.0,0.0,0.0,0.0,0.0,0.0,1.46,2.0,0.0,0.0,0.0,0.0,0.0,0.0,0.0,0.0,0.0,0.0,0.0,60.69,3.321928094887362,1.779308466033326,7.109354215272228,7.109354215272228,0.0,-1.88,20.0
OCCCCCCc1ccccc1,11.367012249999997,0.0,6.0,-0.0338936932203761,-0.0077047418762262,-0.0003604777642649,0.0016450896491731,13.774469035540946,11.694130563051296,15.997947583167672,-0.4231466135663176,0.2549819595834566,3.9557231470838143,8.77991260504879,0.0,0.0,0.0,5.0,1.0,1.0,5.0,0.0,0.4615384615384615,1.0,1.0,0.5,7.408163265306122,5.333333333333333,0.0,0.0,0.0,0.0,0.0,0.0,6.0,0.0,0.0,5.0,0.0,0.0,0.0,1.0,0.0,0.0,0.0,0.0,0.0,0.0,0.0,0.0,0.0,0.0,0.0,0.0,0.0,0.0,1.0,0.0,0.0,0.0,0.0,0.0,0.0,0.0,0.0,0.0,0.0,0.0,0.0,0.0,0.0,0.0,0.0,0.0,0.0,0.0,0.0,0.0,0.0,0.0,0.0,0.0,0.0,0.0,0.0,0.0,0.0,0.0,0.0,0.0,0.0,0.0,0.0,0.0,0.0,0.0,0.0,0.0,0.0,0.0,0.0,6.0,,0.0,0.0,0.0,0.0,17.398069069641274,0.0,0.0,0.0,0.0,0.0,0.0,0.0,0.0,0.0,0.0,0.0,0.0,2.6700000000000004,6.0,0.0,1.0,1.0,1.0,0.0,0.0,0.0,1.0,0.0,0.0,0.0,20.23,4.700439718141093,1.9775392767522575,2.4154086087144884,2.4154086087144884,0.0,3.4340000000000006,54.0
OCCCCCc1ccccc1,8.498974090000004,0.0,6.0,-0.0338647364662348,-0.00742987979164,0.0010065010693672,0.0029141238959456,12.774469035540946,11.694130945277449,15.997947303652118,-0.4231455767115339,0.2549311981928771,3.96578565433321,8.747406082915727,0.0,0.0,0.0,5.0,1.0,1.0,4.0,0.0,0.5,1.0,1.0,0.4545454545454545,6.508875739644971,4.591836734693878,0.0,0.0,0.0,0.0,0.0,0.0,5.0,0.0,0.0,5.0,0.0,0.0,0.0,1.0,0.0,0.0,0.0,0.0,0.0,0.0,0.0,0.0,0.0,0.0,0.0,0.0,0.0,0.0,1.0,0.0,0.0,0.0,0.0,0.0,0.0,0.0,0.0,0.0,0.0,0.0,0.0,0.0,0.0,0.0,0.0,0.0,0.0,0.0,0.0,0.0,0.0,0.0,0.0,0.0,0.0,0.0,0.0,0.0,0.0,0.0,0.0,0.0,0.0,0.0,0.0,0.0,0.0,0.0,0.0,0.0,0.0,0.0,0.0,6.0,,0.0,0.0,0.0,0.0,15.394910668022218,0.0,0.0,0.0,0.0,0.0,0.0,0.0,0.0,0.0,0.0,0.0,0.0,2.56,5.0,0.0,1.0,1.0,1.0,0.0,0.0,0.0,1.0,0.0,0.0,0.0,20.23,4.584962500721156,1.9756262994480895,2.416603655055881,2.416603655055881,0.0,2.865,50.0
OCCCCc1ccccc1,6.047172810000004,0.0,6.0,-0.0335880632384434,-0.0060628152094915,0.0022755981705622,-0.0102279092609208,11.774469035540946,11.694132425134825,15.997947024285097,-0.4231402023929042,0.2549403076857653,3.985908886657314,8.682736510557847,0.0,0.0,0.0,5.0,1.0,1.0,3.0,0.0,0.5454545454545454,1.0,1.0,0.4,5.625,3.78698224852071,0.0,0.0,0.0,0.0,0.0,0.0,4.0,0.0,0.0,5.0,0.0,0.0,0.0,1.0,0.0,0.0,0.0,0.0,0.0,0.0,0.0,0.0,0.0,0.0,0.0,0.0,0.0,0.0,1.0,0.0,0.0,0.0,0.0,0.0,0.0,0.0,0.0,0.0,0.0,0.0,0.0,0.0,0.0,0.0,0.0,0.0,0.0,0.0,0.0,0.0,0.0,0.0,0.0,0.0,0.0,0.0,0.0,0.0,0.0,0.0,0.0,0.0,0.0,0.0,0.0,0.0,0.0,0.0,0.0,0.0,0.0,0.0,0.0,6.0,,0.0,0.0,0.0,0.0,13.415716594466002,0.0,0.0,0.0,0.0,0.0,0.0,0.0,0.0,0.0,0.0,0.0,0.0,2.45,4.0,0.0,1.0,1.0,1.0,0.0,0.0,0.0,1.0,0.0,0.0,0.0,20.23,4.459431618637298,1.973320507688413,2.4189937477386665,2.4189937477386665,0.0,2.296,46.0
OCCCc1ccccc1,4.011608410000005,0.0,6.0,-0.0321935464724493,-0.0047900688438669,-0.0108667607318443,0.0032842148876449,10.774469035540946,11.694146510623447,15.997946745109637,-0.4230982994133092,0.2552513384346626,4.026149146455665,8.554403190405617,0.0,0.0,0.0,5.0,1.0,1.0,2.0,0.0,0.6,1.0,1.0,0.3333333333333333,4.760330578512397,3.111111111111111,0.0,0.0,0.0,0.0,0.0,0.0,3.0,0.0,0.0,5.0,0.0,0.0,0.0,1.0,0.0,0.0,0.0,0.0,0.0,0.0,0.0,0.0,0.0,0.0,0.0,0.0,0.0,0.0,1.0,0.0,0.0,0.0,0.0,0.0,0.0,0.0,0.0,0.0,0.0,0.0,0.0,0.0,0.0,0.0,0.0,0.0,0.0,0.0,0.0,0.0,0.0,0.0,0.0,0.0,0.0,0.0,0.0,0.0,0.0,0.0,0.0,0.0,0.0,0.0,0.0,0.0,0.0,0.0,0.0,0.0,0.0,0.0,0.0,6.0,,0.0,0.0,0.0,0.0,11.467501125105276,0.0,0.0,0.0,0.0,0.0,0.0,0.0,0.0,0.0,0.0,0.0,0.0,2.3400000000000003,3.0,0.0,1.0,1.0,1.0,0.0,0.0,0.0,1.0,0.0,0.0,0.0,20.23,4.321928094887363,1.9704545566963465,2.423773933104239,2.423773933104239,0.0,1.727,42.0
OCCNCCO,1.6759891599999994,0.0,0.0,-0.0911394858407527,-0.1247005588593648,0.1434557161732876,-0.014243855848875,8.908918372358372,11.89385058996568,15.999003508716193,-0.4215670299734755,0.1722906211342251,3.838530844809072,6.377231187619,1.0,0.0,0.0,0.0,0.0,4.0,0.0,0.0,0.0,3.0,3.0,1.0,6.0,6.0,0.0,0.0,0.0,0.0,0.0,0.0,4.0,0.0,0.0,0.0,0.0,0.0,0.0,0.0,0.0,0.0,0.0,0.0,0.0,1.0,0.0,0.0,0.0,0.0,0.0,0.0,0.0,0.0,2.0,0.0,0.0,0.0,0.0,0.0,0.0,0.0,0.0,0.0,0.0,0.0,0.0,0.0,0.0,0.0,0.0,0.0,0.0,0.0,0.0,0.0,0.0,0.0,0.0,0.0,0.0,0.0,0.0,0.0,0.0,0.0,0.0,0.0,0.0,0.0,0.0,0.0,0.0,0.0,0.0,0.0,0.0,0.0,0.0,0.0,2.0,0.0,0.0,0.0,0.0,2.94168275343288,0.0,0.0,0.0,0.1666666666666666,0.0,0.0,0.0,0.0,0.0,0.0,0.0,0.0,1.5699999999999998,4.0,0.0,0.0,0.0,0.0,0.0,0.0,0.0,0.0,0.0,0.0,0.0,52.49,3.584962500721156,1.8333983967282677,7.656092167691144,4.802538777097871,2.853553390593274,-1.5940000000000003,22.0
OCCO,0.8053267599999999,0.0,0.0,-0.0475455735317769,-0.0950911470635539,0.0475455735317769,0.0,5.548938071081892,11.897099942044258,15.999074600575437,-0.4247334764224451,0.1879800377173904,3.429513627939668,4.68516795050834,0.0,0.0,0.0,0.0,0.0,2.0,0.0,0.0,0.0,2.0,2.0,1.0,3.0,4.0,0.0,0.0,0.0,0.0,0.0,0.0,2.0,0.0,0.0,0.0,0.0,0.0,0.0,0.0,0.0,0.0,0.0,0.0,0.0,0.0,0.0,0.0,0.0,0.0,0.0,0.0,0.0,0.0,2.0,0.0,0.0,0.0,0.0,0.0,0.0,0.0,0.0,0.0,0.0,0.0,0.0,0.0,0.0,0.0,0.0,0.0,0.0,0.0,0.0,0.0,0.0,0.0,0.0,0.0,0.0,0.0,0.0,0.0,0.0,0.0,0.0,0.0,0.0,0.0,0.0,0.0,0.0,0.0,0.0,0.0,0.0,0.0,0.0,0.0,2.0,0.0,0.0,0.0,0.0,1.0,0.0,0.0,0.0,0.3333333333333333,0.0,0.0,0.0,0.0,0.0,0.0,0.0,0.0,1.46,1.0,0.0,0.0,0.0,0.0,0.0,0.0,0.0,0.0,0.0,0.0,0.0,40.46,2.584962500721156,1.717830085889911,4.621320343559643,4.621320343559643,0.0,-1.2080000000000002,10.0
OCCOc1ccccc1,1.6235856399999995,0.0,6.0,-0.09377596793656,-0.108415718031417,0.099401230378412,-0.0092478161378046,11.548938071081892,11.700613351939452,16.000457676822997,-0.4201363660371922,0.2963855822989299,3.828501338081506,7.782103863657914,0.0,0.0,0.0,6.0,0.0,2.0,0.0,0.0,0.6,1.0,1.0,0.25,4.760330578512397,3.111111111111111,0.0,0.0,0.0,0.0,0.0,0.0,2.0,0.0,0.0,5.0,0.0,0.0,0.0,1.0,0.0,0.0,0.0,0.0,0.0,0.0,0.0,0.0,0.0,0.0,0.0,0.0,0.0,0.0,1.0,0.0,1.0,0.0,0.0,0.0,0.0,0.0,0.0,0.0,0.0,0.0,0.0,0.0,0.0,0.0,0.0,0.0,0.0,0.0,0.0,0.0,0.0,0.0,0.0,0.0,0.0,0.0,0.0,0.0,0.0,0.0,0.0,0.0,0.0,0.0,0.0,0.0,0.0,0.0,0.0,0.0,0.0,0.0,0.0,7.0,2.0,0.0,0.0,0.0,0.0,8.364004082977456,0.0,0.0,0.0,0.0,0.3333333333333333,0.0,0.0,0.0,0.0,0.0,0.0,0.0,2.12,3.0,0.0,1.0,1.0,1.0,0.0,0.0,0.0,1.0,0.0,0.0,0.0,29.46,4.321928094887363,1.9704545566963465,5.4046322521980725,5.4046322521980725,0.0,1.228,42.0
OCCc1ccccc1,2.392280890000001,0.0,6.0,-0.0306464557667956,-0.0179041416383606,0.0026761088722318,0.0017394758996181,9.774469035540946,11.69424114957172,15.997946467869763,-0.4225592316142809,0.2572137078992212,4.106607387235703,8.300355156822532,0.0,0.0,0.0,5.0,1.0,1.0,1.0,0.0,0.6666666666666666,1.0,1.0,0.25,3.92,2.3801652892561984,0.0,0.0,0.0,0.0,0.0,0.0,2.0,0.0,0.0,5.0,0.0,0.0,0.0,1.0,0.0,0.0,0.0,0.0,0.0,0.0,0.0,0.0,0.0,0.0,0.0,0.0,0.0,0.0,1.0,0.0,0.0,0.0,0.0,0.0,0.0,0.0,0.0,0.0,0.0,0.0,0.0,0.0,0.0,0.0,0.0,0.0,0.0,0.0,0.0,0.0,0.0,0.0,0.0,0.0,0.0,0.0,0.0,0.0,0.0,0.0,0.0,0.0,0.0,0.0,0.0,0.0,0.0,0.0,0.0,0.0,0.0,0.0,0.0,6.0,,0.0,0.0,0.0,0.0,9.563073857754226,0.0,0.0,0.0,0.0,0.0,0.0,0.0,0.0,0.0,0.0,0.0,0.0,2.23,2.0,0.0,1.0,1.0,1.0,0.0,0.0,0.0,1.0,0.0,0.0,0.0,20.23,4.169925001442312,1.9667317257494783,2.433334303835384,2.433334303835384,0.0,1.369,38.0
OC[C@@H](O)[C@@H](O)[C@H](O)[C@H](O)CO,8.64477604,0.0,0.0,-0.0475455735317769,-0.2852734411906619,0.0,0.0,16.646814213245676,11.81776320026253,16.003365301303212,-0.4239115900570647,0.3074093507535078,4.134132285179619,8.053457832047698,0.0,0.0,0.0,0.0,0.0,2.0,4.0,0.0,0.0,6.0,6.0,1.0,5.612244897959184,3.515625,0.0,0.0,0.0,0.0,0.0,0.0,2.0,0.0,0.0,0.0,4.0,0.0,0.0,0.0,0.0,0.0,0.0,0.0,0.0,0.0,0.0,0.0,0.0,0.0,0.0,0.0,0.0,0.0,6.0,0.0,0.0,0.0,0.0,0.0,0.0,0.0,0.0,0.0,0.0,0.0,0.0,0.0,0.0,0.0,0.0,0.0,0.0,0.0,0.0,0.0,0.0,0.0,0.0,0.0,0.0,0.0,0.0,0.0,0.0,0.0,0.0,0.0,0.0,0.0,0.0,0.0,0.0,0.0,0.0,0.0,0.0,0.0,0.0,0.0,6.0,0.0,0.0,0.0,0.0,0.1999999999999999,3.965406456500188,0.0,0.0,3.6025841963386,0.0,0.0,0.0,0.0,0.0,0.0,0.0,0.0,1.46,5.0,1.0,0.0,0.0,0.0,0.0,0.0,0.0,0.0,0.0,0.0,0.0,121.38,4.459431618637298,1.8443204855705095,14.573455830409983,14.573455830409983,0.0,-3.896,50.0
OC[C@H]1O[C@@](CO)(O[C@H]2O[C@H](CO)[C@@H](O)[C@H](O)[C@H]2O)[C@@H](O)[C@@H]1O,18.580410249999996,0.0,0.0,-0.3434830179202155,-0.5932394271918144,0.3636561679971099,-0.2183099937709873,31.519159390950406,11.817230117036384,16.010901296105516,-0.4204599181749144,0.3718393340765141,4.328027251272959,9.733286415903208,0.0,0.0,0.0,0.0,0.0,4.0,8.0,0.1020620726159657,0.5217391304347826,11.0,8.0,1.0,7.486111111111111,3.3833141099577086,0.0,0.0,0.0,0.0,0.0,0.0,3.0,0.0,0.0,0.0,8.0,0.0,0.0,0.0,0.0,0.0,0.0,0.0,0.0,0.0,0.0,0.0,0.0,0.0,0.0,0.0,0.0,0.0,8.0,0.0,3.0,0.0,0.0,0.0,0.0,0.0,0.0,0.0,0.0,0.0,0.0,0.0,0.0,0.0,0.0,0.0,0.0,0.0,0.0,0.0,0.0,0.0,0.0,0.0,0.0,0.0,0.0,0.0,0.0,0.0,0.0,0.0,0.0,0.0,0.0,0.0,0.0,0.0,0.0,0.0,0.0,0.0,0.0,0.0,6.0,0.0,0.0,0.0,0.0,0.520020955762976,9.519267454754823,3.109405292261152,0.0,4.637040374121499,5.766702225491435,1.1905507889761495,0.0,0.0,0.0,0.0,0.0,0.0,1.5700000000000005,5.0,2.0,0.0,2.0,0.0,0.0,0.0,1.0,1.0,0.0,0.0,0.0,189.53,5.584962500721157,1.9695107167359545,29.320458132606213,29.320458132606213,0.0,-3.2769999999999984,120.0
OC[C@H]1O[C@H](OC[C@H]2O[C@H](O[C@]3(CO)O[C@H](CO)[C@@H](O)[C@@H]3O)[C@H](O)[C@@H](O)[C@@H]2O)[C@H](O)[C@@H](O)[C@H]1O,36.69209476000002,0.0,0.0,-0.5461427673936711,-0.837724878557579,0.4892409750606064,-0.3525558590045363,46.39150456865514,11.81713994891004,16.01619061595657,-0.42081893755286,0.3739587608096482,4.330038099682417,9.783739838494377,0.0,0.0,0.0,0.0,0.0,6.0,12.0,0.1020620726159657,0.5882352941176471,16.0,11.0,1.0,11.588477366255145,5.49584487534626,0.0,0.0,0.0,0.0,0.0,0.0,4.0,0.0,0.0,0.0,13.0,0.0,0.0,0.0,0.0,0.0,0.0,0.0,0.0,0.0,0.0,0.0,0.0,0.0,0.0,0.0,0.0,0.0,11.0,0.0,5.0,0.0,0.0,0.0,0.0,0.0,0.0,0.0,0.0,0.0,0.0,0.0,0.0,0.0,0.0,0.0,0.0,0.0,0.0,0.0,0.0,0.0,0.0,0.0,0.0,0.0,0.0,0.0,0.0,0.0,0.0,0.0,0.0,0.0,0.0,0.0,0.0,0.0,0.0,0.0,0.0,0.0,0.0,0.0,6.0,0.0,0.0,0.0,0.0,0.8353786505343458,17.88395459005936,3.185488931658689,0.0,7.068440487732997,9.74979399235829,2.497669766526919,0.0,0.0,0.0,0.0,0.0,0.0,1.68,8.0,3.0,0.0,3.0,0.0,0.0,0.0,1.0,2.0,0.0,0.0,0.0,268.67999999999995,6.169925001442312,1.988520911249644,43.18428226930981,43.18428226930981,0.0,-4.8139999999999965,180.0
OCc1ccc(O)cc1,0.9179556099999996,0.0,6.0,-0.0604667192340747,-0.0111301843909142,0.0125002262296325,0.0133685204727431,10.548938071081892,11.694569076732344,15.999010456261567,-0.4181885294962871,0.3041342521640862,4.282194178081623,7.863015329333465,0.0,0.0,0.0,5.0,1.0,1.0,0.0,0.0,0.6666666666666666,2.0,2.0,0.1428571428571428,3.239669421487603,2.0,0.0,0.0,0.0,0.0,0.0,0.0,1.0,0.0,0.0,4.0,0.0,0.0,0.0,2.0,0.0,0.0,0.0,0.0,0.0,0.0,0.0,0.0,0.0,0.0,0.0,0.0,0.0,0.0,2.0,0.0,0.0,0.0,0.0,0.0,0.0,0.0,0.0,0.0,0.0,0.0,0.0,0.0,0.0,0.0,0.0,0.0,0.0,0.0,0.0,0.0,0.0,0.0,0.0,0.0,0.0,0.0,0.0,0.0,0.0,0.0,0.0,0.0,0.0,0.0,0.0,0.0,0.0,0.0,0.0,0.0,0.0,0.0,0.0,7.0,,0.0,0.0,0.0,0.0,4.883593419305869,0.3333333333333333,0.0,0.0,0.1666666666666666,0.0,0.0,0.0,0.0,0.0,0.0,0.0,0.0,2.01,1.0,0.0,1.0,1.0,1.0,0.0,0.0,0.0,1.0,0.0,0.0,0.0,40.46,4.169925001442312,1.9499549367638096,4.96135753731801,4.96135753731801,0.0,0.805,40.0
OCc1ccccc1,1.5018502500000013,0.0,6.0,-0.0428068911263754,-0.0030644990428253,0.0006276839894087,0.00010308534763,8.774469035540946,11.694970487600893,15.99794626681101,-0.4182841105257466,0.2662641518695397,4.2674474748012905,7.799749280341181,0.0,0.0,0.0,5.0,1.0,1.0,0.0,0.0,0.75,1.0,1.0,0.1428571428571428,3.111111111111111,1.8,0.0,0.0,0.0,0.0,0.0,0.0,1.0,0.0,0.0,5.0,0.0,0.0,0.0,1.0,0.0,0.0,0.0,0.0,0.0,0.0,0.0,0.0,0.0,0.0,0.0,0.0,0.0,0.0,1.0,0.0,0.0,0.0,0.0,0.0,0.0,0.0,0.0,0.0,0.0,0.0,0.0,0.0,0.0,0.0,0.0,0.0,0.0,0.0,0.0,0.0,0.0,0.0,0.0,0.0,0.0,0.0,0.0,0.0,0.0,0.0,0.0,0.0,0.0,0.0,0.0,0.0,0.0,0.0,0.0,0.0,0.0,0.0,0.0,6.0,,0.0,0.0,0.0,0.0,7.732315986074721,0.0,0.0,0.0,0.0,0.0,0.0,0.0,0.0,0.0,0.0,0.0,0.0,2.12,1.0,0.0,1.0,1.0,1.0,0.0,0.0,0.0,1.0,0.0,0.0,0.0,20.23,4.0,1.9615831826636247,2.4524550452976723,2.4524550452976723,0.0,1.211,34.0
Oc1c(Cl)cc(Cl)cc1Cl,12.64371364,0.0,6.0,-0.0175785452688281,-0.0557856150437397,-0.0263081448179595,0.0003353923629504,33.91331875908729,11.700279617063812,34.97139982898295,-0.3878412612436399,0.398325678241856,5.690669600080213,9.521571914431588,0.0,0.0,0.0,6.0,0.0,0.0,0.0,0.0,0.6,1.0,1.0,0.0,2.938775510204082,1.75,0.0,0.0,0.0,0.0,0.0,0.0,0.0,0.0,0.0,2.0,0.0,0.0,0.0,4.0,0.0,0.0,0.0,0.0,0.0,0.0,0.0,0.0,0.0,0.0,0.0,0.0,0.0,0.0,1.0,0.0,0.0,0.0,0.0,0.0,0.0,0.0,0.0,0.0,0.0,0.0,0.0,0.0,0.0,0.0,0.0,0.0,0.0,0.0,3.0,0.0,0.0,0.0,0.0,0.0,0.0,0.0,0.0,0.0,0.0,0.0,0.0,0.0,0.0,0.0,0.0,0.0,0.0,0.0,0.0,0.0,0.0,0.0,0.0,7.0,0.0,0.0,0.0,0.0,0.0,0.4999999999999999,3.532775529001442,0.0,0.0,0.0,0.0,0.0,0.0,0.0,0.0,0.0,0.0,0.0,1.6800000000000002,0.0,0.0,1.0,1.0,1.0,0.0,0.0,0.0,1.0,0.0,0.0,0.0,20.23,4.321928094887363,1.9224955684289555,9.96183529881828,2.48584822928405,0.0,3.482,48.0
Oc1cc(Cl)ccc1Oc1ccc(Cl)cc1Cl,26.173456,0.0,12.0,-0.0765066620776528,-0.0983010433480656,0.0464680134680379,-0.0490343085661428,41.68778779462824,11.699823465503805,34.971400764388136,-0.393405565094807,0.3795761929808673,5.423130010577481,9.892435394698383,0.0,0.0,0.0,12.0,0.0,0.0,0.0,0.0,0.7647058823529411,1.0,1.0,0.0,5.76,3.484444444444444,0.0,0.0,0.0,0.0,0.0,0.0,0.0,0.0,0.0,6.0,0.0,0.0,0.0,6.0,0.0,0.0,0.0,0.0,0.0,0.0,0.0,0.0,0.0,0.0,0.0,0.0,0.0,0.0,1.0,0.0,1.0,0.0,0.0,0.0,0.0,0.0,0.0,0.0,0.0,0.0,0.0,0.0,0.0,0.0,0.0,0.0,0.0,0.0,3.0,0.0,0.0,0.0,0.0,0.0,0.0,0.0,0.0,0.0,0.0,0.0,0.0,0.0,0.0,0.0,0.0,0.0,0.0,0.0,0.0,0.0,0.0,0.0,0.0,14.0,0.0,0.0,0.0,0.0,0.0,4.34811903578886,4.913150784333892,0.0,0.0,0.0,0.3333333333333333,0.0,0.0,0.0,0.0,0.0,0.0,0.0,2.2300000000000004,2.0,0.0,2.0,2.0,2.0,0.0,0.0,0.0,2.0,0.0,0.0,0.0,29.46,5.169925001442312,2.000151360734119,13.228016477606069,5.651300726485963,0.0,4.695000000000001,86.0
Oc1cc(O)cc(O)c1,1.0563728399999996,0.0,6.0,-0.0322724439440349,0.0005981867059682,-0.1319204831156613,0.0771895074290959,11.323407106622838,11.699614086176098,16.00008499693205,-0.4046315456034722,0.3536499264528554,4.705489211205957,7.179967510520806,0.0,0.0,0.0,6.0,0.0,0.0,0.0,0.0,0.6666666666666666,3.0,3.0,0.0,2.7222222222222223,2.0,0.0,0.0,0.0,0.0,0.0,0.0,0.0,0.0,0.0,3.0,0.0,0.0,0.0,3.0,0.0,0.0,0.0,0.0,0.0,0.0,0.0,0.0,0.0,0.0,0.0,0.0,0.0,0.0,3.0,0.0,0.0,0.0,0.0,0.0,0.0,0.0,0.0,0.0,0.0,0.0,0.0,0.0,0.0,0.0,0.0,0.0,0.0,0.0,0.0,0.0,0.0,0.0,0.0,0.0,0.0,0.0,0.0,0.0,0.0,0.0,0.0,0.0,0.0,0.0,0.0,0.0,0.0,0.0,0.0,0.0,0.0,0.0,0.0,9.0,0.0,0.0,0.0,0.0,0.0,1.5000000000000004,1.5000000000000004,0.0,0.0,0.75,0.0,0.0,0.0,0.0,0.0,0.0,0.0,0.0,1.79,0.0,0.0,1.0,1.0,1.0,0.0,0.0,0.0,1.0,0.0,0.0,0.0,60.69,4.169925001442312,1.931301797840013,7.48371454334686,7.48371454334686,0.0,0.804,42.0
Oc1ccc(Br)cc1,5.340720999999999,0.0,6.0,-0.0211548043988137,-0.0048684116725668,-0.0018210113990234,-0.0261956188828592,52.03255982685635,11.700505475143965,78.91851802464222,-0.3989094109094132,0.3170895521557053,4.783501244553243,9.449915981944404,0.0,0.0,0.0,6.0,0.0,0.0,0.0,0.0,0.75,1.0,1.0,0.0,2.52,1.8,0.0,0.0,0.0,0.0,0.0,0.0,0.0,0.0,0.0,4.0,0.0,0.0,0.0,2.0,0.0,0.0,0.0,0.0,0.0,0.0,0.0,0.0,0.0,0.0,0.0,0.0,0.0,0.0,1.0,0.0,0.0,0.0,0.0,0.0,0.0,0.0,0.0,0.0,0.0,0.0,0.0,0.0,0.0,0.0,0.0,0.0,0.0,0.0,0.0,0.0,0.0,0.0,0.0,0.0,0.0,0.0,0.0,0.0,0.0,0.0,0.0,0.0,0.0,0.0,1.0,0.0,0.0,0.0,0.0,0.0,0.0,0.0,0.0,7.0,0.0,0.0,0.0,0.0,0.0,3.3019272488946267,0.3333333333333333,0.0,0.0,0.0,0.0,0.0,0.0,0.0,0.0,0.0,0.0,0.0,1.9,0.0,0.0,1.0,1.0,1.0,0.0,0.0,0.0,1.0,0.0,0.0,0.0,20.23,4.0,1.9416036510868868,4.990326431791092,2.495163215895546,0.0,2.414,36.0
Oc1ccc(Cl)cc1,4.959529000000002,0.0,6.0,-0.0240483937383184,-0.0045328896665694,-0.0023837056641043,-0.0339868491345941,16.487418943389727,11.700450244639596,34.969379914205454,-0.3987330800288178,0.3223532525949644,4.711015101910425,8.310572274491417,0.0,0.0,0.0,6.0,0.0,0.0,0.0,0.0,0.75,1.0,1.0,0.0,2.52,1.8,0.0,0.0,0.0,0.0,0.0,0.0,0.0,0.0,0.0,4.0,0.0,0.0,0.0,2.0,0.0,0.0,0.0,0.0,0.0,0.0,0.0,0.0,0.0,0.0,0.0,0.0,0.0,0.0,1.0,0.0,0.0,0.0,0.0,0.0,0.0,0.0,0.0,0.0,0.0,0.0,0.0,0.0,0.0,0.0,0.0,0.0,0.0,0.0,1.0,0.0,0.0,0.0,0.0,0.0,0.0,0.0,0.0,0.0,0.0,0.0,0.0,0.0,0.0,0.0,0.0,0.0,0.0,0.0,0.0,0.0,0.0,0.0,0.0,7.0,0.0,0.0,0.0,0.0,0.0,3.3019272488946267,0.3333333333333333,0.0,0.0,0.0,0.0,0.0,0.0,0.0,0.0,0.0,0.0,0.0,1.9,0.0,0.0,1.0,1.0,1.0,0.0,0.0,0.0,1.0,0.0,0.0,0.0,20.23,4.0,1.9416036510868868,4.990326431791092,2.495163215895546,0.0,2.238,36.0
Oc1ccc(Cl)cc1Cl,8.36019396,0.0,6.0,-0.0222050262248331,-0.0325732104706802,-0.0045775478654029,-0.0225321538703083,25.20036885123851,11.7003648752901,34.97038987204124,-0.3928330296171358,0.3663592631015864,5.200992419905288,8.98989767138449,0.0,0.0,0.0,6.0,0.0,0.0,0.0,0.0,0.6666666666666666,1.0,1.0,0.0,2.7222222222222223,1.7041420118343196,0.0,0.0,0.0,0.0,0.0,0.0,0.0,0.0,0.0,3.0,0.0,0.0,0.0,3.0,0.0,0.0,0.0,0.0,0.0,0.0,0.0,0.0,0.0,0.0,0.0,0.0,0.0,0.0,1.0,0.0,0.0,0.0,0.0,0.0,0.0,0.0,0.0,0.0,0.0,0.0,0.0,0.0,0.0,0.0,0.0,0.0,0.0,0.0,2.0,0.0,0.0,0.0,0.0,0.0,0.0,0.0,0.0,0.0,0.0,0.0,0.0,0.0,0.0,0.0,0.0,0.0,0.0,0.0,0.0,0.0,0.0,0.0,0.0,7.0,0.0,0.0,0.0,0.0,0.0,1.6509636244473134,1.6509636244473134,0.0,0.0,0.0,0.0,0.0,0.0,0.0,0.0,0.0,0.0,0.0,1.79,0.0,0.0,1.0,1.0,1.0,0.0,0.0,0.0,1.0,0.0,0.0,0.0,20.23,4.169925001442312,1.9313352437050275,7.477467930196479,2.4914482078737628,0.0,2.8600000000000003,42.0
Oc1ccc(F)cc1,3.126177610000001,0.0,6.0,-0.0348658237462972,-0.0058519774775688,-0.0042873542585231,-0.0535522536576006,10.276513174583595,11.700264509161151,19.000135837303088,-0.3983776759515187,0.3392950106915502,3.8634073080027913,6.842873748115918,0.0,0.0,0.0,6.0,0.0,0.0,0.0,0.0,0.75,1.0,1.0,0.0,2.52,1.8,0.0,0.0,0.0,0.0,0.0,0.0,0.0,0.0,0.0,4.0,0.0,0.0,0.0,2.0,0.0,0.0,0.0,0.0,0.0,0.0,0.0,0.0,0.0,0.0,0.0,0.0,0.0,0.0,1.0,0.0,0.0,0.0,1.0,0.0,0.0,0.0,0.0,0.0,0.0,0.0,0.0,0.0,0.0,0.0,0.0,0.0,0.0,0.0,0.0,0.0,0.0,0.0,0.0,0.0,0.0,0.0,0.0,0.0,0.0,0.0,0.0,0.0,0.0,0.0,0.0,0.0,0.0,0.0,0.0,0.0,0.0,0.0,0.0,7.0,0.0,0.0,0.0,0.0,0.0,3.3019272488946267,0.3333333333333333,0.0,0.0,0.0,0.0,0.0,0.0,0.0,0.0,0.0,0.0,0.0,1.9,0.0,0.0,1.0,1.0,1.0,0.0,0.0,0.0,1.0,0.0,0.0,0.0,20.23,4.0,1.9416036510868868,4.990326431791092,2.495163215895546,0.0,1.777,36.0
Oc1ccc(O)c(O)c1,1.0563728399999996,0.0,6.0,-0.0331528521229642,-0.0469828529150661,-0.0209899724863941,-0.0246228817765807,11.323407106622838,11.699610662495736,16.000154460813082,-0.4050655512142226,0.365940982263724,4.676873866068127,7.255613506102225,0.0,0.0,0.0,6.0,0.0,0.0,0.0,0.0,0.6666666666666666,3.0,3.0,0.0,2.7222222222222223,1.7041420118343196,0.0,0.0,0.0,0.0,0.0,0.0,0.0,0.0,0.0,3.0,0.0,0.0,0.0,3.0,0.0,0.0,0.0,0.0,0.0,0.0,0.0,0.0,0.0,0.0,0.0,0.0,0.0,0.0,3.0,0.0,0.0,0.0,0.0,0.0,0.0,0.0,0.0,0.0,0.0,0.0,0.0,0.0,0.0,0.0,0.0,0.0,0.0,0.0,0.0,0.0,0.0,0.0,0.0,0.0,0.0,0.0,0.0,0.0,0.0,0.0,0.0,0.0,0.0,0.0,0.0,0.0,0.0,0.0,0.0,0.0,0.0,0.0,0.0,9.0,0.0,0.0,0.0,0.0,0.0,1.6509636244473134,1.6509636244473134,0.0,0.0,0.7663094323935531,0.0,0.0,0.0,0.0,0.0,0.0,0.0,0.0,1.79,0.0,0.0,1.0,1.0,1.0,0.0,0.0,0.0,1.0,0.0,0.0,0.0,60.69,4.169925001442312,1.9313352437050275,7.477467930196479,7.477467930196479,0.0,0.965,42.0
Oc1ccc(O)cc1,1.6775430399999998,0.0,6.0,-0.03250786003357,-0.0053471565409912,-0.0038376900597544,-0.0499259018396139,9.548938071081892,11.70007385706293,15.99901639243837,-0.4041890457205759,0.3214204193144434,4.6170168553992745,6.977817568504314,0.0,0.0,0.0,6.0,0.0,0.0,0.0,0.0,0.75,2.0,2.0,0.0,2.52,1.8,0.0,0.0,0.0,0.0,0.0,0.0,0.0,0.0,0.0,4.0,0.0,0.0,0.0,2.0,0.0,0.0,0.0,0.0,0.0,0.0,0.0,0.0,0.0,0.0,0.0,0.0,0.0,0.0,2.0,0.0,0.0,0.0,0.0,0.0,0.0,0.0,0.0,0.0,0.0,0.0,0.0,0.0,0.0,0.0,0.0,0.0,0.0,0.0,0.0,0.0,0.0,0.0,0.0,0.0,0.0,0.0,0.0,0.0,0.0,0.0,0.0,0.0,0.0,0.0,0.0,0.0,0.0,0.0,0.0,0.0,0.0,0.0,0.0,8.0,0.0,0.0,0.0,0.0,0.0,3.3019272488946267,0.3333333333333333,0.0,0.0,0.1999999999999999,0.0,0.0,0.0,0.0,0.0,0.0,0.0,0.0,1.9,0.0,0.0,1.0,1.0,1.0,0.0,0.0,0.0,1.0,0.0,0.0,0.0,40.46,4.0,1.9416036510868868,4.990326431791092,4.990326431791092,0.0,1.21,36.0
Oc1ccc2ccccc2c1,6.105840999999998,0.0,11.0,-0.017582178864181,-0.0091959657331192,-0.0006782292011793,-3.887479942494581e-05,11.774469035540946,11.655739058609466,15.997956598658329,-0.4022016621585409,0.3322477008691812,4.917021499207803,9.138422393921612,0.0,0.0,0.0,8.0,2.0,0.0,0.0,0.0,0.9090909090909092,1.0,1.0,0.0,3.1640625,1.6,0.0,0.0,0.0,0.0,0.0,0.0,0.0,0.0,0.0,7.0,0.0,0.0,0.0,1.0,2.0,0.0,0.0,0.0,0.0,0.0,0.0,0.0,0.0,0.0,0.0,0.0,0.0,0.0,1.0,0.0,0.0,0.0,0.0,0.0,0.0,0.0,0.0,0.0,0.0,0.0,0.0,0.0,0.0,0.0,0.0,0.0,0.0,0.0,0.0,0.0,0.0,0.0,0.0,0.0,0.0,0.0,0.0,0.0,0.0,0.0,0.0,0.0,0.0,0.0,0.0,0.0,0.0,0.0,0.0,0.0,0.0,0.0,0.0,11.0,0.0,0.0,0.0,0.0,0.0,8.780973944665202,1.6509636244473134,0.0,0.0,0.0,0.0,0.0,0.0,0.0,0.0,0.0,0.0,0.0,2.45,0.0,0.0,2.0,1.0,1.0,0.0,0.0,0.0,2.0,0.0,0.0,0.0,20.23,4.584962500721156,2.0463385838161035,2.5372029166042105,2.5372029166042105,0.0,2.882,56.0
Oc1cccc(Br)c1,5.340720999999999,0.0,6.0,-0.0189779650257615,-0.0064965402216422,-0.0236523191677867,0.0134689174695021,52.03255982685635,11.700505402225945,78.91851802464214,-0.3982402530653078,0.3225652198240372,4.978470183597519,9.508212623822256,0.0,0.0,0.0,6.0,0.0,0.0,0.0,0.0,0.75,1.0,1.0,0.0,2.52,1.8,0.0,0.0,0.0,0.0,0.0,0.0,0.0,0.0,0.0,4.0,0.0,0.0,0.0,2.0,0.0,0.0,0.0,0.0,0.0,0.0,0.0,0.0,0.0,0.0,0.0,0.0,0.0,0.0,1.0,0.0,0.0,0.0,0.0,0.0,0.0,0.0,0.0,0.0,0.0,0.0,0.0,0.0,0.0,0.0,0.0,0.0,0.0,0.0,0.0,0.0,0.0,0.0,0.0,0.0,0.0,0.0,0.0,0.0,0.0,0.0,0.0,0.0,0.0,0.0,1.0,0.0,0.0,0.0,0.0,0.0,0.0,0.0,0.0,7.0,0.0,0.0,0.0,0.0,0.0,3.532775529001442,0.4999999999999999,0.0,0.0,0.0,0.0,0.0,0.0,0.0,0.0,0.0,0.0,0.0,1.9,0.0,0.0,1.0,1.0,1.0,0.0,0.0,0.0,1.0,0.0,0.0,0.0,20.23,4.0,1.941619776771804,4.9876493118695,2.493824655934749,0.0,2.414,36.0
Oc1cccc(O)c1,1.6775430399999998,0.0,6.0,-0.0283348324025162,-0.0089735457189124,-0.0447114151882518,0.0257218841123128,9.548938071081892,11.700072717370873,15.999020230358044,-0.4031455665044541,0.3276870448329963,4.646530486317905,7.034440288740104,0.0,0.0,0.0,6.0,0.0,0.0,0.0,0.0,0.75,2.0,2.0,0.0,2.52,1.8,0.0,0.0,0.0,0.0,0.0,0.0,0.0,0.0,0.0,4.0,0.0,0.0,0.0,2.0,0.0,0.0,0.0,0.0,0.0,0.0,0.0,0.0,0.0,0.0,0.0,0.0,0.0,0.0,2.0,0.0,0.0,0.0,0.0,0.0,0.0,0.0,0.0,0.0,0.0,0.0,0.0,0.0,0.0,0.0,0.0,0.0,0.0,0.0,0.0,0.0,0.0,0.0,0.0,0.0,0.0,0.0,0.0,0.0,0.0,0.0,0.0,0.0,0.0,0.0,0.0,0.0,0.0,0.0,0.0,0.0,0.0,0.0,0.0,8.0,0.0,0.0,0.0,0.0,0.0,3.532775529001442,0.4999999999999999,0.0,0.0,0.25,0.0,0.0,0.0,0.0,0.0,0.0,0.0,0.0,1.9,0.0,0.0,1.0,1.0,1.0,0.0,0.0,0.0,1.0,0.0,0.0,0.0,40.46,4.0,1.941619776771804,4.9876493118695,4.9876493118695,0.0,1.21,36.0
Oc1cccc(O)c1O,1.0563728399999996,0.0,6.0,-0.0261544562504773,-0.1002795655130268,0.0079095367012785,0.0233049481722143,11.323407106622838,11.699604957053063,16.00022813064304,-0.403568294608977,0.3872931775052018,4.764435805382311,7.364896857572732,0.0,0.0,0.0,6.0,0.0,0.0,0.0,0.0,0.6666666666666666,3.0,3.0,0.0,2.7222222222222223,1.469387755102041,0.0,0.0,0.0,0.0,0.0,0.0,0.0,0.0,0.0,3.0,0.0,0.0,0.0,3.0,0.0,0.0,0.0,0.0,0.0,0.0,0.0,0.0,0.0,0.0,0.0,0.0,0.0,0.0,3.0,0.0,0.0,0.0,0.0,0.0,0.0,0.0,0.0,0.0,0.0,0.0,0.0,0.0,0.0,0.0,0.0,0.0,0.0,0.0,0.0,0.0,0.0,0.0,0.0,0.0,0.0,0.0,0.0,0.0,0.0,0.0,0.0,0.0,0.0,0.0,0.0,0.0,0.0,0.0,0.0,0.0,0.0,0.0,0.0,9.0,0.0,0.0,0.0,0.0,0.0,2.381101577952299,2.381101577952299,0.0,0.0,0.9085602964160698,0.0,0.0,0.0,0.0,0.0,0.0,0.0,0.0,1.79,0.0,0.0,1.0,1.0,1.0,0.0,0.0,0.0,1.0,0.0,0.0,0.0,60.69,4.169925001442312,1.9313925794736224,7.466759450510112,7.466759450510112,0.0,1.394,42.0
Oc1cccc2ccccc12,6.105840999999998,0.0,11.0,-0.0177934996596027,-0.0085856518352586,-0.0010085750699765,-4.615830060011408e-05,11.774469035540946,11.655636736609084,15.997956689034607,-0.4024881920414124,0.3455820125625973,5.2454053975819095,9.235443337959817,0.0,0.0,0.0,8.0,2.0,0.0,0.0,0.0,0.9090909090909092,1.0,1.0,0.0,3.1640625,1.4512471655328798,0.0,0.0,0.0,0.0,0.0,0.0,0.0,0.0,0.0,7.0,0.0,0.0,0.0,1.0,2.0,0.0,0.0,0.0,0.0,0.0,0.0,0.0,0.0,0.0,0.0,0.0,0.0,0.0,1.0,0.0,0.0,0.0,0.0,0.0,0.0,0.0,0.0,0.0,0.0,0.0,0.0,0.0,0.0,0.0,0.0,0.0,0.0,0.0,0.0,0.0,0.0,0.0,0.0,0.0,0.0,0.0,0.0,0.0,0.0,0.0,0.0,0.0,0.0,0.0,0.0,0.0,0.0,0.0,0.0,0.0,0.0,0.0,0.0,11.0,0.0,0.0,0.0,0.0,0.0,8.737028660947072,2.381101577952299,0.0,0.0,0.0,0.0,0.0,0.0,0.0,0.0,0.0,0.0,0.0,2.45,0.0,0.0,2.0,1.0,1.0,0.0,0.0,0.0,2.0,0.0,0.0,0.0,20.23,4.584962500721156,2.046202971007129,2.552681209844644,2.552681209844644,0.0,2.882,56.0
Oc1ccccc1,2.4417187600000005,0.0,6.0,-0.0175801932463392,-0.0091884763843245,-0.0006992725809277,-2.806317944327097e-05,7.774469035540946,11.700534666843952,15.99795542169078,-0.400152824180817,0.2946685583052503,4.588442796159653,6.859017923675548,0.0,0.0,0.0,6.0,0.0,0.0,0.0,0.0,0.8571428571428571,1.0,1.0,0.0,2.34375,1.5,0.0,0.0,0.0,0.0,0.0,0.0,0.0,0.0,0.0,5.0,0.0,0.0,0.0,1.0,0.0,0.0,0.0,0.0,0.0,0.0,0.0,0.0,0.0,0.0,0.0,0.0,0.0,0.0,1.0,0.0,0.0,0.0,0.0,0.0,0.0,0.0,0.0,0.0,0.0,0.0,0.0,0.0,0.0,0.0,0.0,0.0,0.0,0.0,0.0,0.0,0.0,0.0,0.0,0.0,0.0,0.0,0.0,0.0,0.0,0.0,0.0,0.0,0.0,0.0,0.0,0.0,0.0,0.0,0.0,0.0,0.0,0.0,0.0,7.0,0.0,0.0,0.0,0.0,0.0,6.083643418932058,0.0,0.0,0.0,0.0,0.0,0.0,0.0,0.0,0.0,0.0,0.0,0.0,2.01,0.0,0.0,1.0,1.0,1.0,0.0,0.0,0.0,1.0,0.0,0.0,0.0,20.23,3.807354922057604,1.9538321886337693,2.4906965282222497,2.4906965282222497,0.0,1.616,30.0
Oc1ccccc1-c1ccccc1,9.492560999999997,0.0,12.0,-0.0177934921055743,-0.0085854815605649,-0.0010087426250157,-4.63296271849795e-05,13.774469035540946,11.677565229293556,15.99795722295922,-0.3989731133338987,0.3253545194531426,5.379059120923478,9.72003048861434,0.0,0.0,0.0,10.0,2.0,0.0,0.0,0.0,0.9230769230769232,1.0,1.0,0.0,4.481481481481482,2.268431001890359,0.0,0.0,0.0,0.0,0.0,0.0,0.0,0.0,0.0,9.0,0.0,0.0,0.0,3.0,0.0,0.0,0.0,0.0,0.0,0.0,0.0,0.0,0.0,0.0,0.0,0.0,0.0,0.0,1.0,0.0,0.0,0.0,0.0,0.0,0.0,0.0,0.0,0.0,0.0,0.0,0.0,0.0,0.0,0.0,0.0,0.0,0.0,0.0,0.0,0.0,0.0,0.0,0.0,0.0,0.0,0.0,0.0,0.0,0.0,0.0,0.0,0.0,0.0,0.0,0.0,0.0,0.0,0.0,0.0,0.0,0.0,0.0,0.0,13.0,0.0,0.0,0.0,0.0,0.0,12.407195693503793,2.381101577952299,0.0,0.0,0.0,0.0,0.0,0.0,0.0,0.0,0.0,0.0,0.0,2.6700000000000004,1.0,0.0,2.0,2.0,2.0,0.0,0.0,0.0,2.0,0.0,0.0,0.0,20.23,4.807354922057604,2.0346349388051306,2.5470691473204226,2.5470691473204226,0.0,3.556000000000001,64.0
Oc1ccccc1Cl,4.959529000000002,0.0,6.0,-0.0187772332924106,-0.0415751190720032,0.0168833639011775,-0.000592038263452,16.487418943389727,11.700449187226717,34.96937991456319,-0.3937614859349165,0.3505607413241733,5.078530266559586,8.488404579575969,0.0,0.0,0.0,6.0,0.0,0.0,0.0,0.0,0.75,1.0,1.0,0.0,2.52,1.487603305785124,0.0,0.0,0.0,0.0,0.0,0.0,0.0,0.0,0.0,4.0,0.0,0.0,0.0,2.0,0.0,0.0,0.0,0.0,0.0,0.0,0.0,0.0,0.0,0.0,0.0,0.0,0.0,0.0,1.0,0.0,0.0,0.0,0.0,0.0,0.0,0.0,0.0,0.0,0.0,0.0,0.0,0.0,0.0,0.0,0.0,0.0,0.0,0.0,1.0,0.0,0.0,0.0,0.0,0.0,0.0,0.0,0.0,0.0,0.0,0.0,0.0,0.0,0.0,0.0,0.0,0.0,0.0,0.0,0.0,0.0,0.0,0.0,0.0,7.0,0.0,0.0,0.0,0.0,0.0,3.965406456500188,1.0,0.0,0.0,0.0,0.0,0.0,0.0,0.0,0.0,0.0,0.0,0.0,1.9,0.0,0.0,1.0,1.0,1.0,0.0,0.0,0.0,1.0,0.0,0.0,0.0,20.23,4.0,1.941676216669017,4.978279392143927,2.4891396960719634,0.0,2.238,36.0
Oc1ccccc1O,1.6775430399999998,0.0,6.0,-0.0249763061437743,-0.0598856884793843,0.0249763061437743,-0.0008868650076442,9.548938071081892,11.700068113994648,15.99912709427857,-0.4029865036346698,0.3495560811542667,4.705106472158028,7.14906024349436,0.0,0.0,0.0,6.0,0.0,0.0,0.0,0.0,0.75,2.0,2.0,0.0,2.52,1.487603305785124,0.0,0.0,0.0,0.0,0.0,0.0,0.0,0.0,0.0,4.0,0.0,0.0,0.0,2.0,0.0,0.0,0.0,0.0,0.0,0.0,0.0,0.0,0.0,0.0,0.0,0.0,0.0,0.0,2.0,0.0,0.0,0.0,0.0,0.0,0.0,0.0,0.0,0.0,0.0,0.0,0.0,0.0,0.0,0.0,0.0,0.0,0.0,0.0,0.0,0.0,0.0,0.0,0.0,0.0,0.0,0.0,0.0,0.0,0.0,0.0,0.0,0.0,0.0,0.0,0.0,0.0,0.0,0.0,0.0,0.0,0.0,0.0,0.0,8.0,0.0,0.0,0.0,0.0,0.0,3.965406456500188,1.0,0.0,0.0,0.3333333333333333,0.0,0.0,0.0,0.0,0.0,0.0,0.0,0.0,1.9,0.0,0.0,1.0,1.0,1.0,0.0,0.0,0.0,1.0,0.0,0.0,0.0,40.46,4.0,1.941676216669017,4.978279392143927,4.978279392143927,0.0,1.371,36.0
S=C=S,2.72712196,0.0,0.0,-0.0070232533123885,0.0017558133280971,0.0,0.0,15.25550607690002,11.995585030061712,31.977485969938297,-0.2820087946847445,0.3249112209641036,6.599079377052223,8.45092062294778,0.0,0.0,0.0,0.0,0.0,0.0,0.0,0.0,0.0,0.0,0.0,,2.0,0.0,0.0,0.0,0.0,0.0,0.0,0.0,0.0,0.0,0.0,0.0,0.0,1.0,0.0,0.0,0.0,0.0,0.0,0.0,0.0,0.0,0.0,0.0,0.0,0.0,0.0,0.0,0.0,0.0,0.0,0.0,0.0,0.0,0.0,0.0,0.0,0.0,0.0,0.0,0.0,0.0,0.0,0.0,0.0,2.0,0.0,0.0,0.0,0.0,0.0,0.0,0.0,0.0,0.0,0.0,0.0,0.0,0.0,0.0,0.0,0.0,0.0,0.0,0.0,0.0,0.0,0.0,0.0,0.0,0.0,0.0,0.0,0.0,0.0,3.0,0.0,0.0,0.0,0.0,0.0,0.0,0.0,0.0,0.0,0.0,0.0,0.0,0.0,0.0,0.0,0.0,0.0,0.0,1.35,0.0,0.0,0.0,0.0,0.0,0.0,0.0,0.0,0.0,0.0,0.0,0.0,64.18,2.0,1.638071187457698,4.414213562373095,0.0,0.0,1.777,6.0
[3H]O[3H],0.0,0.0,0.0,-0.1689212037314815,0.0422303009328703,0.0,0.0,1.7885541626777024,,,,,,,0.0,0.0,0.0,0.0,0.0,0.0,0.0,0.0,0.0,1.0,1.0,,2.0,0.0,0.0,0.0,0.0,0.0,0.0,0.0,0.0,0.0,0.0,0.0,0.0,0.0,0.0,0.0,0.0,0.0,0.0,0.0,0.0,0.0,0.0,0.0,0.0,0.0,0.0,0.0,0.0,0.0,0.0,0.0,0.0,0.0,0.0,0.0,0.0,0.0,0.0,0.0,0.0,0.0,0.0,0.0,0.0,0.0,0.0,0.0,0.0,0.0,0.0,0.0,0.0,0.0,0.0,0.0,0.0,0.0,0.0,0.0,0.0,0.0,0.0,0.0,0.0,0.0,0.0,0.0,0.0,0.0,0.0,0.0,0.0,0.0,0.0,0.0,0.0,0.0,0.0,0.0,0.0,0.0,0.0,0.0,0.0,0.0,0.0,0.0,0.0,0.0,0.0,0.0,0.0,0.0,1.35,0.0,0.0,0.0,0.0,0.0,0.0,0.0,0.0,0.0,0.0,0.0,0.0,0.0,0.0,1.638071187457698,6.82842712474619,2.414213562373095,0.0,-0.467,0.0
c1ccc(-c2ccccc2)cc1,11.21178256,0.0,12.0,0.0,0.0,0.0,0.0,12.0,11.677810173372537,12.331735667754476,-0.3690083046421163,0.2879451682280262,6.5426598770603865,9.526556410713248,0.0,0.0,0.0,10.0,2.0,0.0,0.0,0.0,1.0,0.0,0.0,0.0,4.296875,2.25,0.0,0.0,0.0,0.0,0.0,0.0,0.0,0.0,0.0,10.0,0.0,0.0,0.0,2.0,0.0,0.0,0.0,0.0,0.0,0.0,0.0,0.0,0.0,0.0,0.0,0.0,0.0,0.0,0.0,0.0,0.0,0.0,0.0,0.0,0.0,0.0,0.0,0.0,0.0,0.0,0.0,0.0,0.0,0.0,0.0,0.0,0.0,0.0,0.0,0.0,0.0,0.0,0.0,0.0,0.0,0.0,0.0,0.0,0.0,0.0,0.0,0.0,0.0,0.0,0.0,0.0,0.0,0.0,0.0,0.0,0.0,0.0,0.0,12.0,0.0,0.0,0.0,0.0,0.0,15.69030319227685,1.0,0.0,0.0,0.0,0.0,0.0,0.0,0.0,0.0,0.0,0.0,0.0,2.78,1.0,0.0,2.0,2.0,2.0,0.0,0.0,0.0,2.0,0.0,0.0,0.0,0.0,4.700439718141093,2.0495361436401773,0.0,0.0,0.0,3.962000000000001,58.0
c1ccc(C(OC(c2ccccc2)C2CO2)C2CO2)cc1,7.33163928999999,0.0,12.0,-0.2368115632441083,-0.1550331891888829,0.1796166348011662,-0.0244402270936436,23.32340710662284,11.694023361838871,16.002313694205583,-0.4083657778351781,0.3139573732377653,5.549281694933352,10.114239046100746,0.0,0.0,0.0,10.0,2.0,2.0,4.0,0.0,1.0,3.0,0.0,0.3333333333333333,6.629935720844812,3.673469387755102,0.0,0.0,0.0,0.0,0.0,0.0,2.0,0.0,0.0,10.0,4.0,0.0,0.0,2.0,0.0,0.0,0.0,0.0,0.0,0.0,0.0,0.0,0.0,0.0,0.0,0.0,0.0,0.0,0.0,0.0,3.0,0.0,0.0,0.0,0.0,0.0,0.0,0.0,0.0,0.0,0.0,0.0,0.0,0.0,0.0,0.0,0.0,0.0,0.0,0.0,0.0,0.0,0.0,0.0,0.0,0.0,0.0,0.0,0.0,0.0,0.0,0.0,0.0,0.0,0.0,0.0,0.0,0.0,0.0,0.0,0.0,0.0,0.0,6.0,,0.0,0.0,0.0,0.0,15.20990263261336,6.731372037260973,0.0,0.0,0.0,0.0,0.7937005259840998,0.0,0.0,0.0,0.0,0.0,0.0,3.11,6.0,0.0,2.0,4.0,2.0,2.0,0.0,0.0,2.0,0.0,0.0,0.0,34.29,5.584962500721157,2.0423506683792305,8.786129937203656,8.786129937203656,0.0,2.9200000000000013,114.0
c1ccc(Nc2ccccc2)cc1,11.425076010000002,0.0,12.0,-0.0157572953189203,-0.0049572702808023,0.0022445888227835,0.0008750087446107,13.35998030127648,11.699541196004771,14.013167180880249,-0.3744243573659688,0.2835448720069995,6.469932171531474,8.991995408454365,0.0,0.0,0.0,12.0,0.0,0.0,0.0,0.0,1.0,1.0,1.0,0.0,5.024221453287197,3.0,0.0,0.0,0.0,0.0,0.0,0.0,0.0,0.0,0.0,10.0,0.0,0.0,0.0,2.0,0.0,0.0,0.0,0.0,0.0,1.0,0.0,0.0,0.0,0.0,0.0,0.0,0.0,0.0,0.0,0.0,0.0,0.0,0.0,0.0,0.0,0.0,0.0,0.0,0.0,0.0,0.0,0.0,0.0,0.0,0.0,0.0,0.0,0.0,0.0,0.0,0.0,0.0,0.0,0.0,0.0,0.0,0.0,0.0,0.0,0.0,0.0,0.0,0.0,0.0,0.0,0.0,0.0,0.0,0.0,0.0,0.0,0.0,0.0,13.0,0.0,0.0,0.0,0.0,0.0,13.995261637820173,0.4999999999999999,0.0,0.0,0.0,0.0,0.0,0.0,0.0,0.0,0.0,0.0,0.0,2.6700000000000004,2.0,0.0,2.0,2.0,2.0,0.0,0.0,0.0,2.0,0.0,0.0,0.0,12.03,4.807354922057604,2.045500684742275,3.1081632475943928,0.0,3.1081632475943928,3.2340000000000004,62.0
c1ccc(OCC2CO2)cc1,2.340900000000002,0.0,6.0,-0.1449428621930343,-0.0865999122952335,0.0810313604104463,-0.0072512090104911,12.548938071081892,11.700613297948244,16.001160744286395,-0.4055315827269421,0.2977618900330543,4.679023176115004,7.888156087214312,0.0,0.0,0.0,6.0,0.0,2.0,1.0,0.0,1.0,1.0,0.0,0.3333333333333333,3.6,2.5,0.0,0.0,0.0,0.0,0.0,0.0,2.0,0.0,0.0,5.0,1.0,0.0,0.0,1.0,0.0,0.0,0.0,0.0,0.0,0.0,0.0,0.0,0.0,0.0,0.0,0.0,0.0,0.0,0.0,0.0,2.0,0.0,0.0,0.0,0.0,0.0,0.0,0.0,0.0,0.0,0.0,0.0,0.0,0.0,0.0,0.0,0.0,0.0,0.0,0.0,0.0,0.0,0.0,0.0,0.0,0.0,0.0,0.0,0.0,0.0,0.0,0.0,0.0,0.0,0.0,0.0,0.0,0.0,0.0,0.0,0.0,0.0,0.0,7.0,3.0,0.0,0.0,0.0,0.0,7.7289577986882945,0.3333333333333333,0.0,0.0,0.0,0.0,0.3333333333333333,0.0,0.0,0.0,0.0,0.0,0.0,2.23,3.0,0.0,1.0,2.0,1.0,1.0,0.0,0.0,1.0,0.0,0.0,0.0,21.76,4.584962500721156,1.9999744652795957,5.794005074366239,5.794005074366239,0.0,1.574,54.0
c1ccc2ccccc2c1,7.49883456,0.0,11.0,0.0,0.0,0.0,0.0,10.0,11.655886429977937,12.351434035260947,-0.3858434057304586,0.3123551825947824,6.721551490957614,9.046683297042176,0.0,0.0,0.0,8.0,2.0,0.0,0.0,0.0,1.0,0.0,0.0,0.0,2.938775510204082,1.382716049382716,0.0,0.0,0.0,0.0,0.0,0.0,0.0,0.0,0.0,8.0,0.0,0.0,0.0,0.0,2.0,0.0,0.0,0.0,0.0,0.0,0.0,0.0,0.0,0.0,0.0,0.0,0.0,0.0,0.0,0.0,0.0,0.0,0.0,0.0,0.0,0.0,0.0,0.0,0.0,0.0,0.0,0.0,0.0,0.0,0.0,0.0,0.0,0.0,0.0,0.0,0.0,0.0,0.0,0.0,0.0,0.0,0.0,0.0,0.0,0.0,0.0,0.0,0.0,0.0,0.0,0.0,0.0,0.0,0.0,0.0,0.0,0.0,0.0,10.0,0.0,0.0,0.0,0.0,0.0,11.678631656953222,1.0,0.0,0.0,0.0,0.0,0.0,0.0,0.0,0.0,0.0,0.0,0.0,2.56,0.0,0.0,2.0,1.0,1.0,0.0,0.0,0.0,2.0,0.0,0.0,0.0,0.0,4.459431618637298,2.06584244778014,0.0,0.0,0.0,3.2880000000000003,50.0
c1ccc2cnccc2c1,2.52110884,0.0,11.0,-0.0438188403811594,0.0012744459102453,0.0028853418079006,0.0001185978129224,10.35998030127648,11.66683738720956,14.025459026695335,-0.4048951820480932,0.3263551194723785,6.267431650761562,8.92694744829711,0.0,0.0,2.0,5.0,2.0,0.0,0.0,0.0,1.0,1.0,0.0,0.0,2.938775510204082,1.382716049382716,0.0,0.0,0.0,0.0,0.0,0.0,0.0,0.0,0.0,7.0,0.0,0.0,0.0,0.0,2.0,0.0,0.0,0.0,0.0,0.0,0.0,0.0,0.0,1.0,0.0,0.0,0.0,0.0,0.0,0.0,0.0,0.0,0.0,0.0,0.0,0.0,0.0,0.0,0.0,0.0,0.0,0.0,0.0,0.0,0.0,0.0,0.0,0.0,0.0,0.0,0.0,0.0,0.0,0.0,0.0,0.0,0.0,0.0,0.0,0.0,0.0,0.0,0.0,0.0,0.0,0.0,0.0,0.0,0.0,0.0,0.0,0.0,0.0,10.0,,0.0,0.0,0.0,0.0,8.780973944665202,1.0,0.0,0.0,0.0,0.0,0.0,0.0,0.0,0.0,0.0,0.0,0.0,2.3400000000000003,0.0,0.0,2.0,1.0,1.0,0.0,0.0,0.0,2.0,0.0,0.0,0.0,12.89,4.459431618637298,2.06584244778014,3.036154947780139,0.0,3.036154947780139,2.0360000000000005,50.0
c1ccccc1,3.3488999999999987,0.0,6.0,0.0,0.0,0.0,0.0,6.0,11.700999999999992,12.302999999999994,-0.3607581520692432,0.2412418479307569,5.944375000000001,6.546375000000001,0.0,0.0,0.0,6.0,0.0,0.0,0.0,0.0,1.0,0.0,0.0,0.0,2.2222222222222223,1.3333333333333333,0.0,0.0,0.0,0.0,0.0,0.0,0.0,0.0,0.0,6.0,0.0,0.0,0.0,0.0,0.0,0.0,0.0,0.0,0.0,0.0,0.0,0.0,0.0,0.0,0.0,0.0,0.0,0.0,0.0,0.0,0.0,0.0,0.0,0.0,0.0,0.0,0.0,0.0,0.0,0.0,0.0,0.0,0.0,0.0,0.0,0.0,0.0,0.0,0.0,0.0,0.0,0.0,0.0,0.0,0.0,0.0,0.0,0.0,0.0,0.0,0.0,0.0,0.0,0.0,0.0,0.0,0.0,0.0,0.0,0.0,0.0,0.0,0.0,6.0,0.0,0.0,0.0,0.0,0.0,9.125465128398089,0.0,0.0,0.0,0.0,0.0,0.0,0.0,0.0,0.0,0.0,0.0,0.0,2.12,0.0,0.0,1.0,1.0,1.0,0.0,0.0,0.0,1.0,0.0,0.0,0.0,0.0,3.584962500721156,1.96875,0.0,0.0,0.0,2.022,24.0
c1ccncc1,0.4615843599999997,0.0,6.0,-0.0437007544242415,0.0008134549151203,0.0033174404373443,0.0,6.35998030127648,11.737482285815853,14.02545418232982,-0.4002900477766488,0.2593560220865781,5.564280894116674,6.362008030985685,0.0,0.0,2.0,3.0,0.0,0.0,0.0,0.0,1.0,1.0,0.0,0.0,2.2222222222222223,1.3333333333333333,0.0,0.0,0.0,0.0,0.0,0.0,0.0,0.0,0.0,5.0,0.0,0.0,0.0,0.0,0.0,0.0,0.0,0.0,0.0,0.0,0.0,0.0,0.0,1.0,0.0,0.0,0.0,0.0,0.0,0.0,0.0,0.0,0.0,0.0,0.0,0.0,0.0,0.0,0.0,0.0,0.0,0.0,0.0,0.0,0.0,0.0,0.0,0.0,0.0,0.0,0.0,0.0,0.0,0.0,0.0,0.0,0.0,0.0,0.0,0.0,0.0,0.0,0.0,0.0,0.0,0.0,0.0,0.0,0.0,0.0,0.0,0.0,0.0,6.0,5.0,0.0,0.0,0.0,0.0,6.083643418932058,0.0,0.0,0.0,0.0,0.0,0.0,0.0,0.0,0.0,0.0,0.0,0.0,1.9,0.0,0.0,1.0,1.0,1.0,0.0,0.0,0.0,1.0,0.0,0.0,0.0,12.89,3.584962500721156,1.96875,2.9375,0.0,2.9375,0.77,24.0
