SMILES,as_denorm_mean,aw_denorm_mean,bp_denorm_mean,ccs_denorm_mean,cmc_denorm_mean,cpg_denorm_mean,cpl_denorm_mean,cps_denorm_mean,ct_denorm_mean,dk_denorm_mean,dm_denorm_mean,ds_denorm_mean,hc_denorm_mean,hf_denorm_mean,hm_denorm_mean,hv_denorm_mean,ip_denorm_mean,ld_denorm_mean,lf_denorm_mean,lm_denorm_mean,lp_denorm_mean,mec_denorm_mean,mp_denorm_mean,mvl_denorm_mean,mvs_denorm_mean,pka_denorm_mean,pol_denorm_mean,sle_denorm_mean,vp_denorm_mean,ws_denorm_mean
BrC(Br)Br,0.8554157719674111,385.6037684675461,155.7025394318983,107.0178297677994,0.0285124378679683,3.776819375509021,8.81779728655816,4.5643069032430645,792.7506639372825,4.132168325464884,1.118540685884484,2.852266825368404,2.960854958952874,-2.783595409764051,-7.704006736300229,42.40254386644125,10.452202579248548,1.565306285107136,115.3618962927246,-1.21987371394068,2.490050747772753,43904121.57364078,7.193618201386926,60.1636583509234,45.70861612622237,3.354557412611723,11.770636982093109,42.042654297757984,0.0043765696872364,0.0040501650149049
BrCc1ccccc1,0.9867428699465992,374.47152836044665,206.429829762726,138.2963403294325,0.0141662103963298,28.5073303781265,45.926980551106936,41.74425293182969,714.6188122789621,6.997486471683526,1.2424295042817173,1.4055533924121857,21.164110520317863,-2.939622359432936,-6.587910594412207,45.88560112480164,9.361060204085112,2.6005943793669344,86.01043950857162,-0.916391747674048,2.811438844913721,18748706.133138403,4.079793327040676,122.89052825869292,109.82520352936098,8.575341457432986,13.4491579206529,49.55040387581487,0.0005175807718241,0.0017726949288269
Br[C@@H]1CC[C@@H](Br)[C@@H](Br)CC[C@@H](Br)[C@@H](Br)CC[C@H]1Br,1.511086800307274,392.3920858256447,353.7061533890307,173.49635287958623,0.0002214913177259,56.73730371353537,87.18486114582151,71.81100171431304,844.4178309446096,4.027956642213928,1.4737107128816134,1.928757456257343,31.036674878859586,-4.552238137983203,-6.825625000738382,62.23806192920685,10.198534437296392,3.662588428100348,197.0231729706955,-1.1592385514348746,5.811949715520859,25554304.615512703,142.85480667936952,200.959602812602,184.40087816662145,6.033869440244466,17.40565718371938,80.3030169691203,4.330803170989757e-09,1.4070242153132272e-06
Br[C@@H]1CC[C@@H](Br)[C@@H](Br)CC[C@H](Br)[C@H](Br)CC[C@H]1Br,1.5106909432592392,391.3190147412652,353.10648492890004,173.50062756730557,0.0002232423516247,56.59600639029965,87.03861633988738,71.61499795719206,843.3119208119631,3.991229255244916,1.4687881251275798,1.9259460351247788,31.04627724701617,-4.55903140435189,-6.820879772629857,62.1303195049572,10.199522314467432,3.672678937907219,196.3912032808542,-1.1418134825840591,5.799800945294619,25638746.943250023,142.29276360134602,200.7912079507417,184.2500104268143,6.043113856067836,17.339149961004225,80.35038682701459,4.216766018717028e-09,1.492870754189855e-06
Br[C@@H]1CC[C@H](Br)[C@H](Br)CC[C@@H](Br)[C@@H](Br)CC[C@H]1Br,1.5113052418651582,391.46740344303606,353.4188483535981,173.5542921348274,0.0002205978996162,56.71130443813927,87.10899441267387,71.7795045772499,843.6380568961858,4.023596735670941,1.475068234491533,1.922922249310255,31.11520481392419,-4.546157368687511,-6.820381038618803,62.14194615276337,10.197803763077706,3.6889869490695,196.46215406002523,-1.14736241953969,5.817424859587669,25480632.70711196,142.2645125776428,201.08347645414509,184.3912406026944,6.041083097306817,17.36517023022544,80.11818135094703,4.266235687505075e-09,1.438109303479348e-06
Brc1ccccc1,0.8107262463154794,404.63733212295176,154.7319515180135,137.78779727864028,0.0194571078241894,25.680031721218825,38.838838751320246,40.00179798647404,677.2075635782003,5.436522807749517,1.80724790317938,1.4557005249841213,17.019688775751153,-1.442872615465641,-6.343668280266404,37.48238567315817,9.112899359368086,2.8240020675919952,45.32237432276785,-0.6900183189797403,2.861222875975251,25848751.704160232,-35.455040943013444,110.21306635500564,92.28420521205427,6.029655803530991,13.105187700158218,45.71217231762449,0.0079296302107443,0.003206601496854
C(CCCOCC1CO1)CCOCC1CO1,1.3072205014886855,304.85167474313494,282.48771437788014,161.17209724114895,0.0163836933184329,48.80116603393793,80.99020941903323,57.83660152076185,702.1187047154546,7.301950775129849,1.2473429947184362,1.0894663458658456,38.32609991274508,-8.046188490269184,-6.618804374550104,56.594433758258816,9.88794634030983,0.4986319986736776,140.19191936467172,1.6877358589768408,1.001765136482656,6214614.892952681,-2.1483823278522465,160.58760739403172,168.51182982078214,7.180650045751214,12.68202092557945,108.07425072559089,5.381615275811065e-07,0.0695580807419343
C/C=C/c1ccc(O)c(OC)c1,1.0481062250169515,332.1413830586469,265.5579222937429,126.80495243584872,0.0133326050328639,44.19291224899352,61.65433393058152,47.932785454304216,757.8650740844964,7.969698434407978,1.4259314171782136,1.057929855034776,29.865171149086336,-7.020859436078071,-5.203274409915089,56.46606393175125,7.946745756980182,2.069770570239411,125.00221954720972,-0.0685326021033527,2.550069726940513,7326522.996436525,25.94175242536724,136.12658589554275,130.51642735145867,9.396055178636493,15.373329105944263,55.01032151603665,3.009987651849912e-06,0.0100013695639422
C1=CCC=C1,0.3765028456630708,420.9045349866623,57.90933373827815,135.0640076318193,0.0888364007097473,21.59106645058393,28.175114653141502,32.31875248219609,548.7031056388736,2.69446253568243,0.4326982275458478,0.8326571043979525,16.888807091212676,-0.4306016352937218,-5.848979427466303,28.01938228675365,8.639566508390308,1.9772756648284944,-35.881615853767386,0.0971131862264871,2.1429323330985905,10345363.148926493,-101.20123745627404,87.2700870940623,67.5879391099333,9.015824128777862,10.335185324881508,25.068125209333072,0.8904257081488629,0.039814227988167
C1=CCCCC1,0.2966163525047304,398.1974305798775,83.26631457490446,149.88660106049898,0.021117524927454,29.179669838995338,41.157141102937466,43.25224748450994,547.2119723058701,2.398656624408704,0.3925040701885746,0.8172862102727294,21.575982020683224,0.0804691528711321,-6.098538652602076,30.166985729990003,9.137897353379133,2.370218871305436,-15.327617094268804,0.5417617012596128,2.9108277066390515,13878864.731024489,-84.18777744339465,114.9786743581098,93.4775086954888,9.711005681880591,10.979837185831425,45.520888526946585,0.0613146286323153,0.0028996876889716
C1=Cc2ccccc2C1,0.7225581315937043,392.8487572179735,183.88804794731416,131.9665068584633,0.0095323046339568,34.969536772028505,49.33722284243227,46.33078360809088,683.9851304381847,3.405977858804785,0.4765486238191249,0.9992291727802752,27.305640019404752,-2.272341098757982,-5.543312293724224,40.99706363630474,8.258665523103476,2.54075232275039,54.58825709639937,-0.7844327977824213,2.9598963341269493,24049309.212109987,10.802441330488918,129.23357564437015,109.91114034243986,6.5303193843446135,14.057254756186996,40.540729937922016,0.0010209961259411,0.0014316933179144
C1CCOC1,0.583561045378685,370.11456062848566,70.5069772196138,140.5260036545277,0.240606472227796,20.897694254781605,33.88515272630573,32.599349041776655,529.8949852894306,7.621175008005412,1.8754471581554808,0.8864035618500113,14.463417530899036,-3.293088955433369,-6.443358637790203,29.87962412062645,9.465265316518844,0.5296897042042019,-15.9483098949337,1.3597110547113416,0.5128012824478148,8978373.818700587,-106.54628512413026,83.60858856064085,73.96974013126699,9.034966118147254,8.222109554632603,51.88758618444764,0.3152071861950571,2.469092586820624
C1CCOOC1,0.8544881944241525,381.2469260126829,109.89832052393676,140.65448559912443,0.1561153578536971,22.69485356235623,38.936028328259,35.66978541005135,574.980246182996,10.119182286214436,2.4402217123047127,1.0268272541455925,14.65076765829382,-4.215786068315089,-6.49230187907362,33.08471036824226,9.621512740454971,0.4025666230404379,8.576608801081179,0.7427435872900485,0.2020470767098663,12467726.216838332,-27.7361732066822,90.28836185275672,80.2570652899349,6.382922822891206,8.093295620201712,46.47069977856662,0.0623415216754032,1.7553655953780165
C1COCCN1,0.7900716239633561,362.9696844440043,128.5201296108216,133.0698727054024,0.1938913918493234,26.797264540454744,44.57276217677117,31.70906404409885,580.5716808149994,7.957475411509925,1.5944941018247116,0.9988685375395716,15.48368468160712,-7.100531260880947,-5.630015364054896,38.10757775418997,8.792226660236121,-0.904048266058564,26.64873884643316,1.4450374338698384,-1.0425592918975355,16489023.308346149,18.498454059860705,83.81948363537893,79.20461267964419,7.247188240793675,7.455161464650969,54.637661310549966,0.0068928373804041,17.916793639681906
C1COCCO1,0.4953098063411714,346.0224007105827,99.78002111171485,126.8127916615534,0.071412988434109,19.39077931369544,31.15794256164194,21.069563618941302,572.8782168004453,2.100841867945044,0.1661963916152124,1.0683195306018287,13.587142272032183,-4.64491786014831,-6.039015109233737,35.443809321997165,9.095919108629824,-0.1980294341212509,14.10326711349964,1.5461277310895918,-0.0080979253034594,24051417.80187713,-11.978642938654415,78.55392207072815,65.68400357359278,4.870758037689805,8.638544412560888,49.806743783177296,0.0541096987240131,2.3544685420007534
C=C(C)C(=O)O,0.6104203749599457,371.764969197576,156.1383251141891,124.91072109822753,0.1876892499693129,24.685275553786752,43.166315196405655,33.816111191136834,631.2171086273722,5.400796375434758,1.684393941070446,1.0020098335213066,11.811379239103616,-6.283630540895938,-6.901519326586247,45.87966296996832,9.864566387721377,-1.4431333967983724,61.152728700545126,-0.549078983321786,0.8647229032435415,5930718.269216259,10.214620631361017,92.71443433152434,78.81974778998642,4.229930590558826,8.981786248851009,47.28363325154892,0.0014001844396694,1.2067269356782857
C=C(C)C(=O)OC,0.5364371445360184,387.8623933053619,99.69720758140326,141.5399871601868,0.0716545247535306,24.5008217874372,41.2127340641743,41.7343199187994,568.2835177350997,6.290933189376165,1.7028221293477137,0.9429076653199197,15.405044907837128,-2.52329403518033,-6.804683793952226,33.80427624846458,9.854018116839454,1.047639598643184,7.873464818558695,-0.3287783558249475,1.402850354622453,11668202.1356035,-46.03933052503109,104.25480483873976,87.83919940164755,7.52116788244474,9.126028664234326,54.97787012190709,0.0531080741735384,0.1418629496176175
C=C(CC)C(=O)c1ccc(OCC(=O)O)c(Cl)c1Cl,1.730832979053497,382.63886772298457,357.19891435468315,166.34949558695556,0.0037529980849756,54.06287829747433,88.99365335366831,67.71903285703898,795.5671810426712,5.330696023468128,3.102410484064735,1.3941225641801358,32.13206048776606,-8.892530306447028,-6.293418492617548,65.77120062960626,9.682783997628988,0.1537342897427083,192.16167821300508,-1.2843553607904912,3.030607794331313,12903238.042032192,124.56128138786302,171.22118810297064,171.45821009940855,3.2367027677731515,12.558082822954477,81.83803947702876,6.458415740198331e-10,0.0004743246600495
C=C(Cl)Cl,0.3977604986133577,412.6583680412179,28.574772526578897,135.9773773989487,0.1029758253070467,11.192560972464086,16.699712391790158,28.20760076997042,544.684907823193,3.9106627640170055,1.3761188169511565,1.210789510682553,6.007142139401447,0.2415834198513029,-6.942156614424944,24.27934177327156,9.841719005216138,1.8324487446017568,-28.490741000680927,-1.0560582121396065,2.091639507766351,17693982.978671324,-138.6486952350092,68.26857570437599,50.35192180352632,5.753486887690902,8.113439650580228,44.88411717422583,1.0338985411514767,0.0197045834969043
C=CC#N,0.6055213203134537,382.3055457776493,68.42758693221688,142.99707652124405,0.3071956954769783,21.41256724694729,38.86279735550881,41.903997013725046,527.5327476943373,20.77765349099557,3.574297119308824,0.7958068050879836,10.655885091433928,-3.008628666108489,-7.745307686030864,31.793612739677428,10.92599052174926,0.68202089073807,-9.550610998687745,-0.4940239730304481,0.4583673187963961,3350175.1718269214,-79.74676253404141,88.21748364932246,73.39217070856256,9.953830552992702,6.97774500247034,41.79146909353437,0.1333334339317987,1.012901103816979
C=CC(=C)Cl,0.3783681156578065,407.8317021193531,62.02464404998304,127.64496994064572,0.0838789522857361,19.32881449180603,24.834702353408343,34.81385064892411,571.7343329057157,4.843539349586304,1.0716996917859527,0.9669300862753092,13.162311669040774,-0.0463128248896596,-6.371264718284607,29.267955794353483,8.886862007558943,2.384630754124373,-21.495071771564483,-0.7976188557180763,2.4060793795568647,11311494.773107504,-126.92817435062886,87.44346562254199,67.24724802764874,7.2618187976528255,11.20153486337293,39.69934562065958,0.5272566418202255,0.0133836227218313
C=CC(=O)O,0.6269888373794557,372.3573197280419,143.39746518583297,122.37676895409108,0.3207371826908999,22.50776670902669,40.2624528381157,29.56936721593261,623.526611087719,7.613725626090226,1.815596221540985,1.0607215123165548,8.323871861656137,-7.17361482188964,-7.023833823805093,47.066284381632805,10.027592680806668,-1.8882040544641017,58.71486901900936,-0.6879379387700559,0.470020555440545,4373512.906426144,15.87777033399999,77.6422639304221,64.96957821081757,4.54447395944047,7.518594679756073,42.157877296160976,0.0023893996643777,4.265461644394155
C=CC(=O)OC,0.6097715642871857,392.6497363626993,75.34916322867633,144.9142463847399,0.1510108266281615,19.44051048403263,35.43801979394198,37.6751678492558,540.0416927355051,6.65834684534767,1.5267563546957732,0.9552957675376236,11.8793083863629,-2.809839519733548,-6.9914719500246045,32.10076873713017,10.097167747210266,0.5325716770091653,-6.250973826396461,-0.53217485891819,0.8167095246225593,10828618.929611,-70.80690494604826,87.65502069061564,72.79259949391687,7.531530898074984,7.620806061264989,50.970844122667565,0.1207542767287023,0.613247149446507
C=CC(=O)OCC,0.6301649994792939,386.4041517219359,98.2324432640171,148.4766539208627,0.0846843483222819,23.75271285165131,42.63450638886572,44.22064007401228,556.98049914186,6.601612621842016,1.6584689672016804,0.9159120105775594,15.599253068545949,-2.5529705492500065,-7.144834519654989,33.71756359413147,10.251001752001049,0.8465588601142169,7.73502139377117,-0.5692644260054829,1.2040781914678216,10246513.743264152,-61.055376875998974,105.76513848357004,89.34778969650972,7.225092487916678,8.609133128526253,58.227278391487886,0.0499163907337268,0.2011823996008543
C=CC(=O)OCC(CC)CCCC,0.6390307974519731,365.8039454227185,212.92013071595431,154.8128994234109,0.0062740530503616,47.10785754533767,71.01470263571233,69.41221101434827,674.9181702983558,4.281532628538728,0.3243285645235355,0.9092825392016172,35.36714005403033,-1.8713198625187872,-7.117217949951648,47.65466466970444,9.73881718677208,3.141517958618105,88.40125809657096,-1.0623661364346744,4.39796503736639,5711719.621941043,-95.16812917621613,181.1447231107539,154.77087347353094,6.582071925378518,17.34159076723403,97.1956076397234,0.0001796671936884,0.0003237233029047
C=CC(=O)OCCCC,0.617961645931244,378.251566768564,146.1857354165131,152.7320917561555,0.0221849341694022,33.60436968003154,54.79149928409547,55.63045770117402,601.76002727952,5.107952207602919,0.9937820643771488,0.8949943800808787,23.01563583421438,-1.9855810459890364,-6.929708547770977,38.01545616353035,9.903832031946704,1.8923337726931275,39.44532800810694,-0.7507813684898617,2.528013335291982,11960850.912470896,-69.47009521012544,136.8361082313535,118.43585829469168,7.542015071403712,11.273132106425832,80.53897468144208,0.0038553075099909,0.0082453100460067
C=CC=O,0.7244580754938126,407.0562348632413,52.04173746347428,139.59806547586442,0.4983919237229292,17.09292044667184,31.44860087596357,37.47981040149331,514.4227965052128,16.973889407181147,3.165233820755497,0.8588818001109362,9.926743535460773,-3.3250075527033207,-7.0241095899071695,28.28549839896202,10.048213017033712,0.3680473585265875,-27.51256153520584,-0.8848380580973626,0.048510209414601,7577482.713573943,-86.24010447773219,74.71676528510665,62.32511852540708,8.450787264633655,6.364595620481061,42.9442005707793,0.3050920473693808,3.5250175107418817
C=CCO,0.5917103032531739,354.00671427440045,98.84339825980426,132.16703108044626,0.4652120193181008,20.492752029397487,34.18607677144588,27.606970492692,554.8084979847192,17.630351818836065,1.721933802515753,0.8362282336773872,10.867726012370523,-5.355449680745363,-6.822702259899497,41.02217980126024,9.88982832959678,0.0434444907444717,20.28496339690924,0.576148600273132,0.100626260403752,2279542.2339605778,-67.27773469354986,73.07040109965067,66.72975927922104,14.59751721247363,6.908469141072316,37.33253821025935,0.0278301328167993,1.647509786264819
C=CCOc1ccccc1OCC(O)CNC(C)C,1.5310713099899291,372.57966637069103,310.1259092804146,163.52095540703775,0.0261872065155648,48.51775761361927,80.9827651945062,56.81956125042141,719.4220462627172,7.291342999558987,2.307231087190184,1.08497595707573,45.67095342551663,-10.115255703827382,-5.572675590987757,62.421911630506514,8.80896021397412,-0.5354508754968643,140.56238668201922,-0.0301666069829464,1.766412947637945,9987137.23059481,100.0747716466006,152.71975213544036,166.33966045610404,9.818790240183947,10.8225895438204,71.8549926373453,1.56320775573751e-07,1.0691094792546207
C=CCc1ccc(O)c(OC)c1,0.9049694356026652,332.1088756723607,239.2587437406242,124.47761249636652,0.0232094038258432,41.39904224163472,57.95126977769018,46.45643794313908,729.6196737268924,8.388989539918898,1.449899418702774,1.0083347060618548,29.23253163790024,-6.287028577422857,-5.360050838540941,52.15961256595135,8.027636777572633,1.998288379552886,105.3799347464752,0.2366697071528434,2.276074670022428,6549788.28250313,-9.768927517465356,133.09699165629465,126.83983843909448,9.80777647700715,15.352950620785258,56.9515337821904,3.452019341319714e-05,0.0296986763420655
C=CCc1ccccc1OCC(O)CNC(C)C,1.339422444671631,352.45981691768407,321.64526678653954,164.06873595429897,0.0039586400115742,55.81067360098969,87.26295355952315,66.7148131035167,743.054650909245,6.749008234336008,1.5097808464379625,1.0430006478156075,44.73769891489327,-8.015874457715512,-5.721386108025923,61.114890584640506,9.114829731627704,1.2139403598177436,152.70848194453714,-0.1055235332196953,2.953692823053479,8466790.320963444,106.26281100309316,181.44400021635883,187.70196055155327,9.441433788818,12.723589938003764,75.79403982967168,1.5896918104248736e-08,0.0024974659078062
C=COC(C)=O,0.599159811777115,401.55115910650255,72.00162235513687,137.05863207892656,0.2900309337728155,19.56444012781143,32.90549748759926,34.79398953776359,541.6359924471974,7.53001001614049,1.7628401990049514,0.9228576864674688,12.289916279396952,-3.346946093094647,-6.546295058613062,32.18028482773781,9.460757877324522,0.3137748664861919,-10.499109556899072,-0.3068712960594895,0.3801968009021279,9284117.978588711,-93.41293914510965,81.51935235618136,69.12661844613775,7.815756939912767,8.048067472574713,48.05625755170625,0.2434557189246722,1.4363001684992105
C=O,0.7616929542484284,400.1452591027856,-19.542282698075752,145.70611160077573,0.5528470492077285,6.706498649697302,14.280777623846532,21.10236566197157,450.3991345505476,11.471068684855354,2.096518888841183,0.8270582856737375,3.66068831093586,-3.1906249569986462,-7.024482443909645,21.68680453616142,10.664389818693104,0.0565960692346099,-59.095130178446766,-1.0158524278861285,-0.1199177025620941,8902602.06833057,-78.51200051375628,46.131984600845854,32.860304140809184,5.032935450180649,3.137596761905051,26.28320667012739,0.2506878441277425,1.7168998482453102
CC#N,0.9653883515777588,351.40432099776984,81.78808621851803,156.99050463620785,0.4352778956851298,16.076165341520905,38.49596752780498,37.14180780915976,509.8592196338296,32.19810548018438,4.016308116051452,0.8472864148982763,7.643495432693425,-4.308359422840953,-8.607344924256802,34.178575935006144,12.248113265143632,0.2695450099921228,7.831642488729955,-0.2627074382203818,-0.3909449594180587,2327145.990849467,-69.62656326112628,75.20679219669329,65.95552059508789,13.215100271466255,4.734086030516109,40.24923215007255,0.0346463467158084,1.8125905025614244
CC(=O)/C=C/c1ccccc1,1.2357779539408684,357.8453661995113,247.2410092771572,136.08329312918187,0.0151975952124371,35.010640956172644,57.56948609744848,51.06491364818812,717.5336517296075,10.20311837247015,1.0840537584111751,1.0272400401334765,29.072868678139344,-5.372440894407153,-6.351187122806548,49.44321315126419,9.180545709958077,1.9701690408797192,102.47749795080183,-1.554473995226808,2.000765206782803,14572418.463856343,48.99485619848252,140.40684953383473,133.29258406142264,8.406291705894947,11.98778668666912,56.80880615189664,1.199988258827696e-05,0.0061411963988795
CC(=O)C(Cl)(Cl)Cl,0.7355874280872345,369.7384545336461,147.22749975841523,114.70322876649143,0.0826789837677225,16.725197926040288,28.39532033470512,30.609645133777853,686.0728223467827,9.814020759264244,1.6179914109655191,1.4215923632566927,6.817296283134673,-2.84011311310935,-7.64453074928999,38.450571944143775,10.300157604221551,1.4663094762130084,63.363605733948944,-1.749245537825525,1.8076392382873887,7361459.78215526,-29.543351256974944,83.81864040993723,65.9007751044838,6.086041687953651,10.734972117823744,38.11456396199706,0.0119778682501165,0.0205311580157118
CC(=O)C(Cl)Cl,0.8326391632499696,388.1983986053085,115.48894065351487,126.7181004339123,0.129883223424327,15.751548249479534,30.265347208302032,32.498062781248095,627.7535832752847,14.496774250742446,2.535148811141705,1.2983215903146863,8.234885487542401,-3.3241244779083727,-7.307385342319488,35.364483103678225,10.235546498070809,0.9851696488815548,34.92041296754837,-1.44737926645495,0.9374917365248202,13919909.524482328,-16.40903016020775,81.62502549316467,69.02200061084632,8.131488525610894,8.161532192542873,44.7128282164986,0.0355772529655196,0.1972242059827623
CC(=O)C1(O)CCC2C3CC=C4CC(=O)CCC4(C)C3CCC21C,3.0531110722007755,318.88945849760887,526.730170070076,187.2426730184126,0.0007460022593153,72.85751457475692,116.3625979387808,85.79500992312775,898.0890726167679,16.054295541306573,6.032945131347697,1.2374073973813653,83.92547986580367,-12.705785772353172,-6.056788804277182,79.4520678396225,9.696491542181525,2.7688034777826074,261.12630789764404,-0.6601353358840943,3.214822244608164,3124461.8501308733,222.3387112642384,239.9159542531364,277.0575913621672,7.144018335426926,14.717972196854127,58.193923777980096,5.242826424359984e-15,5.1039321058715865e-05
CC(=O)C1CCC2C3CC=C4CC(=O)CCC4(C)C3CCC12C,2.1965386471691133,337.7707700671947,412.252275374856,183.4690028310764,0.0005658157354158,66.46613723720401,104.22102718503297,83.90364394998133,811.9001661011696,10.80008648947601,3.078490901465701,1.1080816833112836,69.16658707715466,-8.321099291129112,-6.120507866796851,65.40720333265304,9.712098939543218,3.5790322698950767,191.93436919034,-0.6803681323277951,3.796808961558342,7538278.856538045,168.048948549909,239.5963691728248,251.25965990557307,8.009962904477298,14.240869706948386,67.7479103150364,1.0068801211756968e-11,3.159196314028528e-05
CC(=O)C1CCC2C3CC=C4CC(O)(O)CCC4(C)C3CCC12C,2.357608445638657,317.2213252397752,446.82535100527525,185.0878218993992,0.0004293343429603,72.17731641871393,112.68430077713788,85.77126726964131,837.7278315223217,14.245087157859352,2.75603818646635,1.1406568310788423,68.3925647354716,-10.369734753266334,-6.1402377538867,72.48800798345566,9.931253185232544,3.325806559928358,221.1220116576767,-0.2694829543519021,3.3171708360230925,3637163.7455650815,227.063562132504,237.30051648492565,252.8494925663865,8.514022498731494,13.691349791381777,59.052035125303824,2.6922708624206124e-13,2.828438694710832e-05
CC(=O)C1CCC2C3CC=C4CC(O)CCC4(C)C3CCC12C,2.033697283214569,326.97310467640875,422.7971830338097,179.226720002507,0.0003232939858166,71.15985325655997,107.92938771204308,85.36843284491987,833.611801531434,10.683695467326636,1.8163781883028487,1.0829237909769862,70.06965413443355,-8.325474054088115,-6.0298501785669325,68.40619331047058,9.573684472983778,4.0083732528471945,204.1024784249973,-0.3424928965866567,4.375570325534344,5052042.776524323,185.0678703178072,249.61254529279665,256.5984726019336,8.683087082122444,16.03809835608711,61.62537237329928,6.688468744015439e-12,8.949947476849553e-06
CC(=O)C=Cc1ccccc1,1.2773979083957672,358.4768840084314,254.15065490738988,137.13803095598462,0.0164094093394715,35.58986723334729,58.871975548370784,51.98729785818696,720.8197589509606,10.901737406685896,1.65703459241052,1.0228384144798517,29.98261521669416,-5.620939642422915,-6.309755203169584,49.80470655790806,9.178782434526086,1.8541192016768453,106.51172281754492,-1.5098732100306451,1.946250177986924,15062727.895342097,50.66032444052339,142.42632881899715,137.59557021410015,8.531253774649382,11.857593522978863,58.86369544638413,1.0391920113267456e-05,0.0068448138017675
CC(=O)CC(C)(C)O,0.8697374907436372,375.9813113666344,163.5752315180999,139.2181353681636,0.1369159451611831,32.283327077832226,53.91961590600789,46.88806446680069,617.6479582064978,14.74617666399232,2.494459125370197,0.9298581291912198,19.715317531314003,-5.937387550560713,-6.48186606930995,43.87224587333441,9.380289000863137,0.2025154695123434,53.50651127535879,-0.3048463388603928,0.5800750181428191,6011367.805603084,-30.651512315890784,108.50993488897122,103.40754129833314,9.78440333079803,9.349651007826608,62.202550607327176,0.0012226450874879,1.1473269224896512
CC(=O)CCC(C)C,0.6750081908168793,384.6160312927663,145.2156006741357,144.68977012221336,0.0530895073451585,36.60444776759833,56.5197392532146,55.52457109418511,600.5482097805173,11.75794405448998,2.4305081562763653,0.796941656642437,25.387826584878454,-3.18484352926606,-6.483899977257847,38.72167119397164,9.32057956805706,1.4921250944134594,32.78473294285536,-0.34423330652833,1.8552540151726231,7435350.871569914,-58.874509601178175,131.02501561180014,120.2964911650415,10.418307454387426,11.164808080193094,66.9147497561645,0.0046969792266374,0.048764323111557
CC(=O)N(C)C,1.3397117715063096,363.8329163895333,176.41933189622463,127.85107883529426,0.5601618594189812,27.094854998349547,46.79530859581471,39.73130154652596,634.6443771641225,36.82036210172152,4.349643071353378,0.9692082360953986,15.265543892105226,-7.957770805422783,-6.17675720049125,41.10369783256292,8.988939744113088,-0.3837698368024824,54.688174752056746,-0.1266408681714537,-1.1252957342519765,8080254.40388307,-24.273738259739872,86.4445412185932,86.1618810026243,7.122926977089375,8.028709165983164,53.62916427662714,0.0010783795407125,12.050935714000088
CC(=O)Nc1ccc2c(c1)Cc1ccccc1-2,1.5537156763973237,344.2734192714906,322.2251211062956,160.25896878703594,0.0007629681455994,53.18245835435532,80.07369077938601,63.0133822053653,770.8386498740673,5.846922566852462,1.8254049560887624,1.2575325759013891,39.08919194068518,-7.2453388017001155,-5.266971137659549,58.02363075418472,8.865411349405647,3.04975530618459,151.23857275656223,-0.5317412428736688,3.2136687532536987,26009265.89568654,179.961512848472,175.3543764816593,171.77262621629902,7.40214828825894,11.785238121814483,65.06359819574351,3.5121784467737265e-10,0.000104566598328
CC(=O)Nc1ccn([C@@H]2O[C@H](CO)[C@H](O)[C@@H]2O)c(=O)n1,2.169622229045868,372.4483032306337,364.1533584110391,162.6275939362979,0.0309230117476981,51.6003716687648,92.8444090375556,66.12342529580951,752.9908231106043,27.421470206479,6.610573667495034,1.286726136707604,28.295321489145746,-13.477337792068482,-6.161332949072003,67.44545568897247,9.831318101301491,-1.6425079658973218,185.561551986742,-1.470920309648216,-1.2356664030461315,10097521.87559848,192.8034684451389,140.36228488616922,161.6529080438875,6.410606615401759,7.64508737497184,88.47998659915767,1.536347679731695e-11,0.1276619750577903
CC(=O)O,1.131562967214227,488.5941433279246,121.9070291545564,145.04512077552798,0.502526653097711,11.22897673749447,27.08178815957666,18.272587375353567,622.184562885217,4.847892542764688,2.683570826287461,2.0379176903939245,4.098897336814439,-6.40220187628746,-7.038322255739927,40.7822407654205,10.465067945805789,-2.889407117211819,57.32975573023706,-0.552607050790787,0.3067656887041328,34380637.014223784,25.52499367430152,52.17817911218717,46.24766925595,4.343688677622854,5.456457795605797,41.78200516910464,0.0605680283012299,5.607485908566392
CC(=O)OC(C)(C)C,0.5217654701652528,384.4476507909012,99.42329818172456,153.7355298829973,0.0411880138599781,28.885745051209927,48.05470238318623,47.934525328927045,546.1114252102375,5.105833794722063,1.3758599934678086,0.8664554906871318,20.53268017109801,-1.816918743452072,-6.917239361839771,32.96021797626018,10.048854991972224,1.1968330984503033,0.3017422322821588,0.2710905819582938,1.6560188302811083,11826931.81821324,-53.28764368854641,119.7695392610785,101.6082775796586,7.653873383507758,9.541256924688668,62.70780976195595,0.0321292790981274,0.0678029642501973
CC(=O)OCC(=O)C12OC(C)(C)OC1CC1C3CC(F)C4=CC(=O)C=CC4(C)C3(F)C(O)CC12C,3.0246227973403927,378.2719343999517,472.7250545994019,225.8724174846,0.0001120077968562,78.10340442256272,128.0178231546533,100.52134129190446,823.3178989027977,9.626349615773302,3.810217979129476,1.3983525540304185,71.34496003404509,-10.902029809091568,-5.834740134631127,71.23682231794358,10.218209453400226,2.883310633829236,232.6173705299664,-1.3426472819401325,3.235831394216061,19494223.586709224,270.1370329666638,242.8049690640072,270.2575757030485,6.338568352153331,9.878889605510937,83.47060290078936,4.473044807594947e-16,5.384161993154533e-06
CC(=O)OCC(=O)[C@@]12OC(C)(C)OC1C[C@H]1[C@@H]3CC(F)C4=CC(=O)C=C[C@]4(C)C3(F)C(O)C[C@@]12C,2.724425754016876,381.5988980808068,441.39488567660806,217.42435042119385,0.0001141627019434,73.55309453163117,121.236376603418,94.35569745903015,806.6061853971005,7.794186313864425,2.937137170430051,1.3820787851333618,65.6739590700016,-10.01454084303379,-5.837701030710995,68.30203341272355,10.171594589358866,2.611237846496404,214.13479376958844,-1.290457227216214,3.3730747513058184,31115013.74035361,291.7603895175028,234.15939074744523,253.5088223672212,6.149287350698069,9.663920858541616,79.97706731715527,6.465057003383547e-15,7.587105284595894e-06
CC(=O)OCC(=O)[C@@]12OC(C)(C)O[C@@H]1C[C@H]1[C@@H]3C[C@H](F)C4=CC(=O)C=C[C@]4(C)[C@@]3(F)[C@@H](O)C[C@@]12C,2.550611656707764,381.355007818529,423.87795432697294,210.3363510969311,0.0001265201392768,70.41705597756237,116.18256569311144,90.04235228741483,798.1066079023361,7.291945625554955,2.5523450721272134,1.36609562413764,62.33946953425271,-9.52461138211918,-5.870020077180177,66.77470395425797,10.13901213750735,2.49744789109394,203.6165684882355,-1.2742965886969866,3.4183611065692903,37128640.27160637,302.1003189747763,228.11596365425007,242.7282772048617,6.111094587854698,9.657404104931851,76.4163874315285,3.3931062177482e-14,9.373856467897436e-06
CC(=O)OCCC(C)C,0.5764773323955537,370.2714641317117,136.46996060801865,151.47929799479488,0.0311709644706637,32.860757397921084,52.22596914754451,50.92128552360416,587.0149120550036,5.229673123505049,1.138930078363381,0.8730239884353876,24.11402059439133,-2.225614144241929,-6.722225475188732,37.61988330695748,9.682653024939002,1.762620194142014,30.02461942912817,0.1471305421435831,2.228016618394494,9199923.881924905,-84.98327630978824,130.2208618511291,114.91398785067229,8.989481460217416,11.341760583423545,75.2825397212237,0.0068601399954703,0.0189801106100332
CC(=O)OC[C@]12C[C@H](OC(=O)CC(C)C)C(C)=C[C@H]1O[C@@H]1[C@H](O)[C@@H](OC(C)=O)[C@@]2(C)[C@]12CO2,2.024252062839508,362.5419480200756,374.467655925287,207.32208737034247,0.0005913129527576,68.8351988573283,112.0750333156544,89.01423260360406,756.9359855888844,6.208172418389606,2.0850253617401946,1.1840027410559055,57.88791816157566,-8.723725034805298,-6.1609777197901,64.27315513382912,10.09908979185775,2.1479812605303343,180.7913013480568,-0.5422049373936655,3.218955419171691,10032827.761007937,159.37803172333955,226.9795062044688,231.8363903624885,5.415377836609513,11.358372850074328,85.67351415919744,5.489202196003793e-12,0.0002101865781714
CC(=O)Oc1ccc(O)cc1,1.2619264077725412,339.57975519494653,262.0242561867416,134.05795298241378,0.0308382721665699,36.72929690206856,58.286483561321205,41.98317113886356,734.3790302828193,9.760233116130156,2.1110348977785587,1.238417258128643,21.68248595429608,-8.778812130634307,-5.56987737221831,56.11672477548599,8.615433496870995,0.6661894111210109,127.53379260534764,-0.2309612014603617,1.0828298043465017,12302483.019873604,60.00664452225239,115.6843600260923,116.9080284455481,9.00508697965789,10.888620446280004,65.88642832337493,1.1052233621559678e-06,0.0991898592817388
CC(=O)Oc1ccccc1C(=O)O,1.2883332368197442,403.30001122730016,294.11187705803513,145.46941800496103,0.0286561766378045,46.37320722430452,79.55860302651644,56.09664825953901,748.9653880783081,6.390205939088935,2.8596962260346763,1.2942052890932558,22.04834432285516,-9.865649518042565,-6.518011788272857,64.24901630618095,9.734594270543756,-2.4198206082928184,161.7710775991535,-1.3307022959791124,1.3513002782227992,8979988.62955168,137.94351384577453,133.9348364001934,129.66385981278066,2.928499830613613,10.734283588300077,66.8966511150134,9.127865933825925e-08,0.0442957939254018
CC(=O)[C@@]1(O)CC[C@H]2[C@@H]3CCC4=CC(=O)CC[C@]4(C)[C@H]3CC[C@@]21C,2.6868342235984803,351.8580019045377,455.0191250799561,185.27700613327505,0.0008740007543327,63.07748336685419,102.487620340693,78.94604446247787,838.6175189960003,12.33143158584526,5.371359136630573,1.2403876843431592,67.29131365906942,-10.379156508917331,-6.035971008519351,69.62999535211563,9.717135669965298,2.588574911779016,213.24514252310752,-1.0380468485292793,3.195889404856801,10420928.989796078,219.0078186056733,219.7706700975974,244.79802081926823,7.376084273135095,12.433653671195586,62.63273173311696,7.71740886079304e-13,8.335897150788683e-05
CC(=O)[C@H]1CC[C@H]2[C@@H]3CC=C4CC(O)(O)CC[C@]4(C)[C@H]3CC[C@]12C,1.8706754692974088,340.89894728218434,377.66425363509774,181.1595579754257,0.0006300474951079,63.27150942466646,99.8144841413546,77.90874128789663,780.9778461849689,9.152283039428742,1.866083157710759,1.1317125889441966,56.12883081342663,-8.26212728481865,-6.157431580429554,64.32071854613304,9.924291823384278,2.876645440844596,178.1525008463144,-0.2749963759875298,3.3762525716922287,8660204.498320665,200.41632225657105,219.77245427494344,225.4825437811781,8.581442169332385,12.573213111705869,65.54551786354536,8.108609456344423e-11,8.149712883785112e-05
CC(=O)[C@H]1CC[C@H]2[C@@H]3CC=C4CC(O)CC(O)[C@]4(C)[C@H]3CC[C@]12C,1.9272336664142609,340.186645951153,386.2357618369556,181.28831225899816,0.0009097751841779,63.730270128608346,101.06160332990244,79.34267566895545,788.4558227956295,10.262288359044906,2.3182375816645533,1.126881899430126,56.81689829816453,-8.78077428995037,-6.084201360243022,65.43500386758805,9.735254080640674,2.718493494066298,184.00723060215,-0.4002817902106048,3.212403547608733,7216618.100993578,176.276668882463,218.0294187974673,228.3213916444012,8.368867603828788,12.981102995416114,69.96633177065493,4.9508646469539e-11,0.0001789364978017
CC(=O)[C@H]1CC[C@H]2[C@@H]3CC=C4C[C@@H](O)CC[C@]4(C)[C@H]3CC[C@]12C,1.5959906116189957,348.54016324584006,360.501001270988,175.63200410081507,0.0004457045570491,63.98743618625253,97.50627109465832,79.370620561997,780.4853117856503,7.620522865233171,1.3907355189533417,1.0824112047026753,57.53496746516467,-6.462863621616602,-6.092432522578239,61.234683031501774,9.650770954766124,3.613786002925933,166.36277046381952,-0.3480022835969927,4.368896699374915,10171863.26602307,162.03617530960025,232.36678042842053,230.93918504935183,8.726180103770076,14.712693501845546,69.63550838660579,7.454305880406685e-10,1.9630108158428743e-05
CC(=O)[C@H]1CC[C@H]2[C@@H]3CCC4=CC(=O)CC(O)[C@]4(C)[C@H]3CC[C@]12C,2.3844831094207763,360.1710183258581,409.5215721762944,184.02451401318493,0.0009773404402036,60.187884298540055,98.12945756205713,79.29081978710026,803.7163157854557,11.606789243973324,4.187890126668671,1.2070885003947316,57.89613837234363,-9.153396683935163,-6.046096524441719,64.63470913801194,9.725850436642618,2.736331703104526,188.7681442802381,-1.286187372652441,3.0808426224217413,13875832.498885488,196.33135680127384,212.58607440780168,228.5651983549562,7.322821976935893,11.726444882554365,67.50554701704239,8.607614282099005e-12,0.0001164570095188
CC(=O)[C@H]1CC[C@H]2[C@@H]3CCC4=CC(=O)CC[C@]4(C)[C@H]3CC[C@]12C,1.9767925898017884,364.3644469096053,369.1993632932997,182.806452089544,0.0006043944790903,60.44315667248085,95.62070002032782,80.76732211761743,778.1823631414175,8.68461521238354,2.5392335115905,1.133994791133821,58.96219638510555,-6.7224854347183705,-6.124899536933183,59.32261899028778,9.734044829671385,3.528390146479607,165.40026224747658,-1.1092955175626278,3.948980601426364,16654648.733444542,156.611135117386,225.9158546473955,231.2553066090852,8.113649792617142,12.986362858691724,72.73676440025619,2.0929916365555558e-10,2.850040276226248e-05
CC(=O)c1ccccc1,1.1555148422899246,408.1846663012677,196.81554987428268,140.2354489934492,0.0694854204242321,27.848729189941285,46.24862441991747,42.47455793240905,672.535514958179,20.487285237844407,2.240003271067782,1.0423876991382093,24.160648380426856,-4.325353958701491,-6.53742313892579,45.60560171243668,9.375276141416432,2.056133926893492,64.12927076794892,-1.3456210662160817,1.6036293715929388,7792274.403751806,10.8333602325213,111.59681333036347,108.671620690668,16.343711301912546,10.276983207567332,32.788234770011385,0.0030519120271814,0.0265593675778846
CC(C(=O)O)c1ccc(-c2ccccc2)c(F)c1,1.481313648885727,342.95011324600813,363.4208394458532,160.56309902895214,0.0019978700175604,56.9731012930708,89.17509831458793,65.77645055340827,805.6647273161173,4.011117289006587,1.9872000990822936,1.2260826830958724,39.55022772432191,-8.406257555327416,-6.218070039311408,68.60977841825485,9.531772894513608,0.8723639517453314,196.5244257674217,-0.4343093952244521,4.149811630994559,7910822.194800924,117.34513478405864,191.6433915533329,189.5764173044045,4.36778487666148,15.195173501579962,79.68330865371287,7.24883924463049e-10,0.0001258785567534
CC(C(=O)O)c1ccc2c(c1)Cc1cccnc1O2,1.4805270327033997,384.769568479138,334.5729331306863,157.67462359041454,0.0056542221953253,54.24831432389155,87.78317090762779,62.669521052154906,773.0244046261311,4.957641053642639,2.4969423973718667,1.235893606528878,32.300891557544624,-9.55354429646206,-5.871299882590264,66.14602145498276,9.261496907191871,-0.7327762724316118,176.08872891337393,-0.9420636437085272,2.4886618811441066,13306521.594749948,161.19671397176626,160.19553568381113,161.7128675917266,4.020476832306265,11.56032740915938,73.41501497708255,2.0080865593052434e-09,0.0018711238685748
CC(C(=O)O)c1cccc(C(=O)c2ccccc2)c1,1.82207058405304,346.192785646013,398.533593889308,154.42733293311238,0.0067523898518648,54.467285408163775,89.12337985573188,64.82486937957646,831.6851593176841,6.37459315937251,2.565914725395316,1.2031745269737542,38.47056799328197,-10.288085647415162,-6.426316444619179,72.74250795143128,9.523897197158934,-0.1122560631746054,217.4846455714321,-1.408816994777173,3.1243608670942784,5421323.258382171,110.69311673657636,175.59567285225333,183.0396801744835,4.307517496331513,14.68795737982228,74.47783420361908,1.7505883781674708e-10,0.000671751225957
CC(C(=O)OC[C@H]1OC(O)[C@@H](O)[C@@H](O)[C@@H]1O)c1ccc(-c2ccccc2)c(F)c1,2.200635589593888,354.24030352627994,372.5528438487351,188.87805822531223,0.0018275290089585,57.18516528742488,96.643362873145,77.40997722935438,765.6311120999336,9.406319622116866,2.866377099046342,1.2620774878702163,46.398790153887305,-9.09035326577902,-6.320482580508947,62.22576466863632,10.087938699428962,1.932493487893306,179.98145707643508,-0.9994857580411436,2.304977057007283,13994021.102051895,143.07837159643918,195.88644617831744,208.0884974319988,6.188687101921767,10.625984688263006,86.63085233458068,2.6176664329501656e-11,0.0005397938451538
CC(C(=O)OC[C@H]1OC(O)[C@@H](O)[C@@H](O)[C@@H]1O)c1cccc(C(=O)c2ccccc2)c1,2.109408423179626,387.5557917526328,351.469515438695,186.01332626392545,0.0043513772275043,54.75348464560861,95.17227787499507,76.40982578436046,743.0172754429578,11.319688056219771,3.761216064630529,1.2310925232504606,43.14018869509173,-9.357496995081902,-6.394362750250935,61.21514315307617,10.098321144181565,0.8058168069270255,165.59148859856606,-1.472213380510658,1.603578915878117,15228005.699102389,149.80685113270343,180.81588903619223,192.8053305009745,6.163398885404348,9.573599198223892,82.08991405829137,2.6241979484138354e-10,0.0039708477115866
CC(C(=O)OC[C@H]1OC(O)[C@H](O)[C@@H](O)[C@@H]1O)c1ccc(-c2ccccc2)c(F)c1,2.201876162857056,354.2639526093912,372.5490246674776,188.84219911107303,0.0018480170580915,57.16313884488754,96.6203670082381,77.37875655541987,765.4861659328938,9.411900594245688,2.875599071833712,1.2614221154149174,46.43759184406296,-9.103711712388517,-6.319993418544412,62.24791266513824,10.08670968456276,1.9227364636483413,179.9172623094034,-1.0008306154426934,2.296777081928253,13953040.412370907,143.18109039030136,195.7632883286112,207.9822755736843,6.188600057484984,10.617381679143575,86.59089250014863,2.6223655617840772e-11,0.0005541657867532
CC(C(=O)OC[C@H]1OC(O)[C@H](O)[C@@H](O)[C@@H]1O)c1cccc(C(=O)c2ccccc2)c1,2.107220932668686,387.781318817088,351.24834494199274,185.91542040217283,0.0043678585798426,54.74499211034385,95.13315878413698,76.39295416116417,742.9488678874969,11.284453554474451,3.75884753415061,1.2306578083008528,43.15717010113181,-9.351288378413678,-6.393961256077528,61.20552834356308,10.095631586409958,0.8023783198764922,165.4423755665922,-1.4747354858308286,1.6094566253774163,15206547.932749258,149.6933923481548,180.7538933178043,192.68709846404013,6.1505680348475575,9.580853198567452,82.04559118774957,2.694639165673912e-10,0.0040123439860721
CC(C)(C)NCC(O)COc1cccc2c1C[C@H](O)[C@H](O)C2,1.4531161978664398,384.6913511169338,303.53462945975184,172.6985651526618,0.0108462678781227,54.0926485756785,89.74456514003487,65.34957182320893,698.7328334722281,8.30240160605855,2.4159645042599056,1.1058866968343406,38.65717488640133,-9.950128220758916,-5.590807663262926,60.94879515428544,9.268747965563536,-0.5307749637842178,141.51322158899785,-0.0687659733241798,1.130567964200616,12979144.09672656,133.81385731982172,155.85953512976283,170.55953195281768,9.685842701821208,9.202436430871035,86.11593011665408,1.5879894883027285e-08,0.1127470051201801
CC(C)(C)NC[C@H](O)COc1nsnc1N1CCOCC1,1.7767425244750976,403.806211526432,320.6117165344763,176.95210523344696,0.004800919375701,52.37260309864581,88.43854390098691,65.68900710891128,723.5801299605131,8.078481296836124,2.5843225732092354,1.227930443913579,39.89558958437368,-9.65807395788765,-5.525129735550925,61.11116747184754,9.245697044418456,0.1594094084113837,145.7085870449066,-1.0049490653836728,1.58639699745968,26025926.489805657,201.8312838451505,154.92787713176727,166.31286736783312,9.004837062936307,8.576441043025529,70.71597990478107,1.3420952826298479e-09,0.0171928560873967
CC(C)(C)O,0.3340525179328919,369.34933578542,76.5015527208233,143.8256075264597,0.1844591425178418,25.6319576009512,42.41284613382221,31.878475734421016,510.5318266509533,13.82153096095295,1.7468298940618825,0.781053119330287,15.241039283018102,-4.615384086066246,-6.844681198078036,39.1415193236512,10.248942494627238,-0.0194686323928832,-5.998213784217839,1.7020010199165343,0.4553059151222705,2414732.3156999494,26.2657270793879,87.84413390829941,78.26987858109952,16.306841540349005,6.721870100438953,30.07062084390895,0.0498798123204015,1.9479669224643583
CC(C)(C)c1ccc(O)c(O)c1,1.147156883514166,307.407998377341,290.2949873093033,133.04889226228954,0.0089829268364039,46.024227931370135,66.87967724980176,47.85444686217666,766.1087251462698,8.770867548758497,1.4498168641391336,1.1026952720155418,32.70548235073128,-8.34617937139225,-5.300951636909425,60.75067513654709,8.206575242739916,1.90288375042826,142.15827314504145,0.447148676422834,2.573831826771974,6846356.115472038,76.74860272007585,144.80803263668116,146.54867465358765,10.36416451692152,14.634804133285988,61.28252625421936,2.964502164516145e-07,0.0161571945387745
CC(C)(C)c1ccccc1O,0.5891869573297501,296.1491839482784,217.67661600768,121.22065897642138,0.0027034646404133,40.21013831909299,55.746018655904834,42.31281348618746,716.2954317254662,3.1268700143590555,0.0013501236123336,0.9797483210163116,29.75180533758813,-4.009441167999193,-5.755707298062443,51.15530046614647,8.337599305243494,3.276065587754548,94.55936737879752,0.0169922169148919,3.093837447291732,21064600.682457466,21.924404264149672,136.50098788882684,119.83136139819194,10.752843604801178,15.847799887228089,60.29876858189954,0.0001211506178886,0.002236871653299
CC(C)(c1cc(Br)c(O)c(Br)c1)c1cc(Br)c(O)c(Br)c1,2.234341619628906,396.9652616224617,436.2427075553894,194.0428238347096,7.041217913722247e-05,65.07452495370359,98.01420321587317,79.66709839241088,893.6122053854942,4.1645719780964034,2.931496155333882,2.11060762463212,36.68684294348802,-6.89017146905756,-6.266180208673239,70.82644932044983,9.89427416828692,4.759918583901525,241.5383092259312,-1.2075026503139736,6.8153001137743,22633295.85402259,172.71012642059804,215.1894460221664,214.55066393928425,7.256593860318392,17.128627923104954,85.0388614459615,1.405585107513739e-12,8.62523890742425e-08
CC(C)(c1ccc(O)cc1)c1ccc(O)cc1,1.55268088082695,300.59660174486635,345.8595371903849,152.48826908437016,0.0012254539759692,51.61557952850938,77.93061090123892,55.72185026787281,804.2967347913266,5.947457242371828,0.8791081212452959,1.205228317440033,44.107670248013264,-8.524085634667873,-5.436424469424486,63.9227882433033,8.721165126412512,2.968196696693897,171.86011476850985,0.193646161830425,3.405319130388975,13746027.725503922,154.7961725596893,179.64376166619124,181.31882870385348,9.322277834284485,14.348043833757783,64.7529143669822,1.2886401464060463e-09,0.0007684091898507
CC(C)(c1ccc(OCC2CO2)cc1)c1ccc(OCC2CO2)cc1,1.6720393872203827,329.50429206711647,363.17902256927846,184.1757052362907,0.0006698957839645,66.80357925756573,98.96590271647815,81.73633767070294,782.2055635749579,4.559430417066826,0.8869565003062592,1.1199625981394052,58.03600534557832,-6.853374108366728,-5.5063006084259,61.29600127717972,8.915306498440504,3.914418574532271,176.85300173232554,-0.0001771310144664,4.498576528755665,9258268.724384274,21.23481523705304,218.4800288658128,218.90300423854904,6.941624261063665,16.411004544577185,100.69311585509423,2.1802606661426806e-10,3.867657670453446e-05
CC(C)=CCC/C(C)=C/CO,0.5771107684078218,333.45014077599524,228.4039779258719,144.20267635125165,0.0071212677235533,50.20492223259956,72.20632794930131,59.33821407570839,687.7765525220633,5.065821888527765,0.485869714032227,0.867783077724278,37.604011258330125,-4.671666256976128,-5.936009272081464,51.48488805658341,8.86051162749052,2.0849859856906163,98.38397874530791,0.750869534976482,3.5117703941720726,4943525.682740511,-8.876201742271178,172.0400514834629,159.75329294127326,9.949577148373605,15.734969049510992,74.87867666644988,2.4702669749981134e-05,0.0040371348161581
CC(C)=O,0.7240423123064041,412.15097356846,55.24261037618518,142.75503267112256,0.8493138225649115,18.69320548796892,31.466097615951902,34.18453701486945,504.36870236499306,28.37960499898262,3.1088551271134035,0.7851743107529282,11.068432354767438,-3.841735200467512,-6.714594199086308,30.869826689462663,9.804238158875409,0.8384398469644787,-29.995214655256262,0.0144006072109936,-0.2065566466276649,3370254.2965392866,-98.29330485938787,69.73601142964306,63.03708581967064,17.748660793865206,6.195281353485595,31.50536463238687,0.4902902679035321,4.657234026222104
CC(C)CC(C)O,0.3169478844585419,337.56239788274763,124.40834206630647,141.89417951102257,0.0705357077057239,34.74878893794596,52.5056946155128,43.44913838109255,575.2563308592796,10.09925868476554,1.2837165380847386,0.7831878802435398,22.948508190701848,-3.699275423136398,-6.834259290572405,42.76909292575955,9.805462658224403,1.2258374980953337,31.50543438950777,1.680179005805254,1.690197445713982,1750922.2108244838,-65.84733556671262,121.15031212286164,107.82259093191044,13.756863362815857,11.26148858078296,48.08831732462561,0.0053724145023269,0.1222411748993042
CC(C)CCC(=O)O,0.6199916270914079,333.16523640836954,201.7396899197404,132.7794283588457,0.0597900286200817,34.412806055887344,56.27492616490305,43.16316983574152,663.8190588415861,3.785638898807498,0.7788134570200097,0.910772409104824,19.77826213616134,-5.816196260500908,-7.008314345716714,50.75664137691498,9.878636909514965,-0.320836525723934,90.34035166316508,0.2491490155291555,1.809921906616114,2964283.455159982,-24.254411206874835,125.1472420014483,108.39622971647368,4.79970827108848,12.435671814035596,55.28377067573987,9.625948673164171e-05,0.0898228308781348
CC(C)CCO,0.4519716324272157,332.202881990087,132.99953330231668,138.14780182584286,0.1484686597647754,32.434952076260444,49.925644905556446,40.98887702602149,586.350710012555,14.27608683597846,1.905971056477536,0.7986890315464734,19.439893401078663,-4.374255464136362,-6.970807724838495,43.88455323349476,9.892122626448424,0.9494734273961188,41.55975000022113,1.5643149725103376,1.3771422465002536,1302307.6961039037,-96.94897904735087,108.72037132675766,99.8225542914712,13.808722194933177,10.796516647028986,49.06833530427688,0.0058481676946405,0.2176160273583969
CC(C)CO,0.5288347390594483,334.6290225136733,114.2906069808674,140.7102633792043,0.2633056269182858,26.028449854393003,42.05087709303499,32.761604637604954,559.1727846889972,12.973008782107044,1.5589609381255274,0.7952233151707648,15.536302781092456,-4.709729260831595,-7.01485372479844,42.37111252896428,10.109637892556862,0.5033508818611503,29.17376464561581,1.6467829258239268,0.7646155877250431,1406727.7125827502,-96.37530303373812,90.453524070134,82.5720743753419,14.891046255953787,8.574800650603141,38.944767339071504,0.0141782443094175,0.5439279795445641
CC(C)Cc1ccc(C(C)C(=O)O)cc1,0.8318254795732499,339.83520732099413,311.79572372943403,140.85427209274292,0.0030631155637539,56.54371312307261,83.45144192802519,62.289682830472586,778.8096222205638,3.275580730542888,0.6615849995887588,1.0036002261270285,39.397622087771126,-6.780463759927272,-6.168830672334909,64.14522484147072,9.14071666987002,0.9328084742069244,163.60229426779267,-0.1045808111679555,4.011195420928717,4396827.927591883,87.02615751070499,192.10147191359027,175.65017545080948,4.67107365015465,18.05033940811288,61.85746253332107,9.776688584280184e-08,0.0002732130335216
CC(C)Cc1ccc(C(C)C(=O)OC[C@H]2OC(O)[C@@H](O)[C@@H](O)[C@@H]2O)cc1,1.8407203709068296,352.9111781775439,355.08092183523297,191.46984275749685,0.0015404462387684,62.42810720259115,102.9676642529034,81.11515573880494,743.8943482462406,7.234311756058273,2.156800631424173,1.1490299968839586,50.3655044002509,-8.742483772759915,-6.16091162708795,62.20265195931435,9.954319720650371,1.591658950609863,172.30762255387305,-0.4158679724103213,2.5159030740873813,12402876.376222728,124.45308166531846,207.9089188086578,219.728613840719,6.484081494240809,11.290103398149414,100.1468011479794,1.1826241222231302e-10,0.0010591290869122
CC(C)Cc1ccc(C(C)C(=O)OC[C@H]2OC(O)[C@H](O)[C@@H](O)[C@@H]2O)cc1,1.8420185586872104,353.1198251633668,355.12368526477576,191.488745323172,0.0015426767299315,62.423137896280885,102.98187904607424,81.12840876682878,743.8414387144089,7.221212252166331,2.157539141421759,1.1489323552964923,50.409174564340695,-8.74170798207283,-6.161193432695567,62.199812762622834,9.95504364428429,1.5867392454740408,172.2472907750559,-0.4179786123096944,2.5198807510008217,12444264.630857311,124.67524553540112,207.9058295250516,219.78271707188745,6.483332694241639,11.282511434457344,100.14482768814592,1.19419906279107e-10,0.0010695825153913
CC(C)N,0.2694607370319367,409.0465888990647,36.35908476829292,139.8732588397837,0.3270592487098904,25.78194030049741,36.64500184552909,34.242586899530885,476.50045902707575,5.381799903809287,1.3985864364849745,0.6796874213602543,13.763520182340631,-3.308990373347044,-5.788014702340126,28.0059175135994,8.841427644937635,-0.4619915718799827,-45.15609388160705,1.6980632256317136,0.326438842155337,6606852.000032503,-91.16238929873468,78.79184709337224,67.27629650228903,10.60812995752263,7.427009056394386,41.50826448638728,0.9022743703028476,2.856882455300424
CC(C)NCC(O)COc1ccc(CC(N)=O)cc1,1.6957459808292388,374.746079182117,337.0275152246022,164.12685102330926,0.0406652788636712,53.89914080698758,91.26464020895943,61.84087381618559,724.642991629386,13.495764595175489,3.9590113095903097,1.087357202938482,37.76247146748362,-12.393036273332596,-5.687690308313403,67.07885188987731,9.183786898287536,-1.9059175308656693,162.95348093719957,-0.0989676918178799,-0.0429196128019095,6258317.204901676,141.40829345786037,145.1622427583966,169.55746300249334,9.59448015646118,9.208172809223615,81.90983423440653,3.359815733906134e-09,0.8200099753409436
CC(C)NCC(O)COc1ccc(COCCOC(C)C)cc1,1.7098862179222107,392.9183951195753,328.5206138889718,191.2350374360356,0.0066968955774781,59.49793437825232,98.60838078557244,74.27722115698725,704.8519073291659,6.26199926367588,2.281949981093148,1.0513865499445945,53.02739329534756,-9.492093242533684,-5.57779614207901,61.50630705601692,9.284810272919836,-0.0873416442823407,149.75312727100848,-0.1020555604326727,1.979759496615164,13775968.553660547,103.9682921799276,179.14207724730446,199.8572657540228,9.354584947095692,9.954289494149688,95.51384932332095,7.02783246790457e-09,0.0464120760041922
CC(C)NCC(O)COc1cccc2[nH]ccc12,1.3506651651563644,384.8690506183982,297.50056248428587,161.95207606746197,0.0073112185664722,53.1569621559184,85.03056457020134,60.983113169684415,716.8589398646235,7.501212363185013,2.597054736155657,1.0985937418520524,37.15896665069685,-9.100632836058615,-5.267811198694467,59.81902110187531,8.84508162868917,-0.1937995797759293,137.49315820088384,-0.1449098638415338,1.6521399995445012,19908548.1109963,163.0565538585645,152.93432534251855,164.66252275136873,9.646232384635686,9.6643478706459,74.78379161479208,3.1047238269026257e-08,0.0187244077707134
CC(C)NCC(O)COc1cccc2ccccc12,1.426683070057869,386.3599127416181,311.3869687300134,163.0779219455445,0.0033938142212909,51.80205943193398,83.46749325102135,64.5724818889159,735.6802083048105,6.468879996076328,2.045291967602396,1.1241264035619347,40.69141947540996,-7.836786866388321,-5.577850924952387,59.38057932434082,9.034985584913493,0.9403493431741,143.7117595168972,-0.9512483620110156,2.850626731038988,22801817.46988848,154.6517400912124,168.78064131124475,175.68507449446383,9.566864914920806,10.777747313914835,76.82952309819572,1.6118632407536213e-08,0.0022836900395914
CC(C)NCC(O)c1ccc(NS(C)(=O)=O)cc1,1.6276274955692291,391.1067104724252,311.3822147043884,167.62439017329098,0.0284728034918816,51.53155000318989,87.52885730925829,61.8373055987388,706.1803474559783,11.983697797936566,3.984578867931152,1.1381316448792218,35.33129244269243,-11.058635966928485,-5.563338629373804,62.291300503025056,9.142598120244742,-1.3910154387485982,143.837888612442,-0.1326062740141154,0.1613005919480321,12298204.00774864,140.179817660127,143.48553993374978,163.21589051184517,8.94957877013135,8.796913321053678,83.48346925283343,1.6645625556362486e-08,0.377023126140836
CC(C)Nc1ccccc1,0.7776254923882485,350.2568312760877,208.60534798733323,133.3546979060054,0.0122313145030911,42.11174832726955,58.02783894425393,49.49402311938286,697.5794777621269,4.147941128478664,0.7315101089259555,0.9209535857442022,30.57647498021255,-4.0710169618986844,-5.276170482112645,45.03063287168503,7.967491177572013,2.236262364313752,79.09077119878648,0.3356208035731314,2.606187920145631,13134227.725306507,-26.48297160024524,138.15245878917324,124.28524491461766,5.930695456118166,15.393660362151412,54.09710280563411,0.0001344563680191,0.0047922498239813
CC(C)O,0.4122683923902512,354.43934054634093,85.15325232854725,137.09994486733677,0.4867381040823346,22.95245846783041,37.60232571872414,28.96596002011776,530.7628457791328,17.097043362546188,1.8052536046968133,0.7811264381512404,11.871611783860487,-4.823867522948146,-7.086984565054893,40.555542140347065,10.220185434652716,0.0475007287955286,5.981777202312948,1.4661470180940626,0.3374835600020882,1164029.9647042209,-72.77005801027894,77.10337250974935,68.17406575677445,15.54644803795147,7.221575841149049,30.92319582620342,0.063710483594283,2.195586325752718
CC(C)OCCO,0.5113943715515138,332.15488065563795,145.2597777707708,141.0477017120433,0.1023812418475522,33.95361387970924,54.59016904795886,40.42028206736326,588.4128950576127,6.985347746566837,0.6789397021873076,0.9057825914174318,19.387820578900115,-6.172061254880667,-6.507785196097374,45.44912270752907,9.562301512150167,-0.1071010243242978,52.69839923344135,1.5381769710803028,0.1926349888696668,3609229.598996839,-59.58873404685022,104.07016197831727,96.60525282356711,10.546347132621287,9.764053590188311,66.66337541227745,0.0008957676724041,1.4559919924059672
CC(C)[C@H](NC(=O)[C@@H]1CCCN1C(=O)[C@H](C)NC(=O)[C@H](C)N)C(=O)O,2.2327909637393955,365.19970569154975,361.0034459168983,182.63335653920527,0.0242867000410754,56.825055762499645,101.69121127485022,69.06467105843961,726.7016193373919,17.270907573016938,5.194419350859778,1.238324549488902,33.83063626101907,-13.584438147974016,-6.022192693289518,66.6373996266079,9.998508807438052,-2.1079430650424955,180.8604977570343,0.0351881646323202,-1.8355286774010664,11414820.118378706,175.86063325242282,145.45491720132227,171.7125954673662,5.328801808281719,7.359768509267279,91.65272133131948,2.6602741320605825e-11,0.2430414223516792
CC(C)[N+](=O)[O-],0.8880629531803133,383.8270159247047,120.57996057217896,133.5278848105574,0.1955855974728505,22.24840887076377,40.25251150857687,45.36880987807274,607.2576484098852,24.7633532754791,3.8765119801891146,1.0347709457237273,11.607345450481658,-2.990800201082766,-7.845376899078369,36.25772718629599,10.611523640865684,1.1653274128913882,33.74621004498601,-1.589844722355176,0.938396889172077,5390045.845598671,-79.38397490679264,95.5680074117396,82.71060355686808,8.693573758326352,9.181043958197066,52.688324521061126,0.027587872888488,0.1249443387917801
CC(C)c1ccccc1,0.5224465676250459,361.3556466452491,148.61724851557972,141.6884567172003,0.0095146662687694,33.854485899286274,46.68861720074833,46.77246110238433,633.1094655185581,2.356393812469304,0.1051982140245976,0.8596493565177917,30.44650742101132,-0.3365348378717896,-6.136295666062235,36.83865842089653,8.793748593753577,3.4839338005119567,28.027395480930803,0.0764485787022113,3.671257095949412,11912547.317706471,-83.76849872511863,139.73717028101933,112.423976315118,7.343458738981664,15.569956830305046,44.07302493101044,0.0070710343244253,0.000625874964476
CC(CO[N+](=O)[O-])O[N+](=O)[O-],0.9099940466048718,344.3735843729937,187.2764661733836,130.8893958677101,0.0776916488688905,27.513053624290222,50.81734030695916,46.19224240507364,695.0975161324025,19.871980165570186,3.155351119536795,1.2855733316172362,10.945659988063277,-4.971854866204024,-8.370943939456463,50.36166904195309,11.088671854280234,0.5780815451079608,105.51293793676852,-1.8785387152299289,1.7330949865975378,3151979.555870728,-20.0727118798399,110.8322101579188,95.33401452769226,6.186774488139108,11.002860728611758,65.29508335125578,0.0004516492233023,0.0516536831419813
CC(Cl)(Cl)Cl,0.3473296701374055,356.3695373280299,75.2437538259697,126.69486543776036,0.0425491020238968,15.277120555080174,25.757660620071302,32.353810464355945,608.3604625419974,7.536323136126703,2.1044619484849023,1.3094965037162305,6.500230296815254,-0.0406362182555195,-8.122563158595323,29.45069534873962,11.04300903825581,2.1518009992536347,11.102927183110715,-0.7250243206268551,2.3991391451461315,7147851.283594661,-47.98347427139282,89.85298011996666,65.36026193815421,5.218294121783554,10.391678940847688,41.06763177785373,0.1552573498793876,0.0090504495992115
CC(Cl)CCl,0.6512503348531724,357.95841463610645,102.75569913672686,142.4521296782613,0.0718402071439017,17.648029761446715,31.69801836953521,34.161319026964904,593.5361812502682,8.557375336083009,1.6594306801529666,1.141802159803897,11.001419116004447,-1.3039804213562012,-7.762043117901563,33.89723004532576,10.808747726991175,2.189720483854488,18.3792872087121,-0.1316909449446202,2.04644389653407,5404591.337186395,-81.12476825566293,94.91613543964394,77.76065898168669,10.047411387354016,9.787166625694592,40.63590113318306,0.0554383783773192,0.0230115097569794
CC(Cl)Cl,0.4903102499666215,372.7977010564572,56.791556288810966,139.78391097179176,0.0973804447283675,14.946915221483708,27.03162107135654,33.958825144308804,556.6128139375448,9.24023783397201,2.136334055009933,1.1720676663944425,7.280103288540614,-0.7886705075881482,-7.791506029022217,28.1219464493084,10.878106252788308,1.7939130170876534,-8.34430436675548,-0.5456490209519864,1.68025493740575,7614030.610318561,-90.92095452723026,81.72888286990722,63.139787624102446,7.785983941870809,8.301505386265593,45.2863696410942,0.2639165355468156,0.061693118613261
CC(N)Cc1ccccc1,0.9225506835522652,387.4198054835463,204.06571951258348,155.2628240951872,0.0351094915489636,38.97456901469588,62.68754154183001,53.56851459202767,637.4785115577668,4.899089162038383,1.1857081752591674,0.936644557217568,31.82458084044291,-5.051676304509163,-5.885646993893862,45.11674035859585,8.908495192447901,0.5205666774457693,72.53199918915152,0.0370421811282632,1.8534181801760568,15437539.300477771,-32.355733271074286,136.43394934011812,136.10707595998707,10.024386418892025,11.375708886609862,77.78291417338653,0.0003299085484203,0.0764490275407278
CC(O)C(C)O,0.8385819955053331,335.8562288815367,184.0390003739825,133.88033970767498,0.2147197395700285,30.270625876119137,52.18259355708302,34.01544479305148,632.6416612795025,22.65666493722848,2.2186161780439706,1.0485366163401677,14.513476797082966,-8.332710948548318,-6.646681364693642,52.37796812186241,9.833784401918429,-0.658564631539583,82.74636628782272,1.0132951542735098,-0.4643848409972195,2741006.088148363,24.63748313559472,89.59488155068837,89.11187360057353,13.25444027813244,7.797728586226623,46.701259275722855,0.0001887161288463,2.44188270226227
CC(O)COC(=O)c1cccnc1,1.453177575129509,364.3543681650257,265.2403488217771,148.6424049371803,0.0369554604124988,40.23395534067899,72.07393560123772,58.85023330790759,708.7434106037736,15.565791134225078,2.9201169174368933,1.1661533356497884,23.23765858722762,-8.574588096223831,-6.71108695566082,54.86916526670456,9.858397226850093,0.0368837943887712,129.33210639838694,-1.6391929807917216,0.4557921709532735,10163624.890280744,61.54822898495943,133.61966014513985,132.6876394856086,5.924155211527601,9.48838843250432,80.66328220575994,2.061262215046694e-07,0.1217819580304857
CC/C=C/C/C=C/C/C=C/CCCCCCCC(=O)O,0.9198114450278284,324.8454307765865,364.4081377028072,165.97226473770976,0.0003523720769882,79.61088974290132,112.33393562244788,88.67539324953452,794.0901545153617,2.379742379215386,0.0508136804448774,0.903579709659338,61.1011248197259,-6.019781745400191,-5.743709146083072,65.87774403055191,8.779311464152338,3.1959482049989703,190.5786374509668,0.4293742408740519,6.171934083289624,5011493.971205422,-2.490867784489396,252.33626507838943,241.0760405526079,5.699932033192992,22.669668561777577,133.69878200578594,1.5350435251457935e-09,1.2964781143896223e-05
CC/C=C\C/C=C\C/C=C\CCCCCCCC(=O)O,1.1029271310153008,335.07566365578293,372.09386946591377,176.3409851903701,0.0004471827497111,79.76383497261644,114.9149022892472,90.71799008330213,784.1258624115944,2.8178032378735502,0.2066396005778367,0.9251348445684312,63.363746084313874,-6.790379721281767,-5.729140139927297,66.40167843196869,8.978727777153255,2.8030149723263085,192.51865037501813,0.5661563198661801,5.755680536448717,4376844.409265341,14.648639892610916,256.1481021490707,251.64491246633665,6.074133656745285,20.44472610460919,133.39129091296675,4.5307739238573804e-10,2.910261509164361e-05
CC1(C)O[C@@H]2C[C@H]3[C@@H]4CCC5=CC(=O)C=C[C@]5(C)[C@@]4(F)[C@@H](O)C[C@]3(C)[C@]2(C(=O)CO)O1,2.54843622316742,361.2067447114968,430.0632722807765,192.48481995568423,0.0003366411318464,65.1063248262924,108.4550472840354,82.58643107310355,814.108468675518,10.69983794283518,3.049401776588532,1.3433988324290511,56.13562846640129,-10.715207680843353,-5.951415385991931,68.71765819692612,9.98526018919442,2.008873505935632,209.3706834265804,-1.4208165543539824,2.62236228115052,25265059.49661112,301.8082438187242,210.9856111428809,227.95162368268583,6.540825185527607,9.743886889361608,71.5965518108884,6.025904495178333e-14,6.451271409605239e-05
CC12CCC(=O)C=C1CCC1C2C(=O)CC2(C)C1CCC2(O)C(=O)CO,3.4916697022857663,343.0057039478671,538.1782285923672,191.2895974472148,0.0026691970709422,68.43554493268549,114.87412060095356,83.05460602236957,885.7281084719182,24.2890072443831,8.4800530597683,1.353206592620015,67.19617096009708,-15.004616251363757,-5.94935293283388,80.25231085929872,9.722236479887814,1.2592438302510978,266.75975927835464,-1.2853262455885113,1.2582673114552496,4727608.230681978,225.17682981302025,197.68570186918177,244.6237872010707,6.617846644289067,10.989395934815484,65.42639060725605,4.759814181514263e-16,0.0006140719803884
CC12CCC(=O)C=C1CCC1C2C(O)CC2(C)C(C(=O)CO)CCC12,3.269592603630066,330.5771974624312,517.7687291620994,188.10590655905307,0.0022093445381587,67.08505773084491,110.95672007513554,81.08991526952386,877.6191100061417,19.32676954204087,7.196122786266698,1.2925612752602695,67.65648129127554,-13.643438564811706,-5.922043827140629,77.0493382538414,9.586045689986944,1.7654676311475783,256.9120070519066,-0.9943854077133536,1.7999178934905231,6415057.573072364,184.55465160448315,203.5942364576632,247.61507731402645,7.004313010905974,12.022253155359758,73.83352762307369,6.217924988975132e-15,0.0003822300203406
CC12CCC(=O)C=C1CCC1C2C(O)CC2(C)C1CCC2(O)C(=O)CO,2.943063298362732,336.76405139149665,482.1517287872457,189.7420794805849,0.0015768811117021,66.75243811955065,112.08975694792926,81.26871687641919,843.2747543887854,18.006034421196617,5.852709097831443,1.2794375311831234,62.36005127083747,-13.37530550763321,-5.875409728126824,75.16533652893067,9.73728338584006,1.401190916633308,238.15409538481708,-0.8504608740368487,1.4960409160660206,7498935.717574101,229.6872424280691,202.8273676736977,238.5728153819651,7.246887895772189,10.429916248507972,73.58547930786435,1.277452788279002e-14,0.0007833908745097
CC12CCC(=O)C=C1CCC1C2C(O)CC2(C)C1CCC2(O)C(=O)COC(=O)CCC(N)=O,3.028424869960785,358.6315325238967,459.1465313657332,213.4551770462805,0.0009599836277652,69.27653349169582,117.50092202920555,91.26578449372968,805.4860170827151,16.36139845442558,5.551110661382083,1.2917306249986291,61.15800528710122,-12.13845412117386,-5.955592539728611,70.18247361827851,10.123531775939988,1.8631484746750449,221.3967392823982,-1.1163978914299608,1.5674184361883996,10215742.638244305,208.26971241641525,209.33427524434487,244.4597595001053,7.147265955020368,9.212880574576287,81.52020634364612,8.041816060586006e-15,0.0002995990367033
CC12CCC(=O)C=C1CCC1C2C(O)CC2(C)C1CCC2(O)C(=O)COC(=O)CCCCCC(=O)O,3.0167619761886595,364.9076241585779,482.08793135943415,223.62519863756063,0.000499814751582,75.65424262470603,124.76364927253007,97.4981063951239,825.5643770739555,9.95681954876302,4.839016664349408,1.2863308511425853,72.62213285263435,-11.56268820928192,-6.049663517189324,73.54530414741517,10.176270350697042,2.141967603306137,238.69746094541543,-1.059503092005551,3.128854730117917,7681333.655469004,188.433302961722,237.8778196817821,270.9464961827585,5.672806428196907,10.912540749810049,84.45280817085086,5.035241355110064e-15,5.585992033781104e-05
CC12CCC(=O)C=C1CCC1C2C(O)CC2(C=O)C(C(=O)CO)CCC12,3.4034764419021606,332.46548703430057,522.408475763433,190.5710155469352,0.0019107457747596,67.11487971503466,112.63358691579312,83.52708765281707,877.0853148220539,25.213417416744388,8.671621113002418,1.3317931538558003,64.15584094318272,-14.05371498853016,-5.936858620280564,76.97406479892732,9.68881477718532,1.7518527153737846,260.02537312545775,-1.1624241004514697,1.2247606498541832,6161666.068024887,201.2619246449328,198.6193875652564,241.15068700341416,5.993489164494604,11.108622207050043,74.13842320202853,8.132785505761593e-16,0.0002272566257317
CC12CCC(=O)C=C1CCC1C2CCC2(C)C(C(=O)CO)CCC12,3.297629672664642,340.41732554140566,517.6243983121896,191.262175670228,0.002102037079145,65.40552316363156,107.20131220608296,82.80694850865856,883.9229275131225,17.780477199671385,7.373457726623815,1.2709072420161962,79.4544459339702,-12.312771951566695,-6.083893839256465,75.1486342312622,9.49228058947742,2.7150136698028446,248.7736186758995,-1.1323960831940174,2.850638550639689,4807572.19933663,144.37789951312362,217.7784402840712,260.9603880567549,7.106691011201024,14.251550111782334,67.41827051381193,4.114210866568692e-14,0.0002181501858405
CC12CCC(=O)C=C1CCC1C2CCC2(C)C(O)CCC12,2.4227477262916564,341.61714067800995,421.1609089766097,174.78834966412785,0.0015440364337856,59.99584196813859,96.312481089264,77.61521608369648,827.9396834675789,15.277842107885192,4.964149425252279,1.1813311266722977,57.53337647739524,-9.386855609098912,-6.088693346946239,65.73579550751685,9.522495435395838,2.9621060909688475,201.03437172864915,-1.1514207217115164,2.984514910185576,9815752.437122192,150.77615104195297,207.14529924305776,227.84440361817087,7.9762449116577505,13.354280901019962,68.93559500102675,1.099790429565102e-11,0.000126328816977
CC12CCC(=O)C=C1CCC1C2CCC2(C)C1CCC2(O)C(=O)CO,3.4110033901634216,339.5544815507603,538.4921766922736,192.6024005847645,0.0010828548299857,68.891876607742,113.2957396342838,84.36577480089308,899.4529563632011,17.83592724237632,7.527058983941377,1.352018820881128,78.27932515665161,-13.154800408183098,-6.099129536553025,77.92485149656295,9.778014167906642,2.364119036807269,265.40884362254144,-1.1491279928022624,2.62534164662838,6388510.211131952,216.8835300729132,220.8659772491745,266.2762909159587,6.714149697235461,13.008937222869625,64.92081899513632,2.629770860707055e-15,7.191530341713121e-05
CC12CCC(CC1=O)C2(C)C,0.8035637988867761,389.7768253787089,204.613899566586,144.52436728610516,0.0052854522388123,40.59637726791292,63.78406495768339,52.69981829288304,671.7131033238172,7.14556124983285,2.082450989603444,1.061535745779462,33.06995078190592,-4.771332104875207,-5.803752998551443,47.24282521176815,8.961858621752858,0.9674666509827974,76.52072640485525,-0.3986986244809629,2.294475024052948,40735905.81975547,152.6996858390862,151.22745722327042,143.95626846970902,8.169742284449368,10.695199522658658,67.7602587518982,6.289398562703295e-05,0.0075193277702404
CC12CCC3c4ccc(O)cc4CCC3C1CC(O)C2O,1.8251259336891168,301.80252717088695,399.3528367703915,160.1443382095814,0.0003030616715671,63.53347883776083,97.18307372959865,66.99556939734936,832.8342188314676,11.435291181332136,1.446275522325011,1.2611476656959058,45.31497299748465,-10.098211678661349,-5.528145908300221,69.97763131355286,9.330672316286266,2.6755960416910054,209.9224497213745,0.0368887591928241,2.687936027824223,14525716.228375291,284.7279937183929,192.29058631004392,202.66511995715337,10.257034784924269,11.864739849739305,65.38927532888783,1.3572027057285697e-12,1.600621148141681e-05
CC12CCC3c4ccc(O)cc4CCC3C1CCC2=O,2.046341808599472,315.09879982455374,392.96529601913926,169.73520339047317,0.0003634824419713,61.203823785945325,95.07450399968286,70.97397703118384,815.812069099903,10.036688383582156,2.138745026296492,1.2205318088618515,51.29352565910772,-9.272771762306691,-5.578774048180654,65.14626871400833,9.381567005687357,3.218739237009883,190.1154246785831,-0.2530349549549819,3.005806332193017,16633254.847589573,252.69767658248665,202.05213742545016,211.85934297073143,8.434695445815802,11.842993355042257,63.44180575227308,3.0818422439183765e-12,4.61564008267101e-05
CC12CCC3c4ccc(O)cc4CCC3C1CCC2O,1.561826497620583,316.5601854590154,361.1257509214664,165.53953534201742,0.0002577534221938,62.49456191719502,92.52833787258294,70.03324795669437,804.1389721191645,6.953889412943812,0.982826631681042,1.1928398476023077,48.257726953338086,-7.284316441238642,-5.520282130226612,63.150990516376496,9.155398408895731,3.70570794782877,181.19805376430983,0.1083061923551558,3.958438823837042,16680598.646922676,192.97646419412555,205.7442070856669,207.5984492507286,9.911830082710264,13.927165841618262,69.66492019756517,9.764030866698762e-11,7.276477169748211e-06
CC1=C2C(=CO[C@H](C)[C@H]2C)C(=O)C(C(=O)O)=C1O,1.7578871217670442,424.5407290187022,354.9982565119553,151.60553228101017,0.0061863710976571,54.300786987071504,87.54849601334132,67.87656031900525,789.8712608978749,9.14770177630168,4.159006936424269,1.2762901395484805,31.73316176493841,-9.590359757408145,-5.822036015732794,64.50473307273865,9.165817136623264,-0.2388311859345435,173.50924805379867,-2.070751688255221,2.1196797946817725,14178980.969379593,210.5463494016064,157.80622959832544,157.33216815681237,4.019606944132924,11.114281675801903,55.71575431489762,5.91953367568126e-10,0.000945431469522
CC1=CC(=O)C(C(C)C)=CC1=O,1.2113537783982755,388.0043484219801,235.12939936286568,137.97784162105324,0.0138825996096958,36.337654101538064,61.820466627872,59.22324964830041,708.4028577533841,11.322761436711628,0.8338021769885274,1.0341573237887325,27.64124252405796,-4.829906020128727,-6.728805877326965,48.60108834453583,9.48979446823597,1.7234815441508593,99.18410228785277,-2.742753063815832,2.099016257188469,18645339.50714651,56.68771349065185,141.68768383135443,130.01273825010824,7.717274270862818,11.32886145979728,62.84395432472445,1.471232905179647e-05,0.0055352894397546
CC1=CC(=O)CC(C)(C)C1,0.9679161885204316,380.1606563798684,208.2602521841638,132.27825569704058,0.053284964651262,36.17519066804796,57.662427064079054,53.196835104452376,677.601534151429,14.110180065827231,3.0371166214980168,0.9042012439740896,27.382339701016885,-5.01161734655726,-6.296316277763724,44.43587731853247,9.053880959531666,1.2372781966358426,70.0599840470171,-0.9791400451764466,1.583775937457919,8461183.231635544,6.9434292829215565,135.35813440340027,127.69196858401514,8.642546436962963,12.001738855547526,52.36325947072767,0.0003776031469654,0.0842906916316701
CC1CC2C3CC=C4CC(=O)C=CC4(C)C3(F)C(O)CC2(C)C1(O)C(=O)CO,3.601949714416504,324.7319943851077,575.4879585037852,194.639603851786,0.0011342469952118,74.5657930602023,123.25789364235044,87.86020731047928,920.0455768203736,24.040991864609182,8.765191978785872,1.4070624127537013,73.95079265194433,-15.807659049341202,-5.868218082446634,84.64117568603515,9.710789371480644,1.5777317706456784,293.6112216678524,-1.027676215826869,1.614280356934607,4428682.4336260045,255.4603933297849,217.84934083183936,273.0201505902673,6.542369332051847,11.879188725108667,71.88417659081591,2.033921821197329e-17,0.0001951442326379
CC1CC2C3CCC4=CC(=O)C=CC4(C)C3(F)C(O)CC2(C)C1(O)C(=O)CO,3.618390243476868,331.4302860042334,573.0961477889848,194.94727708588243,0.0010918776163891,74.2115580420658,122.69251191850216,87.91635820062831,918.2953525742054,24.305286173401377,9.14208282485921,1.4181812940245866,72.17324532176681,-15.6813641746521,-5.840984850415766,84.07997783800126,9.70284805163473,1.537949461796135,291.6756621450615,-1.1855747803759575,1.6229341474889516,5335387.531385854,260.27074778113365,214.1145505088773,269.410625470551,6.792128951867234,11.561981438221608,73.17001652829622,1.9698244535253525e-17,0.0001561206365107
CC1CCCCC1,0.2077254062118532,313.3620712938678,102.61802050252976,141.42579094616175,0.0019139820152601,31.9092123759234,43.93233126332284,42.36651368429184,569.9282833367586,1.971332489078064,0.0001949901222294,0.7675956959642172,26.52047060271112,1.9322297424640664,-6.903769821078777,31.25879663619996,9.741756584253164,4.829196484231949,-5.873548069579599,1.1395787135589122,3.858360739589095,17212137.311580673,-89.09535880354406,132.24433299903154,100.52173507179393,11.54137943571198,13.888742153961765,49.16139079618711,0.0433666601081651,0.0001205337657038
CC1CO1,0.6260537748041154,407.2758698629021,39.851366911220566,148.04015659478546,0.3074756286066771,18.724197733038665,30.80685666056037,33.55189599347115,491.4401357193947,9.203902127044406,2.068105330093386,0.8467036773197054,11.51902161742987,-2.486636550512672,-6.56786376622653,26.021509706487656,9.775644950909616,0.6454283246636392,-39.76079825466155,0.7801248153162001,0.2708116072030064,8984681.29468781,-107.47718292437077,74.7763909408483,63.536338746440926,9.289379672134697,6.631625126299359,41.61860086013058,0.7270096047631324,1.3250644463670112
CC=O,0.7221413771452905,403.94818684903385,19.88323942836644,144.48710855637074,2.083770433027424,9.391681907092334,20.326434982241395,24.697954187234643,468.9901744434357,24.429901516755955,2.566013052742987,0.7748230713819265,6.73730162195054,-3.998320551602781,-7.228297143616676,28.701331638698576,10.439812816915513,0.1976845913177729,-45.85005694126606,-0.3208814262109996,-0.3296945176589492,2340262.8753173,-115.7773413578415,54.2013966689871,46.30840367093295,16.018852935524464,4.6393935419088415,24.608476142371025,1.4756127633569376,14.701410223769592
CCBr,0.6016914923849107,410.0933032985413,45.515497729599474,148.75492919673445,0.1321881828270627,13.01662398762226,23.32129189948381,30.31204301997424,546.9905091524005,10.116117993897136,2.4237630743999925,1.4529068864014147,8.027596066756379,-0.6888810509839058,-7.283571913828849,27.62430572402477,10.406295426092148,2.2674855869288,-18.417138915238382,-0.2150382342231274,1.6233091656262577,12523024.780955726,-116.38807184582473,74.5660833403936,60.61573260546332,11.492282665403366,7.789282215378493,44.13139660515766,0.5184097778199903,0.0826677038391317
CCC(=O)N(c1ccccc1)C1(COC)CCN(CCc2cccs2)CC1,1.7668359024467468,362.5982095605874,344.46544482707384,192.558802217356,0.000892505805376,62.9577565822652,98.19194960978344,80.26851136752457,746.7699452593804,5.893198722130878,2.4697072578041857,1.1382066735607386,55.837207470856605,-7.140005397294521,-5.641097278649484,58.451224764280326,9.40496187763542,2.893800288073421,154.22512654232978,-0.1074738498508931,3.693165043580532,14143066.38473386,113.45649394810675,213.0644167632569,217.5925704117165,7.6234215500977935,12.592105606382162,78.11166008109612,3.4668009498003615e-10,0.0002835315112
CCC(=O)O,0.8754572488131525,355.01015149837497,139.12731272535444,134.18495947028163,0.3072937914246275,19.22505709701955,35.88256465724588,29.95478384918809,596.8881947181522,7.06717711821971,1.8992124608424847,1.039841037089914,8.639580809239531,-6.357544193357468,-7.039515266998053,38.49587203836799,10.344707923876497,-0.88969002548337,42.531153421685694,0.1720965911006926,-0.1114436843216422,6168988.7206701,-30.242959892827287,77.65734725545234,66.38341027798904,4.897703250274837,6.846016072832028,44.55000553258707,0.0023206705995572,4.079441134599456
CCC(=O)OCC(=O)[C@@]1(O)CC[C@H]2[C@@H]3CCC4=CC(=O)CC[C@]4(C)[C@H]3[C@@H](O)C[C@@]21C,2.501254141372681,370.470169773643,409.0357039170957,197.5173770580456,0.0008946250198238,61.86387796610549,102.1497106254594,80.74466319959522,785.264729271698,10.299912089734404,4.4726958718861445,1.248908586375594,57.15317556945627,-9.609817760920048,-5.859034235592663,64.18254807765962,9.790635900754184,2.2437696467954296,189.0943812259769,-0.9500065999031068,2.6163111539613606,19159111.481675483,197.07447321883083,206.10148525971223,227.43900476426904,7.356809260584891,10.236432197116285,76.05553542770282,2.9077309778890865e-12,0.000152130283908
CCC(=O)OCC(=O)[C@@]1(OC(=O)CC)[C@@H](C)C[C@H]2[C@@H]3CCC4=CC(=O)C=C[C@]4(C)C3(F)[C@@H](O)C[C@@]21C,2.352463194126129,391.2671823523408,380.56472229068993,206.26398408879297,0.0005528560652339,62.38194766354263,103.20741968981208,85.97753272373438,761.7416415893555,8.82781937900412,3.940239456130746,1.273106823743403,55.41289914244033,-8.246265504172802,-6.009985257249415,60.65906781700134,10.00239242452685,2.70405291553095,171.86292344771385,-1.2471278997664157,3.172042025970817,22052823.95585363,192.67043608919383,213.98317067544045,226.16251654118784,6.990990924745753,10.110102014338873,77.70986002241708,8.5138451438656e-12,9.201833199530696e-05
CCC(C)=O,0.6483456973495485,402.5023355747021,81.98070976038814,138.24487171036006,0.3220657043044227,25.665098602342606,41.67883068346263,43.1741005734849,540.9440092963457,18.27367521576677,2.914501917842177,0.7931818955456614,14.294499147757312,-3.86838026545839,-6.597599784547448,32.927813644299505,9.52619675265938,0.5584111842733623,-9.642403358378417,-0.2649015311586857,0.347199780148506,5593428.121771208,-72.18304808321,89.0108424101346,79.07021234151239,11.109572285932185,7.866516980654898,45.79441295178193,0.0830963970793717,1.8505524180808484
CCC(C)O,0.3775992612543107,338.1728448920536,113.586532365644,134.10825640434982,0.4402126135546292,26.16910734486818,42.25853577026487,29.832555199484823,562.865797927022,14.603358963173912,1.454639578257889,0.7872163459278345,15.15663816282633,-5.358470819552183,-7.171484768471718,46.71993429997206,10.088365098130256,-0.0357447273814677,29.61098448365449,1.6190971147227289,0.7996286764993665,634573.3248116256,-84.9939697358632,87.2096784207718,77.87130876813463,15.62988536810565,8.960809271115389,32.997272160868626,0.0144699302119305,1.5793750176456518
CCC(C)OC(C)=O,0.532729342860222,374.84668477406086,115.55056057798268,150.28770121439698,0.0561475111999537,28.93212278490782,47.39811942537666,47.28398424149394,562.7239225311756,5.084372985008901,1.2185137159284378,0.876943091438055,20.769588167855662,-2.134724858085155,-6.927959977971673,34.969373818278314,9.896613313981556,1.2888509841403368,13.584973021171097,0.2974645027935503,1.7466581213813572,8594181.330074789,-94.15505853216172,119.28160317044346,103.16987140374196,8.284821796908854,10.543878970203153,69.78447377853738,0.0278792977564683,0.0685419907503419
CCC(C)c1ccccc1O,0.7624790039958955,310.2677188952899,225.1404162879681,132.36315651087284,0.0046190754350739,41.25057645587623,58.678621921119394,48.18593229702473,712.756757177639,4.979085370622065,0.0978527926355743,0.9865531471423208,31.707115230026183,-4.390081273388863,-5.739210284219459,49.78026635849953,8.527682066872718,3.1292259057575467,95.78439010428428,0.1657248560214042,3.02701133131361,12534864.55370001,14.443476214365958,147.82211461150905,133.7404101477915,10.06506537107992,15.18026437506475,62.5710938344358,2.1765439554402736e-05,0.0028426722452886
CCC1(C2=CCCCC2)C(=O)NC(=O)NC1=O,2.1404292283000945,339.8521399351835,378.5189179972768,163.8065079940188,0.007098597165725,49.18277556839436,85.21864798472748,63.42874532471359,792.7769601187706,17.72857890648833,4.67232283921787,1.2753720641162394,37.520928990821325,-10.7621070460186,-6.618613997180462,67.97257994483948,10.038362087230906,0.8941003080284597,187.9924511860848,-1.1905762823840975,1.80849507905215,5880613.961721751,176.54304585115972,170.50663914458022,181.30488321823933,7.864943535630584,10.882271337516404,65.0507161615544,7.737459277729963e-11,0.0070609256903203
CCC1(CC)C(=O)NC(=O)NC1=O,1.0703698738651872,333.71107276477335,238.99807036912443,140.162820670166,0.0104044912957209,36.10723317621112,65.4476025683409,49.24764900895119,699.4156259346485,14.88819195012129,1.7831213225391784,1.1292877672849893,21.35576237534079,-7.726455500361919,-7.013464562555313,55.76448824889183,10.413482223435045,0.4766994348287583,118.74780967996358,-1.2624220759606364,0.750208002840042,11167039.77526833,183.3892215516186,135.907862432676,126.52251075592712,8.15274600070107,8.585957662377075,58.91563305580162,1.6826985790349486e-07,0.0187353105871417
CCC1(CCC(C)C)C(=O)NC(=O)NC1=O,1.1436708916606904,329.8664075389671,261.84076447826624,152.16866033611538,0.0040841323437055,42.51854797302097,73.87963160816103,58.46546544146061,711.235831597352,11.344428106778675,1.6972390609190726,1.1267267381333113,29.24578903871763,-6.498010422322274,-7.17233576898837,55.79852629050255,10.580593391799331,1.531808097818941,128.9424084846878,-0.9674389947840571,2.006171832115978,10622455.792510968,148.37389369132876,167.32905139611074,157.72114631484973,8.031846932653963,10.403220905810574,73.64572667703173,8.625558455500133e-08,0.0022070607341218
CCC1(c2ccccc2)C(=O)NC(=O)NC1=O,3.0001458523216247,318.58914100575447,477.21034667035815,170.0349038148737,0.00750822223307,52.35555287703789,93.04515979882568,65.70053254956245,868.9006571674347,26.71193444903956,6.557636064419638,1.4671988585112097,41.5025721838154,-13.84453194241524,-6.750941766680956,77.82717472751618,10.158222826834471,0.6471100762981177,248.7511998491001,-1.3380777768176797,1.3195375160951015,4052887.7644355344,191.2883326817608,169.96904399769477,197.70779101147835,7.29609609037581,11.261357391254002,68.61626229383322,7.751402653409889e-14,0.0038267723043667
CCCC(=O)O,0.7326716034951211,362.9555968322945,167.7604328468168,135.4794934888244,0.1758299901232132,25.570450065876244,45.857679019663934,34.65332509791851,623.1707100129113,4.054938643857724,1.3419690130729254,0.9847080109605788,12.316595882962948,-6.075526407464266,-7.156860960450411,45.1447105666399,10.266201164441409,-1.4016927447128298,64.85937870341509,0.0786918303644654,0.8397743951051233,4488252.524342117,-14.660676909706597,95.54833566010744,81.96771431511338,4.236843346405208,8.80383157463874,44.92866217339599,0.001065740835728,0.7246525817412374
CCCC(C)(O)C1CC23C=CC1(OC)C1Oc4c(O)ccc5c4C12CCN(C)C3C5,1.9597480793418884,385.5793313510776,369.6536520537424,202.06816392695367,0.0006975188287198,68.22307989041954,108.12212262233764,81.47799823606432,752.1465772838831,6.039089019636085,2.3140003618716527,1.1971578268771768,58.781134248882566,-9.623981783446787,-5.220855828373312,64.12050104557991,9.290170986028611,1.6339208673697712,169.7345181551933,0.0294426458680627,2.850683986201525,17136707.800778214,217.1138222067964,203.9289695003067,217.90567415761305,8.033780357380241,10.28442137213877,70.09040914424045,2.2281107770066808e-11,0.0012202670558396
CCCC(C)=O,0.6190188965978624,401.03340502599417,107.02601120478036,140.9843742818785,0.1771762697188427,30.00524955333054,48.18288797917128,48.11723673882366,563.81961117661,15.041583850013724,2.855198581030181,0.8089227180037498,18.016599062358186,-3.8503483980982938,-6.548249579349756,36.75657198467851,9.397465892164709,0.6014910971838237,9.586261499137876,-0.4159990977323056,0.9982842640761136,6159374.30095405,-66.45917264899253,103.99918969754928,94.854640358211,11.406860462533118,9.0989012883568,58.16321696112427,0.0239994798075461,0.636220780750909
CCCCC(=O)O,0.6552029577674867,343.7193873681712,189.2161517366756,135.39567513623717,0.098873817519743,31.216147496528624,52.382393351698525,39.60784908670664,644.2298344970405,3.641148109012971,1.083608000943915,0.9530575087644756,16.517317870648128,-6.232227648920536,-7.023569604933739,49.42901716780663,9.961176706545354,-0.9950103224241732,83.68963969057798,0.3237607040047643,1.4510531328127385,3625947.247349721,-34.5723621675229,111.36603784849446,97.80567334860712,4.670638520669818,10.885040808867087,61.0479568605607,0.0001901407846843,0.2910798170874403
CCCCC(=O)OC1(C(=O)CO)C(C)CC2C3CCC4=CC(=O)C=CC4(C)C3(F)C(O)CC21C,2.8977281178894043,364.7481585366416,452.37798453201776,215.14100184460403,0.0002356910617055,70.01604494366377,114.17468004827424,94.11321072736824,818.6179610486269,10.661171283097651,4.650489221247917,1.3302711043767927,69.59030727978639,-9.625219474318504,-6.026812801075697,67.3900840817833,10.092082423923388,3.686085365121663,215.67049183981896,-1.3663135179635884,3.626044708509684,14061013.380702844,204.2009514459181,237.56677933673572,258.9980214149668,6.536092619360343,11.024994703972151,76.51053120363987,1.8938190033704082e-14,9.679997708568674e-06
CCCCC(=O)O[C@]1(C(=O)CO)[C@@H](C)C[C@H]2[C@@H]3CCC4=CC(=O)C=C[C@]4(C)[C@@]3(F)[C@@H](O)C[C@@]21C,2.441813438171387,371.0087319759798,406.0702863790441,206.360899058972,0.0002763174161368,65.24218633691117,106.1958382881084,87.6478145119121,789.9917273959636,8.049408941463751,3.534229139184337,1.2971071789482236,61.04240814603382,-8.198942730494975,-6.0490949300292725,62.959371402616505,10.043395431015082,3.3871501187044384,190.54986746668817,-1.1321895209965112,3.798425069542408,21467900.261712182,201.3557331634307,229.1880071216847,242.30449483140697,6.538280039567754,11.050253905469711,77.81951921718378,1.3788733952224432e-12,1.5581381762285537e-05
CCCCC(C)=O,0.6919229876937867,393.30120151854993,129.5353021906847,144.5623982174921,0.0713231761659511,33.15771601328194,52.74277177975953,52.8257134580344,583.1802901313066,12.913707987714204,2.72634615110305,0.8112933370831013,21.74771910464153,-3.3733093153451383,-6.450205385921239,36.31180604598761,9.363745189611912,1.1430778983697296,22.119507464785578,-0.4126430327099564,1.3299359686776997,10248779.050105875,-49.66731636131047,118.58425476891396,109.58745292238562,10.390090966609597,9.690796043013906,67.52486141472912,0.0098064989741985,0.1193977848875868
CCCCC(CC)CO,0.4219506252946855,321.0489527802777,185.25154909627304,146.91280078668595,0.0165497861694482,45.65344699785054,67.81664755883575,56.77396080762327,635.0566480199038,7.985825185210705,1.098182494895786,0.814355440872848,31.24964809756648,-3.447653192544609,-6.849253293694376,46.79203365579605,9.796327108878494,2.122472402902972,73.04194842566191,1.614998572472334,2.8664217209891083,2017062.540111049,-70.29675401889324,159.63361475514878,144.96385526749816,11.53000822487998,14.601688374790534,71.72895427570221,0.0002346218365582,0.0060113805501841
CCCCC(CC)COC(=O)c1ccccc1C(=O)OCC(CC)CCCC,1.3993394386711122,361.8455609216642,387.6822624875522,212.1837220322612,0.0001486923615761,89.26053643320083,131.0729506902945,115.36107599295616,796.3698921660662,4.79398075039657,0.2253664372034698,0.9930372889196872,77.33565258705069,-4.332788810383677,-6.928900241620541,68.74891359954835,10.08347676711783,5.560332191271782,208.2598297152233,-1.1157274534982444,7.618638974774837,1812871.5020622783,-51.18933273081064,311.79004360481633,288.62863601988664,6.95662192945718,24.346820769016,137.0451893538112,3.6989093455996445e-10,2.476813447929593e-07
CCCCC/C=C/C=C/C(=O)NCC(C)C,1.3927632917823791,380.226038901341,320.1223825107932,168.5281522350383,0.001526371845352,62.06298519340038,91.8628345336168,81.51436112419128,752.1043217422485,7.594077862268796,1.9493724089092608,0.9619930519835056,50.20714156957427,-5.409497730276108,-5.7539243809493925,55.614033447322846,8.934974094573857,3.1626981851878764,138.35065723978042,-1.0791040448936822,4.162599676398516,10392604.673416032,68.64124916914047,211.5335184315012,204.2297799469853,7.299013098697916,14.932574121302002,76.19263852903501,1.569129522911236e-08,5.980569727759454e-05
CCCCC1(CC)C(=O)NC(=O)NC1=O,1.261913440460205,334.0811655589175,254.45302005757213,149.5130485110891,0.0102018058056788,37.94635592460543,68.3518625798124,55.35487679710925,703.045911823082,13.89564982606268,2.026779436618748,1.0983656956114023,27.181147014519563,-7.050491157743931,-7.162834373289585,54.38819856023788,10.462125462343096,1.1824327515977622,120.29440508812664,-1.2084709603840114,1.3279647643026709,8994690.265867043,128.30718525501536,153.08928622126365,146.32315565473775,7.76425713133502,9.834619201792036,67.6038442397409,2.1899201651420243e-07,0.0142865670902277
CCCCCC(=O)Nc1ccn([C@@H]2O[C@H](CO)[C@H](O)[C@@H]2O)c(=O)n1,2.1846242563190463,373.6058393673217,348.6938257050824,179.88495985936763,0.0130044040590521,52.86476417902708,93.6733272320426,73.37562328808606,733.9516308330417,19.46824582292559,6.301527442535186,1.2065872205733954,37.36336251155759,-11.273590474179745,-6.125621238853216,61.72688532965661,9.863879439139144,-0.0243275814390182,164.05242517397403,-1.4217642400565744,-0.0672149926822187,12678108.280184714,152.97172725581646,162.0666642810232,181.89357126260177,6.35512844037737,8.365597967040214,90.36863973260988,5.403415637639205e-11,0.0492633535300437
CCCCCC(=O)O,0.6480964660110475,333.12394346044897,204.24616442645865,135.94633075572256,0.043035813675118,34.45456789714366,57.10867407965184,43.94483554199457,661.6288276836276,3.3586630669956348,0.8003708297538497,0.9332038561019004,19.346087663761708,-5.770014261138201,-7.0336898410367965,50.30919238119125,10.027361754080058,-0.4939917658650876,93.07595881825208,0.1886045790052413,1.8681001418402416,4308063.836681536,-6.01396820292473,126.42998896231629,110.70133702766212,4.334419881941258,11.859138442462536,63.60079580459449,6.100118225523261e-05,0.0650713793885735
CCCCCC(=O)OCC(=O)C1(O)CCC2C3CC=C4CC(=O)CCC4(C)C3C(O)CC21C,2.8791433901252743,357.34094402692915,466.5294533575559,219.6162517065489,0.0002167040507178,74.98505991797566,119.28040955209732,97.89570215073914,831.2568371948719,8.455529333391599,3.822601739922718,1.2436829447193145,81.99059131722134,-9.350332959877017,-5.9287570604164594,69.11046921966553,9.889652394608596,3.961627786614299,221.8002781647873,-1.0162836550077796,4.361255136882782,9618196.441539742,165.5443805305469,257.19921313825057,280.8362896294311,6.264879071927995,13.090315042174703,77.04142128050688,3.707169664284789e-14,6.176028239586094e-06
CCCCCC(=O)OCC(=O)[C@@]1(O)CC[C@H]2[C@@H]3CCC4=CC(=O)CC[C@]4(C)[C@H]3[C@@H](O)C[C@@]21C,2.4932326145591737,375.5376930396593,411.03417316399816,207.9787602008028,0.0003877494910945,65.7526554849565,106.43957091086746,88.0432922527808,791.0453046674252,7.582561317862977,3.443005813772064,1.229386355985999,66.53316095549489,-8.134511778847694,-5.923664218880504,63.12449404047966,9.835551341953575,3.238292027120292,190.0348839046526,-1.0690221002483369,3.845978754660845,20123790.968548715,167.70133002962828,230.9350991927245,248.4914061764292,6.636690994291391,11.7009348808294,79.60274795327798,4.184637077440429e-12,2.022874951862692e-05
CCCCCC(C)=O,0.6880497870388032,384.481269506281,152.12134731932343,144.730186605134,0.0409526585588742,36.300535196567175,57.14855450793863,56.63372150663376,603.9335926557899,11.884514058237151,2.7892307332549926,0.8132905910098552,25.413915873566385,-3.0986658655655384,-6.511024878032088,38.51322252771139,9.37613681261033,1.4566316175374392,37.01522586637616,-0.4401512141239645,1.9489923094630728,10116458.390554752,-44.24867469453454,134.77607610157548,125.82603713964464,10.189223553406476,10.98125638855258,79.58442400900631,0.0040747993132829,0.035877644550319
CCCCCC(C)O,0.3772968659582139,321.6584541495549,158.8916498363632,143.38820355290653,0.0321753602865071,39.41739228974164,59.73276649560452,48.800570039486885,608.7659358925313,10.149992862533864,1.5564526343500436,0.8201528599014878,26.32756462314765,-3.773395746431716,-6.878891236522794,45.7734916379118,9.878734333500493,1.543013847177178,55.74028763689354,1.7163666217911242,2.296170437744945,2002645.6271513216,-47.58214210220575,139.6163783770016,127.63216909871925,12.819495079072595,12.535229263693024,63.443096625618175,0.0009347299702912,0.0253609695678986
CCCCCCC(=O)O,0.628953718990326,326.0004937008917,226.1212532882724,137.98019959395648,0.0215323527359557,40.33125786164105,64.48999353595644,49.44956784829974,681.9156072591484,2.9847452658778595,0.4540491084101368,0.9200598929235936,24.38938656496226,-5.464687241473436,-7.070463364701509,53.3731493844986,9.927288745491264,0.0610762540507319,108.7477435393858,0.4470845471155642,2.5495584338908195,3611756.24399549,-22.85627861670852,143.90802135327786,126.53167192214396,4.513189502887606,14.045456431623352,74.0042666053632,2.169318690234057e-05,0.0144061215669841
CCCCCCCC(=O)O,0.619003643316269,318.8372947305548,241.72448696424485,141.61109176413777,0.0082611823732421,46.44274739564031,73.07289794836433,55.999915653920176,696.4963605367899,3.378928624044013,0.3534193254466682,0.9010073270335196,27.13833680537802,-5.574460936344385,-6.966964624130011,55.64632789574623,9.99262139555298,0.5552133182552459,120.82589912926672,0.2617257919585702,2.894502741044581,4100155.842046768,24.97790331475736,161.18660753776257,142.40663442477955,4.821474015238166,14.088651156952348,76.67243624527909,2.6976211339071004e-06,0.0032570609088081
CCCCCCCC(=O)OCC(=O)C1(O)CCC2C3CC=C4CC(=O)CCC4(C)C3C(O)CC21C,3.067058155006409,364.9667549487496,523.3863913750887,233.67893838088813,8.894010523215926e-05,86.33213313673674,135.8296518866366,107.81022778443725,867.672521691227,7.183377827992709,3.9265043525062695,1.2807547051694392,103.40647897886204,-10.272950168150905,-5.9805931109012365,76.23499459083558,10.088078249332533,4.069636925055981,257.2578878831291,-0.9076216402074696,5.5079648365802765,7369831.82863113,198.88086240982287,297.1931603188359,330.908827677562,6.292317605845772,14.449776964757095,81.30817811173371,1.5728118082064905e-15,1.264566052718954e-06
CCCCCCCC(=O)OCC(=O)[C@@]1(O)CC[C@H]2[C@@H]3CCC4=CC(=O)CC[C@]4(C)[C@H]3[C@@H](O)C[C@@]21C,2.6778295277061464,377.16043961731134,454.0045909303928,220.4979801662332,0.0002120481321379,74.550019123635,119.69724426738144,96.52127092885458,819.0723631014347,6.956805870851551,3.8083720225447983,1.2564426081867217,79.49535508505915,-8.979392285810471,-6.014238702475906,68.635116269207,10.03319821890481,3.368552122079432,216.26179893974304,-1.0401377930867677,4.694700307025195,13914099.830004176,186.231251527766,259.0480276205038,279.80196517910446,6.212977227437228,12.581431182716102,80.83211154305866,2.3572303101024e-13,9.358797953413817e-06
CCCCCCCC/C=C\CCCCCCCC(=O)O,0.8783284868898392,340.2418891100955,379.1243095290232,183.6902420518541,0.0001027788112395,90.34434797848164,129.867569715991,103.2028345861274,791.0592456803083,2.50891968518419,0.0510220037567348,0.9218985230858922,69.21459405765087,-5.689016077124595,-6.099323864291072,68.75872555305482,9.367956873774828,3.547204346341492,203.11372213152885,0.5059091715216635,7.181623854478359,4414173.543142999,24.3538498696971,298.06452814733154,283.6787485417814,5.881981023167923,22.723476869664733,175.99823217594354,2.5252780569300277e-10,3.697715635954141e-06
CCCCCCCCC(N)C(=O)N(C)[C@@H](C)C(=O)N[C@@H](C)C(=O)N1CCC[C@H]1C(=O)N[C@H](C(=O)O)C(C)C,2.2201716042461395,410.5724558681339,354.80155157638313,230.6779421301252,0.0032193331258305,70.8472792798981,121.62989366865486,94.64513377355792,697.2271392053962,9.009553599939784,3.911542265794093,1.177292889134884,55.586409798940736,-10.724157913389206,-5.927183598293543,63.17438278234482,10.207257508894802,-0.3893788159304856,166.79670718359947,-0.3668191389119626,0.5913683288817404,14704379.54334943,145.23059615700126,199.1879656249548,227.0491341391224,6.002787994678348,8.165774509216188,109.83992260509412,2.2559765957195524e-11,0.0223005579738604
CCCCCCCCC=CCCCCCCCC(=O)O,0.727227759891987,347.51777280932424,360.438674512974,180.09239769927086,0.0001028850843191,88.6863464573133,127.08251409410803,103.10011440350505,782.0797628733874,2.245285758208027,0.0291102870611599,0.926346092692852,65.17600273572822,-4.7017504277439714,-6.224438906818449,66.68776668504715,9.352656350054742,3.6870218933269374,193.5576676876354,0.2113424530577659,7.406302008747578,5673928.616720474,5.154570298609741,292.1941590701327,270.1276259913633,5.334917259334952,23.301604736880467,187.7165649244789,1.482792564739536e-09,2.373596293949756e-06
CCCCCCCCCCC(N)C(=O)N(C)[C@@H](C)C(=O)N[C@@H](C)C(=O)N1CCC[C@H]1C(=O)N[C@H](C(=O)O)C(C)C,2.2617298779907227,410.5000457055932,361.81907482646346,239.748651933142,0.0016959854713247,74.94855072875738,127.16063463130772,100.50388356687546,698.1568404135704,8.793186766335621,3.883936064588563,1.1781945926522317,60.608170098532106,-10.275681244639395,-5.888148735615343,62.65089761068344,10.270930295108558,0.2569717679506542,169.19933403251648,-0.3810222940313816,0.9945625514187216,16358963.635125857,145.98759430697322,214.5050189339385,243.279863075942,6.112534807122081,8.265407479618533,118.95741877358148,7.47445309349458e-12,0.0081472805128048
CCCCCCCCCCCCOCC1CO1,0.5683109600963594,333.64349587349056,258.93326738910616,175.94801383779645,0.0003651017486047,68.94546275509566,101.86759793033212,84.95464372231723,683.5754996527075,3.4871993973956115,0.1006929523802941,0.9007130258333682,55.16752214213098,-2.6056850223796366,-6.564138416883945,50.46490543320656,9.895322171044462,3.773360045961738,115.07811847945688,1.4199626623785493,5.173234761458398,10020269.160074852,-4.486681815041308,246.46106994724155,225.64721546663333,7.810054277865916,17.410860303218282,142.78698312150416,1.5038290038860648e-06,5.016335595086864e-05
CCCCCCCCN1CCCC1=O,0.5851829506816866,377.97170177322806,162.8458904537365,138.3086817665577,0.0152094051010464,35.916357726209164,53.17834590122432,47.35865140327334,637.993178396295,5.891659015484008,1.089914617542181,0.9334409795648158,34.48207678618474,-1.7488370390558243,-6.350573220362782,38.76343390685976,9.101965000419618,1.951064266847596,45.50051459041893,0.6149285691833493,2.945043798467159,19913144.17344581,-13.502993016918891,149.34565038186676,134.59277759682712,8.32585133701998,13.845646855218412,69.22212457182552,0.0481285997829175,0.0070412934765541
CCCCCCCCN1CCCCCC1=O,0.8643763061704637,342.71988626978634,253.7436213896704,152.34883842348577,0.0029312407010607,52.62078168795086,76.70151985598535,64.38849997735262,712.1440878658533,5.189361180489561,0.5652533378279994,0.928602373396337,44.2781535703644,-3.592850733721182,-6.205153018346667,50.46793854202271,9.133560641579033,2.9812742527329923,107.94779290351867,0.5328519745230671,4.239981712542773,8153822.554004269,-4.662060576498504,191.2944391809705,176.62387578223888,7.833495928695679,17.034615758908608,80.67965338514819,1.2751618212865637e-05,0.0004208338770654
CCCCCCCCOC(=O)c1ccc(O)cc1,1.1931506355466843,343.358072053268,317.61906310381534,164.44027181635738,0.0005750884636459,60.168254770323486,88.38556773313724,78.06204193580747,768.8916800200224,5.31089752259574,0.4636909168697661,1.0370565377119183,46.75074008931684,-4.553203981350422,-6.057738488035321,56.870306074237824,9.207495133515,4.433760091050864,148.78243761674403,-0.9611902626889944,5.203223503194809,11089616.160015175,52.050447917512656,220.30047464758084,204.65116813262344,8.337632833983182,17.0603025032259,85.74367742077425,2.5691854505515373e-08,1.6877062991285695e-05
CCCCCCCC[C@@H](N)C(=O)N(C)[C@@H](C)C(=O)N[C@@H](C)C(=O)N1CCC[C@H]1C(=O)N[C@H](C(=O)O)C(C)C,2.204130007165909,408.7279546831497,353.35863069568154,229.5639326554978,0.0032345669827863,70.128709597207,120.53554426460326,93.81244311074182,697.7042188313842,8.98192514915889,3.866753485181773,1.1803815983549952,55.15388480408516,-10.638117548143864,-5.961551005741179,63.09942281869888,10.224696164048018,-0.3455457966804505,166.1665846431446,-0.3589464170497658,0.6494373916649816,14464004.575205186,144.62247328726173,199.11902311723028,226.2429235792206,6.010289204289049,8.232145843838268,109.04686400905754,2.750824882163526e-11,0.0223363423076615
CCCCCCCC[C@H](N)C(=O)N(C)[C@@H](C)C(=O)N[C@@H](C)C(=O)N1CCC[C@H]1C(=O)N[C@H](C(=O)O)C(C)C,2.205167068475723,408.23098245669127,353.8378182378149,229.41258974992456,0.0032286639034618,70.14500843019843,120.57207603451909,93.79613270769664,698.1862289914012,9.00838758702728,3.881153721646279,1.1803327476387024,55.16130554604509,-10.654290928120613,-5.963955640570104,63.17009409252167,10.227283305805027,-0.3426177761429549,166.4667422011995,-0.3544969685733319,0.6532508015471694,14382689.876036717,144.87207330034644,199.29524991127505,226.4414325383597,6.000997790031761,8.239828312951381,109.07068934803118,2.631558895831684e-11,0.0222554779469158
CCCCCCN1CCCC1=O,0.8736219796361924,339.6584453771651,210.9024059551895,135.4962612961364,0.015409775277162,38.58738230207503,58.1486653402409,49.66748468735814,683.8799024619341,9.626601198866377,2.146086549996584,0.9416044865423144,32.87168095332493,-3.860660324016135,-6.3578048255387545,44.68793278178692,9.181387819880248,2.064873926521829,80.7399846115601,0.5542558740448951,2.467023178933263,9882790.461603409,1.859242046847342,152.53133539759807,141.95587126211385,7.885315271004617,14.063364602424354,65.67665275902095,0.0004236250337472,0.0070969953868456
CCCCCCOC(=O)c1cccnc1,1.0738484312611225,350.0775961198759,263.4128534892583,155.5197673004079,0.0052367063300978,48.340152086095806,77.51753819434344,70.95617034825027,720.0494639262914,6.8390036628617255,1.208114322440011,1.0089191876982002,35.42139957414799,-4.775756586256862,-6.899320794631958,52.44967682555199,9.8237789801614,2.471237502510101,121.4316165247464,-1.463630524781719,3.43497107705164,7863776.004665304,2.1020025402319504,185.6584359162444,168.17717190762696,4.943226841818571,14.770141551736694,90.99826360507616,9.132158619015156e-07,0.0015344417298416
CCCCCC[C@@H](N)C(=O)N(C)[C@@H](C)C(=O)N[C@@H](C)C(=O)N1CCC[C@H]1C(=O)N[C@H](C(=O)O)C(C)C,2.280098713153839,391.08574878512206,363.3764913411021,219.1159589754215,0.0061157166589446,66.92630913808942,117.35685908349129,87.44623756529927,705.5630936125517,11.44083429014062,4.578492555162747,1.1857070274737476,50.50251641793606,-11.835511752859116,-6.020467901669264,64.5884998787117,10.268423184653969,-1.0740889875388144,174.7461127780914,-0.1212744980102777,-0.4195394966416363,13270860.240432978,155.881966170519,186.2479992684073,217.25301655167576,5.446933530672521,7.75929399528709,109.19593386229934,1.452189176664412e-11,0.0559084464137476
CCCCCC[C@H](N)C(=O)N(C)[C@@H](C)C(=O)N[C@@H](C)C(=O)N1CCC[C@H]1C(=O)N[C@H](C(=O)O)C(C)C,2.2810797783317565,390.7824165605265,363.8070099734199,218.9757293960864,0.0061564677431076,66.92380758253186,117.37908841956796,87.40432114728071,705.8724774144888,11.465490172779347,4.6030754212863565,1.1853518723361491,50.531861077192296,-11.85609197219658,-6.022119725426972,64.65167644891739,10.269313127291054,-1.0795228122437002,174.938654906826,-0.1167365001261235,-0.4192807363510133,13199936.756076872,156.07887969524504,186.35987944154303,217.4371852094921,5.4410524228953125,7.763892057846739,109.1650747298442,1.4159050723005142e-11,0.0568689843653153
CCCCCOC(C)=O,0.6108657141389848,360.2743678903639,150.52767138382077,151.42150352736354,0.0309658176397118,33.561276544097666,53.70038866056204,51.60570747463167,596.6041267576039,4.923230294558308,1.0112876370076092,0.882128294892013,24.72339093125712,-2.4000568434842826,-6.9167539223377705,38.59150687234402,9.84214423532881,1.7357903722292187,39.69758619919658,0.3065243600606917,2.290307629839003,8000725.210471642,-91.5504423363614,134.6244003005615,119.61893756368774,8.479708080026686,11.890340593723508,81.25582356731407,0.0047420173659663,0.0164908153546367
CCCCO,0.423900415462494,315.4073128633237,124.08501702137232,138.53730171830892,0.2199019661273977,28.007892045214174,45.64875936326624,33.632426631027464,567.1599722932398,15.713865924101464,1.671277296508425,0.810011625604868,15.685649816155587,-5.499253230190993,-7.178704522542477,47.07222213248253,10.19439377609253,0.2496416226363182,40.07620121657729,1.6444838264536856,0.9657607899054288,1015632.963972727,-77.1509333543396,94.66352483164756,87.83775622314597,15.623803566818712,8.88026056888495,52.43535179036973,0.0040373557084933,0.9711229848371076
CCCCOC(=O)c1ccc(N)cc1,1.434011361521721,353.73597834241866,305.567174923904,158.5183607629931,0.0036436473004436,53.37323884358734,80.35922276864679,66.74802554070234,761.159088902092,5.570733092420116,2.510080916531277,1.1141341793387531,37.1608430307766,-7.055050589129925,-5.490385780126512,55.20495804512978,8.687709818277956,2.3458755308163166,141.9963734533882,-0.4584380470848084,2.878763290508509,11692449.35780172,56.96936365191877,173.04207091538615,163.9431173918838,3.2833029664402007,14.00778200739345,68.03803471641423,2.2538529719024616e-08,0.0012239614481651
CCCCOC(=O)c1ccc(O)cc1,1.4575339447202684,321.27911509735225,332.50441895946744,151.44819964163662,0.0032820988962535,51.47562579260752,79.1793020625201,63.22280363966227,788.29914138093,8.396078986480374,2.240125472990808,1.1438616868523657,37.85864111741813,-7.933424816524505,-5.97897232032609,63.09024431146622,9.032542032065392,2.621607670889646,167.65803547282218,-0.7686156863719226,3.50028796982193,6771859.838653118,70.08321275419712,178.98332873207093,178.3474936637794,8.234852357454479,14.992317151697764,80.47417907474568,5.358334775090285e-09,0.0006921115850203
CCCCOC(=O)c1ccccc1C(=O)OCCCC,1.381186415189743,346.017155237261,326.85310234924793,179.53011596338752,0.0030590835591665,62.084559419844,94.48344911931798,83.00199324590444,761.3036746499777,5.948058043712232,0.9518063247250378,1.041367570678249,50.10133203645821,-5.443011842134714,-6.919549491701483,63.04966335158348,9.777462344474944,3.6154153620463614,168.28259969617366,-1.0746491815254091,4.828215787472248,2266069.4626456965,-75.44849828896164,215.4507419648128,201.9906708583557,6.384631591395393,19.267923849600507,98.74157124639405,4.3611230841178943e-08,8.093821353684407e-05
CCCCOC(=O)c1cccnc1,1.0859395270290375,352.9341402572155,240.8925239294657,147.4350917847562,0.0165119256971186,42.09582810809225,69.61693338957846,63.5487893013382,704.999376430285,8.564262622368311,1.8772066395727,1.0309413239989875,28.43973034889404,-5.445921744562745,-6.91109228472805,50.1873081072855,9.75308717416361,1.6436864474564792,108.94663682559964,-1.424031925091073,2.257610229608536,7266090.558125233,-7.068826477153294,157.90662097974365,142.73010761447006,4.2678951282655,13.25185943188054,78.78310479375602,4.414143702431563e-06,0.0147896762250486
CCCCOC(C)O,0.5437768051567079,335.3029324760175,151.42938577898383,141.26735860889914,0.0945436952158614,33.50908684249997,53.74178383353383,41.54404939260364,595.3535479806661,9.97841499233968,1.609880461971263,0.8717777052680253,22.28865519386108,-5.315488670377254,-6.645368930759907,44.9447160650301,9.680545072590707,0.4438930690586569,46.58120768391251,1.562268355743885,0.9439242047021984,2950697.0057708644,-38.01419912161589,115.0125466444784,107.27842774051578,11.773602869158267,10.454783127366616,57.39957581916487,0.0022069736975057,0.5407081282432096
CCCCOCC(C)O,0.5537071365299226,331.1962845502901,173.010615719319,145.46199245871307,0.0551620245082814,39.76049507833064,62.17928060460032,49.558658970130686,613.1451142152116,7.3818538505638704,1.192164716434168,0.8749187533199787,26.283431786041582,-5.517618115756035,-6.51720872395742,46.21793863155604,9.53364050335318,0.5021084582802655,63.506750849768814,1.6147433293354507,1.1104626963151691,3311104.6160700065,-56.2186613763547,130.65222806798465,123.63480614332605,10.285231249700663,11.834169772191062,75.3958446601806,0.0004166636280943,0.3330848600270237
CCCCOCCO,0.5270857095899583,319.05328052959203,172.0302689422807,138.34636796506408,0.0993995519895825,36.13832007473439,57.496459183567765,44.50060752638459,620.5621763846264,10.667419243893,1.4957068903488575,0.8809180384867191,22.675085525171063,-5.931408280164719,-6.918685348613024,49.3708314109087,9.861864304495008,0.3374428242093326,67.36292980951725,1.4570357724416256,1.0721824411405323,1528930.3210495224,-59.46256038426876,119.7768219774512,112.29804719141949,11.336685033661007,11.714656150116554,64.06631792562726,0.0006305873193809,0.5291938082773177
CCCCOCCOCCO,0.8675025815429689,293.837393126626,233.4322036643383,141.36672441440106,0.0480333333868013,42.69487260575771,69.20289009498329,51.56038472368717,673.3593178104758,7.299862755578037,0.1629500903568997,0.91184707356745,30.47586919949693,-7.384129267792701,-6.579923025467157,53.107758018856046,9.383055265699626,0.5444259399449827,107.47068012114048,1.1287083712792394,0.6199017346221207,3747762.479809436,-55.77292300237059,132.06811066081167,129.35238048959576,8.860913953418017,13.019576772394707,84.99597558745748,2.997525837270953e-05,0.4464576371072463
CCCCOCCOCCOC(C)=O,1.0310490228759648,338.0236115801716,247.00423714000465,151.6027020240605,0.0334168616559736,43.33469307364404,71.16418883830399,56.67994614174009,678.9610784512461,6.150248993294335,0.833516214407899,0.9678514959356488,33.94293309549948,-6.739747579416036,-6.465424332136393,52.30337174345016,9.41624513403386,0.4483469134181739,110.27732661735534,0.4123689323151112,1.434913213870108,6704555.310071534,-33.3329984679842,148.29523228827662,148.9162613892903,7.522804670112759,12.841258001651491,95.12527986645073,1.7575720026702666e-05,0.1583204139698348
CCCCOP(=O)(O)OCCCC,1.100665528571844,303.5336788501215,265.61092340916395,155.21587492417933,0.0224373965773765,46.28115919927895,77.86022105582535,59.47011033383846,702.382106241703,7.992330229994823,2.046870790351229,1.026767998927772,32.95902639930908,-7.246388158270359,-7.373010989374637,56.41708172906876,10.403864035642147,0.3818872496783734,129.2923378625107,0.9642937807095052,1.8506855647493967,2341046.2149491087,5.04372461049438,167.70850980775597,158.28902614455583,4.214422034356772,13.841409947941523,81.14144065591765,1.0076845124616754e-06,0.0813578035004274
CCCC[C@@H](C)[C@@H](OC(=O)C[C@@H](CC(=O)O)C(=O)O)[C@H](C[C@@H](C)C[C@H](O)CCCC[C@@H](O)C[C@H](O)[C@H](C)N)OC(=O)C[C@@H](CC(=O)O)C(=O)O,2.346267853302002,411.06994132657377,386.395665825963,249.56622379829764,0.0021247144702574,78.87166593909085,136.69297264062405,103.84096555089772,700.5256232205033,7.911102608461307,2.456477541891468,1.1396891312184034,62.00866513350754,-12.006752081624985,-5.866664334181428,68.30554645404816,10.30924334673196,-0.8577430892097948,186.91547031461715,-0.7708545317986609,0.5383321283326148,14913271.183587063,159.77541959602357,208.64488698133192,247.8215202752433,7.141117688492567,7.430632432912786,134.44559384128726,1.2816370312010769e-12,0.0343646196425966
CCCCc1ccc(O)cc1,0.8728352623047829,313.23129008613586,252.7239227950037,138.39689891070128,0.0037577862579952,45.54893975102961,64.64038753890335,53.537472083220486,733.9497206115245,5.605717226202547,0.4417662799323313,0.9898822969548404,34.535607145373184,-4.909132212064981,-5.664921091694806,52.40001593043328,8.55276610531211,3.3143095274186134,111.57835237079144,0.1874498267769813,3.6535392603131536,8863124.906863559,21.92184047142267,163.4638042773255,151.0681187139492,10.043875102823256,15.994694234582862,64.30682705035821,3.6328324552513455e-06,0.0011637427933408
CCCOC(=O)c1ccc(N)cc1,1.415305173939705,349.17906027994155,293.3106812334609,151.8728588405943,0.0052934927778224,48.93005883769885,74.53164940280081,60.2965950137794,757.8560636056422,5.682077338431607,2.6602477106397884,1.152725039758414,32.890285054156635,-7.3817359099907875,-5.463899395629942,54.50421456847191,8.646461408178807,1.8931203093019875,136.76528856344697,-0.4425371641123297,2.373506021587521,13823869.575962571,71.44232693902583,157.67905868799338,147.53067973657997,2.3712812069361204,13.104759512949716,62.89979120426201,4.3162409986906966e-08,0.0033245660278173
CCCOC(=O)c1ccc(O)cc1,1.4426873228969574,318.1709579708338,323.6504395515895,144.64186604112626,0.0048085741174899,46.7173087912181,73.23843678202182,55.95529327623487,785.6751746044636,8.822430535747795,2.4330251471928968,1.1849359487541318,33.43158274088852,-8.49672767164898,-5.942557710421502,63.1173774655056,9.011230152320266,2.0771453858798745,164.3785018647432,-0.7375915413647891,3.0162074537177084,8250825.587829775,94.60545193272353,162.66631412289598,162.96735087278788,8.30624844782132,13.723459469114456,75.13257112269697,8.13395035831745e-09,0.001906448984406
CCCOC(C)O,0.4983578327836991,335.52062366006373,130.65844929499448,139.11093033695698,0.1460265218978297,31.10439987514556,50.01905154499174,38.801112475224734,574.6442382181406,8.333185970648602,1.089351519227313,0.8701734798903464,18.81667763331236,-5.587549482945204,-6.629775839075684,43.16183446332097,9.640671626134962,0.0404414864253999,38.19234079042553,1.5527385708045958,0.3464697609395979,3185386.8786280504,-68.88355640736103,102.08821943321884,93.97198882472756,11.02371476817894,9.630121655120416,60.30991550209802,0.0035043145289692,1.7375211371531656
CCCOCCO,0.5687316593589784,337.5043339685059,143.90676155692458,134.23100199381355,0.2284141121853926,30.955956216168403,50.40266652278007,40.12094499383688,593.4745171371817,16.329687095606598,2.206019901375157,0.8880396419299841,18.02645431964897,-5.923824960566044,-6.817846345507025,44.51390068976402,9.76116938268453,0.0914350722837449,46.92606794401288,1.2805204912269113,0.1844241791566607,2274537.57337423,-68.02238500419139,101.58283171975454,96.26729464157496,12.116341405029178,9.794336693694875,57.95115500316,0.0035007139080554,1.704257215275404
CCCOc1ccc(O)cc1,1.1189039926829338,322.2560744005227,259.89415629267813,138.5722507377434,0.0075181921967243,42.664847792738975,62.584630468127735,47.529370457012654,735.2352348170757,7.492164745637666,1.3239514160205483,1.1065259410298764,30.027991785507048,-7.062706080632449,-5.268499474420309,54.2774165634346,8.323265102205278,2.1696558212851365,119.67035958480837,0.2931584958636759,2.354514941706896,13976515.152117478,63.86936804326535,139.14096449908212,137.02484466506786,10.091731188635707,12.808734290681818,66.3956313750613,1.0344872132738992e-06,0.009194704646596
CCC[N+](=O)[O-],0.9213319989504816,366.0119458170688,133.30795213980556,134.40585051084997,0.2086961638667068,22.057334279729723,41.21819133086324,44.5617882023871,619.6418843689955,23.58705184549265,3.2461972887045856,1.023727507775545,11.667992910314874,-3.296870992312193,-8.080844685311794,38.545641605073214,10.803568179155588,1.118821510227323,46.232997884085776,-1.5902944569931738,1.0466925825807452,3743673.8693759446,-89.89287364370585,97.82817338352996,84.43464013365623,8.491882621092081,9.46338273090833,53.0033001397016,0.0140401124409397,0.1051009820254329
CCCc1ccccc1,0.511389192718506,353.9933540780973,159.19226500349166,144.12157449376346,0.0067454986912516,36.13624999141305,50.841058226327306,49.89418445283175,634.3080268010706,2.5605828315473778,0.0685290527019808,0.8586935444629192,30.18516040801145,-0.6252455940990447,-6.1454330201188325,38.03695273648858,8.892584960449934,3.4047566951507333,37.79564648213267,0.0507214720058439,3.7632987413678167,14934776.777311208,-73.54345785987616,146.01041550633525,120.71156659511166,8.152640509147227,15.082139486117285,57.037766824056526,0.0033175284710664,0.0004618777750159
CCN,0.3273566914501191,389.8251419265008,20.747480245041857,137.50525420970678,0.5009489475070967,20.88080168649077,31.02228003938795,28.27643886027336,457.5573617043972,6.572262703863564,1.4491719353600474,0.6915150056374073,9.885071447553711,-4.353315187189699,-5.8559380014106335,28.1524310512352,9.019448938218355,-0.8997601550829408,-48.00254265158652,1.5297044703161715,-0.3343166169955733,7428694.200040647,-90.22504914753917,64.51548873764885,55.729031368091775,10.698990259263397,5.765507516845588,46.526671287234805,0.6780955244828759,10.327945857936136
CCN(C)C,0.1782959593715669,412.4231057339031,38.55181923497915,143.94674666069986,0.2174913508636447,29.94574080417037,40.69599945158244,37.56835232615471,477.03713756439686,2.277407271150221,0.5292430936474612,0.6631476665539742,18.200945979514447,-2.557993599199296,-5.572860669545934,28.00133310778618,8.42527258729577,-0.2382276626259085,-45.21007450294495,2.038764397866726,0.9171583376365898,7248270.020477827,-143.37556207704307,87.39273662258653,73.54055724826516,9.979079557798984,9.286645497452229,47.58952242649282,1.1367260220890976,1.4437709373107337
CCN(CC)C(=O)N1CCN(C)CC1,1.2385570654335023,348.268966617434,252.48712785676892,145.88809608844042,0.0464265145904767,43.60908974762738,71.08604213971078,50.21256184920788,687.528396726036,9.604157797401474,2.5947683827989017,1.0719964023338966,30.83064748239964,-8.880883823220254,-5.690556708922136,52.77140451120377,8.872228192012312,-0.5646778231602907,112.46566726850509,1.0370255461478233,0.1673090160636898,10526530.875367144,51.18163991805792,132.77666614672577,138.33794522951771,6.855339331024058,10.63374435138406,74.35530029535789,2.14753003599508e-06,0.780087197305786
CCN(CC)C(=O)c1cccc(C)c1,1.3903269745292663,339.46918805312754,280.7492002683901,142.22470939693451,0.0256301504130799,45.50582694684565,68.68900707428546,59.23178437226236,745.8222735521794,9.31300825643108,2.3076879232921907,0.9976810650262832,36.88716292578124,-6.543188201194287,-6.056854669073462,52.76573177359104,8.758835613130332,1.969981821758412,123.80440642866613,-0.3337660020804407,2.174308352807641,4568434.836730788,-32.39571309868455,156.4598902916299,148.26774672370226,4.703147346680641,16.310819115625904,55.88216698370857,2.0108603584166048e-06,0.013245136236603
CCN(CC)CC,0.0969517865600587,395.1129952780109,83.06908521444322,133.20118835427763,0.1560183631789616,35.22432051288128,45.40816872386933,38.652854514780046,537.1201639053584,2.4541047830898672,0.6388975838311657,0.691783214365363,25.523603208157905,-3.000700009677828,-5.228856691827416,32.79307622839928,7.774024274053574,0.0015195203363895,-16.379682535200118,2.5265552673196794,1.5382629445283114,5693363.343147122,-134.038448092916,106.8654088957998,93.61286126139616,10.141941460301757,12.963227169598948,52.961209177765184,0.5622289986004416,1.154921803024029
CCN(CC)CC(=O)Nc1c(C)cccc1C,1.420781992143631,348.7371150084019,294.01033243875025,159.83435440335273,0.0083637684783908,47.88894153165489,76.83205736124813,58.93807977420986,723.6268546996594,6.726052570379707,2.298678690861672,1.0936495368325114,40.4416722483933,-7.858905378304959,-5.751889342968226,55.99750598532677,9.051108386585714,1.2635193477967384,129.45223014980792,0.0931303740173576,2.3428609742809834,12036724.312981782,78.41581302640557,165.9809514675081,168.7573796762152,7.845528732866675,12.027538616435317,74.24764560373549,8.112942969988873e-08,0.0291305699009041
CCN/C(CC)=N/N=C(\CC)NCC,0.9103428794445992,394.3577077376401,239.0646780303091,154.42591263364437,0.0245573573154669,52.60789883048769,79.56616366924465,61.41942359310747,673.3930746684551,9.476651960925809,2.764646752149982,0.918837462311089,32.97044818622858,-7.904491902181626,-5.223120339076817,54.101143978405,8.396722719218731,-0.2857091235148905,97.3197297094512,0.2704342121279237,1.5543593025231957,7861446.562272155,69.33907739337684,143.4217493718701,147.48092055545504,10.183342723726511,11.085885518768686,69.22183940876145,3.938494124992948e-06,0.1283605607638561
CCNCC,0.2011895571174623,409.03875705985246,56.3306894161725,136.87719916387084,0.218647660865744,29.726031699545384,41.375437002773886,34.65568424994945,499.4255392488241,3.8473211580977735,1.0588884862978096,0.7009495716618299,17.684691059536362,-4.061978146932751,-5.378719766831875,32.50315417102337,8.28606667990923,-0.904550465129018,-30.65742192751884,1.752697997846603,0.5170393083078859,8451936.152697219,-56.31207546520233,86.05130692291432,75.67234564599882,10.822059041993498,8.429232781892015,46.55639614714455,0.3105989812966536,3.666736044106076
CCNc1nc(Cl)nc(NC(C)C)n1,1.260530732506752,352.0436383163285,290.3600045950091,152.05775287377122,0.0011046040053763,52.95993469241168,82.13558269694283,69.34324267919362,761.1124939138413,8.41844447428538,3.260798687444408,1.1875751698293686,28.74728875560605,-6.712903984410286,-5.855616312275856,54.74100227979661,9.311861579251886,2.054625722457646,146.42981875281333,-1.2670374484021962,2.4261904936964216,28591257.07901404,160.4107581116343,174.15883991823878,161.32004215454097,2.3125081357871293,11.567508272526512,83.70742518686882,8.79051977711761e-10,8.129297596944908e-05
CCNc1nc(Cl)nc(NCC)n1,1.362123656863213,337.74379103799936,334.2321937592721,143.5293302995634,0.0009463040142712,56.758327536293045,86.38767247045175,64.44436764638543,802.1222827839374,10.552567794398731,3.281316715322099,1.2696705853638053,25.791252915548466,-9.222593272408009,-5.610201583864883,64.18081741194726,9.205150332078338,1.3623842140752078,180.9016664152765,-0.991923171454668,2.0707789769280254,19062985.64011285,233.16818269943835,162.13869368376317,154.02968609358186,4.096553113859772,11.18362355452951,72.47601764045184,2.2843211230747742e-11,4.643534823739377e-05
CCO,0.507416946882248,330.237405561173,71.16491384513856,139.04896115434173,0.887100095952075,17.883751280171275,32.2181539632851,25.92404973181725,501.8940932860136,22.158808785770105,2.0766228201835046,0.7835176097545624,7.86156337291818,-5.870641828295708,-7.16451616666913,39.20995490177244,10.417812490979436,-0.5300941495007274,9.50051243869543,1.3201691786670682,-0.6157385136597158,1643603.823131916,-128.24074857581616,63.05282166747874,58.06055742339643,15.393768944066048,5.473639859846879,52.31716793270094,0.0465046315724638,8.282826402531764
CCOC(=O)/C=C\C(=O)OCC,1.1080052397670743,376.252758549236,224.43630462098628,141.61387031115532,0.0345389947329266,35.273665693810585,61.076028478332766,56.54614535983503,688.9568531681299,10.943657224219892,1.8302466070037544,1.0462404381777644,23.73468474918217,-5.359812300495148,-6.929650507742881,49.4981104817152,9.754288982471378,1.0299401576673983,98.46828972826005,-1.92672036972642,1.6348870682024956,10285367.51595094,6.740473315080408,135.2920424303082,125.51749548140891,6.505242851971678,11.292218870012096,71.26882279415038,5.855914600156007e-05,0.0186170533596744
CCOC(=O)C1(c2ccccc2)CCN(C)CC1,1.2910699870767597,370.5758793970239,297.4821848120856,162.6408489155567,0.0037166374094987,54.56576429791943,87.14054374519318,62.02334685342908,718.373774361205,6.919353395253723,2.25480136246296,1.0668123786837271,43.79966044185255,-8.859913646484852,-5.380314785051613,60.08798368247986,8.930878180103303,0.5081199465024473,133.1929438224983,-0.0375217288899423,2.1012130983763484,19687383.73695255,188.8174938756896,166.73825836373118,171.80774003127567,9.09396444806236,10.27195684950528,75.27867246993127,1.0918338187582776e-08,0.0164160447118128
CCOC(=O)CC(SP(=S)(OC)OC)C(=O)OCC,1.6696108382167818,328.40292856461286,334.52710295559643,165.29024865407467,0.0053390156282338,53.63307717105347,84.62450180870042,69.83633985796153,773.1283062598943,10.030635363455438,2.102166839705772,1.2199591252633928,35.09105402361523,-7.527902573773861,-6.515267041918039,60.55088909047127,9.634232203617096,2.518944683808237,174.77971571487427,-0.5895164400064947,2.455966768578291,5386593.964408237,-2.7497779807782194,173.44900975242945,175.10170714647325,6.540809959703601,14.606676531645384,92.75561716258528,4.999678271810698e-09,0.0003555809081891
CCOC(=O)c1ccc(N)cc1,1.4138558289709091,345.81173312640783,279.3319249048191,141.2764871355772,0.0096505076149773,41.64811112657249,63.83874488628626,51.67247393455744,754.7459202237368,6.756466875651796,2.851316461605464,1.1907472005547284,27.58899134791408,-7.432713102292061,-5.458096057545871,52.77147561231613,8.512923359835149,1.672634561198801,127.605886255486,-0.4986002998548746,1.8161433218427967,17369744.770189483,71.40474381936014,138.46072978318722,130.44104595509714,2.656841095846176,12.388075548529365,60.687712971262265,2.169589038522079e-07,0.0092198236986265
CCOC(=O)c1ccc(O)cc1,1.386668371767044,305.2527554336047,309.8656919305575,128.2023823245907,0.0082605828197551,38.25945725622266,61.0064888782087,43.85350686899662,791.4142441303968,10.28550282446237,2.30021595060515,1.250844849576056,27.05617553521169,-8.725932807711601,-6.035038835528851,62.44369765770912,8.978105770331027,1.781316462780759,159.1975346079254,-0.7826695603555442,2.482421894528687,10186599.722881416,119.21462176272064,141.54480577825416,139.96909705303642,8.315975362359762,12.96546577504064,65.90828425987802,3.330204193773269e-08,0.004578583568905
CCOC(=O)c1ccccc1C(=O)OCC,1.3816384504380226,354.968810056094,289.1435212609828,158.85827427791477,0.0153663701285428,46.093069265195126,74.56305484765575,65.23618507872165,734.6780268047332,7.694088646347626,1.6217382516368102,1.0942796354113593,35.68937394437343,-6.29472737206769,-6.66110598298502,55.74336798665047,9.54275209095955,2.056723907458242,136.42140670210836,-1.1530797490140796,2.5735156842263343,5493377.323405224,-31.30004231202841,165.81357145075083,160.1035827390959,6.709607337994419,14.55771445440016,76.8595099089085,9.855224453737227e-07,0.0053742595123853
CCOC(=O)c1cccnc1,1.1398671601953507,350.7079419817519,224.43539827797144,134.64186843021872,0.0411911292331357,33.92326085276723,59.09221523974598,51.72240931921244,701.1602204336285,10.124260099208,2.1800468228714585,1.0984973591494265,21.10216216962481,-6.334475761715889,-6.92449033901465,48.670766626687055,9.724769072381706,0.6619887812238934,101.50748727154016,-1.449766397632957,1.2547887902595996,9017395.376904866,16.69686924113691,129.576721081246,116.58682171247035,3.0946084257190227,11.383330998586532,65.83156361458059,1.6002510113153677e-05,0.1119080580438696
CCOC=O,0.5424089054288865,390.5997585107064,50.70437419251323,144.62893166344645,0.2771710735515311,16.545194101272223,31.122792113304143,34.45951092877626,505.71480303035975,7.585663449844465,1.7766234918805317,0.9233324805486798,10.02358681481955,-2.489787255070686,-7.424846963890791,29.170344470648764,10.535878335185052,0.1814538711303472,-22.69258968358517,-0.0521745323807003,0.429173921803951,7740136.81237774,-99.38083505631688,79.32527473447217,65.09206841954557,7.693702934019148,6.999457175030637,50.44672206430398,0.6074874290869461,1.1145005976399445
CCOCC,0.2540615580024721,402.11224289807024,33.931236943179385,149.38641778206113,0.164496174376251,24.823297498750687,37.17607813405038,38.17637461313009,468.6477762469768,4.426260293020169,1.3700140121553763,0.7182001838986873,15.99469136682125,-1.6776551504342554,-6.451909210201501,26.779129225234986,9.562471694959402,0.4661276829570533,-49.56004383215426,1.584566243290901,1.0032692124450209,6895670.514671513,-116.65315048358916,90.68094030805098,75.72366778493499,10.378117582549333,8.218629225346648,48.54918523036904,0.9313265884033912,0.5217013270024303
CCOCCC(=O)OCC,0.6842308022918702,342.2471794089365,172.0621876071334,142.33950544617178,0.059013369758381,31.57342617636561,52.445193776851006,44.04686886733294,624.3777598422904,4.536518587332527,0.2711433871559245,0.9336217032770514,23.385115461472445,-4.4165437320071455,-6.807047861536383,44.862101016280654,9.570789368415175,0.8450565888902546,62.83112275095701,0.2650188955914971,1.4362961706984043,7072383.602488228,-89.19753799573184,117.64381091594636,107.67978482301667,9.01451688634175,11.870176573128472,75.85582868971065,0.0033142339954535,0.1599753597602307
CCOCCO,0.8250780468287469,345.57686685637,130.2508058483279,135.80060527243853,0.4169123206488707,26.09996607022941,43.440387187233576,37.62973942795992,580.2625312855124,27.68563513159908,3.058546167939729,0.912256773257017,14.770372562445225,-5.929838369418144,-6.692308347670197,39.92219999331444,9.674280439163446,0.5111236237528922,33.16698743494034,1.0775629128956794,-0.3569949992444516,3163993.970262712,-83.05629025321483,86.49727909928018,84.46394741524462,14.012841862683771,8.227723286501101,52.01233862913477,0.0111263808960985,3.2988349028842343
CCOCCOC(C)=O,0.8446727481784821,356.7917858068347,157.66373175964654,142.45641815529586,0.1186468990410038,29.073316235197783,50.29461996752919,44.24144976088524,604.0124361478597,7.350118270985797,1.2889208170358382,0.9571984148794116,19.788821367262912,-5.223660576677561,-6.705037346292615,40.89830368624926,9.623882184362412,0.2041035875529051,50.688806131932736,0.1888483553123472,0.3934501318777796,8975834.361017698,-68.24785633123756,108.84923484964138,102.18610533604668,7.817331433798552,9.806743164271778,76.84677149302196,0.0024037067666947,0.8546664716520079
CCOCCOCCO,0.85762921733284,317.89823377007366,191.34304754429888,137.77058131858348,0.1595934194222242,34.015234507222175,57.254788078618354,42.29551795286059,632.7220221362114,10.482186798711563,0.9480445920549292,0.976466294960916,21.74462743178677,-7.526764319747448,-6.524589379572034,47.88664174440384,9.471940340117811,-0.3297920887035133,79.73394186755537,1.4031843545794485,-0.4343617842910292,4160678.283788253,-57.52610801608802,107.3098258151628,106.5962412251302,9.805981452008366,10.415742758048092,74.14525540198889,0.0003427510294629,3.4943346133890576
CCOP(=S)(OCC)Oc1cc(C)nc(C(C)C)n1,1.5155084717454912,369.7748172215879,314.4043727353311,171.57907959622622,0.0044432825063746,54.16606208618609,84.3285883244548,74.56453761368095,750.4404395086526,6.890842996655285,2.7185186235533982,1.1150071230014265,41.71387429826209,-6.063305985764027,-6.355899760375738,56.80615347967148,9.452313769387008,2.617325808562488,145.75598877801897,-0.9834057589405776,3.691521483620644,6647734.263059249,6.434735554196834,189.8871961934026,182.6380393159745,5.593308438176393,15.247845549528249,78.1466037386371,4.763471870377624e-08,0.0003102085871529
CCOP(=S)(OCC)Oc1ccc([N+](=O)[O-])cc1,1.873795230669021,369.7270260293674,357.5554776770985,159.2621805574608,0.0047563321437051,51.58423264030531,79.97834688876033,71.4761716899711,814.8563095868826,12.313983849271407,3.584511755740874,1.264405394632697,36.41190301815293,-6.535876614541531,-6.628358492473364,61.47375405809403,9.517347473489645,3.415423522612155,176.22562882977007,-2.0207475245010853,3.977310405012727,4836990.190842637,26.778874576247333,176.86552716259138,172.8094063887437,7.804299704333871,16.4384577644801,58.7885630286607,1.1079513056817421e-08,4.379535137422909e-05
CCOP(=S)(OCC)Oc1nc(Cl)c(Cl)cc1Cl,1.643807585972786,367.0133462779045,352.86567129993915,155.2900097301507,0.0021682223233144,51.6333335046906,76.6630194412069,68.45810358188331,833.3078672671079,7.152160519497454,2.5782656336434933,1.4124536373069283,33.60299457065633,-5.280375779010535,-6.765989707525373,60.69605493884087,9.602555010855497,3.656896101615131,181.8885671248865,-1.5394773726478592,4.833335072593212,5438326.336292791,31.530683615473507,183.8344547248363,168.71136636481393,4.993277671065807,19.4905129394274,55.34958321748808,3.114980474955744e-08,4.246682505251221e-06
CCOc1ccc2ccc(=O)oc2c1,1.6186978927555085,358.47340049687267,318.98619318750264,147.02134338146925,0.0050083142877995,46.34069499228298,73.18090264538557,61.28806797398448,779.8322466950655,10.920416939959177,3.863634749496812,1.2023664554208515,31.25710663126125,-7.419339533950328,-5.857042167363971,57.20413064459801,8.972131309939028,2.1012573130805885,152.5379116155815,-1.575214125893265,2.420775146641761,18525650.07321488,101.35624002653584,155.90849248981164,154.49330256611148,5.980600469711453,12.276991228605134,70.55872035458708,1.4871664469870578e-08,0.0005376907183251
CCc1ccc(O)cc1,0.8305444264473916,323.5424923824918,215.79739642033965,125.42783420843126,0.0148580190252544,35.24719714626014,51.18162986335189,40.32983316147685,710.4065936242104,7.319229059746968,0.8868621664826707,1.009491170253828,25.17342904178903,-5.829075852256298,-5.56432757941404,50.41703499337196,8.366157886680366,2.107570067271032,89.64302957499862,-0.0111978161734342,2.4665066115456225,9922799.027337348,44.0677286578846,126.57114040946064,116.7156670111054,9.868721302218914,12.95313903029393,51.35520125291104,3.87894805517797e-05,0.0254843070174069
CCc1cccc2c3c([nH]c12)C(CC)(CC(=O)O)OCC3,1.6659892964782714,356.1386637603354,383.2179588127005,163.5857100313282,0.0019490412244869,64.23272753790854,98.20294131927224,69.19124202234984,806.1118344852448,5.599182210307052,2.738345316664206,1.1999783017214238,41.09673031541371,-10.489677125713824,-5.298150104008793,69.70934742538452,8.871598651764394,0.3463009082728625,200.3388651605988,-0.1116967222648861,2.534404244228184,10907682.92400626,175.8760543561119,178.05856076490144,186.54163856100112,5.142420851216793,12.733551087211293,75.50724597083872,1.910499522221456e-11,0.0003698805480584
CCc1ccccc1,0.5081186787548067,377.9935161530358,137.87919288986683,144.896499536047,0.0159967881746991,32.00221861350775,45.95921662020624,46.24406019645333,611.8106586927161,2.753174070424759,0.3271536388849293,0.8769854959800243,26.646954312847065,-0.7383192633545397,-6.126086698607326,35.78419700980902,8.90062748233974,2.697032366714776,21.960652617554665,0.0292109734368322,3.254036629515648,14008861.58331355,-81.23365275190591,131.64180217222798,109.52813475426971,7.8543260610238015,13.6915442090665,52.27133984712723,0.0109251335017317,0.0018385080185729
CN(C)C,0.1497943328323365,426.65007811207056,0.1006899530029272,145.68469679423333,0.3452766185403149,25.794156742330788,35.32945524309934,34.23337146191001,432.89281214404105,2.428821648757073,0.5858058734250596,0.6227342914078235,14.26065631823528,-2.627167390515208,-5.492881007538557,22.93842165615082,8.533659522482157,-0.6575852279925347,-74.55626817651749,2.1292818533349034,0.0399997156322,8793472.77576689,-129.9151024413681,74.1443121381823,60.8565443949979,9.27645074595052,7.348935431606627,40.32278150190248,4.581867002416557,6.199546413840047
CN(C)C(=O)CCC(=O)OCC(=O)[C@@]1(O)CC[C@H]2[C@@H]3CCC4=CC(=O)CC[C@]4(C)[C@H]3[C@@H](O)C[C@@]21C,2.665126497692108,373.06018890596624,411.5813307319737,208.9830677008778,0.0009466856780343,64.30355782352328,108.5364576164706,85.57166273386062,771.4484790829182,11.503837350465776,4.321322298489849,1.2612967997342348,58.26892536417295,-10.429675008674144,-5.91057351465106,64.94754756868363,10.035753082655669,1.8896864126047488,191.32142766952035,-1.0166791013735534,2.004001870987758,18010650.992504675,202.11193149772288,205.68709003901887,231.1166081509257,7.083953085442438,9.15397799639855,81.09723037161152,5.376522865782913e-13,0.0004388872923651
CN(C)C(=S)SSC(=S)N(C)C,1.9499729511203765,419.3511757564163,335.5241486751628,153.82851468287947,0.0078594075095815,49.76256361996204,79.0407644031179,65.48546143764139,789.9882241217852,14.846836939845602,6.5430046380212215,1.398600005051136,34.59281138844096,-8.492565529409886,-5.465655030511201,56.74793944392205,8.626580062437059,1.494055157724619,151.53983523046014,-1.6623843984870428,1.6623581237836031,27053285.320179872,137.8647539140737,149.12422874450058,154.5949299499768,5.071537479465335,11.747529956462628,57.576283575596655,7.358204996484541e-09,0.0023487407729422
CN(C)C=O,1.1266488818141225,355.8913425220561,154.51074966982335,121.66202737810136,0.9063025123859022,23.730241875930428,40.62073835469485,34.72341157283783,618.6972235133037,36.97825977588502,4.08406865802186,0.9310163288916647,11.698110860795678,-7.6631082728581426,-6.447956942581534,40.64928082683146,9.18670033721745,-0.4994475089061261,45.502666435109376,0.0138271595478056,-0.8838073117508893,4538472.854261782,-54.96703748851897,77.53778357468217,73.96090481302423,7.539885402723581,7.787410975121554,49.21712985393549,0.0059546904931928,20.925210009624024
CN(C)CCC(c1ccc(Cl)cc1)c1ccccn1,1.5620191259326934,381.23395781246006,339.61771815505267,166.42912198771478,0.0042760763201358,54.53652310332542,86.41927150961877,66.3976963790071,758.352490531826,7.021007244254606,2.696478630678974,1.1431813760807514,46.17913187867368,-8.704766506691456,-5.645062346982455,63.41127552940369,9.024527919359208,1.1463592078781129,157.27023243330478,-0.8028246371752025,3.281365579816818,12117457.960639866,141.2300660378176,179.56988729648523,188.13438958178787,9.539944731087566,12.191163500701965,70.1910449058526,5.9688834451816345e-09,0.0057668163108609
CN(C)c1ccccc1,0.7117151522817613,364.7059846078396,184.39155284354368,120.97578831667902,0.0283100595025362,36.38582656305611,48.40645278366328,41.99253893838644,689.6939103384018,4.519314211118077,1.037398498374643,0.9103188514918088,27.77350307165429,-3.974658420133114,-5.097964197524309,42.713711420972345,7.51679372939229,1.6899278880909088,61.2674628243044,0.1056914366430041,2.313350227364332,14637338.227307076,-28.026878815337422,121.39029973115332,107.1526707259547,5.0802988403791485,15.21510448362691,47.122232080335735,0.0018928233065298,0.0250329032313806
CN(CC=CC#CC(C)(C)C)Cc1cccc2ccccc12,1.4711556106987,424.1792662001193,328.1652134217453,187.90563054474416,0.000610299790736,62.23788879506856,94.88525542209268,80.48082767795951,743.5510057515978,2.83738221494846,1.2203595753891106,1.1219883810896576,56.67969914215055,-5.255348968485952,-5.453717017193139,56.93845972230912,8.945351433842184,2.688427689379752,139.3979909418726,-1.0793424063089492,5.378479204509974,31969250.685564507,117.57324385939124,214.3011037905708,209.16478082619608,7.373013106241777,13.526544697563564,75.67160545591378,1.8289098833211213e-08,6.99154337283874e-05
CN(Cc1cnc2nc(N)nc(N)c2n1)c1ccc(C(=O)N[C@@H](CCC(=O)O)C(=O)O)cc1,2.7077330805244446,412.1591994243509,435.2214470865965,197.1398118179056,0.0144625235003707,68.63750835867226,120.43399619950354,84.40407415964545,778.9822918289423,16.050815840891083,5.22540873293682,1.299028326981306,38.10828028089131,-15.78323424414158,-5.558693632367461,75.83104978027345,9.600132787586151,-2.988075006864072,226.92374762540817,-1.6255840934618937,-1.6333657186355597,12266782.160507852,211.88250175477864,151.17566439801672,188.1423055883727,4.458318506841838,7.1336031166607965,103.05532053436588,1.9989313316984932e-14,0.0283366427348009
CN/C(=C\[N+](=O)[O-])NCCSCc1ccc(CN(C)C)o1,1.740293088573456,420.21966934005377,300.18717979054094,168.21763754017354,0.0579706597526936,50.49609254342399,85.9762937137869,65.87192985951066,698.5673866636992,15.636859189007255,5.197544490387848,1.1722646166834234,32.12139553694105,-10.744863688927651,-5.641287060140239,59.14464967416764,9.09482576349914,-1.016343592814803,129.57379619595525,-0.8889194001030923,-0.0332025030081275,10587332.738369428,96.3776380470255,138.4860710340247,152.52881697678063,8.362128380661488,8.665508940126847,75.09743983500401,3.466168505061799e-08,1.0830279971053691
CN1C(C(=O)Nc2ccccn2)=C(O)c2ccccc2S1(=O)=O,2.4445635603370666,409.4545072943574,422.80288330434325,172.67646088035823,0.0023680757765048,60.18359231759205,97.41391369061202,73.47396306602597,828.8354115662813,10.42759408077885,5.902806904448379,1.4574509092427492,35.98076742849681,-10.9703681247015,-5.638965595522548,69.17232395555496,9.32887868024111,0.7343325568902495,213.5377512286472,-1.588118987699412,2.2080719636314807,17833809.949609414,206.08499945250395,166.7883858763557,181.5606350310805,5.588625466017306,10.647733000098274,68.28949123473097,2.402657375558424e-12,0.0001192939440058
CN1C2CC(OC(=O)C(CO)c3ccccc3)CC1C1OC12,1.407863676423073,383.1079213420141,272.04719577320753,172.3383192924428,0.0137461499511608,47.766988547009525,82.1797666744642,62.35261075344801,679.9392848691881,7.330023255513422,1.9621758598187145,1.1298047308023422,36.065266111399175,-9.054991782299044,-5.841589009883612,57.0508544216156,9.396827638556958,-0.0611027041816711,120.62033417563438,-0.4003826558429004,0.9981271777700184,14212246.571860874,119.7733669706124,152.04712387256376,157.91247309238287,7.696901145002574,9.089681374161511,79.9813634381506,6.70684707518063e-08,0.3318910962451277
CN1C2CCC1CC(OC(=O)C(CO)c1ccccc1)C2,1.6085691068830492,377.65257251071694,341.2790049993539,169.79864458248855,0.0105572916978136,57.19229333784006,92.81958530878498,66.60630931224347,737.4604626749039,9.170332761345382,2.92818207297828,1.0664993042832538,43.25991525461461,-10.154004455327987,-5.636467645110168,65.18914268476486,9.104739297884704,-0.36434326939106,163.5082414695835,-0.1217217043715717,1.6891061025825589,8571484.924599677,126.77073659504669,163.57922300681017,183.47146398269263,9.695590380953728,10.856173644824304,81.89442933803085,4.4928816132810006e-09,0.0230707900959927
CN1CCC23c4c5ccc(O)c4OC2C(=O)CCC3C1C5,1.7777886487426755,370.46763190211294,344.37981536311867,166.35792775321485,0.001629504119693,56.63866267596018,91.65335371532802,66.25274614630581,763.6601383302211,10.10533996811939,3.286888286268734,1.2577827456004025,39.70626229206805,-10.160533836013318,-5.318632004499316,63.196231830987934,9.138876063369514,0.8785500175923111,162.3808393239975,-0.7037510155552626,1.6216591557229756,24173668.80110667,275.82365671168566,166.9806735265769,176.83529997674972,7.974765897825092,9.149237577998104,63.3081429369919,4.6214173529621587e-11,0.0021674894619859
CN1CCC23c4c5ccc(O)c4OC2C(O)C=CC3C1C5,1.3420130345048906,375.0457177529252,304.1212100987375,158.9173580463195,0.0052756008404496,54.99787348580472,88.06233390563533,59.935720933995846,726.4672964285016,9.216170514318344,2.497656935776047,1.154988501876265,35.62459339755368,-10.114786930128098,-5.357818785431682,62.72449857352257,9.06727702416122,-0.2579828128135202,143.14700413509368,0.0519229409480093,0.9262197773226498,13924767.505814966,241.57561504141333,153.2475894664673,160.35409090764855,8.962686976337611,9.25357575661268,57.18125231991328,5.358579836314414e-09,0.0167144333162047
CN1CCCC1c1cccnc1,0.9536956997456552,379.3707479073352,220.99048823331296,138.07287758157491,0.0775647265494529,41.05566532681018,64.00470491837949,53.371463961192966,687.5753737585902,7.794561200569429,1.8743416096704044,0.9755172197566628,31.920745653716743,-6.771291512858152,-5.782584123297751,49.556789098596575,8.372386305205822,0.2024870141285659,88.81625942652225,-0.2680965296924116,1.3569431843640802,6961514.564182318,-37.78610921994687,131.87705067456915,125.95777054254415,6.229112985619336,13.480824117004708,67.24843670894951,0.0001013721783488,0.9228452404588604
CN1CCC[C@H]1c1cccnc1,0.9198103930773736,383.5657889285672,215.5464391599644,138.63171715964558,0.0643128055117025,40.78592879883111,63.8716977775681,53.30279052004218,681.3252514971971,7.483354619358961,1.915942811988824,0.9742164262345432,32.1626797411326,-6.532712735747099,-5.754485342758894,48.72611157095909,8.399535682218076,0.201606243094206,84.44325344543337,-0.2919475356280805,1.411275982400894,8787855.210522521,-21.85679388283134,132.88908302663782,126.64733463669675,6.362506035763949,13.048440583940057,67.69866959775182,0.000116320802398,0.7166542215687907
CN1CCN(C(c2ccccc2)c2ccccc2)CC1,1.3718317030134202,374.4161478008163,285.8952106968916,169.87123153782608,0.0044761565320198,52.14087976638362,82.65818923431098,65.92921056231201,719.5483443427205,4.129727302369402,1.6490973315847022,1.1229853836854993,43.83582497243568,-7.135977059473992,-5.724665948874056,55.19661659190178,9.112834372226,1.17486112005353,125.89808699961662,-0.2563130880045892,3.109261263652086,15271864.815054126,101.0100951392542,177.10561792219045,173.41286292463693,5.570246019285798,12.44777940047218,71.61567776113694,9.794696973366173e-08,0.0212279323056495
CN1CC[C@]23c4c5ccc(O)c4O[C@H]2C(=O)CC[C@@]3(O)[C@H]1C5,1.8846579138221744,378.9533367409849,357.9440423182893,165.90422825639607,0.00374296415679,56.00786916657135,91.93972515830346,65.2332926600337,764.7230288326264,10.18450023430279,2.9377026427865283,1.2162033652403357,43.247166995758754,-11.057543536333084,-5.364424333184182,65.95007971677781,9.05279805227995,0.2630148839473725,167.20630201694487,-0.8399574172228575,1.4074636210316718,18037690.641001303,248.87994817165136,162.9491273443308,177.08668573603435,8.508427182220101,9.366086498535616,61.82370722513621,9.96731516581604e-11,0.0105505887270066
CN1CC[C@]23c4c5ccc(O)c4O[C@H]2C(=O)CC[C@H]3[C@H]1C5,1.7064209312858585,370.3584387671733,348.178612453177,165.3750494953716,0.0010712966278786,58.133470426195856,92.31349004441287,67.86798381839276,772.1581299807071,8.503579720865998,2.6650754015925493,1.2318168543822765,40.52055104030739,-9.570418316699028,-5.315843424248934,63.43066674186707,9.088791398758293,1.2411137131965162,166.23624494808672,-0.7967349542561175,2.2485730010400413,25258668.705607705,269.5227964373446,173.75572059549648,181.60465235560625,7.86045680742535,9.860664640237784,64.80667176814795,4.357111063101776e-11,0.000539748958624
CN1CC[C@]23c4c5ccc(O)c4O[C@H]2[C@@H](O)C=C[C@H]3[C@H]1C5,1.2498447770299912,367.5927407317376,310.80641897725224,159.4687307101965,0.0026982038421258,58.09936967566363,89.55764950471212,63.08259137062311,740.1851233546614,7.189494788078081,2.0318996047984244,1.123698758885756,38.794069011880126,-9.109486381165029,-5.3282210679892295,62.87878960329056,8.966930432524682,0.5545163536188007,147.90476332062244,0.1216986001396178,2.1029604452332555,12894109.232414093,215.2051771289623,167.74714368444288,171.55888786321668,8.820082974737764,10.84169367633308,61.14769354042794,3.914734487460271e-09,0.0023617034781931
CN1CC[C@]23c4c5ccc(O)c4O[C@H]2[C@@H](O)CC[C@H]3[C@H]1C5,1.2199367938818932,367.856630876503,308.9979625483155,159.01275942369463,0.0035488053311852,58.691399061693694,89.72177366101485,62.56415542457283,738.5868878658056,7.210712386375992,2.16237077669692,1.109946166565299,39.12247774736298,-9.0931920273304,-5.257320729506433,62.85678865681648,8.810355349953175,0.3993513569396736,148.31219049464227,0.3534893095958231,2.089215139264971,11482863.178501893,185.16355237714413,164.54271527500882,170.76576248501905,8.983202951481223,11.29122179360601,64.80811371899475,8.037953753211016e-09,0.0031463523683598
CN1[C@@H]2CC(OC(=O)[C@H](CO)c3ccccc3)C[C@H]1[C@@H]1O[C@@H]12,1.2915298108043671,387.179224961369,266.7411388489354,165.67189553152085,0.0132604143975627,46.58069619929925,79.1777977823925,59.90845306843818,684.9816677743078,6.874877477726893,1.9894057994408887,1.130032903145209,35.73518970220308,-8.524178656232834,-5.906695126517117,56.58075002599716,9.369492830355764,-0.0625677719140052,117.11363493091582,-0.3720854928356409,1.4102038620071708,14913038.71087503,128.74484740799994,153.02289562507738,156.76699511268174,7.7655224737866515,9.662934339545629,74.46720082563928,2.3451124075701762e-07,0.2243435648544476
CNC(=C[N+](=O)[O-])NCCSCc1ccc(CN(C)C)o1,1.753528486436844,418.9800686218995,302.5156604997134,168.94831611723305,0.0494368480020144,51.081310261280464,86.74470747242049,66.8043920720917,701.704028061819,15.714474835634848,5.147671930777072,1.1791298521831333,32.69413393273107,-10.667513737374303,-5.641586591364256,59.05606576783181,9.107370732554198,-0.9000604747414589,131.05033487898825,-0.9198226125258208,-0.0344815617334846,11243836.371406896,100.2932021304793,139.63899243408056,153.88897730658044,8.309467886894225,8.708951267953168,75.8070254926199,2.6864506517683162e-08,0.7694415701896847
CNC(=C[N+](=O)[O-])NCCSCc1csc(CN(C)C)n1,1.8888093958320613,417.4350059684867,316.15686390816927,173.1965593773079,0.0228191149124066,52.73836739912838,90.17494753295496,67.88971259157778,716.4608064501643,14.13051015679316,4.716721492088209,1.25292303120327,33.69921175035441,-11.139925817080496,-5.671586542487184,61.26060261882782,9.314494919968844,-0.7722754213726519,140.05592193678854,-1.167560072273612,0.0968682628431318,14634445.741527751,172.1836066629553,144.92586270771528,157.42220404307014,7.533789974671781,8.196946963792135,64.36165815720919,2.3732134981553047e-09,0.2778377385587017
CNC(=O)Oc1ccccc1OC(C)C,1.5609282533111573,322.216680815053,308.9460900864601,151.61993866809013,0.0088221085098553,47.03108007260382,74.83585408668876,56.57083044540882,749.9938080928088,9.966855892253768,2.573673970277868,1.1183023149831592,34.442565307268296,-8.724470123793601,-5.777096805189952,58.26312192371368,9.087615004416705,1.4638935564504565,146.12836228605747,0.0446177209854123,1.5600655642660857,9615288.019356824,90.02097556399778,152.94895904356036,157.28756094943202,7.283318727188587,11.854542285373585,65.26716538255775,1.4331072632774976e-08,0.0104028736560541
CNC(C)C(O)c1ccccc1,0.8477783284487725,380.0764822937226,244.2975548814714,138.82216828685762,0.052382788451542,44.78577784296855,70.81251430586815,49.81019864053011,688.8936284401059,7.645704155614354,1.7100014112202688,0.9970348745222092,29.047715184973768,-8.717388112530232,-5.599258716777883,57.8312473034668,8.63248508824289,-1.356351013324261,114.21548284706115,0.0929766335588693,0.9820593838101624,8322423.39344986,69.1300242005247,128.6372307241051,133.36982297347075,9.69316685618776,10.93708995283175,70.32970817891481,1.6696894964335274e-05,0.520597957804329
CNN,0.590879747909546,363.5994402911615,94.23600639401911,117.20835434715272,0.6725378672618704,22.05310314743042,32.35690876225353,22.431344809603686,558.5242464629888,10.053992624272954,1.6885321799593,0.8611146386260986,7.852500700423273,-7.620782544332505,-5.38297644072485,37.59286589421749,8.317764067697526,-1.5786867699384688,12.52269765178204,1.151456650418043,-1.1120010982201105,7386124.413565904,-36.8373086961341,57.64293607837436,52.20431086500457,8.04580055447626,5.949823492956005,45.24166981345543,0.0271897928132223,29.30851494585021
CN[C@@H](C)[C@H](O)c1ccccc1,0.8196832403006554,381.8505110699856,233.44236724669963,136.95949379712584,0.0504836177492977,42.73622387229353,67.57821785054387,47.04400933094621,683.756134524393,7.229316863030198,1.72852580586507,1.00090353663826,28.71669773697168,-8.44548745285368,-5.582850092427947,56.73417006713868,8.588269779120685,-1.339527728996277,105.1920062739706,0.0934309536015987,1.017025448366642,9840088.152872996,87.9831561452356,125.3924479846557,128.04141499162546,9.461086735520244,10.744637278107048,64.13284226073334,3.6907356051269845e-05,0.6173815536306022
CO,0.765398206967354,325.92053458290815,68.09721065263273,132.08102712139606,2.1187010987042774,7.62048223109722,19.983422487201096,10.62917071029544,512.7039575589895,31.206998615019646,1.766567821165104,0.9018655402474404,3.913926495180647,-7.258133390990972,-7.511917033891916,39.97711436682329,10.984813687866929,-0.8755888446927069,10.753946683397295,0.7789921473526955,-1.0868365328645708,1090842.1667291988,-82.53998184096338,42.99977064702016,37.40237675585975,15.335908402667522,3.6237321526467134,25.006148404718264,0.0552892483265628,29.66416787130192
COC(=O)CCC(=O)OCC(=O)C1(O)CCC2C3CC=C4CC(=O)CCC4(C)C3C(O)CC21C,2.8579093656005856,356.2863048407161,453.656783223517,215.8036301510346,0.0006451058982599,71.55082364879071,118.73505437499108,94.7435882836962,807.0880225559234,11.626023767514996,4.380074595273903,1.2540390058971047,68.19856888186278,-10.735249474866391,-6.037165577134251,68.80355157253265,10.076690557416828,2.592227198740095,217.6887935337544,-0.9069303921031951,2.71314444008559,8649350.368240738,166.49247984609246,230.28221599308355,260.0601575434697,6.564756774173669,10.978687576886378,85.54711090999415,3.79891030340008e-14,0.000123867193238
COC(=O)CCC(=O)OCC(=O)[C@@]1(O)CC[C@H]2[C@@H]3CCC4=CC(=O)CC[C@]4(C)[C@H]3[C@@H](O)C[C@@]21C,2.423110082763672,381.65385835597993,397.4406240172028,205.54023981362656,0.0008689880014275,63.74786583683967,106.21818535045594,86.58032187086613,769.6116965726852,9.06085178629298,3.835353477540857,1.231076587350011,56.54929181786111,-9.169356068489074,-5.939008741229743,63.12865507148743,9.885580561005549,2.169883608554937,184.2123316598177,-1.135474820814729,2.848546290676832,17896525.19532597,170.77290162768543,211.8050628530465,231.14837335121416,6.766545569889463,10.175791337117008,86.66490166719407,3.9058638993772206e-12,0.0002034369983989
COC(=O)CCCCCC(=O)OCC(=O)C1(O)CCC2C3CC=C4CC(=O)CCC4(C)C3C(O)CC21C,2.914028171104431,350.2895649693894,466.6212961163926,225.508360602386,0.0003220304026841,75.12551826741874,122.42179905060262,99.38651175534396,816.6004499577284,9.625085809717351,3.3862480080485096,1.2431044646935463,80.25358491515352,-9.900805254317284,-6.093082054306269,68.96385872596741,10.112822568848134,3.599794221549929,223.63539999400132,-0.8139722537693382,3.7622207429468633,8356129.833416466,142.2757757354349,252.38752598805584,282.64712838407985,6.833580191683874,12.184301388321128,90.41462042668212,2.9096940959004785e-14,2.8492852872398804e-05
COC(=O)CCCCCC(=O)OCC(=O)[C@@]1(O)CC[C@H]2[C@@H]3CCC4=CC(=O)CC[C@]4(C)[C@H]3[C@@H](O)C[C@@]21C,2.458093747085571,379.3687071029997,403.38055672507767,214.1982927238396,0.0006142118647326,66.26615292888194,109.17586169522316,90.63561144332157,771.486957431817,7.850100281868428,3.2790805325947625,1.2111133326253294,64.13898646248909,-8.53649645272398,-6.006522987248838,62.87997731505394,9.935383504994364,2.758497726069391,186.807171693058,-1.0692610987097029,3.480558641494274,17595737.061482243,141.2569968178302,226.4589616684337,246.77438121787293,6.917388503559038,11.009369363356983,93.5625769252928,4.946164981570285e-12,0.0001128159487846
COC(=O)Cc1ccc(O)cc1,1.3665827736916545,328.67899887624384,282.061037727902,136.3707934569383,0.0190302807644111,38.70618099111319,61.06765160012663,44.600610997996334,748.1428250679016,8.558988910530125,2.1682315494285804,1.1889291143670977,27.33164290737053,-8.391676081344128,-5.64461834242934,56.62192080192566,8.671434260516168,1.1756449889701606,137.12593815528868,-0.1360418636244535,1.6265908205693662,13497919.39510624,59.26416083559275,129.84541088400152,131.7876381520719,8.545935825847865,11.874588889961728,66.971011315177,5.187180100240923e-07,0.0394717258668942
COC(=O)Nc1nc2ccccc2[nH]1,1.7589507245960236,326.77157827917813,339.0779481376886,150.27471857411388,0.0029021946494115,49.06450607821002,79.14591620017544,56.83509970697522,789.3624788030863,8.844191025340246,2.168465716514596,1.3096945397666693,28.62845940572409,-9.970516898154736,-5.567122028240561,62.09627338367463,9.078355970424417,1.391959067258537,173.0739871219015,-0.6912930482232572,1.3942479729765354,18701397.85730313,188.122311617024,145.61798474320997,146.45555012089915,4.880745992839515,10.375767420575803,64.86892627033727,3.925367116951258e-11,0.0014468004260221
COC(=O)c1ccc(N)cc1,1.1160417214723826,359.02334270912763,248.213595135864,134.22398323236467,0.0137120815573317,38.409615740754006,59.99184015952558,44.92797774659038,728.9797062683701,6.181553768275899,1.8745758838816668,1.222106351060152,22.234004175735578,-7.749539511970044,-5.523440658679634,53.98305472637177,8.60745714205742,0.5696841306358578,116.76476829657554,-0.6150072026002409,1.4480800266395508,19401130.03393741,113.9243888598779,122.87637540519856,114.38896124151805,3.722818600975156,10.845549124565636,59.64937017658966,8.587506931575119e-07,0.0343897465649788
COC(=O)c1ccc(O)cc1,1.551274463528633,322.3089655829835,298.3369175775111,130.71438877354862,0.0132536856611423,34.082817073041795,57.1338230272457,39.66719159008503,777.4015655025959,11.624775590239558,2.635011588878495,1.347678955391049,23.46239207352357,-9.11367555922842,-6.0972795866261125,60.72558937135697,9.15844663261056,1.2236210544183852,152.53245451214315,-0.8710781278011204,1.85722299542924,14463497.592438843,133.95761049278974,125.78444021732376,127.13537726178728,8.191927677337407,11.023353666601595,60.05260009880822,5.646347003589528e-08,0.0168021242666527
COC(=O)c1ccccc1C(=O)OC,1.330665220123768,346.3451953385043,277.5049767982715,136.25858290430546,0.0332893653663266,37.34035009567589,62.98284873578072,51.25268249025107,743.9713986530185,10.649519457392476,1.930117961408227,1.1734156264201998,27.114282945662165,-7.095784411662102,-6.768560865576268,56.32014344202996,9.525504358227254,1.1156792091140153,135.07339250469207,-1.270219838731885,1.6348432848429084,6433170.226234234,10.191261630959517,137.69537209573673,133.60759573077522,6.927927809666016,13.318006915333749,65.19021443704013,3.19332525882528e-06,0.0240658575551118
COC(=O)c1ccccc1O,0.8469226072134972,373.0544665714335,213.8730962434846,130.7036675809622,0.0190144789205499,33.9708531009078,50.900292853542574,47.004577087728975,705.6993897198915,8.5231747329815,1.6395361994726545,1.1571919649869502,21.696146063400747,-4.395808056679964,-6.034144836771488,48.430010180544855,8.721495598737002,2.226903571242094,91.57408508969664,-1.2268520230802895,2.568049881456852,14039324.207062164,-11.728092459676262,124.80574957029478,115.32680386785448,9.75510448855388,12.952639025844892,66.82680056094388,0.0001541277090724,0.0042296133502176
COC(=O)c1cccnc1,1.1972347826125622,359.1813454178572,218.96170209757776,132.99929899008754,0.0607813449660182,30.377109782073497,55.15684576078654,47.20269179442764,695.5620099215269,10.962611987196524,2.0885760446014623,1.142931035395682,18.194730619203607,-6.69709146395278,-6.831678864349485,47.881527312116624,9.69396981869638,0.2938353331023455,98.0981218346715,-1.527272856760584,0.7964711909098623,11901616.091247983,29.4062909971112,116.41523171324408,105.91125449921132,3.416174491556764,10.073547197909049,60.92924945581876,3.4280706304513896e-05,0.2499613887837884
COC(C)=O,0.5347430592479707,387.06648769692,55.33437333123448,144.91573563078404,0.2604757091187258,16.745298877626063,31.6202457788694,32.46389439599991,508.0373945184946,6.341707138005473,1.3676523938087042,0.9191965672265888,9.45655052164129,-3.0630364295727013,-7.172132628890037,30.23813289648533,10.400926544208527,0.0458972294664383,-19.31477760678291,0.1668706896042822,0.3216255957278011,7683061.622900715,-81.43003489224196,76.11753931967112,62.54781667412505,8.123216708542287,6.635344802579261,45.44610228256453,0.4343457317743111,2.1366610798023715
COC(C)COC(C)CO,0.8357417697372438,321.6019824668145,183.5840026423921,147.42173683296204,0.1085611439999456,37.12909588005573,61.61995001107395,45.35108674844027,613.9535587063015,6.549989957029234,0.4701361909271999,0.9338887749477328,24.76814612988716,-7.348090055768013,-6.334305299399018,47.558815522432326,9.36836054739833,-0.4382774702912568,76.7350421232748,1.7119270475292203,-0.3853910180132394,4910282.816646269,-77.13644902107,111.95405085505948,110.6881792523979,9.43184351272452,10.339687388839652,84.97297743883195,0.0001670907417932,3.2770993634969883
COC1=CC(=O)CC(C)C12Oc1c(Cl)c(OC)cc(OC)c1C2=O,2.1092165636005404,384.5511175501114,363.6184678252519,181.3989887503124,0.0008910081722712,56.97272252559848,94.69591854979936,77.19330017383724,769.7072220653057,10.781399321658387,4.791253609126311,1.3542531640735864,39.55297573169295,-8.76258422077465,-5.931300527904212,60.64500434016228,9.817889350227045,1.9106615393053,172.0515688503456,-1.498761997966692,2.385707948243797,28351908.915506706,218.3831406470001,187.6913216926889,195.8332339576724,5.783935569332122,9.426107332796027,78.05149032674883,1.2604572165994424e-11,0.0001042234578748
COC=O,0.6105993683757783,397.088736346553,31.922085389297024,144.26288739617587,0.4390387800748775,11.09728796905756,24.01927264640452,27.45669742322088,491.0795435640336,8.68371794890134,1.830010312748349,1.004189610788539,5.897961745364624,-3.001165060223341,-7.401148551895618,27.43260015777588,10.704513660788836,-0.1267183197134733,-27.66469410818577,-0.2854586902409792,-0.0515364829906228,8646763.85078984,-93.08323978296995,61.387004882813166,49.71232500476052,7.843464231640279,5.260726081837583,44.78208042972951,0.8824470448008266,2.93363043585424
COCC(C)O,0.6512153777303697,353.8739528802836,122.4154419837153,136.65593581179144,0.294598891591038,27.201144680334327,44.6468303141141,34.96702350943327,573.9897602844715,17.88446292037739,2.4300795762230982,0.9261757221863268,14.874532478040686,-6.111831624505997,-6.50294052506113,42.57132174785376,9.583871615944506,-0.1297309373378752,31.45195140202284,1.2318786240112778,-0.1463531927242283,3747443.649282306,-38.74741097239851,86.92093359083198,83.45747630818217,13.704488382217168,8.046445427304326,50.18728362530796,0.0118853255381925,3.2809034398859
COCC(C)OCC(C)O,0.7424082343759537,307.9923230911529,195.4175780315399,138.70502805403234,0.0675466316406381,37.72271931629181,61.13563721347541,43.97569128459931,638.3118511008829,7.452047642173174,0.4695045075903969,0.9435601310122608,25.29885144055516,-7.144900943547011,-6.406201168704032,49.430181448521616,9.38016633309424,0.0722811382114887,82.0818753822434,1.6172811086440086,0.1083546270601747,4431770.247604384,-33.05149621783613,118.76622940719152,115.07902924566484,9.506901216779232,11.272351948584287,75.70623819098245,0.0001231316832723,1.1053155232184766
COCCO,0.7723100272002221,343.4873903477931,118.51466135354104,135.75265292874815,0.5957667972725852,20.99699433239281,36.94750080655933,29.036872198247902,558.7824795785665,18.53647989171364,2.324068746538115,0.9437618603615164,11.667010829109689,-6.417052333810807,-6.566147027280331,39.77933069067508,9.660808155326396,-0.2156523531866074,27.204524167175293,1.3771179146611687,-0.7597411572408681,3884366.452259881,-86.57679400978566,74.36548165244594,72.5441272742085,14.031393544307232,7.056084792963936,52.62752601523263,0.0228959585343998,9.72362611544975
COCCOC(C)=O,0.8548095045986177,350.39550898217914,149.58726355227589,138.58258582950356,0.1442230340772714,25.618509434956312,45.53775133826853,39.14483109633326,604.4350852731853,7.681279636171363,0.8526985396368159,1.0050907201293409,15.83685772203978,-5.377586980268717,-6.782112832293391,40.918053636143206,9.70234837221578,0.1407732469642162,47.8280609317708,0.0731639690172671,0.1148470193421837,9401467.30960083,-67.34414130773067,96.40935528623764,88.36190959405897,7.56172261786449,9.134985551518843,67.3687885730857,0.0041791068998709,1.3621859104012997
COCCOCCO,0.8469404296817781,305.6363943191004,184.5074229552132,132.83258616903305,0.232154056774975,31.067664501051304,53.05975368824423,37.32229276932716,628.3408414598678,11.25169812169345,0.6825532806047702,0.9986369369262754,18.56613319443821,-7.986799032502175,-6.547009239639401,48.02992502923012,9.459739231101572,-0.442696706751585,77.40083193755507,1.504364899996519,-0.8704005801510812,3696374.20384523,-65.31337642760991,96.27823910157588,95.32528823408708,10.220782399238228,9.826871626109934,71.19184380470386,0.0003606073746745,8.718158992942923
COCCOCCOCCOC(=O)c1cccnc1,1.614242073387146,370.9662751634085,276.8635367556709,160.05599696160078,0.0401057189463391,42.98882935444951,75.97718542929903,63.5057151171732,705.5562600653886,12.534656146300271,2.4225944726380155,1.136138203941524,29.48634763459994,-8.664472589097024,-6.4658420076265335,55.38248782710075,9.589061329366563,0.3136270138502122,130.74910614297866,-1.508778950638175,0.5815961880438325,9083843.7096864,17.52730252253056,140.68609087838075,144.11240124208203,6.250572845977462,10.1466852652301,88.38008210744738,1.0463395229938207e-07,0.2039477125203647
COCCc1ccc(OCC(O)CNC(C)C)cc1,1.418602917236328,384.753080396586,298.48201226367235,173.50435068241595,0.0141049212729296,53.18342117666021,87.50498699977287,64.708268290447,699.1321923118114,6.849473987312363,2.416742421631682,1.058856596254084,44.05549466443539,-9.30481013056946,-5.586574777045079,60.06183301653862,9.043683242545724,-0.2637150345158576,135.08346326436043,0.0486655118966101,1.8018059396668,10467685.846149651,85.77585112746507,160.95184494843198,174.86650253576363,9.57414309054333,10.45495500769652,86.66459544030964,7.063315567794426e-08,0.1756413852932762
COP(=O)(OC)OC=C(Cl)Cl,1.377443575471878,348.21012679342505,242.8550615210599,139.5977069536686,0.0815234390903265,31.845103714774847,54.14804672969521,46.852126717529295,725.3031065186262,12.676604131336944,3.2639547566685274,1.3976939499386547,16.01608441348162,-6.8760940528154375,-7.030669480517149,51.029693887414936,9.827418940849451,0.9972164663231372,121.26272887297154,-0.8102693702334167,1.4845114992711543,6025756.705151467,-58.50271583024741,112.22203300158988,105.32058140512002,5.274657294931441,12.123904267618643,70.53075986365558,1.9457226277344376e-05,0.124084706584323
COS(C)(=O)=O,1.1166213664027451,325.4698441617012,182.72626227172643,130.40486690937996,0.0916380060549462,22.955733231469395,43.59438361406863,36.06049539067626,664.5474983898819,20.739355836162368,3.075115058569584,1.288154349038899,9.744885292376772,-5.654606117189646,-7.802454626992226,42.13853776053906,10.98124538548708,0.7122175325101616,80.5381076308465,0.1650527723872659,0.132546172383785,5412739.65001319,10.713683702790732,94.2630060325672,82.86903554417869,5.603811058622181,8.78207362778435,45.76462416375812,0.000498697550752,0.2014681865627789
CO[C@@H]([C@H](O)[C@H](O)CO)[C@@H](O)C=O,1.423228505224228,354.3769040572655,289.965944893024,141.1664759787226,0.0970603433417417,42.36147855711639,74.74887006936342,50.299452367447614,718.7076666656255,16.853664576725006,2.426796445323837,1.2602027283542157,17.820590973472477,-12.22690159125042,-6.4014358848789925,64.50119579239845,9.637802570881696,-2.1876050655245782,156.77346733097076,-0.6489405247914792,-1.242307493530512,5502816.680989391,111.7546861354366,109.22164546454944,115.69724304310915,6.498662283281006,8.270440249750704,81.76675213952099,1.5877637372515894e-08,1.1295247353409454
COc1c2occc2cc2ccc(=O)oc12,1.8546472238960263,349.1305093427408,361.3418253763116,140.5865180643869,0.003792410422655,49.98255791421324,77.86164554370269,61.81042601028621,817.6666130660534,14.193455459564284,4.374749976489852,1.2729757116354108,29.964859656637863,-9.286056891426565,-5.645001071165817,62.98955382481575,8.84515941357851,1.963686716995724,180.45393089916703,-1.711783424852528,2.066432414089471,14374219.502121842,154.63413866806746,154.37908349931658,156.21782417628418,5.745317595805555,12.061015245119794,64.1541134641466,1.279670084452413e-10,0.0002544149756989
COc1cc(C=O)ccc1O,1.4273579771938325,350.81087934419395,290.98889264189484,128.43016802277089,0.0330521021614277,36.629299830845,60.71484951162994,46.19921664826512,765.7365419109105,14.570583687189648,3.4712925001505828,1.265919339372635,22.542567993629497,-8.965090792990685,-6.053877154857277,59.15831401521683,8.910656831799747,0.6122745340389015,144.69137284262655,-1.3134861517050864,1.4130844448544382,10216516.412056318,78.39465625821829,124.4343131165905,125.26176484575956,7.428582914307445,11.595021444843066,67.72160078170332,3.4432616792113825e-07,0.0622013906817159
COc1cc(OC)c2c(c1Cl)OC1(C2=O)C(C)CC(=O)CC1OC,2.2474218143405915,372.99123800780416,387.09424538039207,181.320119038226,0.0008474119985544,58.782133923709765,95.74034964413238,76.9693343215245,797.3716555799245,9.96508907819712,4.536813073723254,1.3670254463119509,42.74502586221388,-9.083511369294166,-5.833254093401313,62.63222387308121,9.63437731282577,2.342599989291132,185.6667720259905,-1.305204313529581,2.676218164653659,21146239.15324901,202.49990784069536,191.85970503005703,200.15129407834644,5.63731899532485,10.626639534420171,72.07952655998527,5.279897923354887e-12,6.59140500645989e-05
COc1cc2c(c3oc(=O)c4c(c13)CCC4=O)[C@@H]1C=CO[C@@H]1O2,2.225596027225494,400.9317365993172,383.6022824526143,163.67564394521713,0.002041033164011,52.58220364467688,89.02200576389909,67.47320675796449,800.9463071677208,14.192887822115376,5.413999882427755,1.4026599663670063,35.97208507348117,-10.214491842502117,-5.891666614648074,65.4150228390789,9.596168299626411,0.9955942210486532,184.9844738412237,-2.061099617008567,1.9208128999693688,26585399.579462543,275.8192522472573,163.18498042108803,172.74636016084827,6.863340466777005,9.060769539276295,58.39729167816125,1.0853206517206406e-11,0.0001998897338144
COc1ccc(O)cc1,1.0342989479439857,320.4132725387525,243.45000445691824,117.9789426497984,0.0299742404349473,35.152596551153366,49.945035730435855,33.51678394741058,742.7553804687739,8.80143478068482,1.4265350344393204,1.137681126543358,21.55825794309416,-8.345415036562919,-4.948024470179081,55.46929420562744,7.708952176709176,1.2304500581258535,113.81538944651842,0.1867112779998778,1.5706090293691155,11912866.260814285,56.98151427642405,105.39760173048744,103.71996961228722,9.9310247251575,12.048161378821144,53.673894141533296,1.0271209963343424e-05,0.1672827501141051
COc1ccc2c(c1)c(CC(=O)O)c(C)n2C(=O)c1ccc(Cl)cc1,1.5461699548664094,409.5366688645447,347.90845383150935,171.4637181850648,0.0008488445499163,61.698042042358814,95.15789385030988,72.91569308367819,782.2989986364842,3.7272206963501735,1.9846683516493155,1.2447989023145436,38.7693409901034,-7.838760023327827,-5.30140425796622,63.82867945734978,8.955005836536886,0.7821053009307386,174.37319102936743,-1.166589904152453,3.983401185055852,33439202.6766161,188.43351661111595,180.0075718302613,178.0953054039769,4.571625890975476,11.64020337354461,74.3171867875641,4.788680370969837e-10,3.358765868899319e-05
COc1ccc2c3c1OC1C(O)C=CC4C(C2)N(C)CCC341,1.7804856878700257,388.1913345934701,313.83080011370305,174.75830274625542,0.0085581506065067,52.29197679522365,84.5554697396107,64.68309662976682,720.5101156472325,7.373739344648788,2.4336487960972675,1.1433602958900928,45.38525161521687,-9.381762334741593,-5.163127195664406,56.92232138573647,8.739483785526753,0.7293913179504872,130.76401828962327,-0.1220911911088229,1.283866850825846,16427919.640601696,137.13027112330676,157.5686188989519,168.21107308440122,8.136746973663001,10.078987453085595,58.34435104538662,1.3421796753867061e-08,0.090793705596562
COc1ccc2c3c1O[C@H]1C(=O)CC[C@@]4(O)[C@@H](C2)N(C)CC[C@]314,1.9195740105571744,391.937871480912,351.8109730441964,173.1147852907026,0.0033322972891038,56.86232725006688,92.3594735987912,68.11304810795724,753.8832641866206,8.278589488485157,2.919647284534839,1.1925784099221826,46.25834496004242,-10.21086812557745,-5.20050584739691,63.13489581003189,8.896696667885186,0.6123947003555299,158.1234636293268,-0.9117314900261164,1.8534817184731065,23757647.853196178,217.96661197989704,166.42703721845191,180.8643236247709,8.45887099526751,9.55115609676303,64.47466976710938,2.3092073489733932e-10,0.0083976645159809
COc1ccc2c3c1O[C@H]1C(=O)CC[C@H]4[C@@H](C2)N(C)CC[C@]314,1.970454345554352,377.6601497545368,359.7397073401487,175.93652044355753,0.0011687003598526,58.46231127494276,91.54147255382146,72.23456042951882,774.7976956981659,7.276857756508094,2.744943802111928,1.2053157169627249,52.396108345406624,-8.653663758189202,-5.139811475608409,60.1668315842247,8.72404362113893,2.42905708254613,158.39864671554088,-0.8375427470728756,2.988508028835416,22720467.71861539,194.9298277335632,186.32550178659343,194.3208549718429,7.828007401525259,11.354009512125293,61.1241767737468,7.438419206098296e-11,0.00067290237544
COc1ccc2c3c1O[C@H]1[C@@H](O)C=C[C@H]4[C@@H](C2)N(C)CC[C@@]341,1.595732924217224,387.3624124079573,316.64071427159905,172.05269431155682,0.00444246028924,55.486425980099305,86.69278626276464,65.72464504927873,731.5397851455689,6.087047825718094,2.1878616922718166,1.1300775305059103,46.4890662595419,-8.787906706987858,-5.15617090077877,58.39993339138032,8.722013136005403,0.955945489076674,135.87451553217886,-0.0266295146942139,2.11621611153324,16565183.160790216,156.03817126841963,168.49191958070668,175.66902648813362,8.172218925788581,11.05785536919174,58.68671315509817,1.0460944838612405e-08,0.0151246253857812
COc1ccc2c3c1O[C@H]1[C@@H](O)CC[C@H]4[C@@H](C2)N(C)CC[C@@]341,1.5047175235214234,385.2367025297332,309.60998919496296,170.90063149790527,0.004998358833691,55.92253439163984,86.57849629094943,65.3503778668195,725.9617797312499,6.177458305695616,2.362694335892769,1.1114450602576285,46.602636139138816,-8.419417128246307,-5.153492626969218,57.42992353845597,8.67178615318358,0.8887342571261527,132.98474731357572,0.2467900338256357,2.188328750450313,16633243.128435573,132.057182699337,167.89406651087134,176.6527573315063,8.46399428805995,11.470407928456243,65.35058605835854,2.8712341469788648e-08,0.0138678665797298
COc1ccc2cc(C(C)C(=O)O)ccc2c1,1.9063110192241668,357.4645561517084,412.3921828148317,156.24469918034794,0.00342481441028,60.22058829599991,93.6533064081054,65.41018237080395,841.7386767872572,5.3049271749221845,2.4745409617587613,1.2373840235874654,43.47953697662,-10.960868010983468,-5.649219520971244,73.92558198316574,8.866007125384213,0.1348185733765365,220.03860371848103,-0.9546734934479,3.174466823409319,7436210.062293463,161.06327622979163,176.20313875437822,185.7771081948537,4.627291688939214,14.374759777108274,66.83990025841314,2.067991571949484e-11,0.0003742518925776
COc1ccc2cc([C@H](C)C(=O)OC[C@H]3OC(O)[C@@H](O)[C@@H](O)[C@@H]3O)ccc2c1,2.096634507888794,367.86426065588,360.24040770327565,187.81439526423097,0.0021741676345155,58.29536132921867,97.67915751919551,76.59171149104625,749.6871778932094,8.25832993479202,2.6587315655557062,1.2227253205840587,46.24419997314373,-9.367353615093233,-5.815050985715448,60.88712140304565,9.641205364806805,1.2948256534031035,170.41784534555433,-0.8713259918206931,1.7530461389636247,24645643.44726516,145.71992448553385,184.33825655352132,201.1157262527516,6.643360612036466,9.876976267987178,94.91898929836364,6.296546796521415e-11,0.0014782519883435
COc1ccc2cc([C@H](C)C(=O)OC[C@H]3OC(O)[C@H](O)[C@@H](O)[C@@H]3O)ccc2c1,2.0960050369205474,368.0576480829489,360.2202059445048,187.70469953796209,0.0021929526828562,58.29156935206577,97.6574631836164,76.56008779530644,749.727011418128,8.253973194884084,2.665231069483041,1.2222345222079751,46.22713792819821,-9.375784668165684,-5.813403368720248,60.91319935194016,9.637990066955387,1.2851896606722475,170.36647097609043,-0.8731922183668615,1.7547490511119812,24560746.85851914,145.86669066277506,184.15250880423704,200.93946318624364,6.645238602712482,9.876838059024768,94.80296270785064,6.351961334706453e-11,0.001505647482323
COc1cccc2cc([C@H](C)C(=O)O)ccc12,1.6087109178962709,354.5733223818624,367.0548303142453,150.1087021134782,0.0039413603701118,55.15188325955562,85.37232197238737,61.21315506720185,812.628529961443,4.97095140795978,2.1998601544073844,1.1960190939392448,38.11908909752732,-9.73632433986044,-5.606904882730446,68.8076043359375,8.79207054587245,0.2952171496105196,191.39708488411424,-0.8195388156670333,3.061580358960509,9639152.20110471,150.18819338808538,166.3581418426713,168.22389354905107,4.649033331327916,13.80941837767437,67.20921671362949,3.9516016681546806e-10,0.0007491048660615
COc1ccccc1,0.6815094873847962,374.8787557111031,155.73334654399693,133.48877141792536,0.026086512894919,31.066248387045263,44.020850954448,40.98632127798796,644.5172687724888,4.746314706233848,1.228613980476,1.000236981694877,21.81829686046608,-2.858757177927852,-5.605633941909074,38.39682233108044,8.37343753576398,2.0010825708635527,41.54257846936703,0.1298574618744847,2.197026387910485,19856478.687495425,-44.16046488579511,112.87970479565575,100.33114356863751,7.757614686007976,12.480161668649526,55.2593975834711,0.0046075377403968,0.0126953448299512
COc1ccccc1N,0.9851812242093088,343.4002621468568,217.3947604308775,122.02738907426836,0.0292806884747918,36.84272492956817,51.32866474337042,38.890023017390966,719.2835443901539,5.450005035349141,1.2419416408151127,1.0567391989748516,23.661294007014217,-6.306222867089272,-4.895909386941432,47.12742891436577,7.535481889421941,1.127435224069357,92.27025587242365,0.3215280697774885,1.1469035420172211,19948473.311363745,9.05368269395828,110.0190998452492,102.73252114302733,4.330071553463519,13.128672676350831,52.80025048300362,0.0001040928583201,0.0688041636614011
CS(=O)(=O)Nc1ccc([N+](=O)[O-])cc1Oc1ccccc1,2.1051502086582183,417.1692851616144,357.36475802558664,174.19098963397985,0.002446455870433,52.89819190662674,86.98290369027518,72.88020750521272,775.0582643298626,9.820296086810524,5.61904443178012,1.3946429431439638,32.27155762793287,-8.044413748785972,-6.093953642319798,60.22511833702088,9.739706448677929,1.4617251312336328,172.50655801244733,-2.0116332794232665,2.5953767347320915,26179338.51443901,149.52195788320066,166.52633487429546,173.48479455224742,6.479290040982526,10.288548486268253,80.24338793820081,2.245059003264999e-10,5.522702353040015e-05
C[C@@H]1CC(=O)NN=C1c1ccc(NN=C(C#N)C#N)cc1,2.061866898006439,425.0694367628765,352.97817183918954,175.4901361784649,0.0021010244961787,56.16426379247402,94.4654002104176,78.84001900956214,770.6759422511101,15.291564614475822,7.359570136564707,1.3544594758491515,32.91843352769942,-9.005751756267548,-6.242613754176498,61.34666081974029,9.99928262299888,1.031037324204743,167.95329260259626,-2.4939389961612224,2.2746007149779794,21928142.95493097,230.82076750477552,174.20878693759428,178.74283402635655,5.632606452159017,9.077174926810272,70.46535879893138,3.2833702306559975e-11,0.000230819777459
C[C@@H]1C[C@H]2[C@@H]3CCC4=CC(=O)C=C[C@]4(C)[C@@]3(F)[C@@H](O)C[C@]2(C)[C@@]1(O)C(=O)CO,2.823655431217193,347.79884612247463,473.5431802274609,187.2861007430452,0.0008183969317101,65.07284208905577,107.94607344883218,79.30577951417149,847.3316323880911,13.565029932415936,5.144070952732371,1.3402464138043522,58.96169548840055,-12.255310285542487,-5.942006292170286,73.4783010446167,9.813621789375098,1.7285961109857264,233.5170081913948,-1.0950882216435671,2.279150911743671,13034285.163985517,264.71586037629845,206.29300113252216,235.7755125951263,6.6674810287099255,10.70154091692898,71.86905295578613,2.2130415643263082e-14,0.0001226549467092
C[C@@H]1Cc2c(Cl)cc(C(=O)N[C@@H](Cc3ccccc3)C(=O)O)c(O)c2C(=O)O1,2.235770006507874,476.54911812131286,462.0168227891206,186.69233455317732,0.0085748464418314,73.81123908471703,123.13212535912692,85.03537034151361,844.4223145588875,4.626187906814755,5.577417899279552,1.4031662218825818,42.16523853975638,-13.930522360120774,-6.285593382573127,87.75448655693054,9.592475604958535,-3.633765348935128,257.1741504442787,-1.9613981599147616,3.821608390216946,2341899.94130824,188.55825498802545,184.9678528656709,205.2225517025856,1.7001891785382028,13.582788548419538,71.47218577380953,1.0201222998497965e-12,0.0028931607534613
C[C@@H]1O[C@@H](O[C@H]2C[C@@H](O)[C@]3(CO)C4C(CC[C@]3(O)C2)[C@@]2(O)CC[C@H](C3=CC(=O)OC3)[C@@]2(C)C[C@H]4O)[C@H](O)[C@H](O)[C@H]1O,2.649730474514008,385.33497635117885,409.940177243197,211.8790298757497,0.0018688339243094,65.55645485624433,115.44057494193628,85.65585497196496,755.276644636631,11.77546186255054,3.7491259201323976,1.305148978050828,52.06344375108404,-12.105089164583209,-6.016455428915441,67.32626760156631,10.27123558037728,-0.1656454769873616,197.46303068987845,-1.0983074810162188,0.3710677480163571,25422876.036197096,244.9897213998139,187.1530288502209,219.44514441414404,6.538822642049279,7.581198327949419,93.41527395779887,6.650483540929414e-13,0.0028681377906959
C[C@@H]1O[C@@H](O[C@H]2C[C@@H](O)[C@]3(CO)[C@H]4[C@H](O)C[C@]5(C)[C@@H](C6=CC(=O)OC6)CC[C@]5(O)[C@@H]4CC[C@]3(O)C2)[C@H](O)[C@H](O)[C@H]1O,2.564020464557648,394.5154841393542,415.59899540943866,209.7231665348156,0.002575071424243,68.11958187068105,118.28293840440152,87.41223751537831,756.6111470136166,12.66604719326042,4.044054590606747,1.2603324383765455,54.586109436671016,-12.457390699850084,-5.892568191275596,68.32997938175203,10.083027121444792,-0.4627969746005536,197.93320190173148,-0.926415668037236,0.2186808134860989,19450064.507757843,240.77558023404123,190.2318212400168,225.7772187082522,6.794279222918052,7.890490366083283,91.55157974634491,1.1798230386189498e-12,0.0068750491852209
C[C@H](N)C(=O)N[C@@H](Cc1c[nH]c2ccccc12)C(=O)O,1.9541627079429629,358.9563315853834,346.5645466499758,166.6229342605126,0.0153512388493858,56.67481245863981,97.3500547100741,65.10708539872826,737.7652475284337,13.14398624909431,3.336431049094345,1.2528178747786285,29.548951874954927,-13.432052328133585,-5.512598768136933,65.34812477201461,9.437408841279746,-1.9295458817708493,177.42984371262548,-0.1582799750125409,-1.805368360815764,17199588.909838382,206.07398829143287,137.3946183493751,154.54614668374674,4.413937524166882,7.487702632073431,87.94412590295155,1.282963636691757e-11,0.1225802048742026
C[C@H]1CCCC(=O)CCC/C=C/c2cc(O)cc(O)c2C(=O)O1,2.019200758594513,386.0449620764989,358.8577956848192,172.2869782245362,0.0019081425133529,56.58825233636226,90.18640622331812,74.13044258146198,778.7709564537048,10.855192365625758,4.556879665667468,1.225847560169816,43.39493196976412,-8.820670001929283,-5.675848055818856,62.246590830822,9.237233331421317,2.142936155834794,164.11219184316155,-1.5941860355743025,2.9606710898890496,15143117.379589776,179.09205294445633,181.7367912198362,189.0807278710784,7.646068213611424,11.127136665877025,64.13392398413507,1.1806097797745795e-10,0.0005595412625715
C[C@H]1C[C@H]2[C@@H]3CCC4=CC(=O)C=C[C@]4(C)[C@@]3(F)[C@@H](O)C[C@]2(C)[C@@]1(O)C(=O)CO,2.8277941279830934,347.895349899764,474.025035496204,187.294000297004,0.0008218078642849,65.06598708926872,107.94617286212758,79.32123073124916,847.7357199269771,13.637938388243947,5.1832957342978725,1.3413187528566122,58.92881428672506,-12.256881112757684,-5.948147861556828,73.49447331581116,9.818680643562375,1.7282024941989782,233.8065298801517,-1.0975798681971431,2.279912799392104,12947129.498646166,264.3171029562176,206.3401952986312,235.90046492726668,6.658682405662515,10.71341116578412,71.8744580749645,2.1917206360544435e-14,0.0001208550825732
C[C@H]1O[C@@H](O[C@H]2[C@@H](O)C[C@H](O[C@H]3[C@@H](O)C[C@H](O[C@H]4CC[C@@]5(C)[C@H](CC[C@@H]6[C@@H]5CC[C@]5(C)[C@@H](C7=CC(=O)OC7)CC[C@]65O)C4)O[C@@H]3C)O[C@@H]2C)C[C@H](O)[C@@H]1O,3.113738699192047,391.3610593517727,475.6499318134189,253.98378606000423,0.0001009376596031,82.77439254968107,139.7821937043047,111.72232358660192,797.3087984794379,8.698263905851675,2.7011361072362456,1.3474624699451327,93.81744734168927,-10.08415213355732,-6.239607637773693,69.09558969596863,10.777055331231953,2.894773923637272,225.1810170034027,-1.0513217743957044,3.4849040605005026,23048521.79953699,242.5762282823456,272.6022994167648,315.03575648506217,6.7070704538401325,9.514602316464623,99.80613668600392,5.197618487965711e-15,2.226908694879596e-05
C[C@H]1O[C@@H](O[C@H]2[C@@H](O)C[C@H](O[C@H]3[C@@H](O)C[C@H](O[C@H]4CC[C@@]5(C)[C@H](CC[C@@H]6[C@@H]5CC[C@]5(C)[C@H](C7=CC(=O)OC7)CC[C@]65O)C4)O[C@@H]3C)O[C@@H]2C)C[C@H](O)[C@@H]1O,3.110104776805878,391.3670686112714,475.540053398614,253.82195465653896,0.0001007970244496,82.75023010445297,139.71591642995298,111.68350324844272,797.498393371296,8.688533014144662,2.6969080554151144,1.3477559675108193,93.75881275451636,-10.071583224664211,-6.242188253918171,69.10253821376801,10.777068038215042,2.896083063557148,225.17855413755416,-1.0519015925198794,3.495151781401038,23052955.50322452,242.6312402621841,272.6595731470651,315.0120031922868,6.700470395167742,9.53212525086776,99.84494038589878,5.339575788240701e-15,2.2030888568319307e-05
C[C@]12C=CC(=O)C=C1CC[C@@H]1[C@@H]2C(O)C[C@@]2(C)[C@H]1CC[C@]2(O)C(=O)CO,2.3635764033260345,352.7416903877819,408.4245209104872,180.76353746052325,0.0013373063972048,58.93718334886744,99.16261285051856,73.97890146777422,793.4501942652225,12.481354690334834,3.8019567310322007,1.2581916416555046,50.15139385546888,-10.888953176582811,-5.959774175614059,67.47650748386383,9.809905439296738,1.5522643944308163,195.2925542506028,-0.9946614079356196,1.9212270864205585,15164382.803672044,240.94587523556115,192.5151922158254,211.75649253252035,7.520687515808523,9.748414277854891,72.18337175717687,1.7791442953929605e-12,0.000564542495834
C[C@]12C=CC(=O)C=C1CC[C@@H]1[C@@H]2[C@@H](O)C[C@@]2(C)[C@H]1CC[C@]2(O)C(=O)CO,2.3436468782844546,353.0014100175488,405.6417856424952,180.30469627279044,0.0013284504083087,58.47441554628737,98.35782821453932,73.49285348442376,791.3800331442833,12.261306559350508,3.761356296698476,1.2573706008102297,49.69349905089106,-10.768463672369004,-5.967421025284231,67.16254436286927,9.812914260018468,1.5684232070943716,193.59819532599928,-0.9882305868306756,1.9521808175327773,15610261.93107044,241.5585450026584,192.0949180168976,210.63868626550612,7.492068528622269,9.729126196348878,72.08762017259451,2.271381109375495e-12,0.0005395496130455
C[C@]12C=CC(=O)C=C1CC[C@H]1[C@@H]3C[C@@H](O)[C@](O)(C(=O)CO)[C@@]3(C)C[C@H](O)[C@@]12F,2.572957350105286,351.18425359006164,427.0146307929349,184.14865749447944,0.0009029758911772,59.70138798149936,101.88136797981308,74.8760009743914,811.3224574473381,12.798095144988746,3.7436807765450975,1.363524711991906,46.86831719451788,-11.601706860791207,-6.029585389930904,69.73580996665955,10.003396242154354,1.2818558625167609,212.45029474285127,-1.283313870049864,1.7487931320773955,20840788.9862477,279.81530668554785,187.8604522318119,208.20554179713736,6.81189415715621,9.158052951829958,72.73992461470462,1.3116858956607606e-13,0.0001793524740031
C[C@]12CCC(=O)C=C1CC[C@@H]1[C@@H]2C(=O)C[C@@]2(C)[C@H]1CC[C@]2(O)C(=O)CO,2.7682365773620603,357.9144464159679,451.048316626277,184.25063292788747,0.0021163070744681,60.74589959726482,102.33231846032112,75.86347934956909,824.727195462656,14.619227591744137,5.307375443809844,1.2911673114360571,55.29130151322367,-12.032561670909882,-5.990026438713669,70.98721863111496,9.790309376670868,1.3146401176846028,217.2910913060474,-1.1427799876901508,1.7448547267404797,10887551.092948582,228.57344979025723,191.7784973410545,220.64498537237017,6.84962376063022,10.284922238425697,65.91777086285785,2.939652911707971e-13,0.0005693858728159
C[C@]12CCC(=O)C=C1CC[C@@H]1[C@@H]2CC[C@@]2(C)[C@H]1CC[C@]2(O)C(=O)CO,2.7379986661376954,353.1208112153625,454.846042065475,186.318578611368,0.0010570418250393,61.94187425571173,102.47736572846674,78.19986433469028,836.2564563673496,12.211328020564508,4.916438223355587,1.2945845703634022,62.56944276780034,-10.786080032188416,-6.16016090515387,69.94702228467942,9.864625531920344,2.1904022835017742,218.50584084453584,-1.127271896724701,2.7881056186582445,11913181.015673744,215.46150161976576,211.50692545192047,237.4644991722849,6.656167850399294,11.781482289687446,68.6692716021251,6.232811244002772e-13,0.0001399891842262
C[C@]12CCC(=O)C=C1CC[C@@H]1[C@@H]2[C@@H](O)C[C@@]2(C)[C@H]1CC[C@]2(O)C(=O)CO,2.43473866676712,352.71706333506825,417.6584803521323,182.7024272191608,0.0016137699075054,59.57672292955726,99.9241710159794,74.45197411495448,799.2404144775152,12.124208503970609,4.237343315656426,1.2516444316712618,52.81180403264543,-11.055464069033624,-5.919302613326788,67.88948536756516,9.734819138762356,1.4749581344199183,199.6529401528358,-0.8260925335818531,1.914693518160636,13776658.91184269,223.97839914608,194.7261001596803,216.62085275793845,7.132346130679876,10.141430770020069,72.40706765919049,2.2858798206168494e-12,0.0007708561757078
C[C@]12CCC(=O)C=C1CC[C@@H]1[C@@H]2[C@@H](O)C[C@@]2(C)[C@H]1CC[C@]2(O)C(=O)COC(=O)CCC(=O)O,2.462923979896545,383.1070403611326,411.4182573925496,203.5129895235129,0.00121588685403,64.92422879142165,109.43080316703724,84.04237437665105,777.3430622654914,8.489401831171996,4.09031935714613,1.261276247210264,52.471341869740016,-10.669498808405876,-5.973264189918995,67.4614566711235,10.031259836707637,0.8275526825448871,199.9696377106476,-1.005760290503204,2.203221447333992,15615416.905495755,207.2546477113509,202.6785776841812,224.77565328860507,5.606774092037856,9.506356345558851,83.6728661966007,1.1800920747195798e-12,0.0004095295403981
C[C@]12CCC(=O)C=C1CC[C@@H]1[C@@H]2[C@@H](O)C[C@@]2(C)[C@H]1CC[C@]2(O)C(=O)COC(=O)CCC(N)=O,2.554285553211212,372.918848051247,403.875887433362,203.89087364156745,0.0012738631174709,62.48879358822509,106.2545941618222,83.15356262026758,768.9656812807559,12.201723153809434,4.426021928150216,1.2557876802951693,53.124823400039936,-10.47208046996975,-5.954118710454971,64.79386251430512,10.03672475842327,1.530177152503133,189.466307706995,-1.0122405888551476,1.7771852427524029,17283325.701971374,205.0824359760785,198.12833346262988,223.4642377878556,7.268564787853017,9.004739438478373,82.15824647396077,1.1809120745318998e-12,0.0006184950331711
C[C@]12CCC(=O)C=C1CC[C@@H]1[C@@H]2[C@@H](O)C[C@@]2(C)[C@H]1CC[C@]2(O)C(=O)COC(=O)CCCCCC(=O)O,2.547858297771454,376.4674188357544,425.4533494948745,212.7021149632841,0.0007967763975843,68.63497238367707,114.1392692940709,89.45894412714355,785.8304287593126,7.90883022162733,3.700934951747844,1.2369361598101258,61.46020672470444,-10.27309497019291,-6.056443830759406,68.45366299858094,10.09738032823004,1.5843820149405303,206.6985077188015,-0.953487101263404,2.94411316377753,12161670.894375475,182.1160683787036,221.4512446621625,244.9559048254562,5.905551108574003,10.43928372662269,86.84116290865555,5.97958080995246e-13,0.0002025685264401
C[C@]12CCC(=O)C=C1CC[C@@H]1[C@@H]2[C@@H](O)C[C@@]2(C)[C@H]1CC[C@]2(O)C(=O)COC(=O)CCCCCC(N)=O,2.623652784580231,374.99211531984446,414.2420346083832,213.8415553825128,0.0010487659530125,66.46914279166997,111.52303837687194,89.02553625938982,772.160797082448,11.187897370756223,4.296983114215213,1.2239532740461825,61.95182053523715,-10.261014080840113,-5.956218179324656,65.55287981628419,10.021925593259189,1.955426712706685,192.7278337171745,-0.9810906272435188,2.3486883233848213,13599144.760748493,180.7403415839505,213.1026002532098,240.2708181466133,7.350420532641738,9.711681263328453,83.3406269415404,9.006787846003757e-13,0.0005743668241666
C[C@]12CCC(=O)C=C1CC[C@@H]1[C@@H]2[C@@H](O)C[C@@]2(C)[C@H]1CC[C@]2(O)C(=O)COC(=O)CCCCCO,2.501128878349304,376.4382090659785,411.8096379673839,207.2129270573288,0.0008724531232246,65.5365309189093,109.3874079555306,86.39834339544163,778.2227445034504,9.69195514034284,4.159157148182373,1.2253420911900996,60.55059374940852,-9.956846852214335,-5.904442732809007,65.41286071888923,9.927173787003628,1.917011247642264,193.6134532859993,-1.0041808939629795,2.5536599624266625,17420442.88296429,191.1210397281349,213.85936774755527,237.8213381612656,6.926825895693667,9.95785991514659,83.81900040756908,1.785322347206257e-12,0.0002938002277211
C[C@]12CCC(=O)C=C1CC[C@@H]1[C@@H]2[C@@H](O)C[C@]2(C=O)[C@@H](C(=O)CO)CC[C@@H]12,2.646089754909516,358.6078672759986,427.9416771903491,186.1130075000131,0.001666978974156,59.62590000841163,99.90679102120966,77.8354060640347,809.2614942232132,14.269740729534544,5.386702440551249,1.272790106271267,52.274904064092986,-10.680047362225531,-5.975945578442096,66.64186606921196,9.73260737490043,1.8891113687131555,205.62124007528303,-1.1901377823194863,1.9538550067805047,14977738.582792656,183.41978984951737,192.82315993914565,216.77544562013884,6.340504720075421,10.47125755382757,78.03188237107642,1.1445004180221025e-12,0.000234686930992
C[C@]12CCC(=O)C=C1CC[C@@H]1[C@@H]2[C@H](O)C[C@@]2(C)[C@H]1CC[C@]2(O)C(=O)CO,2.4362843865814208,353.0728664576674,417.80775903686526,182.72462456934213,0.0016318555404827,59.5776267471119,99.92330867104538,74.44534022859246,799.2345756872177,12.093379967974226,4.239973241349677,1.2509854514101744,52.86558695748569,-11.067614610001565,-5.9142843919709325,67.90447154293061,9.728472091473344,1.4625257273015382,199.5894707504034,-0.8256910883653165,1.9093180880740024,13750391.477987042,224.0609006812692,194.6040503885204,216.59830564162408,7.1195360447171625,10.14101448452427,72.18812113202607,2.3138147174399623e-12,0.0007910621047793
C[C@]12CC[C@@H]3c4ccc(O)cc4CC[C@H]3[C@@H]1CCC2=O,1.869160336965561,325.0480887088942,371.8159242746973,169.6676047199178,0.0003864112301938,59.51512596540771,92.14662482810375,69.43913483690143,797.6357851528644,8.103952121725136,1.8523085307874472,1.204457426805079,49.58586188763907,-8.673243193793297,-5.517911700270265,62.82321277243614,9.31007960640192,3.0914421550196414,175.49096100783348,-0.2038352477055789,3.195751001145363,19875748.928349275,247.36471380086064,199.9775890880506,206.531493763774,8.634152349806904,11.703725527661886,64.13094537349069,1.7947127828006138e-11,7.398161613151845e-05
C[C@]12CC[C@@H]3c4ccc(O)cc4CC[C@H]3[C@@H]1CC[C@@H]2O,1.3357729453268052,329.36774003049135,341.35991463930725,164.3635135931647,0.0002993975480927,62.59106418623179,90.78414305060626,69.99338074482144,787.8927759929895,5.339841585772743,0.8176785571119126,1.1582408191043734,47.90254121788384,-6.547997828513623,-5.411136812824934,61.07817009197235,8.963365760711433,3.555291443317533,166.45087695920944,0.2583732306897639,4.29758180407238,17614403.321893834,171.50188979429603,206.99651217403647,204.3040119723034,9.614886190495074,14.696566878602487,71.15471421597857,8.300518790294013e-10,9.936198392970203e-06
C[C@]12CC[C@@H]3c4ccc(O)cc4CC[C@H]3[C@@H]1C[C@@H](O)[C@@H]2O,1.493377173942566,320.0074474833524,358.3044590235853,160.06363968956353,0.0003684305093816,60.616708696588574,92.54816886290835,63.7471669551903,794.4186261157035,7.718489957278791,1.1002576293537727,1.2257182434154152,44.34995737642871,-8.996091260540963,-5.525390697267562,66.2530157016182,9.309663815762402,2.265886173254476,180.42024361766337,0.2849637471985815,3.03753357197237,18674164.19096625,280.1503746734834,191.91970983850857,194.82550070158925,9.961171949388266,11.660499179993376,64.44665767543384,5.111516745387771e-11,5.467172947327029e-05
C[C@]12CC[C@H]3[C@@H](CCC4=CC(=O)CC[C@@]43C)[C@@H]1CC[C@@H]2C(=O)CO,2.453014930290222,363.0680875837445,411.272786488533,178.8943630323279,0.0020354227597786,56.41557093963716,92.32013601942003,74.30725979745627,809.0655127039432,11.455694936000492,4.857874393243663,1.2131864274173676,57.66938251533663,-9.08953256812954,-6.080549168684542,63.82025235960007,9.53475649414301,2.536476324539483,189.62986055517672,-1.110879532687068,2.927232804042577,13199725.178838862,145.62861949967743,200.795465163556,220.72265830221963,7.100889624633223,12.601004402809227,69.83575508625101,5.045278426686081e-11,0.0002303724720199
C[C@]12CC[C@H]3[C@@H](CCC4=CC(=O)CC[C@@]43C)[C@@H]1CC[C@@H]2O,2.0083650215568545,358.0088649357581,372.0480392908239,172.34583102191093,0.0013988118112231,57.21532501234654,91.10584643658706,74.5587626061052,788.2282829752207,10.939866121858628,3.6060906993164727,1.1470161744083465,52.00311938353278,-7.781313937270164,-6.027337554340184,60.79321137701989,9.49869906816423,2.8925642092740538,171.04060459187986,-0.9845331181865932,3.1964475950318576,13707178.372610793,148.1405255539921,202.6769397760634,212.5341692473433,7.932161307633698,12.83302192265977,68.37015865932948,3.2044784686526807e-10,0.0001096305969493
C[C@]12C[C@H](O)[C@@]3(F)[C@@H](CCC4=CC(=O)C=C[C@@]43C)[C@@H]1CC[C@H]2C(=O)CO,2.36353367795372,358.52195143407346,402.89726498816015,181.97079717935085,0.0009026660667758,57.510508568137325,95.80529301443184,74.42153982503027,797.2757985016823,11.202805898334846,3.5726971155695764,1.2841458887231945,50.15096780845106,-9.615189641737938,-6.053410935416936,65.00345081828118,9.831119849674256,2.2920702934815,190.44048923270225,-1.180818169505596,2.5985117884987594,18527103.848850053,229.44209344402435,196.90619132851967,212.28990220199847,7.463940104971111,10.411368694871372,69.09171053371118,4.565913472532663e-12,0.0001270715604974
C[C@]12C[C@H](O)[C@H]3[C@@H](CCC4=CC(=O)CC[C@@]43C)[C@@H]1CC[C@@H]2C(=O)CO,2.430731059211732,349.00697804189565,414.8012767498899,180.272091436944,0.0022428920246684,57.57698249001667,95.19409394280844,73.42554884294093,802.9112547291755,11.317012416288154,3.946222117451797,1.215317537778318,54.02488144563608,-10.12345993091631,-6.026507293257653,66.12546192196847,9.603487794178427,1.9294683008721845,196.6568469791412,-0.9405454035937788,2.325930953159213,13563779.023099026,155.92168852321865,194.8493748016353,217.4919183875748,7.627455906789184,11.538754684090474,78.68763374575205,1.6932426593335146e-11,0.0005630776112467
C[n+]1ccc(-c2cc[n+](C)cc2)cc1,1.7190966510477066,400.7424146161324,339.266364879905,154.36236802176478,0.0114199073397838,58.55528340040587,91.3683171574571,61.2484489645648,777.8617919289351,10.073640014113396,3.800385012163053,1.2409789370273352,36.55409220103498,-11.868320412997246,-4.854306841776848,67.20770326482773,8.225889493979217,-1.304645658339262,170.12974064810751,-0.5506463290733101,0.6540828760180473,14836918.83034442,211.00805122004869,138.9080777353576,151.27426822852792,5.337998484078526,10.5610743505967,59.174039010690414,7.193129270410784e-10,0.0502041060757232
Cc1c(N(C)C)c(=O)n(-c2ccccc2)n1C,1.809866016716004,350.5945944966006,309.35489068804503,151.88642063211682,0.0154540789423674,45.75967275802255,74.75324817856952,56.99650993999243,744.9771266775728,11.72481701215051,3.762863105661644,1.161678587809175,34.54539963463776,-9.983638895860196,-5.34883940812695,57.07408994194985,8.667490920606852,0.7634036728742719,137.19930119347572,-0.5873901924777032,0.8385827760064601,16004542.05547318,120.3945306706652,143.6543345792595,149.5931979191583,5.214748011150241,10.236431844308784,65.30444626146073,4.721123982434582e-09,0.1182154807999634
Cc1c(O)cccc1Cl,0.8353471264781953,324.71855336487056,223.36903156844647,122.7392348940611,0.0127142582676056,33.63683704385757,50.0554106497103,38.052175088500974,731.4893625059009,8.766506217226251,1.938139191780672,1.248662879412651,20.75633086657953,-6.3078156895513535,-5.818785907104552,53.28745880865574,8.653444349207284,1.974415850692317,105.34846573112964,-0.1361732012951375,2.617102940115869,12449820.24346577,70.246282023651,123.17931280513923,114.4161534549668,9.354289978620889,12.934550962841591,61.28656360300552,1.8890048102826424e-05,0.0360316835428958
Cc1cc(-c2cc(C)c(OCC3CO3)c(C)c2)cc(C)c1OCC1CO1,1.7028830600681304,349.1261206031203,349.6779888132429,187.4178386896992,0.0006382086226662,63.780573522096425,96.319725506148,80.14030251316787,764.6181901090622,5.0219276790037295,1.281750981509847,1.128780571346104,53.8176822326181,-6.677076476636887,-5.532857900136113,59.39650112570763,9.11068053859234,3.700259318633676,163.64811032015322,-0.3081173582285643,4.1695325712184905,12400307.495506631,73.23222130116969,210.28810911414905,210.85721683676653,7.696289145671755,14.101609408670589,84.16479714664865,3.268938503423245e-10,5.235761410433168e-05
Cc1cc(C)cc(O)c1,0.8551818343701363,330.67046019996405,218.693689627766,131.78175761309626,0.0144728747754564,37.395807185318766,55.47836143876881,43.565405257017616,701.0666916631221,7.725866806389848,1.5128210727968654,1.0094687924537062,25.83544730658072,-6.080954651102305,-5.523175233806386,49.85669520648956,8.4763051020813,1.908100362499208,88.75747115609646,0.1006579230684041,2.309413950826466,11147559.218626382,61.00432693175525,130.46046604229517,122.72432451462852,10.012374842810512,12.25735265550448,53.527269106148175,2.5754355118984303e-05,0.0364614302399341
Cc1cc(Cl)ccc1O,0.8784982555093765,338.3231127502918,225.37135134809435,128.6821677584839,0.0126807003737709,35.633429948751925,52.77355850765765,42.63479841921091,725.4395540020108,8.542548630974835,2.0950936632785955,1.2135898433693646,22.69832194221424,-5.8757607637743945,-5.724094679072,51.65438260488988,8.56937730895579,2.233623752333224,99.82153329836844,-0.231861666120887,2.827275139920056,12856252.19752996,48.013597401363256,129.27181949388068,121.11965709837776,9.522033414713622,13.322506956610953,63.41387882816525,2.762577512828591e-05,0.0284937586340573
Cc1cc(N)ccc1N,1.2939870456876754,347.152949735682,273.10794201598645,131.4509657301951,0.0279096199240616,44.694072168421,65.66596387166113,43.38425187044144,741.9683836205006,7.486809387978296,1.4684133816203468,1.1215497462847084,24.494951124579107,-9.475242134012223,-4.589850568474412,55.0292138706398,7.609816469796897,0.1408511147373916,128.33553134929656,0.5196090602231025,0.1307966172950265,16723836.265559664,86.3924131482643,110.21958453565064,111.66015690698391,6.130250296688035,10.95006116511956,51.456585683919286,6.908829010442985e-07,0.1155242665860429
Cc1cc(O)cc(C)c1Cl,0.771765197783947,349.34731146351214,233.58963658606947,143.91523807541373,0.0037664025493504,47.8804350134936,70.42775869132221,57.193619549627904,702.254013274312,6.99260802175603,2.1255711198191367,0.950073853377372,32.05759962153508,-5.453846334163904,-5.59141877860783,52.23157658727169,8.855138116634489,2.2413137476993352,99.20979368982076,-0.0733167121303082,3.490220720243931,12199724.772338416,109.0939291103558,162.89175363302033,153.4336517022011,9.742322397713542,12.60932972962884,60.64281669606099,3.870502431488655e-06,0.0020691642136347
Cc1cc(O)ccc1Cl,0.9594982989134788,339.19028890380383,237.48127113217265,126.13254405759574,0.015388849845133,35.34059306104928,52.300743642512565,40.928581032030586,736.1314891277432,7.882106453813572,2.2543948051835123,1.1709988325563372,24.23236673864585,-6.434246888947726,-5.65245003800378,53.03665448258877,8.504190031886102,1.928207852343805,105.30659701170444,-0.2694317783153057,2.9619337536844013,11989017.04507158,61.48511202362597,128.26325260908058,121.53863236898133,9.42289749524194,13.363523494976487,55.58771394453135,2.479303787527861e-05,0.0393350005129014
Cc1ccc(C#N)cc1,1.0609559660850616,345.95311035189746,213.6095242844185,129.58313403656962,0.0296201339847183,32.06825722169578,52.38734831963182,48.91099801413536,704.1483691402316,14.62610474572625,3.251012245156691,1.0157151481971889,24.36061256663164,-4.287872454185605,-6.853737113770604,44.81444024393082,9.58227797873676,1.8816643496392669,82.2987657232666,-1.1325845426648855,1.841143238889642,9724546.123641774,24.010044169369337,134.9754695487527,121.23391174661684,5.544446196541965,12.716728362805108,50.79506364314766,0.0002448169650549,0.012361638266263
Cc1ccc(C(C)C)c(O)c1,0.80920623859787,318.023632103796,240.09535534602344,138.30322809238675,0.0037401468758332,45.73724726512998,65.64750962466985,53.8800381602639,716.7021935744763,6.353341062348815,0.4709299912497363,0.9803217740520238,33.16451086140192,-5.0607650383752585,-5.576596777944773,51.309441214017866,8.52534915554166,2.9845041310578586,104.75304682606458,0.1762620231914518,3.1469455821849106,11658469.484410262,47.35953443374217,159.70424384121293,149.05072724440743,10.5814504205029,14.541857943312632,67.61415372410401,4.21585248316944e-06,0.0019716643949823
Cc1ccc(C(C)C)cc1O,0.7602053749265671,318.9815250409174,231.74648831066548,133.4951351869011,0.0061676434332049,43.13755328599036,61.06081039572031,49.82896372897625,716.7797990267516,5.880672102510461,0.4706647272174971,0.967449550463736,32.64752728492828,-5.033348535923243,-5.518861782863676,51.07552905790806,8.305186151250602,2.849474490792156,98.41683944854736,0.2415533025455474,3.242509595704794,9526813.5815339,23.87947152054906,152.92357015390945,140.99949060021837,10.34676489947307,15.402200434821909,61.20736544468465,2.021332240400921e-05,0.005192229039241
Cc1ccc(C)cc1,0.4673104456844331,367.5978568867648,136.36480771748603,138.21691387374403,0.004404883836467,32.64106304448366,46.73440487169266,43.777576577900646,614.4989413661957,2.391950293437651,0.014134328946111,0.902306410695076,25.940104253097125,-0.9529788968272208,-5.8021999434999225,36.04880585923195,8.634611964919568,2.844734890931696,21.29294606949329,-0.248074276984334,2.995186992879033,49548856.93923031,-1.962474486007693,126.46668282403093,105.02886503913764,8.30411766675222,12.261900438960948,60.45941499722934,0.0054265110480991,0.0017414821499224
Cc1ccc(Cl)c(O)c1C,0.801082773739338,348.47792073420646,213.357362841893,134.01461316466572,0.0091813947103885,37.85388441757023,55.11068136577547,46.94085049349308,709.0320847211123,7.257485737912379,2.041812984336497,1.151538670105189,25.04934228986722,-4.614689173734903,-5.743163121604099,48.2528189368248,8.638233908920885,2.506296409918666,86.71435102805376,-0.1637641987019777,3.027124062343955,14943272.145359192,42.13778437893391,138.60952995826037,126.24319003173204,8.808237886205196,13.674469581568614,58.99625090765015,8.0826829024962e-05,0.0077919454806867
Cc1ccc(Cl)cc1O,0.8766786239805222,338.6523894577265,218.1292174880448,129.8531150393343,0.0116982430566473,33.32036014881969,50.55148299369753,39.6385770419097,719.4422441521168,7.486521191467939,1.8626923016854784,1.254402881323576,21.520812262431694,-5.641365895032168,-5.800145960843354,50.54094080117703,8.729129046535492,2.032260130278282,96.41647787673472,-0.1751205009806158,2.618757620667816,16775723.401644507,68.35687634764851,125.41517481217647,115.29115602805098,9.029298125556588,12.46580842821277,58.56695319407543,4.008424852681456e-05,0.0234697645540045
Cc1ccc(N)c(C)c1,0.7581390407862665,332.86010989243744,226.3764002474898,117.81340192053796,0.0310536461123078,41.33854639217347,57.13210422369123,40.148114561393264,728.1491996198058,4.989708566308733,0.8677666711518333,0.9769496383449436,26.20369803025103,-6.997018192272424,-5.089802812369466,54.177154299392704,7.555246693975926,0.7061897016689183,103.3129281934905,0.3714202461361884,1.7794460829475744,6550106.706714516,18.46838427721441,118.70866911273332,107.5570555028519,4.671784652103662,15.127249128682442,48.63372578796865,2.985522496158032e-05,0.0672830314642312
Cc1ccc(N)cc1,0.8731661816420556,365.80842306866646,196.77310031588613,128.8230118241787,0.0206387406768408,39.546128362134695,56.28482040393353,45.241056880697016,694.3137414313674,5.701536772493611,1.586245689654824,1.0109287397970557,23.59428063676327,-5.698894463265658,-4.848523654370069,44.29969525730372,7.639401412410737,1.0329626769962907,76.24525865520835,-0.0155591399395467,1.2154678383070825,25006879.86454915,39.01332086040854,113.8386800162958,103.66815500871164,3.4101434893660545,11.906799324708471,53.4394290432306,7.200748861845955e-05,0.052765242123619
Cc1ccc(O)cc1,0.8364609599413872,338.28577209274766,198.5506860390811,121.1391434394765,0.0339717100810425,31.151802816379067,45.218854415777926,35.71175865660191,700.8066204098582,9.286275817687034,1.6899503062363213,1.07727487814725,21.339886683759783,-5.901598305352211,-5.6278883613073525,47.794905150108335,8.396247478051187,1.7937826126008485,76.40297695732593,0.1003092465037105,1.9160893609749785,9201416.464175751,37.39944072971405,111.43986123576911,102.62550808743458,10.00448874661672,12.27250806308084,44.16438955661704,0.0002505813424567,0.1234340241862666
Cc1ccc(O)cc1C,0.8288623576703072,322.28597117373823,229.6574132636321,126.61519077439786,0.0126709233170887,37.59828567360461,55.08881305692942,40.49734770037413,724.607879595387,7.557630421146438,1.0668276718429446,1.069135601496927,25.94804601652634,-6.485970086705923,-5.603877594821975,53.91939983959198,8.449832553446889,1.8200813474606723,102.74938737566708,0.1743740309035777,2.4847216329662203,9540294.55664003,68.1086486210555,129.6259059012529,120.8309360878884,10.200604034146547,13.244675995928564,53.16920772197953,1.6887104340724553e-05,0.0295020836323229
Cc1ccc([N+](=O)[O-])cc1,1.145861072737217,351.9339279082108,239.764494543444,123.57619117087845,0.019511954977156,33.87337971202314,55.10446018639565,51.6136008041352,748.9841298743248,20.509346878509643,2.3118933839054967,1.1555537390319706,21.049888303308325,-4.717833535561621,-7.015551572570801,50.21840434037209,9.596698112748117,2.247578558533601,110.35694803382871,-2.0976178599196675,2.1916460230611263,8818392.429956086,41.70866683215857,132.61103437426425,118.56841183801464,6.921321331582285,13.418442937723364,50.641170012562576,3.322678407806397e-05,0.0031165836874654
Cc1ccc([N+](=O)[O-])cc1[N+](=O)[O-],1.679552781504631,341.0392091373837,309.3847373045588,133.03731613215925,0.0163424936757162,34.395247225624914,62.0040960651508,54.78458374047876,802.259242062521,18.43679037974216,2.132251129946795,1.3629760177371502,20.65697930376998,-6.756321685297012,-7.672708879055738,58.15693079646111,10.389490985541345,1.4719578698928657,167.02367039290905,-2.813026256010533,2.052420547529563,7809632.943853064,73.855902229338,138.21708023322606,129.35473888610937,5.022166227178753,12.842802716495726,58.18444053601498,2.151499160514257e-07,0.0012754681503729
Cc1ccc2oc(=O)ccc2c1,1.3998414617958068,353.8369840128362,287.469921832329,131.4949191724706,0.0096052521019169,38.68153052742988,61.31794811652065,51.78946821569205,770.7419710401534,12.42390350140086,3.5276976908876563,1.211671961169958,26.58352431529893,-6.433769637913704,-6.104662635252357,53.39877729567051,8.983979754792452,1.929357471478358,133.4390448489666,-1.51245550293535,2.1826589642493723,20047653.49334156,88.35656050390511,141.72539087653695,136.29890475797643,5.857011367041349,12.718562751561691,63.33119223795557,8.035004070285273e-07,0.0016738786150388
Cc1cccc(C(=O)O)c1O,1.0553789167268723,408.8462384900749,290.6180900436866,128.89550225430966,0.0138097975762214,44.25149536113411,67.940498211914,47.65023767939806,793.6219844508648,4.772831988051542,2.8093554604690527,1.416778729601741,21.45482783695864,-8.529918499201775,-5.92221580111131,63.84725785482407,8.80747676446259,-1.0863394147872922,156.99520116758822,-1.2640535244758428,2.930772647360146,12560953.683302756,157.7732289527917,131.28095155837988,119.34892984798378,2.852050157163024,13.468978515406205,51.55239078586222,3.917905819287583e-07,0.0086007118293852
Cc1cccc(C)c1,0.5300635790290834,363.2492140200138,139.91239388513029,140.51668897209407,0.007547990886364,31.79640512756705,45.50676578377963,44.30695063404441,617.642413157811,2.580761251956309,0.0526499305125644,0.8792696987065076,26.506860801207253,-0.8835346327097415,-5.920670314433872,35.92577629184008,8.7178728378582,3.0343502727919818,22.219477045161725,-0.0891662067174912,3.112389009601116,25714734.127362743,-40.91823124751568,128.52730782611232,106.62491477856771,8.367388311898887,13.013210836402584,52.260895631306575,0.0052174388719587,0.0014944753464201
Cc1cccc(CO)c1,0.8953661192121507,333.1430502384651,218.1717215552783,131.6114250967956,0.0305253959903609,36.879384089193344,57.087274059749845,46.19897581816196,703.3924187978982,10.287318300906431,1.908309988503908,1.0200277713338437,25.133936762624657,-6.2882380868844985,-6.154226084375262,50.848531484975815,8.992635933201313,1.232133636288345,96.8479264272499,-0.0914693407130242,1.5919872555408476,5690815.717797779,30.703400293092727,129.52523148082008,119.99104749532216,7.496832983273298,12.746184161154702,50.01288760791402,3.237955771048317e-05,0.0544708757766769
Cc1cccc(N)c1,0.9319896630289556,354.84102741631625,205.544499370144,121.77057686754227,0.0515107561696252,35.576141253319975,49.53785456936181,40.533088853642944,704.5128538224578,6.081937248538736,1.4855112187728654,0.9843118875638842,23.661900630336607,-5.744001903171062,-5.167758470838189,45.39815452150345,7.733061317253114,1.1690108469617368,78.19083622221709,0.1943868340945242,1.3270778494263886,10438445.640300876,-16.630590059888362,110.5230467772813,100.22323775693718,4.501342931169749,13.68868767937482,43.05455484525574,0.0002544384403684,0.0897139728960857
Cc1cccc(O)c1,0.8620351499738694,334.5333108109379,196.8657758486212,115.80542941629412,0.0540634708218891,29.51986664363444,42.465807258870605,34.461850421206954,705.5073151442527,11.1646884911552,1.893845147218835,1.0396636326444968,21.207710125378743,-5.70053333827591,-5.848607656016707,47.46940991346836,8.465181227556467,1.863405077827573,73.6008492295301,0.0138367152392862,1.8552797831730767,5967431.428092316,17.39865271825552,109.98061273971676,99.46399808331418,9.674515615751623,13.022626705413897,37.47952446963821,0.0004807534890929,0.1356438031935799
Cc1cccc([N+](=O)[O-])c1,1.1146479528667927,374.2141768719482,227.2175977205333,126.58956333205462,0.0246647989651079,33.44421111959815,53.49444617074729,53.66859670204044,734.7933609340668,19.276807921080817,3.7959736829460216,1.164907061031729,21.05213826625076,-3.768856173059147,-7.035410986163139,47.09140812128067,9.58733944239378,2.354914633419216,99.1864850262165,-2.2250932262814045,2.3600470549781623,9406998.249742368,7.117460409740204,133.17867386961248,119.00253561880028,6.281302822979085,13.81704240193969,53.5337956311756,0.0001136911776495,0.0019122198351132
Cc1ccccc1,0.5307908004703523,375.0686555854165,111.96563763834358,139.1704036535168,0.0253594280766669,26.023581962497232,37.55749032250405,38.179918256076576,594.472467316389,2.8864571064605866,0.3022293558067948,0.8707609195854664,22.19807502022513,-0.8546576229526996,-6.085144700621128,33.08940384962559,8.88945904260993,2.5098504008327427,3.141152435307504,0.0473153988647458,2.6320840933660863,14946840.403422236,-71.7057882063389,110.81851151327037,90.18585457755944,8.249498812205971,11.851455478977014,40.08337792017003,0.0268960898415842,0.0065691222255636
Cc1ccccc1Cl,0.6082575243654252,376.7431456456656,160.50725756274375,133.4448386596227,0.0111206252647445,32.544310005258325,45.84990385350884,45.34994649162531,669.7409185457468,5.785353307878706,1.635333122764466,1.0761215958989188,23.42414843878656,-1.0253547149438855,-6.211759287801087,38.42553748486996,8.885648218381405,3.0958438952642684,45.4662295157063,-0.3104729423528911,3.4339779764077667,17438923.184312418,-28.02575030828237,130.6042913430146,109.31443264585008,6.531538035428032,14.77123201077482,49.2369291365559,0.0061143212200899,0.0007048061837977
Cc1ccccc1O,0.8236195377531053,340.65702508270147,189.9138277982251,123.37794218590736,0.0296740364208577,31.08351465208769,45.78955475092948,36.92124183896661,687.9840314123511,9.715381336898288,1.6699267642594686,1.052560389525879,21.656748204038703,-5.597689062643051,-5.593314608835094,46.09289197408438,8.390724660143853,1.810882015091181,70.3833110998869,0.0564662475496529,1.8083718152324704,12814327.69697726,38.64381149453581,112.77929262549846,105.05215462006404,10.156750694638967,11.671270764027636,49.71912526254172,0.0003126879844392,0.1119021480127705
Cc1ccccc1OCC1CO1,1.1101600085499288,339.47348788642046,249.19725091994704,146.22270071700098,0.0093993431698341,42.51627506087065,66.05291442712367,53.395891014513374,712.5511020082712,6.111102700544442,1.3914367630361932,1.0686996744164796,32.57695466514336,-5.959252200669527,-5.792286598445966,50.33756414892674,8.857477744513751,1.8050173941411825,109.92329386886357,0.0713371331548688,2.2143339054729343,15187050.331604589,32.77174555378437,150.00082702119963,143.6378215021157,7.228016865815699,12.959406794354674,70.83985864266971,3.272814205321845e-06,0.012769343698658
Cc1ccccc1[N+](=O)[O-],1.1247809971156122,376.92845472052335,221.3900429960925,126.76233655714992,0.0350483551937249,30.89276704571128,50.02823942639709,50.78299006559015,725.8689790074349,15.48250367937752,3.274323305905418,1.1542647948435545,20.422538976502004,-3.73763821962937,-7.070725000639677,46.17491235898495,9.598990497879536,2.079691298559597,94.77709484117509,-2.154412749280929,2.342487449480325,9276835.53457133,-10.151776274983888,128.04741681674926,114.22294664874084,6.242976897906281,13.595661074846308,52.26286835653696,0.000287406916537,0.0034520266945087
Cl/C=C/CCl,0.7788230368318558,376.9677472760755,100.75243026203512,135.7241090462351,0.0724756843852261,15.519684166302682,27.46513629115105,33.94227176089168,601.8128539149463,9.21189598057146,2.0792400426589523,1.197949099050045,9.855679006225165,-1.54579547828269,-7.116402350813389,30.95414856889248,10.050984523500729,2.244086765705012,12.724977378537652,-1.0294483188119532,1.83237041828388,14961801.870575536,-68.81158395255923,87.36459456640897,72.46209113999518,8.17433635819006,8.791629795398777,47.41586817264789,0.0426279883775176,0.0277184933298439
Cl/C=C/Cl,0.576491655105591,388.430322884146,64.97428323919775,132.33584677207233,0.0776684225671139,13.420049299218654,22.126051081309924,28.87490658152342,583.3847054587841,6.096349942341292,1.561121664182236,1.2672855521599051,6.594770750062692,-1.3837145660252572,-6.918479853487372,29.797972572746275,9.876267840009705,1.6758107492133978,-0.9123030277872104,-1.2143950378610195,1.724256911946237,18018550.425968867,-78.08954444551944,72.30237480854613,55.59017941179665,6.203657957106188,7.987187824070759,46.39489217973232,0.0704120959367695,0.0470340193869067
ClC(Br)Br,0.762377591926098,362.2385673011196,140.72899754095675,109.47726445246698,0.0418374884277383,5.265612482674122,11.448157972399002,9.721742541192768,747.3844166669369,4.686724887014864,1.065310635871227,2.3857215218811034,3.2576847068618022,-2.602698938497543,-7.82582819715476,40.081103657249216,10.590686140028538,1.5084563697746398,93.6288722012496,-1.243706086277962,2.293905999243916,24080659.50525385,-16.54909651158333,63.61757742733295,47.62414530904404,3.372951505797982,10.981657583108634,42.17299406128023,0.0067898792831326,0.0080916075271817
ClC(Cl)(Cl)C(Cl)(Cl)Cl,0.4116470942678453,329.63628563385964,168.7028272226426,109.02107253692152,0.0009812774934789,17.749107357159254,28.818329138860705,22.4509306863606,765.8297607209444,2.1050308984424424,0.1677586950649127,1.9517709483394623,4.088248807169458,-0.9269021569395064,-8.067509912888289,41.35364248154402,11.2501100808084,2.0613530624570884,101.02051459129572,-1.8184569599787888,4.041379249622941,44789146.90892094,198.99265034654732,92.37546548147094,61.801772557828926,1.0638289001064305,11.282813195042078,37.87753530070784,8.531682085711396e-05,2.511049194355457e-05
ClC(Cl)=C(Cl)C(Cl)=C(Cl)Cl,0.4110102596464158,394.0360971803528,200.05729497365343,118.33007377265454,0.0027518605209483,32.3661205765605,40.32812316813768,41.88005653551102,766.4693605519294,2.180348365037655,0.367805347711389,1.660642839026928,10.750260323958075,-0.2615344827437398,-6.571639026954531,44.1562006890583,9.004430464140773,3.446794621896446,100.92897948300362,-1.649852195376847,5.112184363263846,25933005.608327165,-25.397402595188623,118.4770503827032,88.85710407325253,3.10160201516378,19.02491048735268,58.25961935778934,0.0006828915319481,4.857182161225868e-06
ClC(Cl)=C(Cl)Cl,0.2957080337467195,370.1047809324622,115.53345406611145,108.60329765358928,0.01598383443852,13.32402398524642,16.609654410725838,21.361405469869368,695.5593644449353,2.251917925081025,0.3975349764633332,1.6411498814501762,4.7963658764207615,-0.5431249651427268,-6.955080548534394,35.84976233500004,9.509777061403692,2.1504952780654656,51.991263109850586,-1.7321351564756782,3.5623281642558577,27093612.080614835,-40.54886979276179,75.88724634716003,53.73033699324853,2.5904581717638964,12.24694554248708,46.85762681915049,0.0225513613601695,0.0009188005336149
ClC(Cl)Br,0.6428097676219942,356.85082769067884,99.35429070664526,118.88644506330014,0.0720472836895327,5.775580704975127,13.621322145028117,17.07241301371097,665.3587118011236,5.34821996150944,1.1956482368506494,1.8209370688581463,3.696236541361888,-1.7422435055670735,-7.9513660430543425,33.41750397247314,10.832765014200213,1.5026657472424212,45.45004587239504,-1.319509130588919,1.9753078521249443,14049403.627455214,-48.387567448132046,66.58084604345531,48.85344727416221,4.02087284277904,9.340227228241762,40.42762742013579,0.0394036309648348,0.0301148755927979
ClC(Cl)Cl,0.392924035018921,328.2019679349208,65.78580795397878,114.1965472732544,0.1045615342936796,3.186442429802419,9.770930104510796,16.068402143441432,623.7191582629737,4.951481549814484,0.8625353268260436,1.5261432236812114,2.906521048830032,-1.1001557381470204,-8.490830023667336,30.171040109329223,11.356895300776364,1.214861314468384,23.31586141965866,-1.3122546885091069,1.961707304492131,6806402.823428185,-76.67038656371594,62.82613580095708,43.39058085823019,3.1420291966484784,8.935966697965556,40.10362977656342,0.1519940178397967,0.0573452248862782
ClC1C(Cl)C(Cl)C(Cl)C(Cl)C1Cl,0.9957104441257716,325.0039265113139,273.9046631281918,139.0498850384617,0.0011454712726289,41.74481745370388,64.90389817516595,52.41965178705812,792.2240771362781,5.587186289225232,0.9979092171104358,1.594147558623433,16.961367100612136,-4.254871851150811,-7.058383290058136,54.02569923444748,10.22271970628366,2.9940425487396123,149.99311330521584,-0.8390837615856529,3.7148232544871567,14170200.0082137,121.29576270474152,155.30070073924506,130.54233745557184,4.392217758761227,14.923829451641891,59.35679136037786,1.324029829244262e-07,2.7206002528094924e-05
ClC=C(Cl)Cl,0.3958200546207429,386.32169110319256,80.20961290452838,118.65457083315611,0.0434741053691905,10.90002033777833,15.072389998186836,22.78623991345883,633.0859851117119,3.2984716577535025,0.756558128155067,1.4648443805155753,5.4789094473182685,-0.5256602808799742,-6.90916860725236,31.44284671336174,9.596768137301355,1.9539471529165653,17.47448765036821,-1.4540455822677163,2.7058462814762,22813543.126897693,-81.27125504523516,71.98266264802673,52.58169644455778,4.332919083824635,10.058945109952916,46.23446370326246,0.1425854495006564,0.0086962418425984
ClC=CCCl,0.8416582627716065,379.4970635927093,100.79670426326932,139.05335994589808,0.0682208694727278,14.547487481716871,27.318407499436745,34.47779435701609,597.4909813367307,10.030722745706138,2.5172805503996307,1.1977056747509538,9.79608347118378,-1.4401513910148145,-7.18619928302908,29.95707019930363,10.20123560153559,2.3139109781607243,11.074064419639107,-1.0514238610330224,1.834256017929904,16926827.09479999,-57.56006183515191,88.35664609575538,73.78882997977901,8.410317070775509,8.342058062200001,46.99812879472763,0.0498277690670147,0.0293558619072157
ClCC(Cl)CCl,0.6569579348030091,340.16917181660534,150.9880024310291,130.71398888340713,0.0277125995165323,20.47185943074584,36.081119169529686,35.56958534243703,666.5865517336249,7.910789688639551,1.584546650369942,1.3667279647711514,10.06559459305151,-2.194853104118705,-7.715670502888679,39.3365046811977,10.679555376099945,2.082809401180893,61.34347639534384,-0.7234393499332668,2.3847027102680207,9092784.288729869,-14.157264155744317,105.26940599695604,85.7600447146772,6.953159920064836,11.152662556082651,50.06748016252185,0.0046115492547398,0.0089891078915741
ClCC1CO1,0.9145787299039364,357.1464331471765,123.859240706079,138.19463723500013,0.149442588370663,18.11677579010308,35.23830894806445,32.256318506677154,600.8382156466305,13.235799187468093,2.3962338882723384,1.175133309595555,10.152956356805946,-4.082943139892518,-7.295124158478498,35.69198209893942,10.47576368576467,0.9210444802081584,32.95499330496192,0.0566910186481475,0.4822352866642474,9175873.434301907,-41.13472930001737,85.1454493605475,74.37014437841842,8.153572691102802,7.799157219606012,47.04964393461586,0.0115999804293804,0.5141741811976365
ClCCCl,0.549573214000702,359.8140675033951,79.14938538636804,131.57694491407872,0.0685524322193424,11.030769947273733,22.577643824028986,25.64569928156613,589.7445321023225,9.570432139141667,1.851417461758001,1.2588512716636062,7.242339630861693,-0.8226953215854165,-8.002892065587996,31.010916343379023,11.137141279812456,1.8429481563508512,9.188470709474087,-0.525771908580065,1.816492119212687,10030124.32900959,-36.016303379020684,80.95991697027485,63.329027515142215,9.218751871748744,8.203644382882217,39.05552326469772,0.2341320466186182,0.0294547892148667
ClCc1ccccc1,0.8860905460777284,367.1106098001743,174.19644299841585,136.41826317459584,0.0302636762408504,26.41774106977284,42.64433260827303,40.66878432952285,665.0733751651526,7.042398585020025,1.439591596047132,1.1060889134938567,21.738895080038795,-2.5125240396302937,-6.5763188460785145,40.143518844627,9.343979114359618,2.183385285600256,55.02385224425286,-0.5611580143994095,2.26678802246064,15562145.3921653,-27.12866389417647,118.6580705528286,105.2362136850118,8.082183182370692,12.402304235196372,47.83293572944289,0.0042979728933557,0.0072567108028469
Clc1ccc(COC(Cn2ccnc2)c2ccc(Cl)cc2Cl)c(Cl)c1,1.819265355867386,377.60087752248046,369.26224867782594,197.77131419254752,0.000296595209294,63.20800371830955,99.2556973777961,82.17526036351026,782.8792302243947,3.865131140390901,2.111865906112251,1.3856212742483616,52.97573265676118,-7.12870671390915,-5.904242232620328,63.36856315208435,9.622378312913776,3.22537664754212,176.1930464641094,-0.9524975563234092,5.2862080300714975,18945009.52071924,149.65344538968208,226.41539124111395,223.58495682657207,6.41547123140949,13.326458256152408,88.56651920492978,3.157463103744407e-11,4.7543926203879545e-05
Clc1ccc(Cl)cc1,0.6946838316621782,378.2416294658691,169.31018819785834,134.6926682675028,0.0036769478881216,28.307218226178883,42.68847734370411,41.18297625936746,695.9557534306883,3.700001552464543,1.0233891823972725,1.413035879025936,17.620881827477813,-1.2470954432113168,-6.309765155059218,39.89894722793058,9.235460480369929,2.792132278093696,62.55396494396626,-0.8224408791697027,3.3923422255587576,52769505.49129853,51.46234235252619,124.60437266401696,100.91904505668948,4.167076164284527,13.01359207683611,55.944194556496505,0.0012303997450602,0.000482062289473
Clc1ccccc1,0.6268888211669923,393.6645778437722,129.70371668359877,138.7822826925731,0.0229564842918069,28.42720930287837,41.77240475581647,43.69282895608902,633.2489188976883,5.744601019283677,1.757015126896577,1.1270330810264797,18.49971587760656,-1.0795200724580285,-6.340475546940803,34.41961355372906,9.165956641144753,2.676890377120674,21.69075372810125,-0.3679380042099953,2.780022918165743,17054851.401806224,-45.86170570584298,114.58268857425116,94.28930124772636,6.335096354435041,12.545378908015577,44.73243254018955,0.0163690042892235,0.0057476867722569
Clc1ccccc1C(c1ccccc1)(c1ccccc1)n1ccnc1,1.7837499710502625,319.6524687648809,398.3923411854863,183.20561139732425,0.0001266269946145,71.44132066644848,104.87182455066488,86.63493378293246,828.7405348281384,5.704338473939079,0.9954625076391984,1.2006546969123482,58.06440179752288,-6.87283646510458,-5.70840963211748,64.97020458451271,9.299195803093316,4.896109126918912,195.22107209969045,-0.5717933928430081,5.17848673112917,8659119.99787441,153.83327665406765,247.1804645328387,236.88392324706572,6.105575006492242,16.692000469561847,70.6132461978431,3.57095107981358e-12,1.3408363335524151e-06
Clc1ccccc1Cl,0.8109743245544434,361.8400568117535,183.87835463727183,123.34880536283973,0.0123941602253364,29.409117185943124,42.08177893106461,42.99904657788873,715.7163967291474,9.160256673764357,2.739667235142071,1.283727417448938,18.729078522095943,-1.563839141596317,-6.50959317335999,40.23761015829012,9.0276631859082,3.355555798470378,66.73235286187887,-0.845924521855116,3.19823832808435,17646564.82272211,-17.220130910546786,123.94221984693677,103.4732371485165,5.108471388792723,15.44728557336015,49.5702648095379,0.0021797593941792,0.0006042299953292
Cn1c(=O)c2[nH]cnc2n(C)c1=O,1.6026871259155273,349.3541249211549,312.2453838702035,135.73068654959678,0.0151708068486605,41.3696763149938,71.78991704859227,46.1727449965179,761.4466601368189,21.6122200590999,3.144533647740568,1.3304918815727234,20.049205618705308,-11.805452498581886,-5.917975669386029,64.48699496113778,9.401500858498515,-0.5249552610033752,160.44576900058746,-1.3239551549425723,-0.2075962631194594,15414083.8538559,264.86333323999645,115.85999483799232,120.99093998452724,8.743764563185454,7.683234204653551,54.87734821866568,5.657672686574204e-10,0.02974678765865
Cn1c(N)nc2c3cccnc3ccc21,1.85349452895546,355.7248775474286,348.9915052328861,146.7869457066393,0.0079723658589616,47.70912332599699,76.27555873857067,55.72592963492632,792.0175425441741,12.505860205271476,3.7731427385135614,1.2337058057409525,32.44119055469556,-10.633821601486206,-5.206571410175979,62.87928084733963,8.451240940994026,1.0599304979071025,166.50791085944175,-1.1087054536136989,1.3899059854672848,17567359.335762806,177.47286444805147,140.42594558004652,148.5733163699362,7.59564195308733,10.366293657770644,60.74222993591523,3.477096621958369e-10,0.0091118622719587
N#CC(Br)Br,1.0662362484613956,374.11870359981833,159.41770785295876,122.31647517327548,0.0705086294282671,12.779818256611826,27.89740622861386,26.89971637341499,723.656928073883,11.02452992804304,2.417771887200676,2.014299523222208,5.526202836513524,-3.890732161837116,-8.159756636808872,42.63919624326229,11.013394869580866,1.0668891851034763,96.86074682481764,-1.9630383147266508,1.5666227419401109,12502588.086447148,-1.803365947625636,79.7028701179567,63.1602527545824,3.94719357405442,9.764646568005311,42.83215723988576,0.0015856828076345,0.0405627345212087
N#CC(Cl)(Cl)Cl,0.568549105495453,357.48005818226454,90.86955202284932,126.7823034855938,0.0456824763071191,13.954391400436164,26.3787791928208,33.7088041780293,638.0121760899111,7.147842578647052,1.1616513257230905,1.4497071217377189,4.781027418870832,-0.6696915727777482,-8.565436681352615,32.08057198138237,11.44286539327383,1.6987065662524106,39.43544491544246,-2.003513224413246,2.0614374571877123,8230626.170042644,-52.88664021073461,82.42073634633213,58.85215759122725,2.953457018713832,9.527687147062236,42.8586509702884,0.0400749004776819,0.0061144613457964
N#CC(Cl)Br,0.9870061104329826,362.3118988565087,137.33975348819376,128.16610953089477,0.0887540650793601,13.718023287990093,30.02063353328586,30.777670822281834,675.2554325218678,12.46922363358724,2.5407922646148444,1.6613511316666605,5.903660581219147,-3.4789647152725456,-8.260609238298416,39.15689165683359,11.23908132712841,1.059548753552437,71.49004457163095,-1.7844945592875034,1.2795518704687354,8999847.150421564,-18.50242170369387,81.63679419261807,64.63719262742393,4.576192247691035,8.74433606477557,42.97510428171859,0.0035093630163921,0.0675997927526389
N#CC(Cl)Cl,0.906020597094536,346.74011724519727,119.07240432389736,131.68974151260855,0.118254075739685,13.564079894583225,30.659301168810728,32.46641082483291,635.0479321837082,13.751497291807196,2.484849874827093,1.3827805461057423,5.824870874577654,-3.2662375704443454,-8.53342289580345,36.66786688326478,11.607519938750269,0.9223088221251964,52.49800197542399,-1.5192372435381265,1.0580407337250708,5779114.033882644,-36.77438621053099,81.34913847810373,64.0005577638436,4.845792877468646,7.98901131588126,43.92222641108953,0.0073595229508752,0.1339462204906778
N#CCCl,0.989551400649786,336.64546651541707,129.02694636423112,129.11418010978463,0.2093349771599076,12.591204655369516,30.010770687927604,27.505055124955177,618.5579530468941,20.187367246805604,3.0259323306964583,1.2219857887918353,6.49252476137208,-4.357449835370183,-8.35635917930746,38.02337222203493,11.536733148053886,0.5240043954318763,47.69306509744763,-0.7874852572515608,0.3948362024718521,4591849.853672419,-13.23667630830765,76.7979108459625,64.17262692268093,7.4973117740251425,6.953786922032448,38.31881265112991,0.010722344025673,0.4176427418426509
N#Cc1ccc(O)cc1,1.5832253142299653,305.10465365679977,307.0825120414639,121.10067814466,0.0256399026934873,33.985869809846875,55.64471912404359,39.68243761008501,798.9419585843325,17.681468454116782,2.96088786172622,1.298951041283846,21.950739579584244,-10.015659851219178,-6.140594502541065,62.30533974084854,8.973420433373452,1.2862344827620686,156.4834142704725,-1.1161212541615964,1.5258933193438051,7772091.382392975,120.5052270781143,121.1037923245324,120.31475464590362,7.385010453014403,11.68573253242038,52.113533051019694,7.65811980215997e-08,0.0917610166516035
N#Cc1cccc(C#N)c1,1.5359372686567307,289.503532957418,266.70070112977027,136.43241101201534,0.0050176988672876,32.48214604233682,62.22761901141316,47.1147494875741,750.3512141428471,11.28746564899715,0.0348517549304137,1.2072202451511322,21.801732944791148,-7.091422479263782,-7.637708918867349,55.49724340652466,10.673261788904073,1.658595145894885,141.4916209059906,-2.178943430316746,0.7950084835499522,24141296.98760418,153.57910509177208,128.92720693097726,115.80373247407142,4.931656513361215,9.769381249134057,54.541972449490224,1.2936050489864252e-07,0.0051181838837246
N=c1nc(N2CCCCC2)cc(N)n1O,2.160032325023651,338.95505084366914,382.64256210450174,148.92424130370858,0.0064547570872903,53.70612781771283,82.56134237162739,55.30032140639365,825.7733625163078,17.27883077396204,6.533687740375371,1.3122519098167418,34.55722138917674,-12.185329658164978,-4.870984841368436,66.82017149968148,8.346100458458663,1.1984210242247584,185.78362320224284,-0.1136689108121395,1.2565852424737214,11755330.027839627,210.06059833087448,140.07931349336684,152.74919386163916,7.52941791522938,10.61718736823693,46.80921630929338,3.3296422560541146e-11,0.0081248607139035
NC(=O)Cc1ccc(O)cc1,0.5912475259723664,333.9394812024784,236.01241687067863,130.42767443675996,0.0058025304494495,48.36316762649089,76.12477493086026,50.60637313177347,707.9549072034359,10.281491292595556,1.0612104733008454,1.1554980830706358,18.69941960992652,-8.833219206747055,-5.735002135284528,59.16152972461701,9.259523603482249,-0.3937271061974763,132.8319821551895,0.1145832199144361,0.2185793936865327,17288178.986824054,187.911330101437,126.23871838198497,119.44118746095884,7.924137831402302,8.960306027116998,85.03155629431706,9.013039398346725e-08,0.0066529047336149
NC(=O)c1cccnc1,1.4546042222442628,314.3352157073498,295.6039000691128,111.851288118639,0.2869521990887667,31.35265744476736,54.61149581595898,34.544754955494405,766.9656000601531,76.00311320619063,4.477348509537911,1.1937777574170827,15.465154983382094,-12.429405414060591,-6.653530239946127,66.17825288196565,9.413641064760087,-0.3087129941058157,152.33514690668105,-1.0590950639793275,-0.3283470831789972,1722101.3519284383,124.43275073421152,94.66725716511068,98.81550322271876,13.600236771277666,9.25997064842318,43.2663073781847,1.493249164426176e-07,4.788434953445114
NC(CC(=O)O)C(=O)O,1.533308970445633,312.3813294305825,287.20004252391755,126.98442726814272,0.0219798880042681,41.26461466937363,74.47890934152767,41.55358921362877,742.336688745761,34.8534708858113,2.34626263140686,1.5882454619311095,8.076453820587583,-13.886583188589096,-6.359190721131086,64.48728421339035,10.20339181772858,-1.7711505261015894,182.23856397848607,-0.3704264124459029,-3.3692354890766154,19616811.87019732,253.227669512328,83.60847105297914,85.4816032210927,5.144712743288159,5.210230122213069,86.9817860219839,1.0670887870793114e-11,0.0425571771625533
NC(N)=Nc1nc(CSCC/C(N)=N\S(N)(=O)=O)cs1,2.0068164695682524,386.3363081116706,359.1596022084892,166.8268541013694,0.0111526800256734,58.95194467787184,96.9893446863502,69.81638782114983,764.5293684127092,16.678261598995306,5.595444754439535,1.3075327801551222,27.66376320393583,-12.409118464681626,-5.370804463039606,66.42689347190857,9.126495286688806,-0.9080560530507564,186.43899011764523,-0.916484066271186,-0.339786931548119,16034173.68244084,168.18881220826984,139.20438018113038,158.9611728564238,6.667016710602056,8.374441897254254,94.15941282720718,1.6612757065538418e-11,0.0085881268736751
NC(N)=Nc1nc(CSCCC(N)=NS(N)(=O)=O)cs1,2.025536170667648,386.60833318540097,363.8015035120845,166.89083652400734,0.0097805147723578,59.71855006627962,98.0751082480649,70.87776049007178,768.7134887902021,17.206467053041138,5.66586768349018,1.3147927968109845,27.80028286057113,-12.378495582202913,-5.376296158839315,66.42383774001122,9.144606186629536,-0.8379202613526582,189.34152812698363,-0.9410447415608169,-0.3791611987962724,16691310.09464576,170.94056162001374,140.3652595757627,160.58898109619386,6.637992020095402,8.436616549949148,96.0278366214774,1.2618481511002607e-11,0.0057129678602018
NC(N)=O,1.1603977333130835,260.7948877376223,268.63690062136413,85.58764813892843,0.3479952238625311,25.718596242570875,41.24536255417646,9.393923621792794,785.9334509703398,17.601234292064785,1.2577365603607054,1.386376964222908,4.10649325034484,-14.580220712080957,-5.990181376720607,66.36253242180825,8.941095955969692,-2.902571192998886,166.4837292279768,0.4080503968119617,-1.944987330554009,2560512.1230838047,151.183421568653,50.90470609961413,44.3008788276359,0.4167388884811398,6.5195723702601285,31.89422444535204,5.6616930573523654e-08,10.256663880438545
NC=O,1.0726664207878114,271.99737596702573,189.38150411551248,88.1717382332182,4.78465857417223,15.414695047354698,27.128596124868395,5.858557367019657,679.3402646307707,89.47542309905054,3.720583084514374,1.1007695864399896,3.154282703973725,-13.289540541208268,-6.95883263883233,59.349996150417326,9.735254579843582,-2.5281579449784752,105.41794469492196,0.026844771877527,-1.9709004706206328,573452.1696079154,30.90642199920893,42.38082439675082,38.33454539194047,9.140202934916497,4.765665463622809,29.889064913264694,5.3440340295957926e-05,272.7472247423692
NCC(=O)CCC(=O)O,1.49189501621151,329.1514066885376,291.0366039062607,129.2476744704652,0.0895766577322886,37.595615708655714,68.85779253687919,40.39350569181204,734.6584272111296,14.99291527933404,1.4892791394178784,1.3164660321609971,13.67389644954162,-13.12532586088562,-6.3795708236665725,64.57224681079865,9.727439286040664,-2.456182358906269,162.68007752459525,-0.4474526118099691,-2.094949340553284,9030689.946035886,162.28268836285235,93.90735783979788,96.29242296369168,4.611741974345327,7.270296953569832,66.1351154873399,6.663696211551167e-09,1.308491186553382
NCCCC[C@H](N)C(=O)O,1.415454227227211,312.944995546844,306.44119740481494,133.6500029861784,0.0237040867017988,52.63559910219964,88.21184365348115,54.17137623393536,735.6855136747598,20.15106040312633,2.38669862673272,1.2041263978000285,19.37895272619986,-13.466571118717194,-5.935960196350902,64.45460032478333,9.54424629602462,-2.1082895285665986,170.95006053405763,0.6433911518275734,-2.703848398653032,10259851.055027137,222.50042742086413,117.28047590225836,123.7304597453365,3.2049203317587374,7.66538388492578,80.1209075459666,1.2807850674594182e-10,0.2180841208737675
NCCO,0.6707067249479295,325.2024462581968,170.4540201588668,117.12090251000406,0.3417384537333591,27.802294910024404,45.47086711958707,26.43418686910867,624.1132775091033,16.0498025835263,1.8335950534266408,1.018264657163322,8.963902649467578,-9.33328939294529,-6.147503468974471,50.167240626287466,9.26352494169295,-1.876423525580168,80.2936703039968,1.2250879249477389,-1.1836771903526786,4644424.4116648,13.012715527015928,70.52709205531082,69.54046941596704,9.492362849155842,6.746856391624753,62.20357454387402,0.0003186495158345,6.849600672640057
NNc1ccccc1,1.0577076752068997,348.05376481055737,223.9850598050085,123.40516918881656,0.0483444869356859,34.5637377485001,50.91967844614327,38.33933303966761,715.027635725534,8.01568351737755,2.0463334663757813,1.0971242043282687,21.071043913121823,-7.318059670252323,-5.137514298396945,48.75313403349399,7.869281265141964,0.4984997195923328,94.92805923977136,0.175026790806055,1.031072344791531,16327378.613895375,30.149632020441302,106.8933960843316,103.76970502894062,6.209293365969986,11.594734512286363,56.97969059850738,6.98055187181495e-05,0.3008461052792615
N[C@@H](CC(=O)O)C(=O)O,1.4677360434474946,311.40295570856574,278.2728203399539,125.56989173386576,0.0228319307393243,38.55108700507641,69.76422726739288,38.92633429906726,738.1838960011482,30.319193527868126,2.3195199023395747,1.573034508162975,7.972274254804186,-13.05476969121456,-6.421380915109634,62.91567653719902,10.19275970344931,-1.466899794768095,174.11798077304837,-0.4068904002642632,-2.7488259191885005,19669153.57633095,239.4816099406934,83.68520777245439,84.0513778102413,5.45748889689523,5.420926076894235,81.34425464757298,4.924780386958795e-11,0.036339086954646
N[C@@H](Cc1c[nH]cn1)C(=O)O,1.7431177373828888,330.2619275427723,327.273132483784,140.2870072430706,0.0351933360030463,50.90883107875153,87.97132757405579,52.77510473207057,748.2206035213709,30.12562684652432,3.8276300043111617,1.3463138198159337,16.974338788901026,-14.765293301733015,-5.838969630749165,67.12182928043366,9.586210699238778,-2.20147860324502,182.1184486615372,-0.008660461562276,-2.9553267985038767,11295069.310202798,235.91016997733712,106.83508980789468,117.68127617079364,5.190345719747126,6.620050379995038,77.22422497774355,1.6672809322481026e-11,0.2556932184891809
Nc1cc([N+](=O)[O-])ccc1O,1.6367173994483948,358.5636242544842,304.807807684505,129.26039511375905,0.0173302115292899,35.68751026088893,61.2772043622476,45.26208282317281,788.3167010021209,18.03072309801774,4.284610825119363,1.5028704141460656,17.043665341201123,-10.005221273633955,-5.976171205252886,61.24829081484795,9.057654842745066,0.6504929984438421,161.74933353012085,-1.870076566464901,1.1830747610215544,20254399.577458013,155.59462417027058,114.81177250834544,116.34818930422126,7.1150730474765895,9.514834001133142,70.42837719293587,1.0920009999830542e-08,0.0215459950490008
Nc1ccc(Cc2ccc(N)cc2)cc1,2.387090004486084,375.7976874708021,355.8794727342796,179.8045129943526,0.006578045916133,44.43656376029879,74.96488600375429,52.4041895114553,778.3667679974556,3.8324029200688914,1.1386604743344544,1.500711202226758,42.23527259922725,-8.403974173759938,-6.118880694857359,56.5520833502388,10.02041212350011,1.4086760764960946,161.76097310159682,0.4895379361796377,1.7547046958362311,21680712.223976,122.38295188436868,151.04272229863565,152.30221964944647,4.29502926157701,11.263099852569416,32.705268868928464,5.47021776856485e-08,0.0028697599980236
Nc1ccc(Cl)c(N)c1,1.3271273286762235,335.1676978695178,289.7435203368044,123.53018312063458,0.0159624711156293,40.874847728194894,59.0307150358516,39.85398728193522,783.700639893508,7.025929204689219,2.0273112484163174,1.3313251479210255,21.707920509294443,-8.79990328122759,-4.9738280486906765,56.79094915316582,7.836756471226216,0.849321916332245,144.0287944535923,0.1214869946604966,1.10928728150779,18372649.67322725,91.17731593078912,112.80813601349666,109.8917431974179,3.724212795148969,12.641950568025957,56.90021941270233,2.918160384709042e-07,0.0238016888045118
Nc1ccc(Cl)cc1,1.1145443711491825,354.9334819145083,231.42966442427488,129.10441037994863,0.0104231636189634,33.93523390000581,50.74102752205194,39.48792552513361,740.4901893351316,5.780857181688785,1.8036210397770915,1.386415470282793,18.7997062692826,-5.821574327481985,-5.390131431544363,48.06138242364884,8.339104719682933,1.6646971914532782,108.6562885585785,-0.3398559504354002,1.8693018449329173,41434130.35648189,68.9143752674091,112.60195999870676,103.88056707521444,4.258520841030061,11.777735367169536,60.653147279934544,1.136074800501684e-05,0.0095998886343221
Nc1ccc(N)c([N+](=O)[O-])c1,1.6108609427871703,395.9733135207164,285.84207847524823,133.6114066928673,0.0160080082961434,40.27340739181608,63.89475381368012,50.31840913699627,767.0637926545144,11.276408221152805,3.677838180951954,1.404308340344429,19.253065659281944,-8.958291054062366,-5.25849600209105,55.17475138391495,8.369808602921964,0.3279214220780135,141.5399841689205,-1.7227287726744265,0.6098187255765197,34949858.605025515,140.15670243916213,112.08479047595802,110.17889469468888,2.9299885778497456,9.445488391695736,59.264894710193325,5.0828831311990644e-08,0.0112072194745656
Nc1ccc(N)cc1,1.316164993447304,347.20619654345273,280.3449883845848,124.29728272652866,0.022401819208895,44.68268978331774,65.85187981473386,38.82744650977016,758.6942688073397,9.45678436269566,1.5855050020592891,1.2317478102127313,20.85049470681536,-10.801237506699565,-4.268578577407598,57.224240947856906,7.376500648838283,-0.4123226994961499,137.60618012681007,0.4026064132010933,-0.5247329261436466,32142687.195736725,169.58049696929157,98.23203917061814,101.857542874368,6.054858041651055,9.440459867672269,52.41007716715372,1.738149252793721e-07,0.203674453474626
Nc1ccc(NCCO)c([N+](=O)[O-])c1,1.7411496190013884,389.2997701902056,318.90188618631123,147.8013359970975,0.0103782605897876,47.595732176466285,76.07730769845173,60.497575107215646,776.036153578949,9.20431344811564,3.30486248982726,1.310446485146582,25.560420501959307,-9.45963971398592,-5.380068665704727,58.70576189874649,8.636484338877798,0.5184982786709071,160.58048438871384,-1.5871176010014676,0.9432819428511856,21603388.86208987,116.28324799258918,132.5964731457853,133.55466475640733,2.728273895048976,10.302244234324982,68.73404777502614,1.968818018925143e-09,0.0047873638552183
Nc1ccc(O)c([N+](=O)[O-])c1,1.7310859326782226,404.7314435117924,297.1725233156204,137.88556352357628,0.0185753866944526,38.82298581129909,64.67207945101738,52.49170176455319,764.9071165198088,18.576055447618803,5.201272781858211,1.452474770439863,19.114690629480403,-9.179923409915448,-5.597864459888965,56.90424392791748,8.726435619941356,0.5498621679762008,145.9448534769249,-2.2143537969750167,0.8695370393184423,33594770.0090907,145.48166706399024,113.9720125255343,118.46483674874968,7.545167859837591,8.901890528405223,70.17036620403091,4.005723512896409e-08,0.015026836973949
Nc1ccc(O)cc1,1.392751801246643,327.60103390265584,294.3764950167441,130.31382985027315,0.0184495517543704,42.07332025440246,67.00523624187709,38.44717577688217,757.9169167756319,14.451798483440417,2.144753452367474,1.2798609781516197,20.712320444596497,-11.586655696640015,-4.865146652678489,61.791220524806974,8.200702075155974,-0.3019052358031273,151.87153771410942,0.2288722629046438,-0.2907002569279673,28195784.7485928,199.82818382244707,103.68548823434548,113.08475620613608,10.240015975299356,8.36409822140532,64.6209224181517,2.8286981291851883e-08,0.182090136131218
Nc1ccc(O)cc1[N+](=O)[O-],1.6825801735343933,375.60828062248646,306.19855968928334,130.13426538743022,0.0158248118429741,39.10440650909364,63.336880409773,48.69445243219495,786.815151555562,16.072010838573746,4.7830456294321175,1.4627252819250822,18.39371775363811,-9.721102254311562,-5.537628140913814,59.08328779826165,8.620057749545575,0.6655343604958059,156.57207744102,-1.8911505026511848,1.0318945060489175,26637629.69932368,155.07453032901407,115.14457103173856,116.6293714168304,6.17869432641986,9.606625214687917,65.82140062695676,1.2716383900024464e-08,0.0127912875240747
Nc1ccc([N+](=O)[O-])cc1,1.6695191566886902,331.7722601517117,342.9609610246098,118.52458585319998,0.0138192480137778,43.90953701884687,66.12153576233507,48.16812561409116,851.7513371415138,16.160918460807633,3.860752529653543,1.371038420659542,20.351559481779766,-10.557466934854508,-5.617617246770657,66.47721366825104,8.352744939916136,0.9665309879750016,185.70760330534927,-1.7212752989130469,1.5841589306483863,8210257.830970723,141.7145379512808,120.49528766989737,114.362599932542,2.3207049592994453,13.201185700442537,49.73604248521466,1.3821735019575083e-09,0.0073858765339221
Nc1ccc([N+](=O)[O-])cc1N,1.6350836799325943,374.8788890705943,309.7285548220611,129.72509503679754,0.0087218411902379,41.6533625493449,66.15197715983868,49.632829727003575,796.5426338582754,10.00140822149586,2.974361544501377,1.4331840893677472,19.27204908249043,-9.537772787975312,-5.560800622130841,59.59432219558716,8.736313756302597,0.2310094987773896,162.76260039946555,-1.811732699514628,0.97036693913573,30400741.43881284,188.18209509999332,118.52228499852284,113.347376082897,1.5927349997584814,9.90087528368546,58.73020415048708,3.6537068343040084e-09,0.0034889581114983
Nc1ccccc1,0.8926891278328897,356.8194033451092,184.20898529142852,117.4641116712642,0.0633934227125777,30.658166617241505,44.09044549349845,34.44563616589427,685.6987072647571,6.7329690747168325,1.447329343560894,1.011035922406465,19.23673810631795,-5.809648092208862,-5.217470818462491,43.34822198955178,7.856008821305037,0.7216133848738671,64.22219756413489,0.1043159479415414,0.775482757376313,16259958.700446254,13.316787918264865,97.0570220871149,87.92411621312381,4.887476502293229,11.44555235229257,41.862879578470654,0.0009376308287917,0.2268471305038642
Nc1ccccc1N,1.25916085025692,325.4942529897928,258.955583948245,131.8902105773306,0.0173822238254849,41.63108456832797,62.981195335710055,41.74695121196508,735.2075185841203,7.487262033474161,1.3394635193842963,1.180683935899794,21.03610949901692,-9.363502613950727,-4.882622398781895,54.34347919242859,7.976543813853265,0.2499046426701547,127.13477038275956,0.4267332600975035,0.2349825847028492,21052653.10253233,105.3823755034404,108.01303773825413,107.07980505021624,4.803480938275039,10.119258636060808,61.80265855496653,1.9164666765790897e-07,0.119048102861451
Nc1ccn([C@@H]2O[C@H](CO)[C@@H](O)[C@@H]2O)c(=O)n1,1.9906535745086669,368.60441391459466,359.2162286959696,160.7487273431647,0.0351755797285622,55.24872373029891,97.55665810209274,67.07869510213972,748.1486638581991,26.2771603492205,5.518361344990908,1.241101174959004,27.124434615487207,-14.180201405160904,-6.017986234656453,68.60222554100037,9.72143873095125,-2.2825529905462263,184.0370801988554,-0.9713315587958696,-1.8899954309124951,8701821.329149565,214.69905814934373,137.0356857358886,157.80848293543974,5.380956257767409,7.539552117724202,82.2769922893741,2.245263069041942e-11,0.2471707024113577
Nc1nc(=O)c2ncn(COCCO)c2[nH]1,2.174960311168671,348.2084052436292,375.7720032293177,150.83397872629882,0.0110866838575931,55.18317821128681,93.32301047593062,58.92315076526403,795.354836493802,19.691042953701327,4.46027777668702,1.3844897911192178,24.06261068801644,-14.34617570523453,-5.626026792929135,69.22379469717026,9.439694646009208,-1.68335413118124,202.6215200785923,-0.5595412975752354,-1.7323367002844814,16358577.521932676,262.92258597117905,126.12912367741932,139.06709774717947,2.7885405337862967,7.671307819306089,69.9577522706753,8.199329731629071e-13,0.0146148697075656
Nc1nc[nH]n1,1.355709692412853,267.3548815231466,303.49508098279,109.01295063025476,0.1324174005619529,30.6870273157084,51.78505025338293,20.322302213139537,782.0932713832856,23.629482596655954,1.850500189638416,1.389885119337797,8.970187278463726,-14.723894581216811,-5.798360859632387,69.50184206081391,8.899751880440713,-1.4092661066520216,178.25944151786803,0.5125312657177448,-1.2355479528541566,3260333.2117489465,156.28884226756873,72.91603266724599,74.92742986312166,9.099497285393358,7.555148680121567,50.99648677532964,3.121302839875015e-09,3.1123525480411183
O,1.537729428094864,297.4383741911864,124.08361475482108,105.81898670225144,3.1260750352843933,-5.700051571928263,5.62878620342255,-4.712016499633791,610.5773070502996,86.38744814137438,1.7053298819603335,1.036991864373438,1.4896480228962297,-9.37559037681818,-8.225300541625499,39.4393366848746,11.900433325681687,-1.717849746963978,56.54438829660326,-1.357200361172855,-2.680286469478608,2012412.2363869925,48.09586337440014,28.06961588921839,23.33765179717532,11.596888016034844,1.9175566328582576,14.423302359644888,0.0043139067469077,8.118649346828706
O=C(CCCN1CCC(O)(c2ccc(Cl)cc2)CC1)c1ccc(F)cc1,2.141877764076233,387.0471465294952,380.0702124213624,194.35166140411025,0.0009147066101261,61.70097445551976,100.80709352108153,83.01912720189169,769.2529641801596,8.793761298888215,3.7049610019079378,1.2530510142664313,50.29432349866818,-8.17084930140829,-5.934582125526756,61.914658519611365,9.724455051062108,2.4676546716800334,177.2969417359972,-1.4082547219642998,3.377638896471262,21297576.681808185,151.77821600312592,204.06936156704805,219.03808653062,8.63521301268834,10.922144056729374,89.4461344108675,3.624445271433752e-11,0.0001183254641828
O=C(CCl)c1ccc(Cl)cc1,1.3602879224004747,351.29664735279084,271.6129377634197,143.428054673903,0.0061125917180142,37.1292655187127,63.78768831068636,56.73437374505401,755.5874989487171,14.104849980877836,2.698621075436372,1.3299284141227006,22.38520914536063,-5.5787406156840325,-7.102480037058353,53.46084937473297,10.191063411971031,2.279649999127835,136.2001536303997,-1.9365262345187368,2.587682365314245,14463292.51149368,91.61328943183334,148.93439789755698,139.63700893934868,7.564715129587829,11.831865911079843,66.17861835430257,7.033811269164209e-07,0.0008337789635678
O=C(CCl)c1ccccc1,1.318901925772667,348.16279629762886,244.9117704320037,137.89856684783223,0.0299780609858123,33.74286120446622,57.51316584947169,51.93523677925408,729.7300052383662,16.907737289724093,3.037096940302083,1.1934822251173258,22.47365850973985,-5.709957614215613,-6.897142242425561,50.368394560809136,9.656704004007876,2.025562750745733,113.0027027578044,-1.4953740806394071,1.919695510822691,7380602.451775465,2.7527566813421203,129.92438159257443,124.21833548082527,8.27938258564937,12.398235520075126,58.94479396635767,9.10508132358674e-06,0.015169723986077
O=C(NCCO[N+](=O)[O-])c1cccnc1,1.6447636875572205,347.602411633091,279.4274557386911,149.90543381776573,0.0150165112520637,39.83796954467684,72.65588795174361,58.3937865389204,733.3655604548335,16.467660197991304,2.673694486954594,1.3371392038929462,19.721044098343075,-8.668966492976665,-6.946735243342876,56.46216468211174,10.28461072386682,0.4325380250686408,150.5971142856264,-1.7915804363152386,0.3914008927196262,14784510.07269109,99.8017694923714,133.17151211533567,131.12846552615687,4.750111667336702,8.953958531580584,86.72448484638512,6.528988113780703e-09,0.0156523299408765
O=C(O)/C=C/c1ccccc1,1.1238331695261,343.35805588848115,300.4245960582638,124.47191750917914,0.0126326364724853,40.478428001425264,66.01049895980448,45.06560969309569,782.6063352576256,6.011823165374531,1.235969130383482,1.1720181317339242,24.595814461826297,-8.418178979140281,-6.53286160294807,64.20575127930641,9.434073303600847,-0.5105389560639857,162.47383781319616,-1.267422781661153,2.2038431519762574,8663956.300347395,144.90279772664846,138.74487023125812,129.81840336356797,4.291662430965781,12.912031806629974,55.74041770029126,1.279846181890748e-07,0.0036558192675996
O=C(O)C(Br)Br,1.2674972743930817,373.7118884512257,227.59730699145013,110.79222734151364,0.2024119934532674,13.261611710667609,29.0468541435647,16.430935001996758,792.4078188210726,8.226545751875456,2.9432668461087803,2.2842441700162883,3.6148472871264192,-8.229257221282959,-7.8287131815879345,55.40099189159393,10.646897703446747,-1.637226800481081,156.3657027780676,-1.7269603248415144,1.1380939996278283,9286936.043634042,45.82473196974457,65.78389898595383,54.76552840806166,1.175641048068285,9.433350691709856,44.723199112555015,4.133069200175689e-05,0.3982317398805164
O=C(O)C(Cl)(Cl)Cl,1.0924622950183749,345.26046540163395,202.69754841699,92.46798554691554,0.4088164167097061,8.072134091899393,18.329153858268867,9.457060428020952,770.1741667046786,8.869379395685478,1.945712250260642,1.7518118519222736,3.055778734783474,-7.56247635247469,-8.312875043284416,50.49356483726025,10.92854081325531,-1.506723104364872,118.8503349053812,-1.800176656740457,0.9651379096577166,2061692.021580788,69.41426828456133,60.17910757247234,43.99740664235445,0.4511873500566477,9.539354072894437,19.19931596980856,0.0003170966441537,0.6861334553599907
O=C(O)C(Cl)Br,1.1948503548386098,360.0231994328225,208.08948490458693,112.48140466710092,0.3060642253548782,12.371500467807053,28.43705298965336,17.74102618868112,754.7219883919,8.997859030709447,2.787488796962738,1.977081193524599,3.6424107432010353,-8.023900431657792,-7.914640075747728,52.28715907389641,10.783520825756192,-1.694236392815113,135.1354870881748,-1.6457278826209905,0.9171580834516284,6444844.233192229,24.51590567407728,65.25944422749943,53.94394397772314,1.532122037255645,8.650437127294733,43.01160198386551,9.653192011059236e-05,0.9601940552509048
O=C(O)C(Cl)Cl,1.125528974348545,343.5540539286208,194.1683125307418,112.23640990352156,0.4614754964845093,11.422099285068512,27.762434367148884,17.938841086475847,725.4965867289662,9.624569390416598,2.650195406665992,1.6920512677137851,3.558795544403368,-8.070294822623254,-8.099369026320696,50.571317943468095,10.974808027853967,-1.9252025904226304,119.97104008013248,-1.5381669157356397,0.7331513022881744,3969047.666971039,8.605512003797287,63.83974700196132,52.197003317982784,1.5502087402902838,8.096463840843732,41.14727161444729,0.0001706702273082,2.2356228942282
O=C(O)C(F)(F)C(F)(F)C(F)(F)C(F)(F)C(F)(F)C(F)(F)C(F)(F)F,0.8420980792107583,416.51440519454894,194.09605069105484,167.14029557839038,0.0021827650227138,38.33022730782151,63.20896427614123,57.74897131006241,704.8218772052408,3.054155226596437,1.3173302745551807,1.7280421227102278,13.900433520625144,-1.918156907827854,-7.732518824133396,47.009576396718025,11.116698466946485,1.7520997052209826,105.77587416951656,-1.172644974233508,4.48550176271534,17734381.551381033,59.59661024890542,146.1676048441721,115.41500421434388,2.755967930807948,12.34653497811183,60.13591226953044,5.153721512285707e-05,4.714012831113392e-05
O=C(O)CBr,0.9964065773966312,358.77860783673884,190.2153952667996,117.658030811255,0.2997608658752385,17.893705873244997,36.63872311108352,22.27463813594818,704.6826184524537,9.960896544708676,2.794974274160877,1.691856275215149,5.1312599553800124,-8.875484906578064,-7.316735560458183,52.75015982201576,10.370622204823494,-2.091387415134907,111.1998259153676,-0.7889643190312386,0.2070303728765246,6369805.19064277,49.81167617875099,69.73500038106236,60.59528430782193,2.925824905940771,7.710991919981112,47.89024045644102,7.68548983950788e-05,5.010804317910671
O=C(O)CCCCl,0.8702732167425157,315.42980616417765,217.70252516232267,126.86858323094846,0.1060941887757569,26.92929012767434,50.249188091536766,33.72414849603057,698.8514906661629,7.026544425248249,1.614074253321934,1.215174217265904,12.090279453931268,-7.704387394219399,-7.566159390515327,55.52098309838295,10.526821478370133,-1.122494671602249,121.11402491289375,-0.2932371292805673,1.0532710164721606,3253281.839272699,20.17250114679576,102.7749712689182,91.378681277345,4.12434374206084,10.278867043092868,58.180489929584624,2.2016814695417025e-05,0.3975567397212264
O=C(O)CCl,0.855386074596882,332.3559140268707,179.07344483482973,114.47420892459871,0.4004263989053168,17.988519131305814,36.38612962433815,21.32154563034653,678.7655078098119,9.44619929088572,2.426718549287751,1.4040771671962735,4.605160510524834,-9.179297920082092,-7.468657461118936,52.06459966471672,10.53326246656984,-2.391774751322269,102.0205013843441,-0.5479183915042878,0.1339086037764547,3302491.769707348,35.48263862758398,67.05617256573456,56.51914758994,2.609863797318816,7.19864806044778,46.443511678280124,5.471599713437384e-05,10.776364193763916
O=C(O)CN(CC(=O)O)Cc1cc2c(cc1O)Oc1cc(O)c(CN(CC(=O)O)CC(=O)O)cc1C21OC(=O)c2ccccc21,2.4355457555236817,443.4926605006888,386.46311142691616,220.0906075975728,0.0038417466092269,70.7598514497438,119.86400222197712,91.48144385775224,735.6245379622578,8.95912256047476,5.057511113182249,1.35017952387321,44.29185077056235,-12.300488522648813,-5.505187240773082,67.48492327007294,9.78798457738705,-0.9483334951913358,186.980086805253,-1.1829060350069405,0.4945116577410695,16423197.928691676,189.08654967909456,177.56610314540777,202.30698742581208,5.187943701167882,7.71774230675113,91.71810663808776,1.3401791383461005e-12,0.0152494264289001
O=C(O)CNCP(=O)(O)O,1.994407176488876,321.5814935995257,322.4635748232556,145.4153294159961,0.0461672876771782,44.26450222076774,84.61020002889612,50.30045992196083,735.7199985794306,53.257375027687225,3.5794742466369915,1.5973109374543428,10.421612876975942,-14.978716848154068,-6.5220604600756165,65.13992132379532,10.424155499263108,-2.446371404018402,193.9675914653921,-0.0184225559788944,-4.722917327007772,17690886.880957924,206.3608920365143,89.3899244561735,101.3494821245607,4.622561811045289,5.0513793127770805,106.25150146357905,9.780243697232227e-12,0.1450501614445046
O=C(O)CS,0.9605940772655012,355.1371420635986,200.1983267919919,122.8218191029358,0.325922374060978,26.786759236378668,46.659232723543056,32.06172286842465,676.1764620451927,10.72210779637793,2.4012443183834646,1.2157308794708848,9.312760292505594,-8.953259641336919,-6.530044914307117,52.39421311010361,9.469966310294868,-1.4293436871004106,99.92956201682092,-0.391500959134698,0.1877484100807902,4508165.788208119,0.0463995485210375,79.69015409053374,75.14549186898965,5.963748611130893,8.349063964084271,55.41971710286514,6.527878107378582e-05,4.993167751358596
O=C(O)Cc1ccc(O)cc1,0.8587766525211336,350.2397693436038,270.2528931160057,131.48018528915406,0.0214110772870696,45.78665268007517,73.36611484697252,45.84943304047704,744.8612447111249,6.316563628304564,1.520013359591302,1.2508420796019435,18.81922361900373,-10.427851694354056,-5.753533303973436,65.13486021734238,8.987698181101084,-1.7220834466314314,154.08076211813926,-0.0916436789953709,0.6945902998237607,8952428.0729361,146.6346506701118,119.38635630696616,114.39433587822695,5.021323036340654,10.472377128467864,68.5138568565898,6.214262587926224e-08,0.0745696282386314
O=C(O)Cc1ccccc1Nc1c(Cl)cccc1Cl,1.7452367701950071,376.082001823709,403.3857325707221,165.0975050532067,0.0008970193467173,63.10241164456993,94.78763755452792,67.26818661667527,841.717123721838,3.2595324243423884,2.368679254473226,1.4017874587187766,39.93387686584811,-9.454803050842283,-5.403810094932765,71.31945796985627,8.858600678762198,0.8294321798700095,213.9623762912464,-0.4612981717193127,4.330271515207768,16239655.340893729,186.7001790782744,182.601970796059,185.7527123099712,4.160365863230407,14.76537746502461,70.62159896092933,3.705549800703617e-11,3.2856379889626265e-05
O=C(O)c1ccccc1,0.8796677411975862,362.9756250031591,266.3533323437256,126.2348263032675,0.0235738645792682,40.59547621620595,66.28898437771977,43.70942165870667,757.082906852889,5.907625578967497,1.2505241290502374,1.2381772620999811,19.011389568174973,-8.667081775259017,-6.749157871471882,65.0641598567009,9.648520525369944,-1.4685190599179268,148.62768192294595,-1.1229067506819963,2.078870351482332,4773316.112438054,138.65444042131486,122.86270131580318,109.1056014551619,4.1490411873369215,12.15338754971196,49.03877770376172,5.785630273350283e-07,0.0270640484323377
O=C(O)c1ccccc1Nc1cccc(C(F)(F)F)c1,1.4849737891139985,401.2520782208395,356.214124216764,168.88022792598724,0.0005413811828287,61.18082852843314,91.03035969768032,72.91141466317207,803.5318676791192,2.716004472322239,1.95923047798102,1.3676571713956591,38.4734811123857,-6.78931845061946,-5.479834915883064,63.09524078054429,8.931969528422357,1.8850788514930013,180.2960797541141,-1.1419067036631705,5.194581214509964,27924549.388811395,153.87594627276542,194.36392711796435,185.7554095052793,3.880360874032557,14.62164014186692,80.80001478893156,6.423481840743013e-10,1.54473428376195e-05
O=C(O)c1ccccc1O,1.0527317655912192,393.9599125400906,285.25907190588714,123.89431067308904,0.0210340535690357,39.74420485019863,63.328289008139976,41.323709507813454,785.2537581126451,4.594573493982431,2.1083056179474777,1.439000966609597,17.460078217967006,-9.086708470076085,-6.038475314181864,64.33558029455185,8.925866001387835,-1.8911680287635328,162.013585540514,-1.2109421949188413,2.182802674071878,15227870.245157238,154.79217348129035,115.57472884201069,107.9550297353202,2.850911441655636,12.197707443634965,58.948076961465226,4.202036130647873e-07,0.0124374765484472
O=C(O)c1ccccc1[O-],1.183507385498524,387.41308093223097,284.4905272309292,121.36653614217283,0.0405466640255741,34.82204825244605,60.20743358741105,41.16278584990263,773.4844580512762,9.255073599377038,2.3423716707990168,1.3433996018663048,17.261506825865087,-9.015289903433324,-6.640536794546485,63.09344547745705,9.472594795129002,-1.670117763338089,156.27612025006297,-1.931199228497744,1.486623490341633,11309728.637633923,149.84491085486323,113.78302811836414,108.67393908732328,4.885258398690104,10.890029360086462,55.102536252139046,1.1549495510446497e-06,0.0183571310073001
O=C(O)c1ccncc1,-0.0560832952556609,347.22987795613767,294.9833800193703,132.37977263571742,0.0011230222302394,79.92202670804143,131.0024038765198,74.89720508199454,773.0772132405996,3.888791390188125,0.054605467188423,1.490035619405508,10.668008865528256,-13.78529965901661,-7.288947757478237,89.58491359367372,10.763772540280224,-5.931176897761821,245.0270261761665,-0.998124390528202,1.0250785363111494,5021615.816528965,308.52557797827245,131.10816111181194,115.48901587476996,1.6329130061142445,10.2307394674993,184.98644667893657,1.1817592752098242e-12,0.0087557855804417
O=C(OCCOCCOCCO)c1cccnc1,1.7255798217000962,362.7715849815786,291.5528660079443,157.782097513268,0.0554115865711592,42.36074222700387,76.67678425840914,62.181692646256096,717.4987919890166,16.36999892919535,2.5609987333960063,1.1713940240790248,27.901662692923964,-9.717399262851238,-6.5933946173809765,58.02199866046905,9.701383299541176,-0.0461128694462775,143.2515578510475,-1.595039382049162,0.0409762942535874,7509756.126937566,28.23599631189288,135.71287886321798,141.9607680339404,6.404082083305374,9.73816398681662,88.78610644463953,3.5478134807905284e-08,0.3611698528201382
O=C(OCc1ccccc1)c1cccnc1,1.4987754599990846,341.63995727460025,301.5965944810462,150.009660356884,0.0100471358243802,43.91470116375953,72.57310022193938,63.33693253405929,758.4400003024577,8.966868816325562,1.9702928614133453,1.1482525232858358,33.52611752301655,-6.650487889024735,-6.629065684386372,55.1013362535286,9.555548385987285,2.062979363344759,145.93835893342018,-1.4520784502738715,2.296243198190123,9775450.554701883,20.07697247676731,163.98000675338173,157.6687943089773,5.018803475327075,13.80279469301201,78.1371562077531,1.3270800531370314e-07,0.0032215404971599
O=C(c1ccccc1)c1ccc2n1CCC2C(=O)O,1.718516500371933,388.9254745514893,362.02959721780894,160.0700138005257,0.0050339821422766,57.14990564671975,92.40694606347844,67.42273564920247,789.2861131927014,5.44796957735457,2.8534153847216435,1.2264966574368477,34.57805183153089,-10.050816503962515,-5.786724023920849,66.98121067138672,9.269809724764825,-0.7106256788218022,188.35224889624595,-1.1905616568674149,2.248739428643465,14276697.122303668,164.97869719554245,163.38803776912562,167.73212942989116,3.466247939379692,11.541293438895096,71.6878410754959,2.911898260219068e-10,0.000941388695574
O=C(c1ccccc1)c1ccccc1,1.5572815052213669,342.51330029428243,311.74141155179024,139.4446524493432,0.0132718871469087,39.3358317444405,64.35558152831287,55.49130705054879,779.1567923666239,11.39742265019104,2.169524104555691,1.092459255873248,40.41761777552454,-6.223399535818338,-6.441479477927684,55.632784749774935,9.102615053368808,2.574625813478679,137.21077207551002,-1.5354878581828997,2.9849303755048515,9319427.498386662,39.67536555025876,164.78550680874343,163.3698964814854,8.317921672258258,15.428197912013731,54.5752243759733,1.8735210845010365e-06,0.0064942786089177
O=C/C=C/c1ccccc1,1.1847727706315518,370.9691282482815,237.9937682051689,131.80129707276822,0.0343467951434529,34.68284498321145,55.44770551783831,52.569099153318405,718.5492912809015,11.084426549629647,2.2968899057919314,1.0322470846660434,25.15200959404953,-4.980867876850367,-6.440983022975326,47.792028786926274,9.076381486780644,1.7349711503822358,96.84643774292708,-1.825186369898916,2.011364560804203,10470514.591776224,-8.579305779381997,132.46206944589787,122.76227582349964,6.20697139304693,13.067124764978251,57.81756837336661,3.928941500150911e-05,0.0110418006557704
O=C1CCCCC1,0.8571236944499017,380.9778308065629,162.2495081995684,127.47469258160592,0.1379705766261705,28.359449722808,44.85071128611923,43.11833611735344,641.1142632026732,14.950264642226216,2.9819870793951573,0.9551529257861674,19.33999027820833,-4.479652505831778,-6.344096819269657,38.26148419157744,9.083169194090368,1.0450695775961878,39.83646399929643,-0.3969554540061952,0.9463228210896848,8837971.429743553,-28.329154360401617,107.92273835904685,99.17178818735316,8.374613278249084,10.780748421095131,46.28919289113636,0.0103293225280816,0.381460629202293
O=C1CC[C@@]2(O)[C@H]3Cc4ccc(O)c5c4[C@@]2(CCN3CC2CC2)[C@H]1O5,1.8423360858860016,389.348066532014,344.9209534454108,182.6078532006991,0.0024320475155713,58.97418854676753,95.1750230227192,74.14982571859122,743.7448535894752,7.255644789949121,3.275746805210892,1.168301775447547,45.53944551503478,-9.158151323137284,-5.320817317913175,60.8681664928627,9.068506061718464,1.1538274002569917,155.6609942009735,-0.772602427031994,2.311260286839247,22067084.29438086,167.0684073956257,178.87608294990528,192.67229856518784,7.922561020039499,10.02883756577348,77.15888998184225,3.7346099192883975e-10,0.0026205698123478
O=C=Nc1ccc(Br)cc1,1.0458683224356324,367.3946089397383,220.03011235408903,136.69953762652875,0.0092136775386387,32.477978831850294,52.012947384642366,46.17214046380997,724.4647715660334,7.499330059803433,2.3183336040470883,1.390642929539442,19.630619621909585,-4.10685071311456,-6.377499615124703,47.50473423883915,9.336803117952348,2.264925816068612,101.0158165903449,-1.0464527248889208,2.739082744463384,23345111.083589405,39.26708155848503,129.25166357484744,116.51678977067198,6.0355063206115664,12.330047191706726,61.44210974562484,6.05207118419653e-05,0.0016652879768888
O=CO,0.5730529504480363,351.9638327638197,52.99046768999816,124.13679578129768,0.4870571626115269,3.0085332736682915,11.90774040470005,10.901387365266087,539.4910587685347,8.779503849914517,0.9055785528824938,1.2872613914583324,1.491988440452587,-5.6321937625216245,-7.778555657831907,29.28061421625614,11.376897998206616,-1.2576442859184742,13.067526593286992,-0.7871492154344918,-1.007078121516943,8079622.501193579,-28.74344792615296,38.6402252642494,28.648740049454847,3.6954942491500375,3.30869258340962,37.52531424856408,0.0130616262109178,1.7281319664464128
O=NN(CCO)CCO,1.581047695869446,342.32319431893706,285.0243746672088,132.2363086001301,0.1956744392912743,38.44159262759358,66.90876348712086,47.31411257888913,726.9034540637255,29.124026254645585,3.123086198592571,1.2134076406277416,15.980266974146556,-11.939148773848537,-6.042107488008141,59.60035286266327,9.075888092780112,-1.2911574218964574,151.14244507822036,-0.6309561825531722,-1.4030105974402434,6547063.850351323,38.87233417318225,96.61256743403052,105.67662177180128,7.153420710483819,8.312667860720925,83.09010199807761,8.174040209999481e-08,2.357896396805081
O=S(=O)(c1ccc(O)cc1)c1ccc(O)cc1,2.0486793234291074,338.09559337586165,377.37380205033065,157.93890271133424,0.003052546859477,51.00516155791647,85.69542499292166,61.5517130432427,799.4520670216084,14.975603241076277,4.049075019262931,1.3367165947561264,33.89498991002452,-10.835847027676582,-6.1534097255507705,67.63246131010055,9.755131341995002,1.2537926054635644,189.2839375515938,-1.004243908439577,1.7925653869590907,10538003.17497831,228.8144791757321,163.60448398436088,173.23777992839243,8.35820479937154,9.9770474772771,64.67918513408497,1.565589001973438e-11,0.0009166113662544
O=[N+]([O-])OCC(CO[N+](=O)[O-])O[N+](=O)[O-],1.3036255012693403,335.6242237787652,228.64283351190448,148.71444376723767,0.0191894957374711,32.43096188002467,62.43869698277653,52.50104253212572,728.5634870207548,16.507985792531926,2.187334456832509,1.578143503131628,9.439802240428744,-6.37448923991251,-8.7357163998003,55.768466679315566,11.935256268253328,0.4174718606889249,152.17511966783047,-2.104985616574288,1.621794668080479,4734213.004072943,46.463724437810185,117.299073019745,101.2606642230246,4.236437880626202,9.461556227473636,80.56530415736746,7.242454894854776e-07,0.0066770412585876
O=[N+]([O-])OCC(O)CO,1.2699045011701584,371.70763269874095,201.4937389219612,142.92705437853814,0.1283068184160373,30.911889501855374,59.5262458389929,47.880864450023175,664.6390340424657,33.27133912535592,3.82948744615597,1.33230573585546,10.245139109280611,-8.57006440711403,-7.375997771762847,51.87083782197952,10.620534162574412,-0.6699275584399698,107.57087321502684,-1.6903080567215012,-0.7735284037277703,7305797.2988854945,49.750676537693145,93.613470673886,89.9954700537493,8.037818329335778,6.732796572520838,74.30443929175662,5.080410030944475e-06,0.7234133241573626
O=[N+]([O-])O[C@@H]1CO[C@H]2[C@@H]1OC[C@@H]2O,1.2943448706808092,390.8750125006032,216.96048959548105,148.73259395340085,0.0399422367638158,33.945805584425926,62.34696990480543,52.31405270172298,675.6032586307883,15.898884169215306,3.446059978650929,1.3090897620854378,16.662845130174745,-7.1766474165542125,-6.835744401186585,49.93764463088512,10.155003921107502,0.003259913133383,99.69565301975013,-1.496774347779751,0.4410512224915026,14569930.17068679,90.35330308759212,115.79153417269964,111.30688426034754,6.6139048534234535,8.224943509990842,63.54735223227601,5.390722267794778e-06,0.1208223252438252
O=[N+]([O-])O[C@H]1CO[C@H]2[C@@H]1OC[C@H]2O[N+](=O)[O-],1.2451370357575418,379.5438040737868,207.77485989755468,150.87809764035703,0.0182068840365355,32.63343668051362,60.3034432855019,53.85744190721751,693.0522383498669,12.507692592768368,2.8743752884471694,1.42119912952435,14.22245204538023,-5.500163054413796,-7.647728876387834,49.79900473347664,10.905831346898676,0.7197395593988896,109.37132936397552,-2.008581165020764,1.6490639961216598,11465865.729856675,69.37757810979843,122.8977552961595,108.35771009286547,5.053320534222305,9.162227298023588,63.54914751703206,5.18045996354487e-06,0.0136848634202477
O=[N+]([O-])c1ccc(Cl)c([N+](=O)[O-])c1,1.6667744561138154,333.8118763753557,319.6739992306233,125.49859407950164,0.0182263962479288,35.2844045583564,62.74818103587747,54.4605099749279,827.4939747247696,19.18163763829507,2.115400140255478,1.4475678125953673,17.48215649284258,-7.305423171798468,-7.955142291374445,61.846727870483406,10.52140358383745,1.2347386497667432,185.41814065789697,-3.0792446354305745,2.171390039380178,5193618.698574826,58.80308900895298,135.69634591885855,123.29156733722547,3.643243114523172,13.986061711966292,60.90371948745501,6.686279012696718e-08,0.0010909476023859
O=[N+]([O-])c1ccc(Cl)cc1,1.2538318715515138,369.6040200840938,243.03930566524565,123.35133570218326,0.014845490507239,30.471999254603386,50.22978680209995,46.45589730413199,762.0016623839379,15.121894603214708,2.493827219292299,1.3288969749351145,17.116322388147932,-4.634168771538675,-7.217106053801537,50.50170510665894,9.965956242524218,2.132071462516413,113.25305054096698,-2.321038208336234,2.3223860896886586,8630935.639840357,97.99896646123804,123.5161128731452,105.01181716999194,5.516948312037766,12.6231146781673,34.398642892817406,1.742699460133668e-05,0.0009792016609234
O=[N+]([O-])c1ccc(O)cc1,1.681765478366852,335.0512709924781,313.8336616495109,117.70701045892956,0.0438128115812585,30.355936910858155,50.6333681554252,38.66297920891285,814.7717985036135,18.446836585591708,3.3429698398697694,1.4352872178605796,17.9031154679949,-10.083192590911866,-6.448236355177522,63.44967982568741,9.09982931961894,1.150862272360921,160.7914811423683,-2.0642379715266825,1.9169022276018064,5757867.128681153,107.79447703235844,112.53859610666828,108.99155691032338,7.32272037874344,12.098290166861924,46.62359602436282,8.83336479067832e-08,0.1220538831607022
O=[N+]([O-])c1ccc([N+](=O)[O-])cc1,1.4902158200683595,259.156392616415,313.9416475744987,114.32312629235032,0.0013085594307494,37.29541183203101,65.96519527464032,48.04298242864967,839.2861397772789,11.45397779114267,0.0004101137221309,1.346776080619216,16.29120538746851,-7.398691495934964,-7.972731914443969,64.93010355713844,10.523021727369729,2.3533824648156765,192.94340195469857,-3.2962178649795053,1.594422855840206,23796272.46074356,162.20554997526943,117.26124853377058,101.96143458748814,7.145167247833192,12.086018476074198,59.81357251781442,1.1667004186580253e-08,0.0002403722497627
O=[N+]([O-])c1cccc(O)c1,1.508149876016617,338.9170716770458,289.83269536903146,118.6931464424944,0.0349719465499079,30.322311578808424,51.15277907857448,41.665093551391365,799.0694172140121,23.10574789150852,3.904982704273688,1.466212166374564,16.606428589940503,-8.797568119183063,-6.538805160118342,59.80860802078247,9.152303350871804,1.5019973821893338,150.70181982207774,-2.1659883015918733,1.949207961572912,8905832.958220603,88.51894499966056,114.8041632551377,111.49580814340509,8.189340260596753,12.04126272478253,58.97726645415682,4.048566271958428e-07,0.0746833144558495
O=[N+]([O-])c1cccc([N+](=O)[O-])c1,1.578217908686638,310.3883001225412,300.91636979773523,117.79779931036236,0.0196272454725089,31.227070750918983,58.01247959011645,47.83426628251195,814.4427213990926,21.526230170597028,0.4252630348210102,1.3415662722717523,16.784425204160904,-7.219006825301648,-8.081640228733539,60.17599554804802,10.572278032829765,1.3148021499459448,171.1980508822727,-2.961579566640258,1.5949575339063404,5796610.281954343,82.33527141788244,125.37045326581874,111.82386210295756,4.713142346960485,12.899645602878469,49.98102720376948,3.231960767193511e-07,0.0037259193788087
O=[N+]([O-])c1ccccc1,1.150838477462769,371.7630779175186,206.46161162108584,123.90474918471338,0.0522460852184624,29.558204980110524,49.93363982741714,50.41298164403677,717.9199273538948,32.27518037160121,4.70734517450554,1.1661152570550442,17.426375861578723,-4.021895446715653,-7.489507809431791,45.22050920022488,10.054807895875053,1.9370135438932847,87.2356562269163,-2.1493201496806744,1.6544863332627564,6482442.256282504,8.437912271554467,120.06727727037718,105.95761289732408,6.561019923594419,12.313962114508064,46.084429643062,0.0004276745938305,0.0120975989972872
O=[N+]([O-])c1ccccc1[N+](=O)[O-],1.7108856517734528,332.47645484215496,301.9337996847296,134.05194773563386,0.0158807756867313,35.29843539626002,64.15743513376802,57.54068767513037,792.8786559873104,23.726295376376907,2.5072717353674627,1.3719010111165046,18.946974795225152,-6.748201315086842,-7.837759221359491,55.846304622077945,10.632496471072734,1.738020442766473,161.19514654183865,-2.822066577197313,1.6196346360523104,7298122.718678821,74.47709332033872,139.7856620944098,126.12611226006716,3.7749825984661576,12.13747896809294,57.99816791737885,8.935789482750632e-08,0.0024513844701853
O=c1[nH]cc(F)c(=O)[nH]1,1.6807492537679671,285.2984091504097,373.340222217536,110.47954082950116,0.0572766495179258,41.27549244093567,67.79759159979344,33.278947018390895,847.2021409943819,41.008340942421306,3.805170668919142,1.4901983297367094,10.976390376846432,-16.449936754882813,-6.221416609098911,78.79033625057221,9.400610325894355,-1.6295780702280998,223.7086618185234,-0.8277918540501595,-0.7722836599721912,2445629.6391473166,275.2650785885764,93.18109745537488,95.8900304075246,7.284784206955463,8.145271740664262,46.05509218078983,8.978528932206797e-12,0.1015012338471298
O=c1ccc2ccccc2o1,1.5750977427186967,357.22658624260185,296.6129277573407,126.27109909696344,0.0330708939515251,35.81128132940143,59.23406231542886,50.68879109095455,777.8404695317745,20.26306792094817,5.010668241135472,1.2173573843317032,23.980325882870115,-7.6656299362669,-6.353266156116605,54.03491975597382,9.094455445706249,1.3353287198197843,136.25771046790123,-1.7921731546229125,1.3598888067883252,11369446.580463046,68.87611559132934,129.8398258093768,126.98728502624752,5.19901920193243,12.357904947458444,55.88922654234781,1.154288486427684e-06,0.0158131911521005
OB(O)O,1.1296236004593374,300.07236154364824,231.12630742701973,121.88891677079202,0.0928240997350553,21.193140873417256,43.72737244190455,17.761654024251698,699.9369361992359,22.72391768887954,1.600244820061221,1.4879436734007596,4.957577410339765,-12.098408108341218,-6.947671936466455,62.47653506008149,10.56883071908176,-1.6340067277276518,141.55535177705764,-0.3300377959620955,-1.1523969348278051,5697025.859458332,174.87004509843587,63.372775443737545,61.17714976092356,9.39679973765272,4.663957370024676,48.43971677712157,2.465869020737732e-07,0.845826177288143
OC(O)C(Cl)(Cl)Cl,0.9227513329865932,337.9969881762862,154.1038330076498,105.4394013274312,0.3475846406204945,5.814046885076763,16.51039808369876,9.816703325338366,687.2097285266876,17.426163989744285,2.399279812149828,1.6102806401933432,4.5872846011125405,-6.58981560430646,-7.745458255841971,44.250970392169954,10.639060989300908,-0.1308378133136032,74.1395210064137,-0.8243997959232332,0.2231300670490261,4868032.795580609,60.1067830888188,63.167793464138974,52.39811885503072,8.0469774620049,7.645192246526293,29.04397154768887,0.0063151790339367,3.2781570966447995
OC/C=C/c1ccccc1,0.964093744474888,336.5057623453629,244.35561783712623,126.24160375169994,0.0292485137112409,36.01699524482608,55.60872104655565,44.08262968020201,730.1984996801018,10.03661571093017,1.4175969558798802,1.0353459525952264,27.414473740379243,-6.436602213301898,-6.101158658477663,53.44301188316823,8.822909213896395,1.3814503786697987,110.93675894830228,-0.4268681659197808,1.8677250402984955,6237621.938189602,35.60795221440017,132.16007103780382,126.84755520122992,9.365413868305565,13.731205461715884,49.90361481834509,2.4312100276698512e-05,0.0281794147092845
OC1CCCCC1,0.6690839699926378,311.9817278181064,166.04642420035066,130.3428977267647,0.0694508543488867,29.63576180725396,47.27339236561537,34.72692081148386,639.9877334902167,14.0355949369088,2.0205971758798595,0.9490392594970464,21.13571663612745,-5.39003376971817,-6.737221833338023,45.252106372966765,9.7695806113033,1.123291312673688,55.73715370335981,1.5610095526528358,1.2089120268772242,2663572.361858961,22.52037650938392,113.61321849989352,104.73156518799574,11.785133151612758,10.9313338378132,37.92515525454486,0.0010694976038836,0.3510864463119075
OCC(O)C(O)C(O)C(O)CO,2.1385765817108155,230.48046492513416,480.4471426879716,137.83048899857283,0.1371874435529807,61.845858161231725,105.8417372864233,50.92976864111543,873.2108089147567,57.32381190057092,2.805598335449212,1.4517669565610885,18.28364445408421,-22.113683501342773,-6.320128110913276,98.30218791042329,9.6796089990668,-3.669899071946144,307.05329043502803,1.0909192214012142,-2.937534359581472,268106.3869345147,188.93065135981084,108.24192120838435,136.63051566827966,8.750641722584843,8.989862560213528,89.0403104802375,1.059852951693413e-15,5.600592040075526
OCC(O)CO,0.9406389008166792,257.01724171795365,268.9772295732999,110.2388483322716,0.6842630799228914,32.456904301885366,53.95607965630055,23.40882013442516,724.8700845300436,50.877145806470615,2.872991536911233,1.235598176820755,9.098101044419304,-13.492178168437006,-6.608712854586601,69.70659710508346,9.545897341566684,-1.727103130142689,163.24612338062764,1.671014248280525,-1.5772332910726072,548903.1097602069,12.929501827180388,73.62892554616496,79.8247052607921,13.6208790025692,8.30281534045042,62.69284931650487,4.585310360418855e-07,12.312050575004674
OCCCCCCc1ccccc1,0.9013375361981392,324.5464872916114,274.7539863368809,149.16119689651254,0.0048720607276136,51.70207188751906,78.0570724613908,63.76608686298847,732.2740310464383,6.657843047239998,0.5608090498561381,0.9501928340246676,39.09762003882837,-5.473765321391821,-6.232749912176609,55.3185663111496,9.176265725761056,2.2700343505543845,130.70876406300067,0.1664534244096278,3.3110860293265585,5860925.093617997,8.0277930862689,181.9822704523289,174.9495596536145,8.416910941784263,16.02867423833845,81.55240631186938,1.6406538511038954e-06,0.001412368451144
OCCCCCc1ccccc1,0.9046485502543452,328.23987436000345,263.1033116984743,145.40709030014995,0.0093761384127916,48.03733110294432,73.08415257985801,59.66656626176536,725.060659762001,7.447463340260024,0.9354028788137152,0.9581725822874309,35.518195538396114,-5.734270152009248,-6.222882575620055,54.39599705951691,9.11474041968942,1.8867199388459328,123.39012202884196,0.1206005450141427,2.817240298924625,5260161.766823615,-1.6339912819564404,167.90946094698413,161.46853024325375,8.341532313512147,15.37894023558932,74.21004552910334,4.0764564723307735e-06,0.0043477373678994
OCCCCc1ccccc1,0.8942625018062592,326.5696235150969,249.9455995364046,139.7585041584921,0.0214012871623239,42.952527911122736,66.3062665942812,53.208109885200265,717.0159456565618,8.77017519600647,1.1627285490840793,0.9687033741161823,32.023306237392966,-6.11615941844821,-6.315696557249784,54.16979533426285,9.106266858780383,1.4765908581972125,116.1767885958886,0.1440703850340841,2.288424532326192,4036294.90040514,-11.865167719537013,151.82917944741237,146.69886632300157,9.10083252295184,14.83919330870578,65.42755198003644,1.3670369250125698e-05,0.0181952792236241
OCCCc1ccccc1,0.9048688934149745,318.94026442257046,243.98955216373145,132.22385684848308,0.0437632879762461,38.69278568354041,60.05300811372221,46.55315334660769,718.8034084097385,11.56505180850644,1.4477988098078909,0.9891940011343956,28.4345412942736,-6.757052798138857,-6.356347595409273,54.94832504378319,9.081547964576483,1.2012151314190032,113.84943097584964,0.2097103409528731,1.7751580064799637,2854729.820822183,-9.323978002781873,135.6949808112934,132.78008172191835,10.316259115198136,14.368901914695323,54.67398356223518,2.376161474344656e-05,0.0569962157362562
OCCNCCO,0.8561051434221268,286.5804060631847,260.3840660436851,118.4846175230241,0.2344740918603942,41.1971820739609,65.22453483032585,36.76608827373147,705.6399638097524,20.615626613899355,2.396176745241739,1.0821706465573533,15.327405085587396,-12.01427262312317,-6.01133734680444,62.857583696527485,8.956662191782595,-1.988638869636059,148.26883730813026,1.8508075563704964,-1.1281799710080629,1854129.0238266296,10.435808014149671,96.87621922851945,102.9901472643988,9.013505724769413,9.977734548371012,87.75427017887466,7.93678802923888e-07,5.557122935961755
OCCO,1.0078476916911605,304.8847963913202,192.31045737922776,118.77767494481564,0.4520274672091133,20.00604642988324,37.49841789592863,19.02840070726752,650.6770862127096,38.346949952245,2.321222468442049,1.1337692092297076,6.6899983822256175,-9.192334227971552,-6.941060994941712,52.16620073038578,10.233473512617053,-0.7815593748623133,99.66751983811378,0.7538566441333292,-1.2166869203543669,2788948.546708424,12.961078111963277,61.6178503366622,61.57461245842829,13.885353929378272,5.630127595779458,40.53292085045861,0.0001545465061688,1.395282527892561
OCCOc1ccccc1,0.9639567683877944,308.5619459313559,247.1649220660752,125.55706077605012,0.0551185444616268,34.43139992781043,53.32440496126444,37.1255345750463,725.7935360700845,12.301358551500076,0.8917486466742148,1.0885758034633248,24.472390566270807,-7.8927258197998995,-6.008115707417726,57.55015713540077,8.785880702117087,1.1367023542746904,121.60170187155722,0.1790403935766218,1.2313716194206474,4294512.103308019,18.468504797385336,113.48272330630564,115.62302524764284,13.367972921032193,12.675059884042875,52.88112224652848,1.4470288854810736e-05,0.1328341342290825
OCCc1ccccc1,0.8991386360707284,328.33515769588826,220.7380318017873,130.62146947291376,0.0742437484201005,34.27926601341128,54.41181636375368,42.853192003575565,697.0576340771913,12.09624121443859,1.6047708600174229,1.006175733523026,25.00555076207916,-6.586675553696155,-6.447379505076885,51.91675459715843,9.159840407127144,0.9525170959967376,98.14509762694358,0.1347798109048603,1.298495640173435,3327758.199577231,-15.171507132370465,122.90481002187376,118.95239427576878,10.398707160763024,13.033963851646885,50.89531286506119,0.000109494132316,0.1696282249656059
OC[C@@H](O)[C@@H](O)[C@H](O)[C@H](O)CO,1.5346505714120866,274.6726966793751,367.5139985062647,133.14468663514856,0.0999182408338937,50.220481662314384,85.87383457815774,42.843558799449205,787.3205312935352,30.72827049401884,2.304921302411317,1.352950045141101,17.101423494140686,-17.030473802412033,-6.3321875980597735,81.66484757184983,9.668509744321703,-2.8549537999725345,219.29289517258644,1.1874673799371718,-1.917882571388722,989854.0320191282,195.1779239836061,105.51166980490012,119.74411222581377,8.679939577536166,8.529632979213023,67.63470172145215,1.9341213512490437e-11,4.424578980614154
OC[C@H]1O[C@@](CO)(O[C@H]2O[C@H](CO)[C@@H](O)[C@H](O)[C@H]2O)[C@@H](O)[C@@H]1O,1.881068577951432,336.28354502100825,348.7450027339328,167.60988726100447,0.0527621954454093,52.16627885283575,95.0957101800097,60.21223075417281,726.1429408149004,20.86602534810447,4.1673817854204485,1.313742600453019,30.82351381900982,-14.09507338442707,-6.631501162476301,68.91348681972504,10.39942063056618,-2.387112298237086,179.28739280311106,1.0400759352171418,-1.8639310507938869,3762402.376481111,183.36032410154405,140.73969821108886,162.36443958815468,6.283037570400641,8.248244262352257,77.08499716264679,5.971784568438192e-10,4.540738309749868
OC[C@H]1O[C@H](OC[C@H]2O[C@H](O[C@]3(CO)O[C@H](CO)[C@@H](O)[C@@H]3O)[C@H](O)[C@@H](O)[C@@H]2O)[C@H](O)[C@@H](O)[C@H]1O,1.927711980194092,381.4211662497687,339.7129126729632,191.72852600193232,0.029115125926225,59.90077486672513,104.8661828461516,74.00802102193117,697.2278816688538,11.161486278990443,3.079114050010672,1.2394617264537215,40.756910444361736,-12.204903594957353,-6.325326795733451,64.34844313215257,10.18970006614074,-2.0283864263868336,165.579140531435,0.9182115647184848,-1.157751086853028,7409617.34450411,117.75901611604348,157.55937634116154,185.71504131026907,6.572981685507439,8.83014999101996,98.50777018472311,4.5848325153869935e-09,1.1778286448349988
OCc1ccc(O)cc1,1.0506757113585772,328.7248907060134,254.1910983268255,125.37793067663672,0.0464305791073605,37.871544047614336,60.63207486252249,39.00071639664292,730.9520280057192,13.926593347606127,1.9192491226167407,1.170855794170916,20.04872767694577,-10.220932325731278,-5.549413989079683,60.08934429922104,8.577177672053576,-0.336544666633606,128.65434174236535,-0.0489946106046439,0.3233940875961778,7972078.618235817,113.03848411549396,107.73200574189823,109.87039693717306,9.73092337715733,9.893629609710803,59.28083721789463,1.4484257721855846e-06,0.8467729320007965
OCc1ccccc1,0.8958872999730111,337.0191640570212,204.71612465566577,125.5526895631242,0.1367781743816791,28.431757585710287,45.80002454061747,35.14005748110294,688.7995590408683,15.651043163019938,1.586441727268133,1.0408604922922775,21.24785302549689,-6.439516125280142,-6.475770119081616,50.75939169721603,9.181995939785242,1.0215504338395598,86.20924212421059,0.1368196325129269,1.0569684544657467,2937878.067867787,-5.101060777289874,106.23133630187816,103.00721663524072,13.014055988417148,11.921057826323926,36.07960186993329,0.00059404049782,0.2737697164093868
Oc1c(Cl)cc(Cl)cc1Cl,0.8670339173855782,329.39706295377493,244.23662468973816,120.286949969337,0.0073569267342743,31.877376854631304,46.7250914155984,36.23273314853549,781.5142940540313,5.465592420183032,1.6527912270345022,1.572692330867052,16.762724408851245,-5.603717822344541,-6.213736789046287,56.528304875955584,8.889876830061079,2.267007445154935,128.24988771975518,-0.6994869474935533,3.661447208644748,12921854.183701552,66.10208090434313,125.1914718298389,109.1017419556039,6.299140420409098,15.630417116234304,58.71740857388101,1.1754279081794678e-05,0.0035688293050522
Oc1cc(Cl)ccc1Oc1ccc(Cl)cc1Cl,1.572766984647751,362.6699488844752,334.76235312051654,161.97815166254998,0.0013457190448437,50.6123976671312,74.97646634459734,64.02514878793657,805.6797063361645,5.148598307690475,2.050332044962748,1.470703593904972,34.32224336317503,-5.714699651974201,-5.857118648775339,59.15166121340752,8.985653355229498,3.702853565210104,163.44155853328704,-0.8637447185486556,4.750369863773584,16134435.249265376,57.87326493387163,176.0579272421184,171.47380246077458,7.787938223890245,16.28433673496594,70.70145635815781,2.4411107746896587e-08,2.4725654585214515e-05
Oc1cc(O)cc(O)c1,1.598908843559265,305.30453932816863,314.6526081165266,123.64544111193182,0.0293855578429352,35.26697111318826,58.2074369107908,30.23348325734377,790.2968150015831,15.982058042051303,2.7638008477942764,1.522860120413661,15.80701292306163,-12.92764999476719,-5.3075593497676845,66.22553512168885,8.52091605219841,-0.1139258943104741,166.6495762525654,0.1089489718687533,-0.0123613696596625,11630264.56080365,199.61862115796328,96.31950456414556,100.64785958770872,8.624050560186088,8.576597413926676,54.738468543020176,4.0365925604857286e-09,0.6684745612438823
Oc1ccc(Br)cc1,1.0839342388885618,348.30903912395,226.5761092256332,118.5425809095669,0.0173190819218417,22.801575945842863,35.29095090411187,25.736487315557,767.4768474219561,7.475674463623424,2.086653566918041,1.7560079865334033,14.336466379112991,-6.009781010698319,-6.028713991838932,51.80746572371483,8.847825520159008,2.2042867082905024,111.56437645054817,-0.4910105326348544,2.6469282409221533,23130792.51105915,73.06070740246653,100.75109802846144,92.35319972518172,8.91347229279834,12.527964498254502,47.58865093404015,5.89827849786739e-05,0.0354963282389459
Oc1ccc(Cl)cc1,1.015200754565239,328.7826636540925,213.7841791484992,114.96495686409476,0.03305818757403,24.49298398977876,36.71316797249318,28.052879715940943,737.4356874622464,9.334612609384468,2.1394273966295434,1.371396055094957,16.569099908455215,-6.535941454696417,-5.791371195529028,49.91682089260102,8.552426465806962,2.036423682858404,93.7943607607746,-0.2592205663990976,2.2232950056455136,13572620.492056126,52.29179503798366,101.98327628963872,94.27733549807282,9.421555397951485,12.138753264291804,44.97487719650879,0.0001399783701748,0.2349821496720123
Oc1ccc(Cl)cc1Cl,0.7834430009307862,332.51744874151944,214.49399821135285,118.9426985747552,0.0180940568776977,29.289888253934382,42.73161224934519,33.43749186467051,743.5681184530378,6.576028784518246,1.6299833025588355,1.4287518914072512,15.792375148157436,-5.6920342374084,-6.055970888095915,52.90851331079483,8.733238121809961,1.9666086691342293,104.92050483482122,-0.4570281578940154,3.034118469924569,10673705.317156348,32.99817008581877,113.00350047563325,100.19329991921838,7.959295811741531,13.948191815384952,56.96120168351631,8.167934501568379e-05,0.0316091589351783
Oc1ccc(F)cc1,0.8770204674186708,355.6775308868456,179.35432994057388,125.8601568193245,0.0397817255961231,26.73197578430116,40.67317625187278,32.482010717637536,682.5348974707961,8.091947058016695,1.6210178967262463,1.2412486675311922,17.100865728215542,-6.07971925140214,-5.667116342754182,46.40373230190516,8.583702344813348,1.6077746956655383,66.31871580778717,-0.1070175124955179,1.7774878976085335,14852964.519447483,40.69421020613849,99.56877101972158,91.2472168608553,9.712355751291993,10.41320789612485,46.304703927502295,0.0005398132347202,0.4421272644600731
Oc1ccc(O)c(O)c1,1.4713755492630003,304.2785037322259,295.8647558492696,119.5335293641448,0.0627434052594186,32.55111767831862,52.673417925529485,27.703754704761508,779.0652026511669,14.659023154701789,2.6533997049997704,1.4757883430508374,15.371100289404993,-12.523096917582512,-5.312473722015679,64.49419071689606,8.350625778193475,-0.2343694586646556,155.0543532308006,0.263737371189594,0.0511002270779608,8969063.878405321,143.343989835878,91.9751360260658,96.1194944619525,8.957998627631843,9.359696067497882,54.4363944532048,5.3820255148511054e-08,2.7082888695493104
Oc1ccc(O)cc1,0.6664061491909028,310.0497690746546,257.4319529370588,118.18649942254544,0.0214718919955496,42.98090427893132,64.6644246272725,36.64555034965039,745.2094168224335,10.950393460860017,1.036500613834699,1.2793845939000843,16.219404922624616,-11.496952664553644,-5.255832884021818,66.24145692305565,8.332102445887328,-0.1746969807541369,141.0034167928219,0.400162916715145,0.8022099247815608,5317391.134479811,173.0287598397708,103.4746932385458,100.00583345987108,10.316631023909926,10.006706381952627,60.25667095451021,1.248031152654149e-07,0.891886761784321
Oc1ccc2ccccc2c1,1.1260339763137104,320.2128615118122,280.1469324848962,128.25356136804345,0.0047666016924412,38.17980821897656,57.65112795821638,41.92017686473727,781.9276371567964,7.419325206890544,0.8269185610206541,1.2723872973197698,27.26807694798312,-7.159333720496655,-5.740673041066274,57.997303951396944,8.685517591402531,2.3831988522954286,134.3679923008871,-0.5467964471501112,2.765108488467872,14481933.6293231,138.2413465790832,140.45418153399322,133.01143990847916,9.26755181960094,13.758490295934182,51.442985942191456,4.690683229878078e-07,0.0038730452661105
Oc1cccc(Br)c1,1.1518048254492284,344.2991051177406,235.4413438176796,121.74210193160536,0.0267778040583463,24.179100845220685,37.53099406314374,29.37132131783485,762.1284434256077,7.729749226978877,2.139875597811443,1.623129113818407,15.789917332225835,-6.105327675824881,-6.034671679173112,52.11485522368432,8.737604059671165,2.163712311148271,111.93578842876911,-0.5670114063030482,2.646634911476791,16327857.460322358,33.10146135049284,104.70975214054,97.4523357024654,8.861616241653442,13.165924718773912,50.20959784240563,7.012163750059293e-05,0.0493462764341046
Oc1cccc(O)c1,1.1256847287627458,297.8458561372352,263.91646669062794,116.74584692523482,0.0560747136851611,33.41464973972201,51.87093287604094,30.17128028212786,757.0848675330877,13.639750699410891,1.9552673549373607,1.2986481052878498,17.334452760943254,-11.1212220672431,-5.496037465846598,62.40781421904564,8.389742954936029,0.4650813708049059,131.49219156805515,0.3172904391288755,0.8145565780001878,4497934.6999765765,112.27185530822702,99.20662831064172,97.2839783496363,9.832659135046482,10.63247889799809,47.62681105255011,6.457505009570755e-07,4.5700095142804775
Oc1cccc(O)c1O,1.1764654572012423,336.4760433848023,259.76682934977,118.37606113892556,0.0770095450126882,32.12571063872218,50.63244204209448,28.60217877694607,752.1071474284172,12.456260194587578,2.69146294994791,1.4288536281107662,15.631630198392768,-11.088486266360285,-5.309767985548854,61.06161322839737,8.244302820117476,-0.3387143896466491,129.9110148243475,0.2207807157075403,0.4555384943618772,8935949.041235292,123.19664929657222,92.89756396034056,92.9263167866222,8.67803794859457,9.929806699134836,50.61178439959818,1.463853516449757e-06,3.286635097408866
Oc1cccc2ccccc12,1.1416502971353533,339.9234993865812,268.60727631540124,130.70243343724968,0.005921191248541,39.42715880517393,58.67314372531563,46.5639415522492,760.6607157124757,7.365330748519158,1.2279604971509148,1.168043005149901,28.625729051869666,-6.520340867607356,-5.422876984856129,54.32609497045517,8.292056025624277,2.340835130632073,121.66308795938492,-0.8606689007225634,2.630608231934428,21359566.12669049,96.55029551780508,138.45880940451846,132.15496726205762,8.966980983154059,13.129999447232768,61.17226112697863,1.0282713982418503e-06,0.003686994140853
Oc1ccccc1,0.7291133203926088,367.0365104174113,147.72741918447912,122.5069676684332,0.0668130295076752,24.3183373046273,36.79742858875275,30.62308247055412,650.0599206719756,8.545757198162013,1.454886697156952,1.0459442539936676,17.38184743546623,-5.2114744079920055,-5.755329487107306,42.56838902896047,8.599625828379393,1.1731595650100708,35.44479253148556,-0.1751131749504806,1.5529131489588917,11451704.946127385,48.404888049036266,94.25197580810809,83.74315254295809,9.873856831290006,9.945729819496805,35.202278933702296,0.0051733550048651,0.8084179603422783
Oc1ccccc1-c1ccccc1,1.287183960718155,342.2910102283871,272.0990226328987,140.12410027301792,0.0058569443685643,39.30109269772976,59.2208141857487,48.926715864541535,754.5425573201894,7.002193048089162,1.185520144921659,1.1523587021327315,33.90222460446355,-5.709462606602073,-5.598037701586045,52.29598530743599,8.526775242100955,3.0143372937554123,115.8577757754898,-0.5936474716079236,2.919233857494831,18050089.030663464,68.94945211533845,148.17526015164208,143.2893145222295,9.898898931748151,13.953814681267245,50.67341765231436,2.766574620153485e-06,0.0026164539797862
Oc1ccccc1Cl,0.8037167969884873,365.9283657868385,163.58814263085844,120.34698864782096,0.0535243291004273,23.780118099612,35.65664009505809,32.752074646379945,677.9935872947574,9.641439883164162,2.565950530746357,1.2317055253610014,16.37115023650527,-4.131665647549987,-6.040513856215775,40.96664185382664,8.711446371924879,1.9176729074148835,50.51332325014263,-0.3312286474692822,2.022475271421537,16206083.966121737,6.220746512526276,101.87560750520298,90.21462468786876,8.210113568388403,11.768468388792332,46.07573899853497,0.0077975191342393,0.1498800462247697
Oc1ccccc1O,1.1347971029105186,321.0488072971964,238.8886536762327,116.97779699661255,0.0611244586080326,29.35214072398126,47.0702543771863,29.038651392071245,733.202225702548,13.983171306839296,2.602887779650827,1.3175553501286503,16.663594811298978,-9.61434053356123,-5.563997324817001,55.93781175369263,8.454681084372998,0.3454047559499742,112.93593969402312,0.1859988481128214,0.6093109911162851,11522445.711969052,100.11814384311296,96.47442368901925,96.3361700371451,9.292725738151848,10.014886025852263,56.09270124187055,6.361891132952836e-06,1.9565250887844023
S=C=S,0.4778592834653855,345.8891220432877,47.92810303130628,130.3584313903642,0.0148270706672043,9.944340066200496,14.884975007265211,20.46952312967062,590.4008049233794,2.250634485896822,0.0006837715457606,1.4400195989415645,6.978037913110315,0.4034029094347953,-7.22422522541523,27.154413823776245,9.962078380450755,4.108483715097309,-13.489408248271944,-0.9533797059085968,2.122594803704738,35202381.08936501,-98.69003534932136,67.52878810272931,47.04229671409067,8.62875114517051,9.227430794397716,29.412172790881296,0.2980453556086228,0.013206591633616
[3H]O[3H],0.6373660049381258,379.1918562528432,80.98318521809698,139.71884608790876,0.023823738650121,16.290131317121386,27.87545158716918,23.39630679886102,587.8822607495069,4.695413207093528,0.1880841794341947,1.6716299926400184,3.995113691199231,-3.1439137542870044,-6.992855642526865,34.39003912683725,10.548514068405034,1.3203389331509174,31.70623808364868,-0.3145690425932408,1.04092366424489,27587744.280755628,-6.53189815929413,57.68723806948955,44.52713194035504,8.534518450873673,5.39853929522837,44.8214650116431,0.0035337871222683,0.0229085707641478
c1ccc(-c2ccccc2)cc1,0.7606381918492318,281.28847514420033,248.7779333192277,119.5688438004327,0.000705049255303,39.68135741558671,55.03097283198893,43.08094355766296,763.0640194659948,2.5374259592352533,0.0005017169534307,1.0083598367374838,35.13266770490381,-2.328511689613342,-5.949970994559765,48.595568312721255,8.481756942411662,4.297486873607635,102.47285055668354,-0.2279266323691609,3.790334108038664,53561894.96929214,64.9987242176956,156.6131377788243,133.62414446234158,7.1839967606619295,19.03274652405044,53.2238639651047,5.551818653636441e-05,4.710649624537513e-05
c1ccc(C(OC(c2ccccc2)C2CO2)C2CO2)cc1,1.7092193217935563,322.3130229444742,327.82918247379183,173.5839288205719,0.0021384672909389,53.21855420300543,86.21932782733887,68.88877907238245,755.0866460753202,7.04988330715545,1.5915842785174543,1.1633844558480382,47.52222074292102,-7.475611623705387,-6.146169004140019,58.62930881174088,9.605505617710948,2.6351168643380705,155.8330068246555,-0.2187023110342028,2.737252358556926,11988185.043951482,92.1033710114342,190.588210834832,190.5254903141119,6.127296625879511,13.087631763711808,77.82330150396166,1.4083049293347431e-09,0.001406422459819
c1ccc(Nc2ccccc2)cc1,1.2573712397756578,325.17588751345875,294.9280987957359,133.94469444182397,0.0021475960325653,49.56835747473493,67.79965050146372,54.35672694516659,801.4436711837053,3.3063573436951943,0.655061679472833,1.0790563279006555,38.34875005529424,-5.357869272461533,-4.901526658875227,53.59861747554779,7.57264219076872,2.999099435742498,136.02097170544624,-0.4122667508143187,3.388329534666896,25105182.29241257,52.28150699793816,156.5910673101935,139.34196609927037,1.1572502920489312,17.778745006374464,53.25914139486668,2.387641251026234e-07,0.00025017474483
c1ccc(OCC2CO2)cc1,1.104486915609479,328.91274169359804,249.04857646389067,133.8708457641435,0.0191976499999636,38.83488756113112,58.822810441522606,46.59619312647224,727.9418648971796,6.896967076043348,1.1863173913696472,1.0959677914321124,27.95695910611645,-6.4956798426208495,-5.669807620848907,51.372849670805934,8.495878575775624,1.6124827638845147,113.48071381145954,0.0313939180684088,1.7161246453862786,12955672.83968992,5.8070993731463005,129.66937337692602,125.20640950900552,7.196248520061553,13.611622049178449,64.54061462966703,6.5080594994414525e-06,0.0229453575190045
c1ccc2ccccc2c1,0.7781907943787576,321.8931911012983,218.74893949991252,121.73773071867944,0.0009678638706181,35.98981864027262,51.28388690221608,41.13453991923213,733.210443259263,2.428783453522874,0.0005177102462127,1.078952145027872,28.11647300062864,-2.3224662043595314,-5.723715277523816,44.40274258423567,8.35241201695919,3.5635351410374048,81.38292122372866,-0.8307549678039552,3.079458076937437,112985704.2749992,78.9937373760435,131.4851770847268,112.27599821956332,6.765007923888258,15.38193212031735,55.82699152302659,0.0001199726510031,0.0001821951029228
c1ccc2cnccc2c1,1.1904483973565103,364.8414212741744,248.21436467238607,123.10891264589311,0.037278817848834,31.96060551339269,50.83761538693965,45.114680055339335,739.8449669653415,9.953649298976485,2.284011267107914,1.091511986709215,26.65784379100571,-5.627835381439209,-6.086906109117746,47.52375459436416,8.664655357330442,1.597197608409375,95.2180026521325,-1.2477347658061984,1.764593459911704,13519265.07734708,35.46197489645958,127.46141981550495,118.27589208472094,5.402350927497029,13.581108956708936,44.91380282655632,9.135268717316112e-05,0.0444622023113639
c1ccccc1,0.3226486467304231,299.67986435497755,82.7931351179135,128.15780146847248,0.0094284996870019,19.728279109541774,31.00212006953896,22.14868399199605,570.692198942399,2.196295833787431,0.0008493246088391,0.8638743364766239,17.89105115076192,-1.0662282989406586,-6.530815843894958,33.72521948720217,9.467666618648172,2.4743647588005664,-8.585471227054597,0.6611929803586003,1.8220659505907293,31466008.821492378,7.298262578889137,90.77338018429674,70.36375076900364,9.94526256236124,9.727626413233883,37.94325312325017,0.050234651473022,0.0179033869403676
c1ccncc1,0.8827942593278886,369.1659139494228,120.97464160365224,120.99961625338555,0.3514055052029542,16.830582868521212,30.31898329730332,29.269691014301777,615.6383452508389,12.038136127948736,2.2239486490165383,0.9723029640246929,14.948364068177476,-4.533164020264626,-6.703142764799595,35.349003664345744,9.35211648480177,0.4021536354434492,14.789128862721917,-0.5469370219892264,0.4274702471007106,9179995.779095473,-35.88647028579473,83.67152216988354,71.92085706264002,5.634647407818913,9.267588289753474,35.14602012102966,0.0652990594344239,3.860958837763667
